# This file uses centimeters as units for non-parametric coordinates.

mtllib telephone.mtl
g default
v -4.578340 6.528133 4.637172
v -4.831443 6.571499 4.133982
v -5.225785 6.636784 3.734766
v -5.722765 6.717596 3.478601
v -6.273738 6.806027 3.390564
v -6.824769 6.893419 3.479272
v -7.321919 6.971220 3.736041
v -7.716525 7.031813 4.135736
v -7.969956 7.069264 4.639235
v -8.057411 7.079910 5.197249
v -7.970324 7.062709 5.755157
v -7.717223 7.019345 6.258347
v -7.322881 6.954061 6.657562
v -6.825899 6.873247 6.913727
v -6.274926 6.784816 7.001764
v -5.723894 6.697422 6.913056
v -5.226746 6.619622 6.656287
v -4.832140 6.559030 6.256592
v -4.578707 6.521579 5.753094
v -4.491254 6.510932 5.195080
v -4.773372 6.830986 4.720502
v -4.985981 6.885275 4.291016
v -5.317236 6.967900 3.950353
v -5.734710 7.070776 3.731859
v -6.197538 7.183833 3.656922
v -7.078036 7.396310 3.952290
v -7.409515 7.474931 4.293683
v -7.622406 7.524169 4.723637
v -7.695870 7.539208 5.200066
v -7.622720 7.518572 5.676333
v -7.410111 7.464285 6.105819
v -7.078857 7.381658 6.446482
v -6.661381 7.278783 6.664976
v -6.198554 7.165725 6.739913
v -5.735675 7.053553 6.663957
v -5.318057 6.953250 6.444545
v -4.986578 6.874629 6.103152
v -4.773688 6.825392 5.673199
v -4.700221 6.810353 5.196769
v -4.773372 6.830986 4.720502
v -4.985981 6.885275 4.291016
v -5.317236 6.967900 3.950353
v -5.734710 7.070776 3.731859
v -6.197538 7.183833 3.656922
v -6.660417 7.296005 3.732878
v -7.078036 7.396310 3.952290
v -7.409515 7.474931 4.293683
v -7.622406 7.524169 4.723637
v -7.695870 7.539208 5.200066
v -7.622720 7.518572 5.676333
v -7.410111 7.464285 6.105819
v -7.078857 7.381658 6.446482
v -6.661381 7.278783 6.664976
v -6.198554 7.165725 6.739913
v -5.735675 7.053553 6.663957
v -5.318057 6.953250 6.444545
v -4.986578 6.874629 6.103152
v -4.764904 6.800688 5.673199
v -4.700221 6.810353 5.196769
v -6.273738 6.806027 3.390564
v -6.824769 6.893419 3.479272
v -7.321919 6.971220 3.736041
v -5.017462 6.889887 4.802383
v -5.193645 6.934875 4.446481
v -5.468145 7.003345 4.164184
v -5.814093 7.088595 3.983125
v -6.197627 7.182283 3.921027
v -6.581200 7.275236 3.983969
v -6.927266 7.358355 4.165789
v -7.201952 7.423504 4.448691
v -7.378371 7.464306 4.804981
v -7.439250 7.476770 5.199783
v -7.378630 7.459670 5.594452
v -7.202447 7.414683 5.950354
v -6.927947 7.346213 6.232651
v -6.581999 7.260963 6.413710
v -6.198467 7.167276 6.475808
v -5.814894 7.074323 6.412866
v -5.468825 6.991204 6.231046
v -5.194139 6.926054 5.948144
v -5.008939 6.860548 5.591854
v -4.956843 6.872788 5.197052
v -0.146001 7.807767 4.821082
v -0.146001 7.982212 4.478714
v -0.146000 8.253913 4.207010
v -0.146000 8.596280 4.032566
v -0.146001 8.975795 3.972455
v -0.146001 9.355310 4.032564
v -0.146001 9.697676 4.207010
v -0.146001 9.969378 4.478714
v -0.146001 10.143822 4.821080
v -0.146000 10.203931 5.200597
v -0.146001 10.143822 5.580115
v -0.146001 9.969378 5.922482
v -0.146001 9.697676 6.194185
v -0.146001 9.355310 6.368630
v -0.146001 8.975795 6.428741
v -0.146000 8.596281 6.368630
v -0.146000 8.253915 6.194185
v -0.146001 7.982212 5.922483
v -0.146001 7.807769 5.580115
v -0.146001 7.747659 5.200598
v -4.598498 5.294839 4.629921
v -4.692451 5.039917 4.661075
v -4.932489 4.928673 4.739244
v -4.854716 5.291075 4.126453
v -4.933661 5.036376 4.187097
v -5.137468 4.925662 4.336460
v -5.253910 5.282958 3.726804
v -5.309474 5.028733 3.810856
v -5.456832 4.919167 4.016732
v -5.757006 5.271279 3.470095
v -5.783102 5.017738 3.569183
v -5.859318 4.909824 3.811360
v -6.314756 5.257181 3.381453
v -6.308183 5.004464 3.485734
v -6.305530 4.898546 3.740444
v -6.872564 5.242045 3.469556
v -6.833319 4.990216 3.568676
v -6.751789 4.886437 3.810929
v -7.375828 5.227353 3.725780
v -7.307106 4.976384 3.809892
v -7.154409 4.874683 4.015913
v -7.775284 5.214540 4.125043
v -7.683166 4.964324 4.185769
v -7.473983 4.864432 4.335332
v -8.031835 5.204865 4.628263
v -7.924687 4.955216 4.659514
v -7.679228 4.856692 4.737919
v -8.120361 5.199273 5.186182
v -8.008028 4.949949 5.184754
v -7.750051 4.852217 5.184265
v -8.032201 5.198311 5.744185
v -7.925033 4.949044 5.710074
v -7.679521 4.851448 5.630679
v -7.775983 5.202074 6.247653
v -7.683823 4.952587 6.184052
v -7.474542 4.854459 6.033463
v -7.376789 5.210192 6.647302
v -7.308011 4.960229 6.560292
v -7.155179 4.860953 6.353191
v -6.873693 5.221872 6.904011
v -6.834383 4.971224 6.801966
v -6.752692 4.870296 6.558563
v -6.315943 5.235970 6.992652
v -6.309301 4.984496 6.885415
v -6.306480 4.881576 6.629478
v -5.758135 5.251105 6.904550
v -5.784165 4.998745 6.802472
v -5.860221 4.893684 6.558994
v -5.254871 5.265798 6.648326
v -5.310378 5.012577 6.561257
v -5.457601 4.905438 6.354011
v -4.855415 5.278609 6.249063
v -4.934319 5.024638 6.185380
v -5.138027 4.915689 6.034592
v -4.598866 5.288283 5.745843
v -4.692797 5.033747 5.711634
v -4.932783 4.923428 5.632005
v -4.510339 5.293878 5.187925
v -4.609457 5.039012 5.186395
v -4.861960 4.927903 5.185659
v -1.947108 9.701089 4.167150
v -1.831329 9.364333 3.985706
v -1.702989 8.991035 3.923186
v -1.574646 8.617741 3.985708
v -1.458869 8.280986 4.167150
v -1.366988 8.013735 4.449755
v -1.307995 7.842148 4.805856
v -1.374647 7.783025 5.200598
v -1.394973 7.842150 5.595340
v -1.453966 8.013735 5.951443
v -1.540600 8.280987 6.234046
v -1.632727 8.617741 6.415488
v -1.702989 8.991035 6.478010
v -1.831329 9.364333 6.415489
v -1.947108 9.701089 6.234045
v -2.038990 9.968339 5.951442
v -2.097982 10.139924 5.595340
v -2.118309 10.199049 5.200597
v -2.097982 10.139924 4.805855
v -2.038990 9.968339 4.449755
v -2.885782 9.295447 6.415489
v -2.959272 9.643884 6.234045
v -3.017593 9.920405 5.951442
v -3.055037 10.097941 5.595340
v -3.067940 10.159117 5.200598
v -3.055037 10.097941 4.805855
v -3.017593 9.920403 4.449755
v -2.959272 9.643884 4.167150
v -2.885783 9.295448 3.985706
v -2.804318 8.909203 3.923186
v -2.722854 8.522958 3.985707
v -2.649366 8.174521 4.167150
v -2.591044 7.897999 4.449754
v -2.553599 7.720463 4.805856
v -2.540696 7.659289 5.200598
v -2.553599 7.720463 5.595340
v -2.591044 7.898000 5.951443
v -2.649365 8.174521 6.234046
v -2.722855 8.522959 6.415488
v -2.804319 8.909204 6.478010
v -3.854396 9.163916 6.415489
v -3.944885 9.508328 6.234046
v -4.016696 9.781657 5.951442
v -4.062802 9.957145 5.595340
v -4.078690 10.017612 5.200598
v -4.062802 9.957145 4.805856
v -4.016696 9.781657 4.449754
v -3.944885 9.508328 4.167150
v -3.854396 9.163916 3.985706
v -3.754088 8.782131 3.923186
v -3.653781 8.400346 3.985707
v -3.563292 8.055931 4.167150
v -3.491480 7.782603 4.449754
v -3.445374 7.607117 4.805856
v -3.429487 7.546649 5.200598
v -3.445374 7.607118 5.595340
v -3.491480 7.782604 5.951443
v -3.563292 8.055933 6.234046
v -3.653781 8.400346 6.415488
v -3.754089 8.782131 6.478010
v -4.594494 8.950703 6.426573
v -4.713197 9.286439 6.245130
v -4.807400 9.552879 5.962525
v -4.867883 9.723944 5.606424
v -4.888722 9.782891 5.211681
v -4.867883 9.723945 4.816939
v -4.807400 9.552879 4.460837
v -4.713197 9.286439 4.178233
v -4.594494 8.950703 3.996789
v -4.462910 8.578538 3.934269
v -4.331327 8.206371 3.996790
v -4.212625 7.870636 4.178233
v -4.118421 7.604195 4.460837
v -4.057939 7.433129 4.816939
v -4.037097 7.374185 5.211681
v -4.057940 7.433130 5.606424
v -4.118422 7.604197 5.962526
v -4.212625 7.870636 6.245130
v -4.331327 8.206371 6.426572
v -4.462910 8.578538 6.489094
v -5.378744 8.622164 6.415490
v -5.527003 8.945936 6.234046
v -5.644662 9.202880 5.951443
v -5.720204 9.367851 5.595340
v -5.746233 9.424696 5.200598
v -5.720204 9.367851 4.805856
v -5.644662 9.202880 4.449754
v -5.527003 8.945936 4.167150
v -5.378743 8.622164 3.985706
v -5.214396 8.263260 3.923185
v -5.050050 7.904356 3.985706
v -4.901791 7.580585 4.167150
v -4.784132 7.323638 4.449754
v -4.708590 7.158669 4.805856
v -4.682561 7.101826 5.200598
v -4.708590 7.158669 5.595340
v -4.784132 7.323640 5.951443
v -4.901792 7.580586 6.234046
v -5.050052 7.904356 6.415490
v -5.214397 8.263260 6.478011
v -4.984396 5.176397 4.755431
v -5.182602 5.173488 4.365955
v -6.325793 5.645064 5.189391
v -5.491415 5.167207 4.056791
v -5.880604 5.158172 3.858204
v -6.312073 5.147266 3.789632
v -6.743585 5.135557 3.857788
v -7.132904 5.124192 4.055999
v -7.441919 5.114280 4.364864
v -7.640383 5.106795 4.754149
v -7.708866 5.102468 5.185749
v -7.640667 5.101725 5.617413
v -7.442459 5.104636 6.006890
v -7.133647 5.110917 6.316052
v -6.744459 5.119951 6.514639
v -6.312991 5.130857 6.583213
v -5.881477 5.142566 6.515057
v -5.492159 5.153932 6.316845
v -5.183144 5.163843 6.007980
v -4.984681 5.171328 5.618695
v -4.916198 5.175653 5.187096
v -6.016850 7.465890 3.925819
v -5.659733 7.316041 3.988342
v -5.337860 7.180183 4.169784
v -5.082735 7.071613 4.452386
v -4.919333 7.000961 4.808483
v -4.863649 6.975141 5.203218
v -4.921132 6.970461 5.597954
v -5.086156 7.063469 5.954049
v -5.342568 7.168972 6.236646
v -5.665268 7.302862 6.418083
v -6.022668 7.452032 6.480600
v -6.379781 7.601881 6.418077
v -6.701655 7.737738 6.236635
v -6.956779 7.846306 5.954034
v -7.120182 7.916959 5.597937
v -7.175867 7.942781 5.203201
v -7.118384 7.921242 4.808466
v -6.953359 7.854452 4.452372
v -6.696948 7.748949 4.169774
v -6.374247 7.615060 3.988337
v -5.860455 8.180266 3.997285
v -5.609696 7.915610 3.934766
v -5.359160 7.650566 3.997288
v -5.133372 7.411077 4.178731
v -4.954435 7.220586 4.461334
v -4.839864 7.097744 4.817432
v -4.800874 7.054570 5.212171
v -4.843284 7.079443 5.606909
v -4.957127 7.215926 5.963006
v -5.137076 7.404659 6.245606
v -5.363514 7.643022 6.427047
v -5.614274 7.907678 6.489565
v -5.864808 8.172721 6.427043
v -6.090595 8.412210 6.245600
v -6.269533 8.602700 5.962998
v -6.384104 8.725542 5.606898
v -6.423096 8.768717 5.212160
v -6.382690 8.727994 4.817422
v -6.266842 8.607363 4.461325
v -6.086893 8.418628 4.178724
v 4.469489 6.528132 4.637172
v 4.722593 6.571498 4.133982
v 5.116935 6.636783 3.734766
v 5.613914 6.717595 3.478601
v 6.164888 6.806027 3.390564
v 6.715919 6.893420 3.479272
v 7.213069 6.971221 3.736041
v 7.607674 7.031812 4.135736
v 7.861106 7.069265 4.639235
v 7.948564 7.079911 5.197249
v 7.861474 7.062710 5.755157
v 7.608372 7.019344 6.258347
v 7.214031 6.954061 6.657562
v 6.717048 6.873247 6.913727
v 6.166075 6.784815 7.001764
v 5.615045 6.697421 6.913056
v 5.117895 6.619622 6.656287
v 4.723291 6.559031 6.256592
v 4.469856 6.521577 5.753094
v 4.382403 6.510932 5.195080
v 4.664523 6.830986 4.720502
v 4.877131 6.885275 4.291016
v 5.208386 6.967900 3.950353
v 5.625860 7.070777 3.731859
v 6.088689 7.183834 3.656922
v 6.969186 7.396310 3.952290
v 7.300665 7.474930 4.293683
v 7.513556 7.524169 4.723637
v 7.587021 7.539207 5.200066
v 7.513870 7.518573 5.676333
v 7.301260 7.464286 6.105819
v 6.970007 7.381659 6.446482
v 6.552530 7.278782 6.664976
v 6.089705 7.165725 6.739913
v 5.626825 7.053554 6.663957
v 5.209208 6.953250 6.444545
v 4.877728 6.874629 6.103152
v 4.664837 6.825392 5.673199
v 4.591372 6.810353 5.196769
v 4.664523 6.830986 4.720502
v 4.877131 6.885275 4.291016
v 5.208386 6.967900 3.950353
v 5.625860 7.070777 3.731859
v 6.088689 7.183834 3.656922
v 6.551567 7.296005 3.732878
v 6.969186 7.396310 3.952290
v 7.300665 7.474930 4.293683
v 7.513556 7.524169 4.723637
v 7.587021 7.539207 5.200066
v 7.513870 7.518573 5.676333
v 7.301260 7.464286 6.105819
v 6.970007 7.381659 6.446482
v 6.552530 7.278782 6.664976
v 6.089705 7.165725 6.739913
v 5.626825 7.053554 6.663957
v 5.209208 6.953250 6.444545
v 4.877728 6.874629 6.103152
v 4.656054 6.800689 5.673199
v 4.591372 6.810353 5.196769
v 6.164888 6.806027 3.390564
v 6.715919 6.893420 3.479272
v 7.213069 6.971221 3.736041
v 4.908611 6.889889 4.802383
v 5.084795 6.934875 4.446481
v 5.359294 7.003345 4.164184
v 5.705243 7.088594 3.983125
v 6.088777 7.182283 3.921027
v 6.472350 7.275235 3.983969
v 6.818417 7.358355 4.165789
v 7.093103 7.423505 4.448691
v 7.269521 7.464307 4.804981
v 7.330400 7.476770 5.199783
v 7.269782 7.459670 5.594452
v 7.093598 7.414684 5.950354
v 6.819096 7.346214 6.232651
v 6.473148 7.260964 6.413710
v 6.089618 7.167276 6.475808
v 5.706041 7.074324 6.412866
v 5.359974 6.991204 6.231046
v 5.085289 6.926054 5.948144
v 4.900090 6.860548 5.591854
v 4.847994 6.872790 5.197052
v 4.489649 5.294840 4.629921
v 4.583601 5.039917 4.661075
v 4.823638 4.928673 4.739244
v 4.745867 5.291075 4.126453
v 4.824811 5.036376 4.187097
v 5.028619 4.925662 4.336460
v 5.145060 5.282957 3.726804
v 5.200624 5.028734 3.810856
v 5.347983 4.919167 4.016732
v 5.648156 5.271279 3.470095
v 5.674250 5.017737 3.569183
v 5.750468 4.909824 3.811360
v 6.205906 5.257180 3.381453
v 6.199334 5.004465 3.485734
v 6.196680 4.898546 3.740444
v 6.763714 5.242044 3.469556
v 6.724469 4.990215 3.568676
v 6.642940 4.886436 3.810929
v 7.266979 5.227353 3.725780
v 7.198256 4.976384 3.809892
v 7.045560 4.874682 4.015913
v 7.666434 5.214541 4.125043
v 7.574318 4.964324 4.185769
v 7.365134 4.864432 4.335332
v 7.922986 5.204866 4.628263
v 7.815838 4.955216 4.659514
v 7.570379 4.856692 4.737919
v 8.011508 5.199273 5.186182
v 7.899181 4.949949 5.184754
v 7.641202 4.852217 5.184265
v 7.923351 5.198311 5.744185
v 7.816182 4.949045 5.710074
v 7.570672 4.851448 5.630679
v 7.667134 5.202074 6.247653
v 7.574973 4.952587 6.184052
v 7.365692 4.854459 6.033463
v 7.267938 5.210192 6.647302
v 7.199161 4.960229 6.560292
v 7.046329 4.860953 6.353191
v 6.764844 5.221871 6.904011
v 6.725533 4.971224 6.801966
v 6.643842 4.870296 6.558563
v 6.207093 5.235970 6.992652
v 6.200451 4.984495 6.885415
v 6.197632 4.881576 6.629478
v 5.649284 5.251106 6.904550
v 5.675316 4.998745 6.802472
v 5.751371 4.893684 6.558994
v 5.146022 5.265796 6.648326
v 5.201529 5.012578 6.561257
v 5.348750 4.905438 6.354011
v 4.746566 5.278608 6.249063
v 4.825470 5.024639 6.185380
v 5.029176 4.915688 6.034592
v 4.490016 5.288284 5.745843
v 4.583947 5.033747 5.711634
v 4.823934 4.923427 5.632005
v 4.401487 5.293878 5.187925
v 4.500607 5.039011 5.186395
v 4.753110 4.927902 5.185659
v 1.838257 9.701089 4.167150
v 1.722479 9.364333 3.985706
v 1.594139 8.991035 3.923186
v 1.465796 8.617741 3.985708
v 1.350019 8.280986 4.167150
v 1.258137 8.013735 4.449755
v 1.199145 7.842149 4.805856
v 1.178817 7.783026 5.200598
v 1.199145 7.842151 5.595340
v 1.258137 8.013735 5.951443
v 1.350019 8.280987 6.234046
v 1.465796 8.617741 6.415488
v 1.594139 8.991035 6.478010
v 1.722479 9.364333 6.415489
v 1.838257 9.701089 6.234045
v 1.930140 9.968339 5.951442
v 1.989132 10.139923 5.595340
v 2.009459 10.199047 5.200597
v 1.989132 10.139923 4.805855
v 1.930140 9.968339 4.449755
v 2.776931 9.295446 6.415489
v 2.850421 9.643885 6.234045
v 2.908742 9.920405 5.951442
v 2.946187 10.097941 5.595340
v 2.959091 10.159118 5.200598
v 2.946187 10.097941 4.805855
v 2.908742 9.920403 4.449755
v 2.850421 9.643885 4.167150
v 2.776932 9.295446 3.985706
v 2.695468 8.909202 3.923186
v 2.614005 8.522957 3.985707
v 2.540515 8.174521 4.167150
v 2.482193 7.898001 4.449754
v 2.444747 7.720464 4.805856
v 2.431846 7.659289 5.200598
v 2.444747 7.720465 5.595340
v 2.482193 7.898001 5.951443
v 2.540515 8.174521 6.234046
v 2.614005 8.522959 6.415488
v 2.695468 8.909202 6.478010
v 3.745544 9.163917 6.415489
v 3.836035 9.508328 6.234046
v 3.907846 9.781656 5.951442
v 3.953953 9.957145 5.595340
v 3.969840 10.017613 5.200598
v 3.953953 9.957145 4.805856
v 3.907846 9.781656 4.449754
v 3.836035 9.508328 4.167150
v 3.745544 9.163917 3.985706
v 3.645238 8.782131 3.923186
v 3.544930 8.400346 3.985707
v 3.454443 8.055932 4.167150
v 3.382630 7.782605 4.449754
v 3.336523 7.607116 4.805856
v 3.320637 7.546648 5.200598
v 3.336523 7.607118 5.595340
v 3.382630 7.782605 5.951443
v 3.454443 8.055933 6.234046
v 3.544930 8.400346 6.415488
v 3.645239 8.782131 6.478010
v 4.485644 8.950704 6.426573
v 4.604348 9.286439 6.245130
v 4.698551 9.552879 5.962525
v 4.759032 9.723946 5.606424
v 4.779873 9.782891 5.211681
v 4.759032 9.723947 4.816939
v 4.698551 9.552879 4.460837
v 4.604348 9.286439 4.178233
v 4.485644 8.950704 3.996789
v 4.354059 8.578538 3.934269
v 4.222477 8.206372 3.996790
v 4.103774 7.870636 4.178233
v 4.009570 7.604195 4.460837
v 3.949091 7.433129 4.816939
v 3.928247 7.374185 5.211681
v 3.949091 7.433130 5.606424
v 4.009571 7.604196 5.962526
v 4.103774 7.870636 6.245130
v 4.222477 8.206372 6.426572
v 4.354061 8.578538 6.489094
v 5.269894 8.622165 6.415490
v 5.418154 8.945936 6.234046
v 5.535812 9.202882 5.951443
v 5.611354 9.367850 5.595340
v 5.637384 9.424697 5.200598
v 5.611354 9.367850 4.805856
v 5.535812 9.202882 4.449754
v 5.418154 8.945936 4.167150
v 5.269894 8.622165 3.985706
v 5.105548 8.263261 3.923185
v 4.941199 7.904356 3.985706
v 4.792942 7.580585 4.167150
v 4.675282 7.323638 4.449754
v 4.599743 7.158668 4.805856
v 4.573710 7.101826 5.200598
v 4.599743 7.158669 5.595340
v 4.675282 7.323640 5.951443
v 4.792942 7.580586 6.234046
v 4.941201 7.904356 6.415490
v 5.105548 8.263261 6.478011
v 4.875546 5.176397 4.755431
v 5.073752 5.173487 4.365955
v 6.216944 5.645065 5.189391
v 5.382566 5.167206 4.056791
v 5.771753 5.158172 3.858204
v 6.203222 5.147265 3.789632
v 6.634735 5.135557 3.857788
v 7.024055 5.124192 4.055999
v 7.333069 5.114280 4.364864
v 7.531533 5.106796 4.754149
v 7.600016 5.102468 5.185749
v 7.531817 5.101725 5.617413
v 7.333611 5.104635 6.006890
v 7.024797 5.110916 6.316052
v 6.635610 5.119951 6.514639
v 6.204143 5.130857 6.583213
v 5.772628 5.142565 6.515057
v 5.383309 5.153931 6.316845
v 5.074293 5.163842 6.007980
v 4.875832 5.171328 5.618695
v 4.807349 5.175653 5.187096
v 5.907998 7.465889 3.925819
v 5.550882 7.316041 3.988342
v 5.229011 7.180183 4.169784
v 4.973886 7.071613 4.452386
v 4.810483 7.000961 4.808483
v 4.754798 6.975140 5.203218
v 4.812281 6.970461 5.597954
v 4.977306 7.063469 5.954049
v 5.233717 7.168973 6.236646
v 5.556417 7.302861 6.418083
v 5.913817 7.452032 6.480600
v 6.270932 7.601879 6.418077
v 6.592806 7.737739 6.236635
v 6.847930 7.846307 5.954034
v 7.011333 7.916959 5.597937
v 7.067016 7.942781 5.203201
v 7.009533 7.921241 4.808466
v 6.844508 7.854453 4.452372
v 6.588098 7.748949 4.169774
v 6.265398 7.615060 3.988337
v 5.751605 8.180266 3.997285
v 5.500846 7.915610 3.934766
v 5.250309 7.650565 3.997288
v 5.024524 7.411077 4.178731
v 4.845586 7.220586 4.461334
v 4.731015 7.097744 4.817432
v 4.692021 7.054570 5.212171
v 4.734433 7.079443 5.606909
v 4.848276 7.215926 5.963006
v 5.028227 7.404659 6.245606
v 5.254664 7.643021 6.427047
v 5.505424 7.907678 6.489565
v 5.755960 8.172722 6.427043
v 5.981744 8.412210 6.245600
v 6.160682 8.602700 5.962998
v 6.275255 8.725542 5.606898
v 6.314245 8.768718 5.212160
v 6.273840 8.727993 4.817422
v 6.157991 8.607363 4.461325
v 5.978042 8.418628 4.178724
v 1.702893 7.770202 7.931334
v 1.833554 7.770202 5.727578
v 3.573646 7.770202 2.225080
v 3.573646 1.712032 -5.727578
v 3.573646 -0.171276 -5.727578
v 3.573646 -0.171276 5.727578
v 3.573646 -0.171276 7.931334
v 3.573646 1.712032 7.931334
v -1.505058 7.770202 7.918952
v -1.620540 7.770202 5.715197
v -3.158475 7.770202 2.225080
v -3.158475 1.712032 -5.727578
v -3.158475 -0.171276 -5.727578
v -3.158475 -0.171276 5.727578
v -3.158475 -0.171276 7.931334
v -3.158475 1.712032 7.931334
v 3.573646 6.136941 0.081073
v -3.158475 6.136941 0.081073
v -1.950813 6.136941 7.931334
v 2.207241 6.136941 7.931334
v 3.573646 4.721481 -1.777025
v -3.158475 4.721481 -1.777025
v -2.337126 4.721481 7.931334
v 2.644333 4.721481 7.931334
v 3.573646 3.071008 -3.943628
v -3.158475 3.071008 -3.943628
v -2.787579 3.071008 7.931334
v 3.153996 3.071008 7.931334
v -1.032365 5.938878 -0.178928
v -2.264166 4.640292 -1.883603
v 1.439386 5.941730 -0.175185
v 2.679336 4.645995 -1.876117
v -1.024215 3.344557 -3.584535
v 1.447536 3.347409 -3.580792
v -3.158475 5.429211 -0.847976
v -2.054471 5.289585 -1.031266
v 3.573646 5.429211 -0.847976
v 2.464674 5.293862 -1.025651
v 3.573646 3.896245 -2.860327
v 2.469642 3.996701 -2.728455
v -3.158475 3.896245 -2.860327
v -2.049504 3.992424 -2.734069
v 0.203510 6.087079 0.002802
v 0.211660 3.143561 -3.853680
v 0.207585 5.009449 -2.159085
v -1.970124 5.628973 -1.345824
v -2.055145 5.582506 -1.254897
v -2.264640 4.933352 -2.106997
v -2.170868 5.006748 -2.162629
v -0.986989 6.253481 -0.526022
v -1.033038 6.231773 -0.402540
v 0.203684 6.396155 -0.351040
v 0.203511 6.379979 -0.220812
v -1.964867 4.385841 -2.977704
v -2.049779 4.285676 -2.957264
v -1.024490 3.637816 -3.807735
v -0.975787 3.760848 -3.798148
v 0.211660 3.436827 -4.076886
v 0.211491 3.567804 -4.056645
v 1.394289 6.256255 -0.522381
v 1.440060 6.234652 -0.398815
v 2.380481 5.633053 -1.340468
v 2.465349 5.586749 -1.249253
v 2.586039 5.012175 -2.155506
v 2.679811 4.939056 -2.099509
v 2.384826 4.389928 -2.972339
v 2.469916 4.289968 -2.951659
v 1.398857 3.763602 -3.794533
v 1.447810 3.640668 -3.803992
v -4.033202 7.770202 2.743336
v -3.955986 7.770202 2.225082
v -4.390346 6.136941 0.081074
v -4.624948 6.136941 0.425577
v 3.988103 7.770202 2.225081
v 4.076306 7.770202 2.736056
v 4.643630 6.136941 0.417394
v 4.404350 6.136941 0.081074
v -5.487042 -0.171276 -5.727578
v -5.727578 -0.171276 -5.487042
v -5.458334 1.712032 -5.727578
v -5.696658 1.680812 -5.466630
v 5.487042 -0.171276 -5.727578
v 5.727578 -0.171276 -5.487042
v 5.703693 1.682271 -5.469640
v 5.462411 1.712032 -5.727578
v -4.737774 4.721481 -1.777024
v -4.985497 4.721481 -1.456143
v 4.998066 4.721481 -1.462571
v 4.746969 4.721481 -1.777024
v -5.121506 3.071008 -3.943628
v -5.377754 3.071008 -3.639287
v 5.386672 3.071008 -3.644361
v 5.127913 3.071008 -3.943628
v -5.727578 -0.171276 4.582623
v -4.289157 -0.171276 5.727578
v -5.727578 -0.171276 6.872534
v -5.727578 -0.171276 6.109230
v -5.727578 -0.171276 5.345926
v -4.965467 1.712032 6.758661
v -4.617170 1.718754 6.055889
v -4.440156 1.738557 5.292002
v -4.443987 1.770371 4.508276
v 5.727578 -0.171276 4.582623
v 5.727578 -0.171276 5.345926
v 5.727578 -0.171276 6.109230
v 5.727578 -0.171276 6.872534
v 4.378926 -0.171276 5.727578
v 5.040220 1.884121 6.799305
v 4.787571 1.789219 6.076189
v 4.665010 1.730162 5.316463
v 4.676562 1.708889 4.545061
v -4.378832 3.071008 6.781059
v -4.065176 3.071008 6.067867
v -3.925562 3.071008 5.301344
v -3.967610 3.071008 4.523330
v 4.528658 3.071008 6.811205
v 4.269094 3.071008 6.081864
v 4.155550 3.071008 5.316073
v 4.192316 3.071008 4.542772
v -2.313325 7.770202 5.376602
v -2.206571 7.770202 6.161320
v -2.357256 7.770202 6.934536
v -0.761852 7.770202 5.727578
v -2.665603 7.770202 4.662663
v -3.057871 6.136941 6.860030
v -2.835563 6.136941 6.111176
v -2.816974 6.136941 5.329927
v -3.003345 6.136941 4.570681
v 2.386455 7.770202 6.154453
v 2.513534 7.770202 5.380857
v 2.844628 7.770202 4.665574
v 1.021758 7.770202 5.727578
v 2.473481 7.770202 6.929305
v 3.189041 6.136941 6.874650
v 3.027407 6.136941 6.116492
v 3.032867 6.136941 5.341082
v 3.205130 6.136941 4.584788
v -3.668097 4.721481 6.818938
v -3.399465 4.721481 6.087602
v -3.314731 4.721481 5.313046
v -3.418866 4.721481 4.540795
v 3.808603 4.721481 6.842542
v 3.597749 4.721481 6.098029
v 3.538661 4.721481 5.326449
v 3.633676 4.721481 4.558420
v 5.727578 -0.171276 7.525953
v 5.608845 -0.171276 7.812600
v 5.322197 -0.171276 7.931334
v 5.174931 1.582757 7.931334
v 5.448004 1.693633 7.771501
v 5.433733 1.785600 7.447392
v -5.727578 -0.171276 7.525953
v -5.322197 -0.171276 7.931334
v -5.608845 -0.171276 7.812600
v -5.149707 1.576856 7.931334
v -5.436556 1.635789 7.764571
v -5.438249 1.620014 7.434405
v -4.463250 3.071008 7.931334
v -4.757116 3.071008 7.760903
v -4.755123 3.071008 7.421198
v 4.504476 3.071008 7.931334
v 4.799587 3.071008 7.769148
v 4.820870 3.071008 7.433079
v -2.555633 7.770202 7.466079
v -2.499524 7.770202 7.783085
v -2.181883 7.770202 7.931334
v -2.994389 6.136941 7.931334
v -3.289756 6.136941 7.770757
v -3.315594 6.136941 7.435558
v 2.614829 7.770202 7.483022
v 2.216133 7.770202 7.931334
v 2.534704 7.770202 7.792345
v 3.031014 6.136941 7.931334
v 3.327864 6.136941 7.779663
v 3.378908 6.136941 7.450242
v -3.673170 4.721481 7.931334
v -3.967809 4.721481 7.766103
v -3.980484 4.721481 7.428535
v 3.711983 4.721481 7.931334
v 4.007995 4.721481 7.774719
v 4.045050 4.721481 7.441885
vt 0.135748 0.830423
vt 0.155340 0.840406
vt 0.177058 0.843845
vt 0.243900 0.795282
vt 0.233918 0.814874
vt 0.218369 0.830423
vt 0.198777 0.840406
vt 0.177058 0.843845
vt 0.135748 0.830423
vt 0.120199 0.814874
vt 0.110216 0.795282
vt 0.106776 0.773564
vt 0.110216 0.751845
vt 0.120199 0.732253
vt 0.135748 0.716704
vt 0.155340 0.706721
vt 0.177058 0.703282
vt 0.198777 0.706721
vt 0.218369 0.716704
vt 0.233918 0.732253
vt 0.247340 0.773564
vt 0.243900 0.795282
vt 0.233918 0.814874
vt 0.218369 0.830423
vt 0.198777 0.840406
vt 0.177058 0.843845
vt 0.135748 0.830423
vt 0.120199 0.814874
vt 0.110216 0.795282
vt 0.106776 0.773564
vt 0.110216 0.751845
vt 0.120199 0.732253
vt 0.135748 0.716704
vt 0.155340 0.706721
vt 0.177058 0.703282
vt 0.198777 0.706721
vt 0.218369 0.716704
vt 0.233918 0.732253
vt 0.247340 0.773564
vt 0.177058 0.843845
vt 0.155340 0.840406
vt 0.135748 0.830423
vt 0.381590 0.814874
vt 0.391573 0.795282
vt 0.366041 0.830423
vt 0.346449 0.840406
vt 0.324731 0.843845
vt 0.324731 0.843845
vt 0.324731 0.843845
vt 0.303012 0.840406
vt 0.324731 0.843845
vt 0.283420 0.830423
vt 0.283420 0.830423
vt 0.283420 0.830423
vt 0.267871 0.814874
vt 0.283420 0.830423
vt 0.257888 0.795282
vt 0.254449 0.773564
vt 0.257888 0.751845
vt 0.267871 0.732253
vt 0.283420 0.716704
vt 0.303012 0.706721
vt 0.324731 0.703282
vt 0.346449 0.706721
vt 0.366041 0.716704
vt 0.381590 0.732253
vt 0.395012 0.773564
vt 0.381590 0.814874
vt 0.391573 0.795282
vt 0.366041 0.830423
vt 0.346449 0.840406
vt 0.267871 0.814874
vt 0.257888 0.795282
vt 0.254449 0.773564
vt 0.257888 0.751845
vt 0.267871 0.732253
vt 0.283420 0.716704
vt 0.303012 0.706721
vt 0.324731 0.703282
vt 0.346449 0.706721
vt 0.366041 0.716704
vt 0.381590 0.732253
vt 0.395012 0.773564
vt 0.303012 0.840406
vt 0.318196 0.919019
vt 0.316823 0.931007
vt 0.316134 0.931007
vt 0.318196 0.919019
vt 0.316404 0.944291
vt 0.316404 0.944291
vt 0.127624 0.986561
vt 0.128762 0.976627
vt 0.141503 0.976529
vt 0.139640 0.986458
vt 0.129109 0.965618
vt 0.142103 0.965523
vt 0.163997 0.976280
vt 0.160634 0.986209
vt 0.125808 0.994449
vt 0.136699 0.994338
vt 0.128633 0.954614
vt 0.141383 0.954517
vt 0.165133 0.965273
vt 0.181838 0.976602
vt 0.177239 0.986531
vt 0.155371 0.994088
vt 0.127378 0.944690
vt 0.139413 0.944588
vt 0.163929 0.954267
vt 0.183423 0.965595
vt 0.170074 0.994411
vt 0.125469 0.936819
vt 0.136386 0.936708
vt 0.160504 0.944338
vt 0.181838 0.954589
vt 0.155192 0.936458
vt 0.177239 0.944660
vt 0.664930 0.891843
vt 0.664825 0.877804
vt 0.700527 0.878014
vt 0.699318 0.892045
vt 0.657822 0.892711
vt 0.657723 0.879495
vt 0.664598 0.866661
vt 0.702347 0.866883
vt 0.709276 0.882393
vt 0.707762 0.894368
vt 0.664903 0.907401
vt 0.698838 0.907601
vt 0.657797 0.907359
vt 0.657510 0.869005
vt 0.711580 0.872894
vt 0.707187 0.907648
vt 0.664747 0.922958
vt 0.699135 0.923160
vt 0.657650 0.922004
vt 0.707606 0.920932
vt 0.664477 0.936989
vt 0.700179 0.937199
vt 0.657396 0.935213
vt 0.708979 0.932921
vt 0.664120 0.948122
vt 0.701869 0.948344
vt 0.657059 0.945694
vt 0.711171 0.942440
vt 0.802973 0.937275
vt 0.802703 0.923244
vt 0.854688 0.922938
vt 0.853644 0.936977
vt 0.795996 0.935582
vt 0.795742 0.922372
vt 0.802547 0.907687
vt 0.854985 0.907379
vt 0.867372 0.920585
vt 0.865999 0.932573
vt 0.803330 0.948408
vt 0.851954 0.948122
vt 0.796332 0.946063
vt 0.795595 0.907727
vt 0.802520 0.892129
vt 0.854505 0.891823
vt 0.867791 0.907300
vt 0.863807 0.942092
vt 0.795570 0.893080
vt 0.802625 0.878090
vt 0.853296 0.877792
vt 0.867216 0.894020
vt 0.795669 0.879864
vt 0.802852 0.866947
vt 0.851476 0.866661
vt 0.865702 0.882045
vt 0.795882 0.869373
vt 0.863398 0.872546
vt 0.284607 0.903929
vt 0.284691 0.892698
vt 0.291598 0.892247
vt 0.291517 0.903107
vt 0.284669 0.880251
vt 0.291577 0.880211
vt 0.284426 0.912844
vt 0.291342 0.911727
vt 0.284544 0.867805
vt 0.291457 0.868176
vt 0.284329 0.856580
vt 0.291248 0.857322
vt 0.284043 0.847674
vt 0.290972 0.848710
vt 0.270700 0.867805
vt 0.270915 0.856580
vt 0.277882 0.857403
vt 0.277673 0.868258
vt 0.271201 0.847674
vt 0.278158 0.848791
vt 0.270575 0.880251
vt 0.277553 0.880292
vt 0.270553 0.892698
vt 0.277532 0.892328
vt 0.270637 0.903929
vt 0.277613 0.903188
vt 0.270818 0.912844
vt 0.277788 0.911808
vt 0.327542 0.944291
vt 0.327542 0.944291
vt 0.325481 0.932303
vt 0.326170 0.932303
vt 0.325750 0.919019
vt 0.325750 0.919019
vt 0.193049 0.924560
vt 0.205065 0.924663
vt 0.206927 0.934592
vt 0.194186 0.934495
vt 0.191232 0.916672
vt 0.202123 0.916783
vt 0.226058 0.924913
vt 0.229422 0.934842
vt 0.207528 0.945598
vt 0.194534 0.945503
vt 0.220796 0.917033
vt 0.242663 0.924590
vt 0.247263 0.934519
vt 0.230557 0.945848
vt 0.206808 0.956605
vt 0.194057 0.956507
vt 0.235498 0.916710
vt 0.248848 0.945526
vt 0.229353 0.956855
vt 0.204838 0.966534
vt 0.192803 0.966431
vt 0.247263 0.956532
vt 0.225928 0.966784
vt 0.201810 0.974413
vt 0.190894 0.974302
vt 0.242663 0.966461
vt 0.220617 0.974663
vt 0.604525 0.929551
vt 0.638913 0.929348
vt 0.640122 0.943379
vt 0.604420 0.943589
vt 0.604498 0.913992
vt 0.638433 0.913792
vt 0.647357 0.927025
vt 0.648871 0.939000
vt 0.641943 0.954510
vt 0.604194 0.954732
vt 0.597318 0.941898
vt 0.597417 0.928682
vt 0.604342 0.898435
vt 0.638730 0.898233
vt 0.646782 0.913745
vt 0.597392 0.914035
vt 0.651175 0.948499
vt 0.597105 0.952389
vt 0.604073 0.884404
vt 0.639775 0.884194
vt 0.647201 0.900461
vt 0.597245 0.899389
vt 0.603715 0.873272
vt 0.641464 0.873050
vt 0.648574 0.888473
vt 0.596991 0.886180
vt 0.650766 0.878954
vt 0.596655 0.875699
vt 0.724867 0.877794
vt 0.775538 0.878092
vt 0.776582 0.892131
vt 0.724597 0.891825
vt 0.725224 0.866661
vt 0.773848 0.866947
vt 0.787893 0.882496
vt 0.789266 0.894484
vt 0.776879 0.907690
vt 0.724441 0.907381
vt 0.717636 0.892696
vt 0.717890 0.879487
vt 0.785701 0.872977
vt 0.718226 0.869006
vt 0.789685 0.907768
vt 0.776399 0.923246
vt 0.724414 0.922940
vt 0.717489 0.907341
vt 0.789110 0.921048
vt 0.775190 0.937276
vt 0.724519 0.936978
vt 0.717464 0.921989
vt 0.787596 0.933023
vt 0.773370 0.948408
vt 0.724746 0.948122
vt 0.717563 0.935205
vt 0.785293 0.942522
vt 0.717776 0.945696
vt 0.257678 0.856589
vt 0.264588 0.857411
vt 0.264669 0.868271
vt 0.257762 0.867819
vt 0.257497 0.847674
vt 0.264413 0.848791
vt 0.264648 0.880307
vt 0.257740 0.880267
vt 0.264528 0.892341
vt 0.257615 0.892712
vt 0.264319 0.903196
vt 0.257400 0.903938
vt 0.264042 0.911808
vt 0.257114 0.912844
vt 0.243771 0.892712
vt 0.250744 0.892260
vt 0.250953 0.903114
vt 0.243986 0.903938
vt 0.243646 0.880267
vt 0.250624 0.880225
vt 0.251229 0.911726
vt 0.244272 0.912844
vt 0.243624 0.867819
vt 0.250603 0.868189
vt 0.243708 0.856589
vt 0.250684 0.857330
vt 0.243889 0.847674
vt 0.250859 0.848709
vt 0.498066 0.815571
vt 0.516170 0.791805
vt 0.524338 0.798041
vt 0.506238 0.821800
vt 0.534275 0.768039
vt 0.542441 0.774274
vt 0.525634 0.800576
vt 0.508284 0.823351
vt 0.480002 0.839284
vt 0.488178 0.845508
vt 0.543047 0.777717
vt 0.490971 0.846078
vt 0.461937 0.862998
vt 0.470114 0.869221
vt 0.473545 0.868954
vt 0.604066 0.845508
vt 0.586001 0.821794
vt 0.594173 0.815565
vt 0.612232 0.839273
vt 0.567897 0.798029
vt 0.576074 0.791805
vt 0.613523 0.836730
vt 0.596211 0.814004
vt 0.622130 0.869221
vt 0.630298 0.862986
vt 0.549793 0.774263
vt 0.557970 0.768039
vt 0.578861 0.791228
vt 0.630900 0.859540
vt 0.561397 0.768303
vt 0.508455 0.737999
vt 0.508455 0.716716
vt 0.563120 0.715795
vt 0.565766 0.735958
vt 0.508455 0.695433
vt 0.561473 0.694612
vt 0.598860 0.715953
vt 0.598860 0.736289
vt 0.563019 0.754028
vt 0.508455 0.756219
vt 0.508455 0.674150
vt 0.560880 0.673103
vt 0.598860 0.694601
vt 0.644880 0.716404
vt 0.644880 0.737163
vt 0.598860 0.753629
vt 0.508455 0.764211
vt 0.560454 0.763065
vt 0.508455 0.393378
vt 0.560138 0.393863
vt 0.598860 0.673039
vt 0.644880 0.694890
vt 0.684347 0.716919
vt 0.684347 0.738058
vt 0.644880 0.753875
vt 0.598860 0.763000
vt 0.508455 0.386671
vt 0.560968 0.386671
vt 0.598860 0.444757
vt 0.644880 0.673475
vt 0.684347 0.695298
vt 0.729887 0.717977
vt 0.729887 0.739582
vt 0.684347 0.754108
vt 0.644880 0.763155
vt 0.598860 0.436413
vt 0.644880 0.505592
vt 0.684347 0.674210
vt 0.729887 0.696407
vt 0.729887 0.755022
vt 0.684347 0.763293
vt 0.644880 0.496824
vt 0.684347 0.558011
vt 0.729887 0.676463
vt 0.729887 0.763646
vt 0.684347 0.548633
vt 0.729887 0.622662
vt 0.729887 0.608415
vt 0.957203 0.411154
vt 0.957203 0.432714
vt 0.911663 0.434112
vt 0.911663 0.413232
vt 0.957203 0.454594
vt 0.911663 0.455895
vt 0.872196 0.434769
vt 0.872196 0.414377
vt 0.911663 0.397184
vt 0.957203 0.396333
vt 0.957203 0.474501
vt 0.911663 0.477065
vt 0.872196 0.456366
vt 0.826176 0.435319
vt 0.826176 0.415434
vt 0.872196 0.397380
vt 0.957203 0.387494
vt 0.911663 0.387838
vt 0.911663 0.592643
vt 0.957203 0.528017
vt 0.872196 0.477899
vt 0.826176 0.456692
vt 0.788471 0.435653
vt 0.788284 0.416058
vt 0.826176 0.397585
vt 0.872196 0.387968
vt 0.872196 0.645111
vt 0.957203 0.542468
vt 0.911663 0.602249
vt 0.826176 0.478386
vt 0.789023 0.456953
vt 0.735772 0.434166
vt 0.735772 0.412883
vt 0.785718 0.397216
vt 0.826176 0.388113
vt 0.826176 0.705983
vt 0.872196 0.654058
vt 0.789910 0.478805
vt 0.735772 0.455449
vt 0.735772 0.394664
vt 0.786158 0.388010
vt 0.787413 0.756935
vt 0.826176 0.714469
vt 0.735772 0.476732
vt 0.735772 0.386671
vt 0.735772 0.757504
vt 0.788284 0.764211
vt 0.735772 0.764211
vt 0.921017 0.824347
vt 0.915089 0.836322
vt 0.909299 0.831987
vt 0.914211 0.822064
vt 0.905853 0.845821
vt 0.901645 0.839859
vt 0.923057 0.811067
vt 0.915901 0.811059
vt 0.894212 0.851913
vt 0.891999 0.844907
vt 0.921253 0.797783
vt 0.914449 0.800051
vt 0.881307 0.854002
vt 0.881305 0.846638
vt 0.915072 0.785794
vt 0.909285 0.790116
vt 0.868401 0.851885
vt 0.870610 0.844883
vt 0.905830 0.776275
vt 0.901626 0.782228
vt 0.879183 0.861429
vt 0.863818 0.858956
vt 0.856756 0.845767
vt 0.860960 0.839814
vt 0.894185 0.770157
vt 0.891976 0.777159
vt 0.849956 0.851796
vt 0.847514 0.836248
vt 0.853301 0.831926
vt 0.881279 0.768040
vt 0.881281 0.775404
vt 0.841578 0.824259
vt 0.848382 0.821991
vt 0.868374 0.770129
vt 0.870587 0.777135
vt 0.839529 0.810975
vt 0.846685 0.810983
vt 0.856733 0.776221
vt 0.860941 0.782184
vt 0.841569 0.797695
vt 0.848375 0.799978
vt 0.847497 0.785720
vt 0.853287 0.790055
vt 0.583342 0.889119
vt 0.588869 0.899979
vt 0.551467 0.912079
vt 0.590770 0.912015
vt 0.574732 0.880499
vt 0.588861 0.924049
vt 0.563880 0.874962
vt 0.583327 0.934904
vt 0.551849 0.873050
vt 0.574711 0.943516
vt 0.539818 0.874950
vt 0.563856 0.949043
vt 0.528962 0.880477
vt 0.551824 0.950943
vt 0.520346 0.889089
vt 0.539793 0.949031
vt 0.514812 0.899943
vt 0.528941 0.943494
vt 0.512903 0.911977
vt 0.520331 0.934873
vt 0.514804 0.924013
vt 0.730097 0.800811
vt 0.723404 0.802991
vt 0.717688 0.791760
vt 0.723371 0.787596
vt 0.732411 0.815459
vt 0.725370 0.815438
vt 0.708783 0.782845
vt 0.712892 0.777105
vt 0.730087 0.830104
vt 0.723395 0.827884
vt 0.697561 0.777119
vt 0.699686 0.770366
vt 0.723353 0.843314
vt 0.717673 0.839109
vt 0.685119 0.775142
vt 0.685045 0.768040
vt 0.712867 0.853794
vt 0.708762 0.848016
vt 0.672676 0.777107
vt 0.670403 0.770352
vt 0.699656 0.860520
vt 0.697536 0.853731
vt 0.661450 0.782822
vt 0.657192 0.777078
vt 0.685014 0.862833
vt 0.685093 0.855696
vt 0.652539 0.791729
vt 0.646707 0.787559
vt 0.670373 0.860506
vt 0.672651 0.853719
vt 0.646816 0.802954
vt 0.639972 0.800768
vt 0.657167 0.853767
vt 0.661428 0.847993
vt 0.644842 0.815400
vt 0.637648 0.815413
vt 0.646688 0.843277
vt 0.652524 0.839078
vt 0.646808 0.827847
vt 0.639963 0.830061
vt 0.112876 0.567354
vt 0.102946 0.568999
vt 0.103754 0.534954
vt 0.113300 0.534954
vt 0.112876 0.602085
vt 0.102946 0.603129
vt 0.095067 0.571561
vt 0.096178 0.534954
vt 0.112876 0.497448
vt 0.102946 0.495803
vt 0.123882 0.569213
vt 0.123882 0.534954
vt 0.112876 0.626951
vt 0.102946 0.628236
vt 0.095067 0.604756
vt 0.123882 0.601726
vt 0.095067 0.493241
vt 0.123882 0.498015
vt 0.112876 0.462717
vt 0.102946 0.461673
vt 0.134889 0.569779
vt 0.134464 0.534954
vt 0.113185 0.644031
vt 0.103255 0.645717
vt 0.095067 0.630239
vt 0.123882 0.626508
vt 0.134889 0.602085
vt 0.095067 0.460046
vt 0.134889 0.497448
vt 0.123882 0.463076
vt 0.112876 0.437851
vt 0.102946 0.436566
vt 0.144818 0.571424
vt 0.144010 0.534954
vt 0.112876 0.662173
vt 0.102946 0.664279
vt 0.095376 0.648344
vt 0.124191 0.643450
vt 0.134889 0.626951
vt 0.144818 0.603129
vt 0.095067 0.434563
vt 0.144818 0.495803
vt 0.134889 0.462717
vt 0.123882 0.438294
vt 0.113185 0.420771
vt 0.103255 0.419085
vt 0.152698 0.573840
vt 0.151586 0.534954
vt 0.113198 0.665833
vt 0.103269 0.669028
vt 0.095067 0.667560
vt 0.123882 0.661447
vt 0.135198 0.644031
vt 0.144818 0.628236
vt 0.152698 0.604756
vt 0.095376 0.416458
vt 0.152698 0.493241
vt 0.144818 0.461673
vt 0.134889 0.437851
vt 0.124191 0.421352
vt 0.112876 0.402629
vt 0.102946 0.400523
vt 0.112949 0.668049
vt 0.103020 0.672605
vt 0.095390 0.674017
vt 0.124205 0.664746
vt 0.134889 0.662173
vt 0.145127 0.645717
vt 0.152698 0.630239
vt 0.095067 0.397242
vt 0.152698 0.460046
vt 0.144818 0.436566
vt 0.135198 0.420771
vt 0.123882 0.403355
vt 0.113198 0.398969
vt 0.103269 0.395774
vt 0.112779 0.670785
vt 0.102855 0.675698
vt 0.123955 0.666496
vt 0.135211 0.665928
vt 0.144818 0.664279
vt 0.153007 0.648344
vt 0.095390 0.390785
vt 0.152698 0.434563
vt 0.145127 0.419085
vt 0.134889 0.402629
vt 0.124205 0.400056
vt 0.112949 0.396753
vt 0.103020 0.392197
vt 0.123783 0.669095
vt 0.134962 0.668099
vt 0.145140 0.669103
vt 0.152698 0.667560
vt 0.153007 0.416458
vt 0.144818 0.400523
vt 0.135211 0.398874
vt 0.123955 0.398306
vt 0.112779 0.394017
vt 0.102855 0.389104
vt 0.134792 0.670547
vt 0.144891 0.672701
vt 0.153020 0.674120
vt 0.152698 0.397242
vt 0.145140 0.395699
vt 0.134962 0.396703
vt 0.123783 0.395707
vt 0.144726 0.675711
vt 0.153020 0.390682
vt 0.144891 0.392102
vt 0.134792 0.394255
vt 0.144726 0.389091
vt 0.462749 0.616947
vt 0.452819 0.615302
vt 0.453627 0.562520
vt 0.463173 0.562520
vt 0.462749 0.643632
vt 0.452819 0.642588
vt 0.444940 0.612740
vt 0.446051 0.562520
vt 0.462749 0.502986
vt 0.452819 0.504631
vt 0.473755 0.617514
vt 0.473755 0.562520
vt 0.462749 0.671732
vt 0.452819 0.670446
vt 0.444940 0.640962
vt 0.473755 0.643992
vt 0.444940 0.507193
vt 0.473755 0.502419
vt 0.462749 0.476301
vt 0.452819 0.477345
vt 0.484762 0.616947
vt 0.484337 0.562520
vt 0.462440 0.694180
vt 0.452511 0.692494
vt 0.444940 0.668444
vt 0.473755 0.672175
vt 0.484762 0.643632
vt 0.444940 0.478971
vt 0.484762 0.502986
vt 0.473755 0.475941
vt 0.462749 0.448201
vt 0.452819 0.449487
vt 0.494691 0.615302
vt 0.493883 0.562520
vt 0.462749 0.717945
vt 0.452819 0.715839
vt 0.444631 0.689867
vt 0.473446 0.694761
vt 0.484762 0.671732
vt 0.494691 0.642588
vt 0.444940 0.451489
vt 0.494691 0.504631
vt 0.484762 0.476301
vt 0.473755 0.447758
vt 0.462440 0.425753
vt 0.452511 0.427440
vt 0.502571 0.612740
vt 0.501459 0.562520
vt 0.444940 0.712558
vt 0.473755 0.718671
vt 0.484453 0.694180
vt 0.494691 0.670446
vt 0.502571 0.640962
vt 0.444631 0.430066
vt 0.502571 0.507193
vt 0.494691 0.477345
vt 0.484762 0.448201
vt 0.473446 0.425172
vt 0.462749 0.401988
vt 0.452819 0.404094
vt 0.452497 0.733262
vt 0.444617 0.728273
vt 0.484762 0.717945
vt 0.494382 0.692494
vt 0.502571 0.668444
vt 0.444940 0.407375
vt 0.502571 0.478971
vt 0.494691 0.449487
vt 0.484453 0.425753
vt 0.473755 0.401262
vt 0.494691 0.715839
vt 0.502262 0.689867
vt 0.452497 0.386671
vt 0.444617 0.391660
vt 0.502571 0.451489
vt 0.494382 0.427440
vt 0.484762 0.401988
vt 0.502571 0.712558
vt 0.502262 0.430066
vt 0.494691 0.404094
vt 0.502571 0.407375
vt 0.875715 0.921565
vt 0.882521 0.919282
vt 0.887434 0.929205
vt 0.881644 0.933540
vt 0.873676 0.908285
vt 0.880831 0.908277
vt 0.895088 0.937077
vt 0.890880 0.943039
vt 0.875479 0.895001
vt 0.882284 0.897269
vt 0.904734 0.942125
vt 0.902520 0.949131
vt 0.881660 0.883012
vt 0.887448 0.887334
vt 0.915428 0.943857
vt 0.915425 0.951220
vt 0.890903 0.873493
vt 0.895107 0.879446
vt 0.926123 0.942101
vt 0.928332 0.949103
vt 0.902547 0.867375
vt 0.904756 0.874377
vt 0.935772 0.937032
vt 0.939976 0.942985
vt 0.917550 0.958647
vt 0.932914 0.956174
vt 0.915454 0.865258
vt 0.915451 0.872622
vt 0.943431 0.929144
vt 0.949219 0.933466
vt 0.946777 0.949014
vt 0.928359 0.867347
vt 0.926145 0.874353
vt 0.948351 0.919209
vt 0.955155 0.921477
vt 0.939999 0.873439
vt 0.935791 0.879402
vt 0.950048 0.908201
vt 0.957203 0.908193
vt 0.949236 0.882938
vt 0.943445 0.887273
vt 0.948358 0.897196
vt 0.955164 0.894913
vt 0.436578 0.889625
vt 0.468454 0.912585
vt 0.431052 0.900485
vt 0.445189 0.881004
vt 0.429150 0.912521
vt 0.456041 0.875467
vt 0.431060 0.924555
vt 0.468071 0.873555
vt 0.436594 0.935409
vt 0.480103 0.875456
vt 0.445210 0.944021
vt 0.490959 0.880982
vt 0.456065 0.949548
vt 0.499575 0.889594
vt 0.468097 0.951449
vt 0.505109 0.900449
vt 0.480128 0.949537
vt 0.507018 0.912483
vt 0.490979 0.943999
vt 0.505117 0.924519
vt 0.499590 0.935379
vt 0.740903 0.800811
vt 0.747629 0.787596
vt 0.753311 0.791760
vt 0.747596 0.802991
vt 0.758107 0.777105
vt 0.762216 0.782845
vt 0.745629 0.815438
vt 0.738589 0.815459
vt 0.771313 0.770366
vt 0.773439 0.777119
vt 0.740913 0.830104
vt 0.747604 0.827884
vt 0.785954 0.768040
vt 0.785880 0.775142
vt 0.747647 0.843314
vt 0.753327 0.839109
vt 0.800597 0.770352
vt 0.798323 0.777107
vt 0.758133 0.853794
vt 0.762238 0.848016
vt 0.813807 0.777078
vt 0.809550 0.782822
vt 0.771343 0.860520
vt 0.773464 0.853731
vt 0.824293 0.787559
vt 0.818460 0.791729
vt 0.785985 0.862833
vt 0.785907 0.855696
vt 0.831027 0.800768
vt 0.824183 0.802954
vt 0.800626 0.860506
vt 0.798348 0.853719
vt 0.833351 0.815413
vt 0.826158 0.815400
vt 0.813832 0.853767
vt 0.809571 0.847993
vt 0.831037 0.830061
vt 0.824191 0.827847
vt 0.824311 0.843277
vt 0.818476 0.839078
vt 0.422170 0.161099
vt 0.373651 0.063439
vt 0.351016 0.063439
vt 0.401843 0.093051
vt 0.436185 0.146852
vt 0.433726 0.161099
vt 0.395435 0.014492
vt 0.391494 0.029932
vt 0.370008 0.001992
vt 0.384318 0.001992
vt 0.393201 0.005867
vt 0.445332 0.220880
vt 0.422170 0.220880
vt 0.277341 0.063439
vt 0.280561 0.001992
vt 0.454886 0.272690
vt 0.422170 0.272690
vt 0.422170 0.246785
vt 0.234458 0.220880
vt 0.234458 0.161099
vt 0.465507 0.333101
vt 0.422170 0.333101
vt 0.422170 0.302895
vt 0.391248 0.251739
vt 0.397234 0.275453
vt 0.362660 0.228026
vt 0.200110 0.220880
vt 0.212221 0.161099
vt 0.328200 0.223063
vt 0.293741 0.228130
vt 0.422170 0.382843
vt 0.474834 0.382843
vt 0.391387 0.299218
vt 0.362888 0.322984
vt 0.248201 0.093132
vt 0.301283 0.063439
vt 0.210068 0.146649
vt 0.234458 0.246785
vt 0.234458 0.272690
vt 0.190423 0.272690
vt 0.362679 0.234261
vt 0.328201 0.229298
vt 0.293722 0.234365
vt 0.265241 0.251896
vt 0.234458 0.382843
vt 0.234458 0.333101
vt 0.293968 0.323088
vt 0.328428 0.330593
vt 0.259394 0.275661
vt 0.234458 0.302895
vt 0.179723 0.333101
vt 0.328205 0.232929
vt 0.361403 0.237707
vt 0.295006 0.237808
vt 0.170332 0.382843
vt 0.265380 0.299375
vt 0.328314 0.283343
vt 0.388901 0.260517
vt 0.394632 0.283243
vt 0.261996 0.283442
vt 0.267593 0.260667
vt 0.741845 0.321396
vt 0.741845 0.001992
vt 0.795196 0.001992
vt 0.801903 0.008699
vt 0.801903 0.289471
vt 0.764298 0.321396
vt 0.554133 0.321396
vt 0.554133 0.001992
vt 0.801903 0.310754
vt 0.741845 0.382843
vt 0.801903 0.353320
vt 0.801903 0.371540
vt 0.798592 0.379532
vt 0.790600 0.382843
vt 0.482499 0.008699
vt 0.489206 0.001992
vt 0.522607 0.321396
vt 0.482499 0.289471
vt 0.554133 0.382843
vt 0.801903 0.332037
vt 0.482499 0.371540
vt 0.482499 0.353320
vt 0.493802 0.382843
vt 0.485810 0.379532
vt 0.482499 0.310754
vt 0.482499 0.332037
vt 0.099571 0.867251
vt 0.001911 0.824369
vt 0.001911 0.728059
vt 0.099571 0.679540
vt 0.237740 0.881327
vt 0.184658 0.911020
vt 0.194480 0.891113
vt 0.197457 0.869233
vt 0.193255 0.847674
vt 0.127946 0.881181
vt 0.168425 0.847674
vt 0.165998 0.869279
vt 0.169541 0.890849
vt 0.178773 0.910793
vt 0.301283 0.063439
vt 0.256799 0.029786
vt 0.251267 0.014965
vt 0.252832 0.006126
vt 0.261689 0.001992
vt 0.161436 0.344578
vt 0.159059 0.354224
vt 0.152717 0.349920
vt 0.156505 0.340945
vt 0.156446 0.364918
vt 0.148538 0.359877
vt 0.143389 0.341539
vt 0.150067 0.335243
vt 0.163345 0.336924
vt 0.159532 0.333831
vt 0.153855 0.375613
vt 0.144379 0.369842
vt 0.135999 0.348525
vt 0.136313 0.332920
vt 0.145341 0.328786
vt 0.155378 0.330254
vt 0.151537 0.385262
vt 0.140646 0.378840
vt 0.128620 0.355516
vt 0.126306 0.337502
vt 0.127892 0.312880
vt 0.137253 0.309570
vt 0.121973 0.361830
vt 0.116298 0.342085
vt 0.117515 0.316549
vt 0.122483 0.293988
vt 0.132086 0.291465
vt 0.107270 0.346219
vt 0.107138 0.320218
vt 0.111838 0.296785
vt 0.119064 0.268031
vt 0.128780 0.265982
vt 0.097776 0.323527
vt 0.101193 0.299582
vt 0.108295 0.270302
vt 0.116422 0.236015
vt 0.125811 0.232787
vt 0.091589 0.302105
vt 0.097525 0.272574
vt 0.106013 0.239594
vt 0.117020 0.196181
vt 0.126566 0.196181
vt 0.087810 0.274623
vt 0.095604 0.243173
vt 0.106438 0.196181
vt 0.125811 0.154467
vt 0.116422 0.151239
vt 0.086215 0.246401
vt 0.095856 0.196181
vt 0.106013 0.147660
vt 0.128780 0.121273
vt 0.119064 0.119224
vt 0.086310 0.196181
vt 0.095604 0.144082
vt 0.108295 0.116952
vt 0.132086 0.095790
vt 0.122483 0.093267
vt 0.086215 0.140854
vt 0.097525 0.114681
vt 0.111838 0.090470
vt 0.137253 0.077684
vt 0.127892 0.074375
vt 0.087810 0.112632
vt 0.101193 0.087673
vt 0.117515 0.070706
vt 0.145341 0.058468
vt 0.136313 0.054334
vt 0.091589 0.085150
vt 0.107137 0.067037
vt 0.126305 0.049752
vt 0.150067 0.052011
vt 0.143389 0.045716
vt 0.097776 0.063727
vt 0.116298 0.045170
vt 0.135999 0.038730
vt 0.156505 0.046309
vt 0.152717 0.037335
vt 0.107270 0.041036
vt 0.128620 0.031738
vt 0.148539 0.027377
vt 0.159532 0.053423
vt 0.155378 0.057000
vt 0.161436 0.042677
vt 0.159059 0.033031
vt 0.121973 0.025424
vt 0.144379 0.017412
vt 0.156446 0.022337
vt 0.163345 0.050331
vt 0.140646 0.008414
vt 0.153855 0.011641
vt 0.151537 0.001992
vt 0.013626 0.385300
vt 0.011249 0.375654
vt 0.020755 0.370016
vt 0.024543 0.378991
vt 0.008637 0.364960
vt 0.016576 0.360058
vt 0.036671 0.355657
vt 0.043349 0.361952
vt 0.006045 0.354265
vt 0.012417 0.350093
vt 0.029281 0.348671
vt 0.049203 0.342104
vt 0.058231 0.346238
vt 0.003727 0.344616
vt 0.008684 0.341095
vt 0.021902 0.341679
vt 0.039196 0.337521
vt 0.058364 0.320237
vt 0.067725 0.323546
vt 0.001911 0.336957
vt 0.005742 0.333946
vt 0.015256 0.335365
vt 0.029189 0.332939
vt 0.047987 0.316568
vt 0.064309 0.299601
vt 0.073912 0.302124
vt 0.009993 0.330348
vt 0.020161 0.328805
vt 0.037610 0.312899
vt 0.053664 0.296804
vt 0.067976 0.272593
vt 0.077692 0.274642
vt 0.028248 0.309589
vt 0.043018 0.294007
vt 0.057207 0.270321
vt 0.069897 0.243191
vt 0.079287 0.246420
vt 0.033415 0.291484
vt 0.046437 0.268050
vt 0.059488 0.239613
vt 0.069645 0.196200
vt 0.079192 0.196200
vt 0.036722 0.266001
vt 0.049080 0.237654
vt 0.059063 0.196200
vt 0.079287 0.140873
vt 0.069897 0.144101
vt 0.039690 0.235085
vt 0.048481 0.196200
vt 0.059488 0.147679
vt 0.077692 0.112650
vt 0.067976 0.114700
vt 0.038935 0.196200
vt 0.049080 0.151258
vt 0.057207 0.116971
vt 0.073912 0.085169
vt 0.064309 0.087692
vt 0.039690 0.154486
vt 0.046437 0.119242
vt 0.053664 0.090489
vt 0.067725 0.063746
vt 0.058364 0.067056
vt 0.036722 0.121292
vt 0.043018 0.093285
vt 0.047987 0.070725
vt 0.058231 0.041054
vt 0.049203 0.045188
vt 0.033415 0.095809
vt 0.037610 0.074393
vt 0.039196 0.049771
vt 0.043349 0.025340
vt 0.036671 0.031635
vt 0.028248 0.077703
vt 0.029189 0.054353
vt 0.029281 0.038621
vt 0.024543 0.008302
vt 0.020755 0.017276
vt 0.020161 0.058487
vt 0.021902 0.045613
vt 0.016576 0.027234
vt 0.013626 0.001992
vt 0.011249 0.011638
vt 0.015256 0.051927
vt 0.012417 0.037199
vt 0.008637 0.022332
vt 0.008684 0.046197
vt 0.006045 0.033027
vt 0.009993 0.056944
vt 0.005742 0.053347
vt 0.003727 0.042677
vt 0.001911 0.050336
vt 0.121278 0.924081
vt 0.107250 0.924407
vt 0.108205 0.884079
vt 0.122062 0.886333
vt 0.119728 0.931170
vt 0.106522 0.931476
vt 0.091698 0.924800
vt 0.092842 0.881614
vt 0.107872 0.874232
vt 0.119512 0.877100
vt 0.091881 0.931847
vt 0.076145 0.925222
vt 0.077477 0.879177
vt 0.094966 0.871079
vt 0.077239 0.932244
vt 0.062112 0.925632
vt 0.063615 0.877007
vt 0.064028 0.932630
vt 0.363316 0.880525
vt 0.377344 0.880851
vt 0.378677 0.926896
vt 0.364819 0.929149
vt 0.365234 0.873555
vt 0.378440 0.873862
vt 0.392896 0.881244
vt 0.394040 0.924430
vt 0.383264 0.938203
vt 0.371624 0.941072
vt 0.393081 0.874232
vt 0.408449 0.881666
vt 0.409404 0.921993
vt 0.396169 0.935051
vt 0.407723 0.874629
vt 0.422482 0.882075
vt 0.423266 0.919824
vt 0.409075 0.931923
vt 0.420934 0.875015
vt 0.420720 0.929127
vt 0.257298 0.927895
vt 0.257558 0.916672
vt 0.264474 0.917636
vt 0.264222 0.928488
vt 0.256983 0.940336
vt 0.263918 0.940519
vt 0.256646 0.952779
vt 0.263592 0.952551
vt 0.256318 0.964006
vt 0.263275 0.963406
vt 0.279181 0.952783
vt 0.279441 0.964006
vt 0.272471 0.963405
vt 0.272219 0.952554
vt 0.278866 0.940341
vt 0.271915 0.940523
vt 0.278529 0.927898
vt 0.271589 0.928491
vt 0.278201 0.916672
vt 0.271272 0.917636
vt 0.002695 0.989460
vt 0.001911 0.951711
vt 0.015768 0.949458
vt 0.016723 0.989786
vt 0.004461 0.942479
vt 0.016101 0.939610
vt 0.031131 0.946992
vt 0.032274 0.990179
vt 0.017450 0.996855
vt 0.004244 0.996548
vt 0.029006 0.936458
vt 0.046495 0.944555
vt 0.047828 0.990601
vt 0.032091 0.997225
vt 0.060357 0.942386
vt 0.061860 0.991010
vt 0.046733 0.997622
vt 0.059944 0.998008
vt 0.357432 0.854643
vt 0.355929 0.903268
vt 0.342071 0.901014
vt 0.343404 0.854969
vt 0.349125 0.915190
vt 0.337484 0.912322
vt 0.326709 0.898548
vt 0.327852 0.855362
vt 0.342308 0.847980
vt 0.355514 0.847674
vt 0.324579 0.909169
vt 0.311344 0.896112
vt 0.312299 0.855784
vt 0.327667 0.848350
vt 0.311673 0.906042
vt 0.297482 0.893942
vt 0.298267 0.856194
vt 0.313025 0.848748
vt 0.300028 0.903245
vt 0.299814 0.849133
vt 0.287206 0.955130
vt 0.294131 0.954536
vt 0.294383 0.965388
vt 0.287467 0.966352
vt 0.286892 0.942688
vt 0.293827 0.942506
vt 0.286554 0.930245
vt 0.293500 0.930474
vt 0.286226 0.919019
vt 0.293183 0.919618
vt 0.309089 0.930241
vt 0.302128 0.930471
vt 0.302380 0.919619
vt 0.309349 0.919019
vt 0.308774 0.942683
vt 0.301824 0.942501
vt 0.308437 0.955126
vt 0.301497 0.954533
vt 0.308109 0.966352
vt 0.301180 0.965388
vt 0.211417 0.630153
vt 0.158905 0.630153
vt 0.158905 0.442442
vt 0.211417 0.442442
vt 0.158905 0.694280
vt 0.211417 0.695081
vt 0.158905 0.389777
vt 0.211417 0.389091
vt 0.269813 0.631130
vt 0.217301 0.631130
vt 0.217301 0.443418
vt 0.269813 0.443418
vt 0.266044 0.686651
vt 0.217301 0.691461
vt 0.217301 0.394664
vt 0.266209 0.398770
vt 0.307706 0.455119
vt 0.307706 0.620788
vt 0.217301 0.699453
vt 0.267687 0.694649
vt 0.307706 0.667511
vt 0.217301 0.386671
vt 0.269300 0.391156
vt 0.307706 0.417464
vt 0.353726 0.469330
vt 0.353726 0.608228
vt 0.307706 0.675705
vt 0.353726 0.645481
vt 0.307706 0.409236
vt 0.353726 0.439561
vt 0.393193 0.481518
vt 0.393193 0.597457
vt 0.353726 0.653696
vt 0.393193 0.626555
vt 0.353726 0.431307
vt 0.393193 0.458549
vt 0.438733 0.585028
vt 0.438733 0.495580
vt 0.393193 0.634790
vt 0.438733 0.603899
vt 0.393193 0.450271
vt 0.438733 0.481270
vt 0.438733 0.612756
vt 0.438733 0.472387
vt 0.440442 0.837763
vt 0.437011 0.836405
vt 0.442394 0.803300
vt 0.446046 0.803295
vt 0.419585 0.863983
vt 0.402272 0.869727
vt 0.402197 0.803409
vt 0.436935 0.770193
vt 0.440362 0.768828
vt 0.454223 0.803295
vt 0.448619 0.837755
vt 0.402121 0.737090
vt 0.419471 0.742701
vt 0.448539 0.768835
vn 0.795771 0.565035 -0.217911
vn 0.708829 0.558586 -0.430747
vn 0.708955 0.558595 -0.430528
vn 0.795804 0.565038 -0.217779
vn 0.558842 0.552607 -0.618321
vn 0.559081 0.552615 -0.618098
vn 0.350074 0.552061 -0.756754
vn 0.350388 0.552059 -0.756610
vn 0.237896 0.548765 -0.801413
vn 0.237896 0.548765 -0.801413
vn -0.024417 0.559516 -0.828460
vn -0.164162 0.573410 -0.802653
vn -0.163918 0.573396 -0.802713
vn -0.024417 0.559516 -0.828460
vn -0.286433 0.575935 -0.765673
vn -0.286433 0.575935 -0.765673
vn -0.516254 0.593635 -0.617316
vn -0.609931 0.606871 -0.509600
vn -0.609863 0.606866 -0.509687
vn -0.516254 0.593635 -0.617316
vn -0.739346 0.617683 -0.268023
vn -0.739329 0.617682 -0.268072
vn -0.784199 0.620501 0.003386
vn -0.784199 0.620501 0.003386
vn -0.739523 0.614496 0.274774
vn -0.739506 0.614494 0.274823
vn -0.610267 0.600846 0.516293
vn -0.610199 0.600840 0.516380
vn -0.410975 0.582560 0.701230
vn -0.410826 0.582548 0.701328
vn -0.164693 0.563943 0.809224
vn -0.164449 0.563928 0.809284
vn 0.099315 0.549628 0.829485
vn 0.099627 0.549617 0.829455
vn 0.349574 0.543131 0.763418
vn 0.349888 0.543131 0.763274
vn 0.558432 0.545303 0.625139
vn 0.558672 0.545313 0.624916
vn 0.708542 0.553486 0.437745
vn 0.708668 0.553498 0.437526
vn 0.795623 0.562434 0.225057
vn 0.795657 0.562439 0.224926
vn 0.823711 0.566998 0.003602
vn 0.823711 0.566998 0.003602
vn 0.000000 0.000000 0.000000
vn 0.000000 0.000000 0.000000
vn 0.000000 0.000000 0.000000
vn 0.000000 0.000000 0.000000
vn 0.000000 0.000000 0.000000
vn 0.000000 0.000000 0.000000
vn 0.000000 0.000000 0.000000
vn 0.000000 0.000000 0.000000
vn 0.000000 0.000000 0.000000
vn 0.000000 0.000000 0.000000
vn 0.000000 0.000000 0.000000
vn 0.000000 0.000000 0.000000
vn 0.000000 0.000000 0.000000
vn 0.000000 0.000000 0.000000
vn 0.000000 0.000000 0.000000
vn 0.000000 0.000000 0.000000
vn 0.000000 0.000000 0.000000
vn 0.000000 0.000000 0.000000
vn 0.000000 0.000000 0.000000
vn 0.000000 0.000000 0.000000
vn 0.000000 0.000000 0.000000
vn 0.000000 0.000000 0.000000
vn 0.000000 0.000000 0.000000
vn 0.000000 0.000000 0.000000
vn 0.000000 0.000000 0.000000
vn 0.000000 0.000000 0.000000
vn 0.000000 0.000000 0.000000
vn 0.000000 0.000000 0.000000
vn 0.000000 0.000000 0.000000
vn 0.000000 0.000000 0.000000
vn 0.000000 0.000000 0.000000
vn 0.000000 0.000000 0.000000
vn 0.000000 0.000000 0.000000
vn 0.000000 0.000000 0.000000
vn 0.000000 0.000000 0.000000
vn 0.000000 0.000000 0.000000
vn 0.000000 0.000000 0.000000
vn 0.000000 0.000000 0.000000
vn 0.000000 0.000000 0.000000
vn 0.000000 0.000000 0.000000
vn 0.000000 0.000000 0.000000
vn 0.000000 0.000000 0.000000
vn 0.000000 0.000000 0.000000
vn 0.000000 0.000000 0.000000
vn 0.000000 0.000000 0.000000
vn 0.000000 0.000000 0.000000
vn 0.000000 0.000000 0.000000
vn 0.000000 0.000000 0.000000
vn 0.000000 0.000000 0.000000
vn 0.000000 0.000000 0.000000
vn 0.000000 0.000000 0.000000
vn 0.000000 0.000000 0.000000
vn 0.000000 0.000000 0.000000
vn 0.000000 0.000000 0.000000
vn 0.000000 0.000000 0.000000
vn 0.000000 0.000000 0.000000
vn 0.000000 0.000000 0.000000
vn 0.000000 0.000000 0.000000
vn 0.000000 0.000000 0.000000
vn 0.000000 0.000000 0.000000
vn -0.000000 -0.000000 -0.000000
vn -0.866155 -0.307968 -0.393612
vn -0.866155 -0.307968 -0.393612
vn -0.000000 -0.000000 -0.000000
vn -0.933769 -0.332040 -0.133509
vn -0.000000 -0.000000 -0.000000
vn -0.000000 -0.000000 -0.000000
vn -0.933769 -0.332040 -0.133509
vn 0.000000 0.000000 0.000000
vn 0.000000 0.000000 0.000000
vn 0.000000 0.000000 0.000000
vn 0.000000 0.000000 0.000000
vn 0.000000 0.000000 0.000000
vn 0.000000 0.000000 0.000000
vn 0.000000 0.000000 0.000000
vn 0.000000 0.000000 0.000000
vn 0.000000 0.000000 0.000000
vn 0.000000 0.000000 0.000000
vn 0.000000 0.000000 0.000000
vn 0.000000 0.000000 0.000000
vn 0.000000 0.000000 0.000000
vn 0.000000 0.000000 0.000000
vn 0.000000 0.000000 0.000000
vn 0.000000 0.000000 0.000000
vn 0.000000 0.000000 0.000000
vn 0.000000 0.000000 0.000000
vn 0.000000 0.000000 0.000000
vn 0.000000 0.000000 0.000000
vn 0.236406 0.971637 0.005787
vn 0.236408 0.971637 0.005787
vn 0.236408 0.971637 0.005787
vn 0.236406 0.971637 0.005787
vn 0.236408 0.971637 0.005785
vn 0.236408 0.971637 0.005785
vn 0.236409 0.971636 0.005783
vn 0.236409 0.971636 0.005783
vn 0.236410 0.971636 0.005784
vn 0.236410 0.971636 0.005784
vn 0.236410 0.971636 0.005785
vn 0.236410 0.971636 0.005785
vn 0.236411 0.971636 0.005786
vn 0.236411 0.971636 0.005786
vn 0.236414 0.971635 0.005788
vn 0.236414 0.971635 0.005788
vn 0.236415 0.971635 0.005786
vn 0.236415 0.971635 0.005786
vn 0.236414 0.971635 0.005785
vn 0.236414 0.971635 0.005785
vn 0.236412 0.971636 0.005787
vn 0.236412 0.971636 0.005787
vn 0.236412 0.971636 0.005785
vn 0.236412 0.971636 0.005785
vn 0.236409 0.971636 0.005783
vn 0.236409 0.971636 0.005783
vn 0.236409 0.971636 0.005781
vn 0.236409 0.971637 0.005781
vn 0.236410 0.971636 0.005782
vn 0.236410 0.971636 0.005782
vn 0.236408 0.971637 0.005784
vn 0.236408 0.971637 0.005784
vn 0.236408 0.971637 0.005784
vn 0.236408 0.971637 0.005784
vn 0.247327 0.968793 -0.016417
vn 0.247129 0.968850 -0.016011
vn 0.243568 0.969850 0.008113
vn 0.243534 0.969858 0.008221
vn 0.232495 0.972115 0.030649
vn 0.232577 0.972111 0.030133
vn 0.725737 -0.613150 -0.312014
vn 0.638030 -0.486589 -0.596782
vn 0.635282 -0.505331 -0.584001
vn 0.734804 -0.605549 -0.305570
vn 0.468106 -0.318637 -0.824225
vn 0.464601 -0.355731 -0.810926
vn 0.231691 -0.137510 -0.963021
vn 0.237114 -0.168331 -0.956787
vn -0.037856 0.038227 -0.998552
vn -0.020023 0.036547 -0.999131
vn -0.304795 0.195505 -0.932136
vn -0.272585 0.233170 -0.933450
vn -0.538890 0.324644 -0.777305
vn -0.490055 0.399160 -0.774931
vn -0.718672 0.419222 -0.554765
vn -0.653058 0.521143 -0.549477
vn -0.831246 0.475729 -0.287597
vn -0.752969 0.593920 -0.283365
vn -0.870229 0.492646 0.001529
vn -0.787338 0.616520 0.001366
vn -0.833640 0.469568 0.290774
vn -0.755843 0.588962 0.286050
vn -0.723102 0.406892 0.558178
vn -0.658806 0.511132 0.552013
vn -0.544729 0.306212 0.780708
vn -0.498623 0.383936 0.777154
vn -0.311359 0.171323 0.934722
vn -0.283820 0.212639 0.935003
vn -0.044743 0.009243 0.998956
vn -0.033736 0.010964 0.999371
vn 0.224308 -0.169317 0.959697
vn 0.221031 -0.197901 0.954977
vn 0.459643 -0.349794 0.816316
vn 0.446473 -0.386921 0.806818
vn 0.624797 -0.501600 0.598353
vn 0.615100 -0.522538 0.590429
vn 0.728904 -0.612780 0.305287
vn 0.735737 -0.605424 0.303565
vn 0.753099 -0.657203 -0.030420
vn 0.771224 -0.636150 -0.022953
vn 0.948142 -0.073808 -0.309158
vn 0.805695 -0.070166 -0.588160
vn 0.803628 -0.011247 -0.595026
vn 0.949569 -0.013959 -0.313248
vn 0.583386 -0.064895 -0.809598
vn 0.577118 -0.007158 -0.816629
vn 0.303024 -0.057772 -0.951230
vn 0.293488 -0.001167 -0.955962
vn -0.007339 -0.049102 -0.998767
vn -0.018065 0.006568 -0.999815
vn -0.316490 -0.039776 -0.947762
vn -0.326068 0.015173 -0.945224
vn -0.593722 -0.031062 -0.804070
vn -0.600442 0.023347 -0.799328
vn -0.812271 -0.024284 -0.582775
vn -0.815595 0.029746 -0.577858
vn -0.951805 -0.020524 -0.306015
vn -0.952463 0.033283 -0.302832
vn -0.999791 -0.020430 -0.000449
vn -0.999445 0.033314 -0.000133
vn -0.952007 -0.024113 0.305126
vn -0.952662 0.029727 0.302575
vn -0.812654 -0.031125 0.581915
vn -0.815975 0.022959 0.577631
vn -0.594251 -0.040503 0.803259
vn -0.600967 0.013958 0.799152
vn -0.317113 -0.050905 0.947020
vn -0.326691 0.004069 0.945123
vn -0.007997 -0.060831 0.998116
vn -0.018724 -0.005178 0.999811
vn 0.302399 -0.068944 0.950685
vn 0.292859 -0.012398 0.956075
vn 0.582854 -0.074404 0.809163
vn 0.576582 -0.016754 0.816868
vn 0.805308 -0.077074 0.587825
vn 0.803236 -0.018240 0.595381
vn 0.947939 -0.077439 0.308894
vn 0.949363 -0.017641 0.313687
vn 0.997092 -0.076206 -0.000119
vn 0.999872 -0.016015 0.000235
vn -0.250975 -0.948229 0.194612
vn -0.299322 -0.948938 0.099612
vn 0.026199 -0.999640 -0.005863
vn -0.175651 -0.946697 0.270023
vn -0.080723 -0.944493 0.318460
vn 0.024520 -0.941833 0.335185
vn 0.129771 -0.938977 0.318561
vn 0.224733 -0.936205 0.270213
vn 0.300108 -0.933787 0.194877
vn 0.348515 -0.931962 0.099924
vn 0.365219 -0.930906 -0.005346
vn 0.348585 -0.930725 -0.110635
vn 0.300239 -0.931434 -0.205637
vn 0.224914 -0.932967 -0.281046
vn 0.129984 -0.935170 -0.329485
vn 0.024744 -0.937831 -0.346211
vn -0.080510 -0.940686 -0.329587
vn -0.175470 -0.943459 -0.281241
vn -0.250842 -0.945876 -0.205903
vn -0.299252 -0.947702 -0.110949
vn -0.315956 -0.948757 -0.005676
vn 0.886979 -0.361953 -0.286808
vn 0.756120 -0.363876 -0.543945
vn 0.384281 -0.915085 -0.122259
vn 0.384280 -0.915085 -0.122259
vn 0.330553 -0.915873 -0.227841
vn 0.330553 -0.915873 -0.227840
vn 0.552239 -0.368023 -0.748059
vn 0.246839 -0.917576 -0.311650
vn 0.246839 -0.917576 -0.311650
vn 0.295294 -0.373986 -0.879168
vn 0.141336 -0.920026 -0.365482
vn 0.141336 -0.920026 -0.365482
vn 0.010436 -0.381187 -0.924439
vn 0.024372 -0.922983 -0.384068
vn 0.024373 -0.922983 -0.384068
vn -0.274453 -0.388920 -0.879441
vn -0.092603 -0.926157 -0.365592
vn -0.092603 -0.926157 -0.365592
vn -0.531484 -0.396424 -0.748581
vn -0.198138 -0.929238 -0.311862
vn -0.198138 -0.929238 -0.311862
vn -0.735497 -0.402968 -0.544665
vn -0.281908 -0.931924 -0.228135
vn -0.281908 -0.931924 -0.228135
vn -0.866522 -0.407912 -0.287657
vn -0.335710 -0.933952 -0.122609
vn -0.335710 -0.933952 -0.122609
vn -0.911736 -0.410767 -0.002713
vn -0.354273 -0.935125 -0.005610
vn -0.354273 -0.935125 -0.005610
vn -0.866712 -0.411255 0.282276
vn -0.335783 -0.935328 0.111408
vn -0.335783 -0.935328 0.111408
vn -0.735854 -0.409334 0.539411
vn -0.282054 -0.934539 0.216987
vn -0.282054 -0.934539 0.216987
vn -0.531974 -0.405188 0.743523
vn -0.198343 -0.932835 0.300797
vn -0.198343 -0.932835 0.300797
vn -0.275029 -0.399221 0.874632
vn -0.092840 -0.930386 0.354630
vn -0.092840 -0.930386 0.354630
vn 0.009829 -0.392021 0.919904
vn 0.024124 -0.927431 0.373217
vn 0.024124 -0.927431 0.373217
vn 0.294717 -0.384291 0.874907
vn 0.141098 -0.924256 0.354743
vn 0.141098 -0.924256 0.354743
vn 0.551750 -0.376784 0.744047
vn 0.246636 -0.921175 0.301010
vn 0.246636 -0.921175 0.301010
vn 0.755765 -0.370239 0.540132
vn 0.330404 -0.918489 0.217281
vn 0.330404 -0.918489 0.217281
vn 0.886790 -0.365301 0.283122
vn 0.384204 -0.916460 0.111754
vn 0.384204 -0.916460 0.111754
vn 0.932003 -0.362446 -0.001822
vn 0.402769 -0.915287 -0.005244
vn 0.402768 -0.915287 -0.005244
vn 0.008798 0.329307 -0.944182
vn -0.001099 0.606892 -0.794783
vn 0.000000 0.604917 -0.796288
vn 0.000003 0.326543 -0.945182
vn 0.018950 0.014602 -0.999714
vn 0.000004 0.010384 -0.999946
vn 0.027461 -0.303097 -0.952564
vn -0.000001 -0.309266 -0.950976
vn 0.032989 -0.588274 -0.807989
vn -0.000011 -0.595239 -0.803549
vn 0.035429 -0.811090 -0.583847
vn -0.000012 -0.816343 -0.577568
vn 0.031502 -0.952129 -0.304070
vn -0.000001 -0.953917 -0.300070
vn 0.040233 -0.999188 0.002253
vn 0.000003 -1.000000 0.000546
vn 0.035863 -0.951302 0.306167
vn -0.000000 -0.953719 0.300699
vn 0.035531 -0.810305 0.584930
vn -0.000006 -0.816395 0.577494
vn 0.033064 -0.587594 0.808480
vn -0.000005 -0.595740 0.803178
vn 0.026998 -0.304576 0.952105
vn -0.000001 -0.311037 0.950398
vn 0.019399 0.013337 0.999723
vn 0.000004 0.009053 0.999959
vn 0.008798 0.329308 0.944182
vn 0.000003 0.326544 0.945182
vn -0.001099 0.606892 0.794784
vn 0.000000 0.604916 0.796289
vn -0.009090 0.820837 0.571090
vn -0.000001 0.819649 0.572866
vn -0.014163 0.954540 0.297747
vn -0.000000 0.954245 0.299026
vn -0.015888 0.999874 -0.000000
vn 0.000000 1.000000 -0.000000
vn -0.014163 0.954539 -0.297748
vn -0.000000 0.954245 -0.299027
vn -0.009090 0.820837 -0.571090
vn -0.000001 0.819649 -0.572866
vn -0.056861 0.592381 0.803649
vn -0.030551 0.313915 0.948959
vn -0.076660 0.810405 0.580833
vn -0.088848 0.948491 0.304091
vn -0.092951 0.995671 0.000000
vn -0.088848 0.948490 -0.304092
vn -0.076660 0.810405 -0.580833
vn -0.056861 0.592382 -0.803648
vn -0.030550 0.313915 -0.948960
vn 0.000261 0.002637 -0.999996
vn 0.032612 -0.308806 -0.950566
vn 0.062933 -0.587897 -0.806484
vn 0.087646 -0.807046 -0.583948
vn 0.104913 -0.946610 -0.304834
vn 0.112798 -0.993617 0.001665
vn 0.108157 -0.945817 0.306159
vn 0.091312 -0.806704 0.583858
vn 0.065347 -0.587822 0.806347
vn 0.033461 -0.308219 0.950727
vn 0.000263 0.003702 0.999993
vn -0.113959 0.584167 0.803594
vn -0.057109 0.314044 0.947689
vn -0.160151 0.797046 0.582297
vn -0.190761 0.932922 0.305395
vn -0.202532 0.979276 -0.000597
vn -0.194247 0.931813 -0.306582
vn -0.166869 0.794847 -0.583415
vn -0.123413 0.581008 -0.804487
vn -0.068569 0.310263 -0.948175
vn -0.008114 0.008309 -0.999933
vn 0.051813 -0.295632 -0.953896
vn 0.105441 -0.571544 -0.813769
vn 0.147966 -0.791661 -0.592772
vn 0.175874 -0.933499 -0.312488
vn 0.186981 -0.982363 -0.000717
vn 0.180344 -0.933029 0.311341
vn 0.156266 -0.790431 0.592283
vn 0.116463 -0.569270 0.813860
vn 0.064237 -0.292361 0.954148
vn 0.004406 0.012149 0.999916
vn -0.198446 0.558254 0.805588
vn -0.105881 0.297916 0.948702
vn -0.271733 0.764310 0.584800
vn -0.318746 0.896473 0.307794
vn -0.335016 0.942212 0.001254
vn -0.318998 0.897196 -0.305416
vn -0.272203 0.765659 -0.582814
vn -0.199052 0.559983 -0.804237
vn -0.106477 0.299607 -0.948103
vn -0.003318 0.009340 -0.999951
vn 0.100445 -0.282774 -0.953913
vn 0.194595 -0.547970 -0.813549
vn 0.269669 -0.759536 -0.591933
vn 0.317978 -0.895719 -0.310769
vn 0.334531 -0.942383 0.001649
vn 0.317677 -0.894840 0.313596
vn 0.269267 -0.758353 0.593630
vn 0.194354 -0.547242 0.814096
vn 0.100530 -0.282984 0.953842
vn -0.002910 0.008197 0.999962
vn -0.328997 0.514347 0.791965
vn -0.178924 0.284498 0.941832
vn -0.447653 0.689938 0.568851
vn -0.522795 0.799312 0.296286
vn -0.548132 0.836391 -0.000907
vn -0.521774 0.799256 -0.298231
vn -0.445645 0.689461 -0.571002
vn -0.326244 0.512988 -0.793982
vn -0.176084 0.282094 -0.943089
vn -0.014011 0.016216 -0.999770
vn 0.137511 -0.259663 -0.955859
vn 0.258330 -0.518049 -0.815409
vn 0.337688 -0.730747 -0.593275
vn 0.378316 -0.871166 -0.312964
vn 0.393924 -0.919136 -0.003621
vn 0.386732 -0.868656 0.309637
vn 0.342884 -0.729046 0.592387
vn 0.260156 -0.516590 0.815753
vn 0.137455 -0.256916 0.956609
vn -0.015913 0.019250 0.999688
vn -0.789550 -0.212320 0.575788
vn -0.928914 -0.214368 0.301936
vn -0.928914 -0.214368 0.301936
vn -0.789550 -0.212320 0.575788
vn -0.572417 -0.207906 0.793167
vn -0.572417 -0.207906 0.793167
vn -0.298769 -0.201555 0.932798
vn -0.298768 -0.201555 0.932799
vn 0.004607 -0.193887 0.981013
vn 0.004608 -0.193887 0.981013
vn 0.308015 -0.185654 0.933091
vn 0.308014 -0.185654 0.933092
vn 0.581756 -0.177661 0.793724
vn 0.581755 -0.177661 0.793724
vn 0.799031 -0.170691 0.576554
vn 0.799031 -0.170691 0.576554
vn 0.938575 -0.165428 0.302838
vn 0.938575 -0.165428 0.302838
vn 0.986727 -0.162387 -0.000630
vn 0.986727 -0.162387 -0.000630
vn 0.938774 -0.161862 -0.304144
vn 0.938774 -0.161862 -0.304143
vn 0.799410 -0.163911 -0.577994
vn 0.799410 -0.163911 -0.577995
vn 0.582275 -0.168329 -0.795375
vn 0.582275 -0.168329 -0.795375
vn 0.308629 -0.174679 -0.935005
vn 0.308629 -0.174679 -0.935005
vn 0.005254 -0.182346 -0.983221
vn 0.005254 -0.182346 -0.983221
vn -0.298156 -0.190582 -0.935298
vn -0.298155 -0.190582 -0.935298
vn -0.571895 -0.198574 -0.795930
vn -0.571895 -0.198574 -0.795930
vn -0.789170 -0.205541 -0.578760
vn -0.789170 -0.205541 -0.578760
vn -0.928714 -0.210806 -0.305044
vn -0.928714 -0.210806 -0.305045
vn -0.976866 -0.213847 -0.001579
vn -0.976866 -0.213847 -0.001579
vn -0.024276 0.019437 -0.999516
vn 0.200205 -0.213752 -0.956153
vn 0.388032 -0.429146 -0.815638
vn 0.515112 -0.613365 -0.598701
vn 0.573101 -0.754778 -0.319163
vn 0.604573 -0.796547 -0.001966
vn 0.611958 -0.717691 0.332306
vn 0.532304 -0.593732 0.603436
vn 0.400055 -0.423499 0.812776
vn 0.210731 -0.212888 0.954081
vn -0.015839 0.017723 0.999717
vn -0.246191 0.243273 0.938194
vn -0.447392 0.436561 0.780548
vn -0.597834 0.579616 0.553751
vn -0.688915 0.665765 0.286623
vn -0.719424 0.694569 0.001943
vn -0.689774 0.666536 -0.282740
vn -0.599852 0.581145 -0.549953
vn -0.451110 0.438755 -0.777171
vn -0.252170 0.245741 -0.935960
vn -0.795770 0.565035 -0.217911
vn -0.795804 0.565038 -0.217780
vn -0.708956 0.558594 -0.430528
vn -0.708830 0.558584 -0.430747
vn -0.559082 0.552613 -0.618099
vn -0.558842 0.552605 -0.618322
vn -0.350388 0.552058 -0.756611
vn -0.350074 0.552060 -0.756755
vn -0.237896 0.548765 -0.801413
vn -0.237896 0.548765 -0.801413
vn 0.024418 0.559516 -0.828460
vn 0.024418 0.559516 -0.828459
vn 0.163919 0.573396 -0.802712
vn 0.164162 0.573411 -0.802653
vn 0.286434 0.575936 -0.765672
vn 0.286433 0.575936 -0.765672
vn 0.516255 0.593635 -0.617315
vn 0.516255 0.593635 -0.617315
vn 0.609864 0.606864 -0.509688
vn 0.609931 0.606870 -0.509601
vn 0.739328 0.617682 -0.268073
vn 0.739344 0.617683 -0.268024
vn 0.784197 0.620503 0.003386
vn 0.784197 0.620503 0.003386
vn 0.739506 0.614493 0.274825
vn 0.739523 0.614495 0.274776
vn 0.610201 0.600838 0.516380
vn 0.610268 0.600845 0.516293
vn 0.410827 0.582547 0.701327
vn 0.410976 0.582559 0.701230
vn 0.164448 0.563928 0.809285
vn 0.164692 0.563943 0.809225
vn -0.099628 0.549616 0.829456
vn -0.099316 0.549627 0.829486
vn -0.349888 0.543131 0.763274
vn -0.349574 0.543131 0.763418
vn -0.558672 0.545314 0.624915
vn -0.558432 0.545304 0.625138
vn -0.708669 0.553497 0.437526
vn -0.708543 0.553486 0.437745
vn -0.795658 0.562438 0.224926
vn -0.795624 0.562433 0.225058
vn -0.823710 0.567000 0.003601
vn -0.823710 0.567000 0.003601
vn 0.000000 0.000000 0.000000
vn 0.000000 0.000000 0.000000
vn 0.000000 0.000000 0.000000
vn 0.000000 0.000000 0.000000
vn 0.000000 0.000000 0.000000
vn 0.000000 0.000000 0.000000
vn 0.000000 0.000000 0.000000
vn 0.000000 0.000000 0.000000
vn 0.000000 0.000000 0.000000
vn 0.000000 0.000000 0.000000
vn 0.000000 0.000000 0.000000
vn 0.000000 0.000000 0.000000
vn 0.000000 0.000000 0.000000
vn 0.000000 0.000000 0.000000
vn 0.000000 0.000000 0.000000
vn 0.000000 0.000000 0.000000
vn 0.000000 0.000000 0.000000
vn 0.000000 0.000000 0.000000
vn 0.000000 0.000000 0.000000
vn 0.000000 0.000000 0.000000
vn 0.000000 0.000000 0.000000
vn 0.000000 0.000000 0.000000
vn 0.000000 0.000000 0.000000
vn 0.000000 0.000000 0.000000
vn 0.000000 0.000000 0.000000
vn 0.000000 0.000000 0.000000
vn 0.000000 0.000000 0.000000
vn 0.000000 0.000000 0.000000
vn 0.000000 0.000000 0.000000
vn 0.000000 0.000000 0.000000
vn 0.000000 0.000000 0.000000
vn 0.000000 0.000000 0.000000
vn 0.000000 0.000000 0.000000
vn 0.000000 0.000000 0.000000
vn 0.000000 0.000000 0.000000
vn 0.000000 0.000000 0.000000
vn 0.000000 0.000000 0.000000
vn 0.000000 0.000000 0.000000
vn 0.000000 0.000000 0.000000
vn 0.000000 0.000000 0.000000
vn 0.000000 0.000000 0.000000
vn 0.000000 0.000000 0.000000
vn 0.000000 0.000000 0.000000
vn 0.000000 0.000000 0.000000
vn 0.000000 0.000000 0.000000
vn 0.000000 0.000000 0.000000
vn 0.000000 0.000000 0.000000
vn 0.000000 0.000000 0.000000
vn 0.000000 0.000000 0.000000
vn 0.000000 0.000000 0.000000
vn 0.000000 0.000000 0.000000
vn 0.000000 0.000000 0.000000
vn 0.000000 0.000000 0.000000
vn 0.000000 0.000000 0.000000
vn 0.000000 0.000000 0.000000
vn 0.000000 0.000000 0.000000
vn 0.000000 0.000000 0.000000
vn 0.000000 0.000000 0.000000
vn 0.000000 0.000000 0.000000
vn 0.000000 0.000000 0.000000
vn 0.000000 -0.000000 -0.000000
vn 0.000000 -0.000000 -0.000000
vn 0.866160 -0.307939 -0.393625
vn 0.866160 -0.307939 -0.393625
vn 0.933788 -0.331984 -0.133513
vn 0.933788 -0.331984 -0.133513
vn 0.000000 -0.000000 -0.000000
vn 0.000000 -0.000000 -0.000000
vn 0.000000 0.000000 0.000000
vn 0.000000 0.000000 0.000000
vn 0.000000 0.000000 0.000000
vn 0.000000 0.000000 0.000000
vn 0.000000 0.000000 0.000000
vn 0.000000 0.000000 0.000000
vn 0.000000 0.000000 0.000000
vn 0.000000 0.000000 0.000000
vn 0.000000 0.000000 0.000000
vn 0.000000 0.000000 0.000000
vn 0.000000 0.000000 0.000000
vn 0.000000 0.000000 0.000000
vn 0.000000 0.000000 0.000000
vn 0.000000 0.000000 0.000000
vn 0.000000 0.000000 0.000000
vn 0.000000 0.000000 0.000000
vn 0.000000 0.000000 0.000000
vn 0.000000 0.000000 0.000000
vn 0.000000 0.000000 0.000000
vn 0.000000 0.000000 0.000000
vn -0.236411 0.971636 0.005786
vn -0.236411 0.971636 0.005786
vn -0.236410 0.971636 0.005785
vn -0.236410 0.971636 0.005785
vn -0.236408 0.971637 0.005785
vn -0.236408 0.971637 0.005785
vn -0.236409 0.971637 0.005786
vn -0.236408 0.971637 0.005786
vn -0.236410 0.971636 0.005787
vn -0.236410 0.971636 0.005787
vn -0.236410 0.971636 0.005786
vn -0.236410 0.971636 0.005786
vn -0.236411 0.971636 0.005784
vn -0.236411 0.971636 0.005784
vn -0.236412 0.971636 0.005787
vn -0.236412 0.971636 0.005787
vn -0.236413 0.971635 0.005786
vn -0.236413 0.971635 0.005786
vn -0.236413 0.971636 0.005785
vn -0.236413 0.971636 0.005785
vn -0.236414 0.971635 0.005785
vn -0.236414 0.971635 0.005785
vn -0.236413 0.971636 0.005785
vn -0.236413 0.971636 0.005785
vn -0.236409 0.971636 0.005788
vn -0.236409 0.971637 0.005788
vn -0.236409 0.971637 0.005787
vn -0.236409 0.971636 0.005787
vn -0.236410 0.971636 0.005787
vn -0.236410 0.971636 0.005787
vn -0.236409 0.971636 0.005786
vn -0.236409 0.971636 0.005786
vn -0.236410 0.971636 0.005785
vn -0.236410 0.971636 0.005785
vn -0.247129 0.968850 -0.016010
vn -0.247328 0.968793 -0.016416
vn -0.243535 0.969857 0.008222
vn -0.243569 0.969850 0.008114
vn -0.232582 0.972110 0.030133
vn -0.232500 0.972113 0.030648
vn -0.725734 -0.613154 -0.312013
vn -0.734802 -0.605552 -0.305570
vn -0.635283 -0.505330 -0.584002
vn -0.638033 -0.486586 -0.596781
vn -0.464602 -0.355730 -0.810926
vn -0.468107 -0.318635 -0.824225
vn -0.237115 -0.168331 -0.956787
vn -0.231692 -0.137510 -0.963021
vn 0.020024 0.036546 -0.999131
vn 0.037856 0.038226 -0.998552
vn 0.272585 0.233170 -0.933450
vn 0.304795 0.195504 -0.932136
vn 0.490056 0.399160 -0.774930
vn 0.538890 0.324645 -0.777306
vn 0.653057 0.521145 -0.549476
vn 0.718670 0.419226 -0.554764
vn 0.752969 0.593921 -0.283365
vn 0.831245 0.475733 -0.287595
vn 0.787338 0.616521 0.001364
vn 0.870227 0.492648 0.001527
vn 0.755843 0.588963 0.286049
vn 0.833640 0.469570 0.290772
vn 0.658805 0.511133 0.552014
vn 0.723101 0.406892 0.558179
vn 0.498623 0.383937 0.777153
vn 0.544729 0.306212 0.780708
vn 0.283820 0.212638 0.935003
vn 0.311358 0.171322 0.934722
vn 0.033736 0.010964 0.999371
vn 0.044743 0.009243 0.998956
vn -0.221030 -0.197900 0.954977
vn -0.224307 -0.169317 0.959697
vn -0.446473 -0.386921 0.806817
vn -0.459642 -0.349794 0.816317
vn -0.615099 -0.522538 0.590429
vn -0.624797 -0.501601 0.598353
vn -0.735734 -0.605429 0.303565
vn -0.728897 -0.612788 0.305286
vn -0.771218 -0.636157 -0.022954
vn -0.753088 -0.657217 -0.030421
vn -0.948142 -0.073808 -0.309160
vn -0.949568 -0.013959 -0.313249
vn -0.803628 -0.011247 -0.595026
vn -0.805695 -0.070166 -0.588160
vn -0.577119 -0.007158 -0.816629
vn -0.583386 -0.064895 -0.809598
vn -0.293488 -0.001167 -0.955962
vn -0.303024 -0.057772 -0.951230
vn 0.018065 0.006568 -0.999815
vn 0.007339 -0.049102 -0.998767
vn 0.326068 0.015173 -0.945224
vn 0.316490 -0.039776 -0.947762
vn 0.600442 0.023347 -0.799328
vn 0.593722 -0.031061 -0.804070
vn 0.815595 0.029747 -0.577858
vn 0.812270 -0.024282 -0.582775
vn 0.952463 0.033283 -0.302832
vn 0.951805 -0.020523 -0.306015
vn 0.999445 0.033313 -0.000133
vn 0.999791 -0.020430 -0.000448
vn 0.952662 0.029726 0.302575
vn 0.952007 -0.024114 0.305126
vn 0.815975 0.022959 0.577631
vn 0.812653 -0.031125 0.581915
vn 0.600967 0.013958 0.799152
vn 0.594250 -0.040503 0.803260
vn 0.326690 0.004069 0.945123
vn 0.317113 -0.050905 0.947021
vn 0.018723 -0.005178 0.999811
vn 0.007996 -0.060831 0.998116
vn -0.292859 -0.012398 0.956075
vn -0.302400 -0.068944 0.950685
vn -0.576582 -0.016754 0.816868
vn -0.582854 -0.074404 0.809163
vn -0.803236 -0.018240 0.595382
vn -0.805308 -0.077074 0.587826
vn -0.949362 -0.017642 0.313688
vn -0.947938 -0.077440 0.308895
vn -0.999872 -0.016015 0.000235
vn -0.997092 -0.076207 -0.000119
vn 0.250975 -0.948228 0.194614
vn -0.026199 -0.999640 -0.005863
vn 0.299322 -0.948938 0.099612
vn 0.175653 -0.946697 0.270021
vn 0.080722 -0.944493 0.318460
vn -0.024520 -0.941832 0.335188
vn -0.129770 -0.938976 0.318564
vn -0.224733 -0.936205 0.270214
vn -0.300108 -0.933787 0.194877
vn -0.348516 -0.931961 0.099925
vn -0.365220 -0.930906 -0.005348
vn -0.348585 -0.930725 -0.110636
vn -0.300240 -0.931434 -0.205637
vn -0.224915 -0.932966 -0.281047
vn -0.129986 -0.935170 -0.329486
vn -0.024742 -0.937830 -0.346211
vn 0.080511 -0.940686 -0.329588
vn 0.175470 -0.943458 -0.281242
vn 0.250842 -0.945876 -0.205905
vn 0.299252 -0.947702 -0.110949
vn 0.315957 -0.948756 -0.005676
vn -0.756122 -0.363873 -0.543945
vn -0.886978 -0.361952 -0.286810
vn -0.384280 -0.915085 -0.122260
vn -0.330551 -0.915874 -0.227841
vn -0.330551 -0.915874 -0.227841
vn -0.384280 -0.915086 -0.122260
vn -0.552240 -0.368022 -0.748059
vn -0.246839 -0.917576 -0.311648
vn -0.246839 -0.917576 -0.311649
vn -0.295294 -0.373986 -0.879168
vn -0.141336 -0.920026 -0.365480
vn -0.141336 -0.920026 -0.365480
vn -0.010435 -0.381188 -0.924439
vn -0.024373 -0.922983 -0.384069
vn -0.024373 -0.922983 -0.384068
vn 0.274453 -0.388919 -0.879441
vn 0.092602 -0.926157 -0.365593
vn 0.092602 -0.926157 -0.365593
vn 0.531484 -0.396422 -0.748582
vn 0.198139 -0.929238 -0.311861
vn 0.198139 -0.929238 -0.311861
vn 0.735499 -0.402964 -0.544666
vn 0.281909 -0.931924 -0.228135
vn 0.281909 -0.931924 -0.228135
vn 0.866526 -0.407906 -0.287657
vn 0.335709 -0.933952 -0.122609
vn 0.335709 -0.933952 -0.122609
vn 0.911739 -0.410761 -0.002711
vn 0.354274 -0.935125 -0.005609
vn 0.354274 -0.935125 -0.005609
vn 0.866712 -0.411256 0.282275
vn 0.335786 -0.935327 0.111409
vn 0.335786 -0.935327 0.111409
vn 0.735853 -0.409336 0.539411
vn 0.282055 -0.934538 0.216988
vn 0.282055 -0.934538 0.216988
vn 0.531975 -0.405187 0.743523
vn 0.198343 -0.932835 0.300797
vn 0.198342 -0.932835 0.300797
vn 0.275029 -0.399221 0.874632
vn 0.092841 -0.930386 0.354629
vn 0.092840 -0.930386 0.354629
vn -0.009830 -0.392020 0.919904
vn -0.024124 -0.927431 0.373216
vn -0.024123 -0.927431 0.373216
vn -0.294716 -0.384291 0.874907
vn -0.141099 -0.924256 0.354742
vn -0.141099 -0.924256 0.354742
vn -0.551749 -0.376786 0.744047
vn -0.246638 -0.921174 0.301012
vn -0.246638 -0.921174 0.301012
vn -0.755764 -0.370242 0.540132
vn -0.330408 -0.918487 0.217284
vn -0.330408 -0.918487 0.217284
vn -0.886789 -0.365303 0.283123
vn -0.384208 -0.916458 0.111756
vn -0.384208 -0.916458 0.111756
vn -0.932002 -0.362448 -0.001823
vn -0.402770 -0.915286 -0.005243
vn -0.402770 -0.915286 -0.005243
vn -0.008261 0.330427 -0.943795
vn 0.001034 0.607693 -0.794171
vn -0.017752 0.015830 -0.999717
vn -0.025654 -0.302028 -0.952954
vn -0.030734 -0.587556 -0.808600
vn -0.032936 -0.810767 -0.584442
vn -0.033326 -0.951523 -0.305766
vn -0.033253 -0.999447 0.000002
vn -0.033326 -0.951523 0.305765
vn -0.032937 -0.810766 0.584443
vn -0.030734 -0.587554 0.808601
vn -0.025654 -0.302029 0.952954
vn -0.017752 0.015831 0.999717
vn -0.008262 0.330428 0.943795
vn 0.001033 0.607692 0.794172
vn 0.008559 0.821254 0.570498
vn 0.013344 0.954662 0.297391
vn 0.014972 0.999888 -0.000000
vn 0.013344 0.954662 -0.297392
vn 0.008559 0.821254 -0.570498
vn 0.056861 0.592381 0.803649
vn 0.030550 0.313915 0.948959
vn 0.076660 0.810406 0.580832
vn 0.088847 0.948491 0.304091
vn 0.092950 0.995671 0.000000
vn 0.088847 0.948490 -0.304092
vn 0.076660 0.810406 -0.580832
vn 0.056861 0.592382 -0.803648
vn 0.030550 0.313914 -0.948960
vn -0.000261 0.002637 -0.999996
vn -0.032612 -0.308806 -0.950566
vn -0.062933 -0.587898 -0.806483
vn -0.087645 -0.807046 -0.583948
vn -0.103772 -0.946310 -0.306151
vn -0.109371 -0.994001 0.000002
vn -0.103772 -0.946310 0.306150
vn -0.087645 -0.807046 0.583947
vn -0.062932 -0.587896 0.806485
vn -0.032612 -0.308806 0.950566
vn -0.000261 0.002637 0.999996
vn 0.113959 0.584167 0.803593
vn 0.057109 0.314045 0.947689
vn 0.160150 0.797046 0.582297
vn 0.190761 0.932922 0.305397
vn 0.202532 0.979276 -0.000597
vn 0.194247 0.931813 -0.306584
vn 0.166869 0.794847 -0.583415
vn 0.123413 0.581008 -0.804487
vn 0.068569 0.310263 -0.948175
vn 0.008114 0.008309 -0.999933
vn -0.051813 -0.295633 -0.953896
vn -0.105442 -0.571544 -0.813769
vn -0.147967 -0.791660 -0.592773
vn -0.175874 -0.933498 -0.312490
vn -0.186981 -0.982363 -0.000717
vn -0.180344 -0.933029 0.311341
vn -0.156267 -0.790431 0.592283
vn -0.116463 -0.569270 0.813860
vn -0.064237 -0.292360 0.954148
vn -0.004406 0.012150 0.999916
vn 0.198446 0.558255 0.805587
vn 0.105881 0.297916 0.948702
vn 0.271732 0.764310 0.584801
vn 0.318746 0.896473 0.307795
vn 0.335016 0.942212 0.001253
vn 0.318998 0.897196 -0.305417
vn 0.272203 0.765658 -0.582814
vn 0.199052 0.559984 -0.804237
vn 0.106477 0.299607 -0.948103
vn 0.003319 0.009340 -0.999951
vn -0.100445 -0.282774 -0.953913
vn -0.194596 -0.547970 -0.813549
vn -0.269669 -0.759535 -0.591933
vn -0.317977 -0.895719 -0.310769
vn -0.334530 -0.942384 0.001650
vn -0.317677 -0.894840 0.313596
vn -0.269267 -0.758353 0.593630
vn -0.194354 -0.547241 0.814097
vn -0.100530 -0.282983 0.953842
vn 0.002910 0.008197 0.999962
vn 0.328999 0.514347 0.791964
vn 0.178925 0.284498 0.941832
vn 0.447654 0.689939 0.568850
vn 0.522795 0.799312 0.296286
vn 0.548133 0.836391 -0.000908
vn 0.521775 0.799255 -0.298231
vn 0.445646 0.689462 -0.571001
vn 0.326245 0.512988 -0.793982
vn 0.176085 0.282094 -0.943089
vn 0.014011 0.016216 -0.999770
vn -0.137511 -0.259662 -0.955859
vn -0.258330 -0.518049 -0.815409
vn -0.337687 -0.730747 -0.593276
vn -0.378317 -0.871166 -0.312964
vn -0.393925 -0.919136 -0.003620
vn -0.386733 -0.868655 0.309638
vn -0.342884 -0.729045 0.592388
vn -0.260156 -0.516589 0.815754
vn -0.137455 -0.256915 0.956609
vn 0.015913 0.019250 0.999688
vn 0.789548 -0.212323 0.575789
vn 0.789548 -0.212323 0.575788
vn 0.928913 -0.214373 0.301935
vn 0.928913 -0.214373 0.301935
vn 0.572417 -0.207906 0.793167
vn 0.572417 -0.207906 0.793167
vn 0.298769 -0.201554 0.932798
vn 0.298769 -0.201554 0.932799
vn -0.004607 -0.193887 0.981013
vn -0.004608 -0.193887 0.981013
vn -0.308015 -0.185654 0.933091
vn -0.308014 -0.185654 0.933092
vn -0.581755 -0.177662 0.793724
vn -0.581755 -0.177662 0.793724
vn -0.799031 -0.170695 0.576553
vn -0.799030 -0.170695 0.576553
vn -0.938574 -0.165432 0.302838
vn -0.938574 -0.165432 0.302838
vn -0.986727 -0.162390 -0.000630
vn -0.986726 -0.162390 -0.000630
vn -0.938774 -0.161865 -0.304143
vn -0.938774 -0.161865 -0.304143
vn -0.799410 -0.163909 -0.577994
vn -0.799410 -0.163909 -0.577994
vn -0.582275 -0.168327 -0.795375
vn -0.582275 -0.168327 -0.795375
vn -0.308629 -0.174678 -0.935006
vn -0.308629 -0.174678 -0.935006
vn -0.005254 -0.182345 -0.983221
vn -0.005254 -0.182345 -0.983221
vn 0.298155 -0.190582 -0.935298
vn 0.298153 -0.190582 -0.935299
vn 0.571894 -0.198577 -0.795930
vn 0.571893 -0.198577 -0.795931
vn 0.789170 -0.205544 -0.578759
vn 0.789170 -0.205544 -0.578759
vn 0.928714 -0.210807 -0.305042
vn 0.928714 -0.210807 -0.305042
vn 0.976865 -0.213851 -0.001580
vn 0.976865 -0.213851 -0.001580
vn -0.200206 -0.213752 -0.956153
vn 0.024276 0.019437 -0.999516
vn -0.388033 -0.429146 -0.815637
vn -0.515111 -0.613365 -0.598702
vn -0.573103 -0.754777 -0.319164
vn -0.604577 -0.796544 -0.001964
vn -0.611962 -0.717687 0.332307
vn -0.532306 -0.593731 0.603436
vn -0.400056 -0.423499 0.812775
vn -0.210731 -0.212887 0.954082
vn 0.015840 0.017723 0.999717
vn 0.246192 0.243273 0.938194
vn 0.447392 0.436561 0.780548
vn 0.597834 0.579616 0.553751
vn 0.688915 0.665765 0.286623
vn 0.719424 0.694568 0.001942
vn 0.689774 0.666535 -0.282740
vn 0.599852 0.581145 -0.549952
vn 0.451110 0.438755 -0.777170
vn 0.252170 0.245741 -0.935960
vn -0.000000 1.000000 0.000000
vn -0.000000 1.000000 0.000000
vn -0.000000 1.000000 0.000000
vn -0.000000 1.000000 -0.000000
vn -0.000001 1.000000 -0.000000
vn -0.000001 1.000000 -0.000000
vn 0.000000 -1.000000 -0.000000
vn 0.000000 -1.000000 -0.000000
vn 0.000000 -1.000000 -0.000000
vn 0.000000 -1.000000 -0.000000
vn 0.000000 -1.000000 -0.000000
vn 0.000000 -1.000000 -0.000000
vn 0.000000 1.000000 0.000000
vn 0.000000 1.000000 -0.000000
vn 0.000000 1.000000 -0.000000
vn 0.000000 1.000000 0.000000
vn -0.000000 0.795502 -0.605952
vn -0.000000 0.795480 -0.605980
vn 0.000000 0.795480 -0.605980
vn -0.000000 0.795503 -0.605950
vn 0.000000 0.000000 -1.000000
vn -0.000000 0.477665 -0.878542
vn 0.000000 0.477534 -0.878614
vn 0.000000 0.000000 -1.000000
vn 0.000000 -1.000000 -0.000000
vn 0.000000 -1.000000 0.000000
vn 0.000000 -1.000000 -0.000000
vn 0.000000 -1.000000 0.000000
vn 0.000000 0.000000 1.000000
vn 0.000000 0.000000 1.000000
vn 0.000000 0.000000 1.000000
vn 0.000000 0.000000 1.000000
vn -0.000418 0.003370 0.999994
vn 0.000220 0.001311 0.999999
vn -0.000547 0.001224 0.999999
vn -0.001496 0.003347 0.999993
vn 0.000000 0.000000 1.000000
vn 0.000000 0.000000 1.000000
vn 0.000000 0.000000 1.000000
vn 0.000000 0.000000 1.000000
vn -0.000000 0.795468 -0.605996
vn 0.000000 0.795467 -0.605997
vn -0.000000 0.795480 -0.605980
vn -0.000000 0.795480 -0.605980
vn 0.000000 0.795480 -0.605980
vn 0.000000 0.795480 -0.605980
vn -0.000010 0.798577 -0.601893
vn -0.000015 0.800276 -0.599632
vn -0.000010 0.798570 -0.601902
vn 0.000000 0.795480 -0.605980
vn 0.000000 0.795480 -0.605980
vn -0.000000 0.795480 -0.605980
vn 0.000000 0.795480 -0.605980
vn 0.000003 0.794510 -0.607251
vn 0.000000 0.795480 -0.605980
vn 0.000000 0.795480 -0.605980
vn -0.000000 0.795480 -0.605980
vn 0.000000 0.795480 -0.605980
vn 0.000004 0.794039 -0.607866
vn 0.000003 0.794512 -0.607248
vn -0.000000 0.795480 -0.605980
vn 0.000000 0.795480 -0.605980
vn -0.000000 0.795480 -0.605980
vn 0.000000 0.795480 -0.605980
vn -0.600945 0.782705 -0.161981
vn -0.600798 0.782863 -0.161764
vn -0.347090 0.937169 0.035249
vn -0.346904 0.937235 0.035330
vn -0.700682 0.566464 -0.433777
vn -0.700683 0.566486 -0.433749
vn -0.599488 0.362479 -0.713598
vn -0.599427 0.362410 -0.713685
vn -0.001356 0.992357 0.123390
vn -0.001356 0.992357 0.123390
vn 0.345338 0.937789 0.035970
vn 0.345151 0.937855 0.036050
vn -0.367131 0.215866 -0.904774
vn -0.367193 0.215889 -0.904744
vn 0.001324 0.152677 -0.988275
vn 0.001324 0.152677 -0.988275
vn 0.368830 0.216448 -0.903944
vn 0.368892 0.216470 -0.903913
vn 0.599597 0.784177 -0.159844
vn 0.599744 0.784020 -0.160061
vn 0.700682 0.568487 -0.431124
vn 0.700682 0.568466 -0.431152
vn 0.600644 0.363920 -0.711891
vn 0.600705 0.363991 -0.711804
vn -0.001280 0.795291 -0.606227
vn -0.001822 0.794836 -0.606822
vn -0.001822 0.794836 -0.606822
vn 0.000002 0.794839 -0.606820
vn 0.000001 0.795293 -0.606225
vn -0.000745 0.795740 -0.605639
vn -0.000745 0.795740 -0.605639
vn -0.000001 0.795740 -0.605638
vn 0.001827 0.794840 -0.606817
vn 0.001827 0.794840 -0.606817
vn 0.001281 0.795294 -0.606222
vn 0.000743 0.795741 -0.605637
vn 0.000743 0.795741 -0.605637
vn -0.999996 -0.002404 -0.001154
vn -0.981394 0.115238 0.153576
vn -0.981394 0.115238 0.153576
vn -0.999996 -0.002450 -0.001216
vn -0.723580 0.417802 0.549430
vn -0.723580 0.417802 0.549430
vn -0.723580 0.417802 0.549430
vn -0.723580 0.417802 0.549430
vn -0.186275 0.596065 0.781031
vn -0.001899 0.606682 0.794943
vn -0.001898 0.606682 0.794943
vn -0.186274 0.596065 0.781031
vn -0.721748 -0.419624 -0.550450
vn -0.721748 -0.419624 -0.550450
vn -0.721748 -0.419624 -0.550450
vn -0.721748 -0.419625 -0.550450
vn -0.980410 -0.120141 -0.156086
vn -0.980410 -0.120141 -0.156086
vn -0.262250 -0.584520 -0.767829
vn -0.262250 -0.584520 -0.767829
vn -0.262250 -0.584520 -0.767829
vn -0.262250 -0.584520 -0.767829
vn 0.182660 0.596476 0.781570
vn 0.182660 0.596476 0.781570
vn 0.721748 0.418961 0.550956
vn 0.721748 0.418961 0.550956
vn 0.721748 0.418961 0.550956
vn 0.721748 0.418961 0.550956
vn 0.980445 0.118141 0.157388
vn 0.999997 0.000403 0.002531
vn 0.999997 0.000354 0.002466
vn 0.980445 0.118141 0.157388
vn 0.981360 -0.117238 -0.152275
vn 0.981360 -0.117238 -0.152275
vn 0.723580 -0.418463 -0.548927
vn 0.723580 -0.418463 -0.548927
vn 0.723580 -0.418463 -0.548927
vn 0.723580 -0.418463 -0.548927
vn 0.265666 -0.583953 -0.767086
vn 0.265666 -0.583953 -0.767086
vn 0.265666 -0.583953 -0.767086
vn 0.265666 -0.583953 -0.767086
vn 0.000000 -1.000000 0.000000
vn 0.000000 -1.000000 0.000000
vn 0.000000 -1.000000 -0.000000
vn 0.000000 -1.000000 0.000000
vn -0.748869 0.604931 -0.270655
vn -0.748869 0.604931 -0.270655
vn -0.641361 0.671466 -0.371201
vn -0.705535 0.635170 -0.314291
vn -0.556877 0.707406 -0.435276
vn -0.568034 0.703306 -0.427432
vn 0.737840 0.611773 -0.285177
vn 0.737840 0.611773 -0.285177
vn 0.693499 0.641734 -0.327470
vn 0.630196 0.676626 -0.380829
vn 0.556949 0.707837 -0.434482
vn 0.546742 0.711499 -0.441409
vn -0.723625 0.015322 -0.690023
vn -0.723625 0.015322 -0.690023
vn -0.723625 0.015322 -0.690023
vn -0.723625 0.015322 -0.690024
vn -0.548844 0.710157 -0.440963
vn -0.548844 0.710157 -0.440963
vn -0.548082 0.710484 -0.441383
vn -0.548442 0.710330 -0.441184
vn 0.719336 0.012574 -0.694548
vn 0.719336 0.012574 -0.694548
vn 0.719336 0.012574 -0.694548
vn 0.719336 0.012574 -0.694548
vn 0.539632 0.713973 -0.446138
vn 0.539632 0.713973 -0.446138
vn 0.539082 0.714157 -0.446509
vn 0.538602 0.714317 -0.446833
vn -0.000000 0.795480 -0.605980
vn -0.000000 0.795480 -0.605980
vn 0.000000 0.000000 -1.000000
vn 0.000000 0.000000 -1.000000
vn 0.000000 0.795480 -0.605980
vn 0.000000 0.795480 -0.605980
vn 0.000000 0.000000 -1.000000
vn 0.000000 0.000000 -1.000000
vn -0.000000 0.795480 -0.605980
vn 0.000000 0.795480 -0.605980
vn -0.000000 0.795480 -0.605980
vn 0.000000 0.795480 -0.605980
vn -0.000000 0.795480 -0.605980
vn 0.000000 0.795480 -0.605980
vn 0.000000 1.000000 -0.000000
vn 0.000000 1.000000 -0.000000
vn 0.000000 1.000000 -0.000000
vn 0.000000 1.000000 -0.000000
vn 0.928641 0.297981 -0.220982
vn 0.901148 0.412239 -0.134136
vn 0.901693 0.394888 -0.176109
vn 0.896375 0.337455 -0.287466
vn 0.879900 0.473023 -0.045002
vn 0.903102 0.426220 -0.052377
vn 0.954727 0.294077 0.044891
vn 0.962226 0.262568 0.071968
vn -0.881954 0.382764 -0.275044
vn -0.930992 0.354385 -0.087553
vn -0.924517 0.359122 -0.127672
vn -0.871720 0.380652 -0.308557
vn -0.941821 0.281489 0.183676
vn -0.944313 0.300829 0.133326
vn -0.907126 -0.005358 0.420825
vn -0.935401 0.041034 0.351199
vn 0.946298 0.070888 0.315427
vn 0.955889 0.069554 0.285373
vn 0.915459 -0.034479 0.400931
vn 0.922863 0.026510 0.384214
vn -0.945976 0.039199 0.321857
vn -0.894710 -0.070747 0.441009
vn -0.950745 0.300924 0.074358
vn -0.943071 0.327587 0.057473
vn -0.936028 0.347775 0.053887
vn -0.953004 0.290493 0.086006
vn 0.959759 0.276569 0.048716
vn 0.963089 0.261595 0.063466
vn -0.967549 0.129299 0.217095
vn -0.964021 0.131583 0.230974
vn 0.967294 0.154249 0.201367
vn 0.970450 0.152168 0.187275
vn -0.971463 0.180367 0.154035
vn -0.969719 0.181072 0.163883
vn 0.970397 0.197742 0.138664
vn 0.971940 0.196490 0.129320
vn 0.000000 -1.000000 -0.000000
vn 0.000000 -1.000000 0.000000
vn 0.000000 -1.000000 0.000000
vn 0.000000 -1.000000 0.000000
vn 0.000000 -1.000000 0.000000
vn 0.000000 -1.000000 0.000000
vn 0.000000 1.000000 0.000000
vn 0.000000 1.000000 0.000000
vn 0.000000 1.000000 0.000000
vn 0.000000 1.000000 0.000000
vn 0.000000 1.000000 0.000000
vn 0.000000 1.000000 0.000001
vn -0.838589 0.543403 -0.038483
vn -0.879305 0.473304 -0.052974
vn -0.863851 0.481596 -0.147737
vn -0.874115 0.439280 -0.207261
vn -0.903410 0.342991 -0.257309
vn -0.866181 0.364738 -0.341609
vn 0.935409 0.351798 -0.035321
vn 0.904499 0.368337 -0.214966
vn 0.859840 0.377333 -0.343941
vn -0.934636 0.352512 -0.046805
vn -0.892740 0.364691 -0.264605
vn -0.831652 0.365788 -0.417797
vn 0.939335 0.342140 0.024314
vn 0.914359 0.370726 -0.162820
vn 0.874588 0.385084 -0.294628
vn -0.941064 0.337911 0.014679
vn -0.906659 0.364652 -0.212128
vn -0.850118 0.373164 -0.371548
vn 0.938066 0.290473 0.188832
vn 0.941165 0.308343 0.138327
vn 0.931937 0.360681 -0.037442
vn 0.927751 0.365101 -0.077332
vn 0.898970 0.392583 -0.194245
vn 0.891756 0.391099 -0.227624
vn 0.076755 0.008324 0.997015
vn 0.437505 0.047446 0.897963
vn 0.445995 0.130183 0.885517
vn 0.090469 0.024052 0.995609
vn 0.975136 0.121810 0.185127
vn 0.971872 0.194277 -0.133124
vn 0.941029 0.283365 -0.184846
vn 0.960962 0.235663 0.144967
vn -0.078560 0.041681 0.996038
vn -0.439648 0.212423 0.872689
vn -0.458201 0.219490 0.861322
vn -0.116849 0.057249 0.991498
vn -0.898229 0.424791 0.112859
vn -0.889903 0.413767 -0.192016
vn -0.884268 0.410811 -0.222047
vn -0.900550 0.426398 0.084821
vn -0.077998 0.023381 0.996679
vn -0.065543 0.008158 0.997817
vn 0.132986 0.064063 0.989045
vn 0.096927 0.046918 0.994185
vn 0.000000 0.000000 1.000000
vn 0.105842 0.050503 0.993100
vn 0.000000 0.000000 1.000000
vn 0.100388 0.047336 0.993822
vn 0.902030 0.419986 -0.099771
vn 0.898427 0.417964 -0.134668
vn -0.925655 0.293604 -0.238663
vn -0.962584 0.216944 -0.162379
vn -0.869916 0.403289 -0.283909
vn 0.889017 0.412896 -0.197903
vn -0.858180 0.396135 -0.326504
vn 0.881088 0.407755 -0.239623
vn 0.000000 -1.000000 0.000000
vn 0.000000 -1.000000 0.000000
vn 0.000000 -1.000000 0.000000
vn 0.000000 -1.000000 -0.000000
vn 0.000000 -1.000000 -0.000000
vn 0.000000 -1.000000 -0.000000
vn 0.000000 1.000000 0.000001
vn 0.000000 1.000000 0.000001
vn 0.000000 1.000000 0.000001
vn 0.000000 1.000000 0.000001
vn 0.000000 1.000000 0.000001
vn 0.000000 1.000000 0.000001
vn 0.000000 1.000000 0.000001
vn 0.000000 1.000000 -0.000001
vn 0.000000 1.000000 -0.000001
vn 0.000000 1.000000 -0.000001
vn 0.000000 1.000000 -0.000001
vn 0.000000 1.000000 -0.000001
vn 0.000000 1.000000 -0.000001
vn 0.000000 1.000000 -0.000001
vn 0.455929 0.213336 0.864070
vn 0.901006 0.427369 0.074457
vn -0.973494 0.132127 0.186685
vn -0.955008 0.282339 0.090803
vn -0.440458 0.054821 0.896098
vn -0.457015 0.131761 0.879646
vn -0.903995 0.427534 0.002779
vn -0.478845 0.226572 0.848158
vn -0.476570 0.224676 0.849942
vn 0.458788 0.218834 0.861176
vn 0.899040 0.426761 0.097990
vn -0.478451 0.227698 0.848080
vn -0.475720 0.226469 0.849942
vn -0.903200 0.428048 0.031704
vn 0.888504 0.421034 0.182460
vn 0.892695 0.423450 0.154226
vn 0.418216 0.202442 0.885501
vn 0.437370 0.209954 0.874429
s 1
g pCylinder2
usemtl initialShadingGroup
f 1/121/1 2/120/2 22/126/3 21/127/4
f 2/120/2 3/125/5 23/132/6 22/126/3
f 3/1136/5 4/1135/7 24/1141/8 23/1142/6
f 4/1135/7 5/1140/9 25/1146/10 24/1141/8
s 2
f 60/465/11 61/466/12 45/461/13 44/457/14
f 61/466/12 62/471/15 46/467/16 45/461/13
s 1
f 7/157/17 8/149/18 27/155/19 26/163/20
f 8/149/18 9/148/21 28/154/22 27/155/19
f 9/148/21 10/153/23 29/162/24 28/154/22
f 10/153/23 11/161/25 30/167/26 29/162/24
f 11/161/25 12/166/27 31/171/28 30/167/26
f 12/166/27 13/170/29 32/173/30 31/171/28
f 13/1154/29 14/1153/31 33/1159/32 32/1160/30
f 14/1153/31 15/1158/33 34/1164/34 33/1159/32
f 15/1158/33 16/1163/35 35/1168/36 34/1164/34
f 16/1163/35 17/1167/37 36/1170/38 35/1168/36
f 17/143/37 18/139/39 37/141/40 36/145/38
f 18/139/39 19/135/41 38/137/42 37/141/40
f 19/135/41 20/129/43 39/133/44 38/137/42
f 20/129/43 1/121/1 21/127/4 39/133/44
s off
f 21/4/45 22/5/46 41/23/47 40/22/48
f 22/5/49 23/6/50 42/24/51 41/23/52
f 23/6/53 24/7/54 43/25/55 42/24/56
f 24/7/57 25/8/58 44/26/59 43/25/60
f 26/9/61 27/10/62 47/28/63 46/27/64
f 27/10/65 28/11/66 48/29/67 47/28/68
f 28/11/69 29/12/70 49/30/71 48/29/72
f 29/12/73 30/13/74 50/31/75 49/30/76
f 30/13/77 31/14/78 51/32/79 50/31/80
f 31/14/81 32/15/82 52/33/83 51/32/84
f 32/15/85 33/16/86 53/34/87 52/33/88
f 33/16/89 34/17/90 54/35/91 53/34/92
f 34/17/93 35/18/94 55/36/95 54/35/96
f 35/18/97 36/19/98 56/37/99 55/36/100
f 36/19/101 37/20/102 57/38/103 56/37/104
f 37/85/105 38/86/106 58/87/107 57/88/108
f 38/86/109 39/89/110 59/90/111 58/87/112
f 39/21/113 21/4/114 40/22/115 59/39/116
f 5/3/117 6/2/118 61/41/119 60/40/120
f 25/8/121 5/3/122 60/40/123 44/26/124
f 6/2/125 7/1/126 62/42/127 61/41/128
f 7/1/129 26/9/130 46/27/131 62/42/132
s 4
f 40/445/133 41/446/134 64/447/135 63/448/136
f 41/446/134 42/449/137 65/450/138 64/447/135
f 42/449/137 43/453/139 66/454/140 65/450/138
f 43/453/139 44/457/141 67/458/142 66/454/140
f 44/457/141 45/461/143 68/462/144 67/458/142
f 45/461/143 46/467/145 69/468/146 68/462/144
f 46/467/145 47/472/147 70/473/148 69/468/146
f 47/472/147 48/476/149 71/477/150 70/473/148
f 48/476/149 49/480/151 72/481/152 71/477/150
f 49/480/151 50/484/153 73/485/154 72/481/152
f 50/484/153 51/486/155 74/487/156 73/485/154
f 51/486/155 52/482/157 75/483/158 74/487/156
f 52/482/157 53/478/159 76/479/160 75/483/158
f 53/478/159 54/474/161 77/475/162 76/479/160
f 54/474/161 55/469/163 78/470/164 77/475/162
f 55/469/163 56/463/165 79/464/166 78/470/164
f 56/463/165 57/459/167 80/460/168 79/464/166
f 57/459/167 58/455/169 81/456/170 80/460/168
f 58/455/169 59/451/171 82/452/172 81/456/170
f 59/451/171 40/445/133 63/448/136 82/452/172
s 5
f 63/625/173 64/626/174 287/612/175 288/611/176
f 64/959/174 65/951/177 286/954/178 287/960/175
f 65/951/177 66/952/179 285/953/180 286/954/178
f 66/952/179 67/955/181 284/956/182 285/953/180
f 67/955/181 68/961/183 303/962/184 284/956/182
f 68/961/183 69/967/185 302/968/186 303/962/184
f 69/99/185 70/91/187 301/94/188 302/100/186
f 70/91/187 71/92/189 300/93/190 301/94/188
f 71/92/189 72/95/191 299/96/192 300/93/190
f 72/95/191 73/101/193 298/102/194 299/96/192
f 73/101/193 74/107/195 297/108/196 298/102/194
f 74/107/195 75/112/197 296/113/198 297/108/196
f 75/1042/197 76/1043/199 295/1044/200 296/1045/198
f 76/1043/199 77/1046/201 294/1047/202 295/1044/200
f 77/1046/201 78/1050/203 293/1051/204 294/1047/202
f 78/1050/203 79/1055/205 292/1056/206 293/1051/204
f 79/1055/205 80/1061/207 291/1062/208 292/1056/206
f 80/655/207 81/648/209 290/639/210 291/649/208
f 81/648/209 82/638/211 289/627/212 290/639/210
f 82/638/211 63/625/173 288/611/176 289/627/212
s 6
f 103/118/213 106/119/214 2/120/215 1/121/216
f 106/119/214 109/124/217 3/125/218 2/120/215
f 109/1133/217 112/1134/219 4/1135/220 3/1136/218
f 112/1134/219 115/1139/221 5/1140/222 4/1135/220
f 115/1139/221 118/1144/223 6/1145/224 5/1140/222
f 118/1144/223 121/1148/225 7/1149/226 6/1145/224
f 121/156/225 124/146/227 8/149/228 7/157/226
f 124/146/227 127/147/229 9/148/230 8/149/228
f 127/147/229 130/152/231 10/153/232 9/148/230
f 130/152/231 133/160/233 11/161/234 10/153/232
f 133/160/233 136/165/235 12/166/236 11/161/234
f 136/165/235 139/169/237 13/170/238 12/166/236
f 139/1151/237 142/1152/239 14/1153/240 13/1154/238
f 142/1152/239 145/1157/241 15/1158/242 14/1153/240
f 145/1157/241 148/1162/243 16/1163/244 15/1158/242
f 148/1162/243 151/1166/245 17/1167/246 16/1163/244
f 151/142/245 154/138/247 18/139/248 17/143/246
f 154/138/247 157/134/249 19/135/250 18/139/248
f 157/134/249 160/128/251 20/129/252 19/135/250
f 160/128/251 103/118/213 1/121/216 20/129/252
s 7
f 264/488/253 263/489/254 265/490/255
f 266/492/256 264/488/253 265/490/255
f 267/494/257 266/492/256 265/490/255
f 268/496/258 267/494/257 265/490/255
f 269/498/259 268/496/258 265/490/255
f 270/500/260 269/498/259 265/490/255
f 271/502/261 270/500/260 265/490/255
f 272/504/262 271/502/261 265/490/255
f 273/506/263 272/504/262 265/490/255
f 274/508/264 273/506/263 265/490/255
f 275/507/265 274/508/264 265/490/255
f 276/505/266 275/507/265 265/490/255
f 277/503/267 276/505/266 265/490/255
f 278/501/268 277/503/267 265/490/255
f 279/499/269 278/501/268 265/490/255
f 280/497/270 279/499/269 265/490/255
f 281/495/271 280/497/270 265/490/255
f 282/493/272 281/495/271 265/490/255
f 283/491/273 282/493/272 265/490/255
f 263/489/254 283/491/273 265/490/255
s 6
f 103/118/213 104/122/274 107/123/275 106/119/214
s 8
f 104/509/276 105/510/277 108/511/278 107/512/279
s 6
f 106/119/214 107/123/275 110/131/280 109/124/217
s 8
f 107/512/279 108/511/278 111/515/281 110/516/282
s 6
f 109/1133/217 110/1137/280 113/1138/283 112/1134/219
s 8
f 110/516/282 111/515/281 114/519/284 113/520/285
s 6
f 112/1134/219 113/1138/283 116/1143/286 115/1139/221
s 8
f 113/520/285 114/519/284 117/523/287 116/524/288
s 6
f 115/1139/221 116/1143/286 119/1147/289 118/1144/223
s 8
f 116/524/288 117/523/287 120/527/290 119/528/291
s 6
f 118/1144/223 119/1147/289 122/1150/292 121/1148/225
s 8
f 119/528/291 120/527/290 123/531/293 122/532/294
s 6
f 121/156/225 122/158/292 125/150/295 124/146/227
s 8
f 122/532/294 123/531/293 126/535/296 125/536/297
s 6
f 124/146/227 125/150/295 128/151/298 127/147/229
s 8
f 125/536/297 126/535/296 129/539/299 128/540/300
s 6
f 127/147/229 128/151/298 131/159/301 130/152/231
s 8
f 128/540/300 129/539/299 132/543/302 131/544/303
s 6
f 130/152/231 131/159/301 134/164/304 133/160/233
s 8
f 131/544/303 132/543/302 135/547/305 134/548/306
s 6
f 133/160/233 134/164/304 137/168/307 136/165/235
s 8
f 134/548/306 135/547/305 138/546/308 137/545/309
s 6
f 136/165/235 137/168/307 140/172/310 139/169/237
s 8
f 137/545/309 138/546/308 141/542/311 140/541/312
s 6
f 139/1151/237 140/1155/310 143/1156/313 142/1152/239
s 8
f 140/541/312 141/542/311 144/538/314 143/537/315
s 6
f 142/1152/239 143/1156/313 146/1161/316 145/1157/241
s 8
f 143/537/315 144/538/314 147/534/317 146/533/318
s 6
f 145/1157/241 146/1161/316 149/1165/319 148/1162/243
s 8
f 146/533/318 147/534/317 150/530/320 149/529/321
s 6
f 148/1162/243 149/1165/319 152/1169/322 151/1166/245
s 8
f 149/529/321 150/530/320 153/526/323 152/525/324
s 6
f 151/142/245 152/144/322 155/140/325 154/138/247
s 8
f 152/525/324 153/526/323 156/522/326 155/521/327
s 6
f 154/138/247 155/140/325 158/136/328 157/134/249
s 8
f 155/521/327 156/522/326 159/518/329 158/517/330
s 6
f 157/134/249 158/136/328 161/130/331 160/128/251
s 8
f 158/517/330 159/518/329 162/514/332 161/513/333
f 105/510/277 104/509/276 161/513/333 162/514/332
s 6
f 104/122/274 103/118/213 160/128/251 161/130/331
s 5
f 164/994/334 163/998/335 89/1003/336 88/999/337
f 165/990/338 164/994/334 88/999/337 87/995/339
f 166/986/340 165/990/338 87/995/339 86/991/341
f 167/987/342 166/986/340 86/991/341 85/992/343
f 168/550/344 167/555/342 85/556/343 84/551/345
f 169/549/346 168/550/344 84/551/345 83/552/347
f 170/559/348 169/549/346 83/552/347 102/560/349
f 171/569/350 170/559/348 102/560/349 101/570/351
f 172/581/352 171/569/350 101/570/351 100/582/353
f 173/595/354 172/581/352 100/582/353 99/596/355
f 174/1085/356 173/1089/354 99/1094/355 98/1090/357
f 175/1081/358 174/1085/356 98/1090/357 97/1086/359
f 176/1077/360 175/1081/358 97/1086/359 96/1082/361
f 177/1078/362 176/1077/360 96/1082/361 95/1083/363
f 178/661/364 177/666/362 95/667/363 94/662/365
f 179/660/366 178/661/364 94/662/365 93/663/367
f 180/670/368 179/660/366 93/663/367 92/671/369
f 181/680/370 180/670/368 92/671/369 91/681/371
f 182/692/372 181/680/370 91/681/371 90/693/373
f 163/706/335 182/692/372 90/693/373 89/707/336
f 184/1073/374 183/1072/375 176/1077/360 177/1078/362
f 185/665/376 184/674/374 177/666/362 178/661/364
f 186/664/377 185/665/376 178/661/364 179/660/366
f 187/675/378 186/664/377 179/660/366 180/670/368
f 188/686/379 187/675/378 180/670/368 181/680/370
f 189/699/380 188/686/379 181/680/370 182/692/372
f 190/712/381 189/699/380 182/692/372 163/706/335
f 191/989/382 190/993/381 163/998/335 164/994/334
f 192/985/383 191/989/382 164/994/334 165/990/338
f 193/981/384 192/985/383 165/990/338 166/986/340
f 194/982/385 193/981/384 166/986/340 167/987/342
f 195/554/386 194/563/385 167/555/342 168/550/344
f 196/553/387 195/554/386 168/550/344 169/549/346
f 197/564/388 196/553/387 169/549/346 170/559/348
f 198/575/389 197/564/388 170/559/348 171/569/350
f 199/588/390 198/575/389 171/569/350 172/581/352
f 200/603/391 199/588/390 172/581/352 173/595/354
f 201/1080/392 200/1084/391 173/1089/354 174/1085/356
f 202/1076/393 201/1080/392 174/1085/356 175/1081/358
f 183/1072/375 202/1076/393 175/1081/358 176/1077/360
f 204/1067/394 203/1066/395 183/1072/375 184/1073/374
f 205/673/396 204/684/394 184/674/374 185/665/376
f 206/672/397 205/673/396 185/665/376 186/664/377
f 207/685/398 206/672/397 186/664/377 187/675/378
f 208/698/399 207/685/398 187/675/378 188/686/379
f 209/711/400 208/698/399 188/686/379 189/699/380
f 210/724/401 209/711/400 189/699/380 190/712/381
f 211/984/402 210/988/401 190/993/381 191/989/382
f 212/980/403 211/984/402 191/989/382 192/985/383
f 213/976/404 212/980/403 192/985/383 193/981/384
f 214/977/405 213/976/404 193/981/384 194/982/385
f 215/562/406 214/573/405 194/563/385 195/554/386
f 216/561/407 215/562/406 195/554/386 196/553/387
f 217/574/408 216/561/407 196/553/387 197/564/388
f 218/587/409 217/574/408 197/564/388 198/575/389
f 219/602/410 218/587/409 198/575/389 199/588/390
f 220/617/411 219/602/410 199/588/390 200/603/391
f 221/1075/412 220/1079/411 200/1084/391 201/1080/392
f 222/1071/413 221/1075/412 201/1080/392 202/1076/393
f 203/1066/395 222/1071/413 202/1076/393 183/1072/375
f 224/1060/414 223/1059/415 203/1066/395 204/1067/394
f 225/683/416 224/696/414 204/684/394 205/673/396
f 226/682/417 225/683/416 205/673/396 206/672/397
f 227/697/418 226/682/417 206/672/397 207/685/398
f 228/710/419 227/697/418 207/685/398 208/698/399
f 229/723/420 228/710/419 208/698/399 209/711/400
f 230/731/421 229/723/420 209/711/400 210/724/401
f 231/979/422 230/983/421 210/988/401 211/984/402
f 232/975/423 231/979/422 211/984/402 212/980/403
f 233/971/424 232/975/423 212/980/403 213/976/404
f 234/972/425 233/971/424 213/976/404 214/977/405
f 235/572/426 234/585/425 214/573/405 215/562/406
f 236/571/427 235/572/426 215/562/406 216/561/407
f 237/586/428 236/571/427 216/561/407 217/574/408
f 238/601/429 237/586/428 217/574/408 218/587/409
f 239/616/430 238/601/429 218/587/409 219/602/410
f 240/630/431 239/616/430 219/602/410 220/617/411
f 241/1070/432 240/1074/431 220/1079/411 221/1075/412
f 242/1065/433 241/1070/432 221/1075/412 222/1071/413
f 223/1059/415 242/1065/433 222/1071/413 203/1066/395
f 244/1054/434 243/1053/435 223/1059/415 224/1060/414
f 245/695/436 244/708/434 224/696/414 225/683/416
f 246/694/437 245/695/436 225/683/416 226/682/417
f 247/709/438 246/694/437 226/682/417 227/697/418
f 248/722/439 247/709/438 227/697/418 228/710/419
f 249/730/440 248/722/439 228/710/419 229/723/420
f 250/737/441 249/730/440 229/723/420 230/731/421
f 251/974/442 250/978/441 230/983/421 231/979/422
f 252/970/443 251/974/442 231/979/422 232/975/423
f 253/964/444 252/970/443 232/975/423 233/971/424
f 254/965/445 253/964/444 233/971/424 234/972/425
f 255/584/446 254/599/445 234/585/425 235/572/426
f 256/583/447 255/584/446 235/572/426 236/571/427
f 257/600/448 256/583/447 236/571/427 237/586/428
f 258/615/449 257/600/448 237/586/428 238/601/429
f 259/629/450 258/615/449 238/601/429 239/616/430
f 260/641/451 259/629/450 239/616/430 240/630/431
f 261/1064/452 260/1069/451 240/1074/431 241/1070/432
f 262/1058/453 261/1064/452 241/1070/432 242/1065/433
f 243/1053/435 262/1058/453 242/1065/433 223/1059/415
s 10
f 108/174/454 105/175/455 263/176/456 264/177/457
f 111/180/458 108/174/454 264/177/457 266/181/459
f 114/1171/460 111/1172/458 266/1173/459 267/1174/461
f 117/1175/462 114/1171/460 267/1174/461 268/1176/463
f 120/1177/464 117/1175/462 268/1176/463 269/1178/465
f 123/1179/466 120/1177/464 269/1178/465 270/1180/467
f 126/189/468 123/192/466 270/193/467 271/190/469
f 129/188/470 126/189/468 271/190/469 272/191/471
f 132/194/472 129/188/470 272/191/471 273/195/473
f 135/196/474 132/194/472 273/195/473 274/197/475
f 138/198/476 135/196/474 274/197/475 275/199/477
f 141/200/478 138/198/476 275/199/477 276/201/479
f 144/1181/480 141/1182/478 276/1183/479 277/1184/481
f 147/1185/482 144/1181/480 277/1184/481 278/1186/483
f 150/1187/484 147/1185/482 278/1186/483 279/1188/485
f 153/1189/486 150/1187/484 279/1188/485 280/1190/487
f 156/184/488 153/186/486 280/187/487 281/185/489
f 159/182/490 156/184/488 281/185/489 282/183/491
f 162/178/492 159/182/490 282/183/491 283/179/493
f 105/175/455 162/178/492 283/179/493 263/176/456
s 5
f 285/953/180 284/956/182 305/963/494 306/957/495
f 286/954/178 285/953/180 306/957/495 307/958/496
f 287/960/175 286/954/178 307/958/496 308/966/497
f 288/611/176 287/612/175 308/598/497 309/597/498
f 289/627/212 288/611/176 309/597/498 310/614/499
f 290/639/210 289/627/212 310/614/499 311/628/500
f 291/649/208 290/639/210 311/628/500 312/640/501
f 292/1056/206 291/1062/208 312/1068/501 313/1063/502
f 293/1051/204 292/1056/206 313/1063/502 314/1057/503
f 294/1047/202 293/1051/204 314/1057/503 315/1052/504
f 295/1044/200 294/1047/202 315/1052/504 316/1048/505
f 296/1045/198 295/1044/200 316/1048/505 317/1049/506
f 297/108/196 296/113/198 317/116/506 318/114/507
f 298/102/194 297/108/196 318/114/507 319/109/508
f 299/96/192 298/102/194 319/109/508 320/103/509
f 300/93/190 299/96/192 320/103/509 321/97/510
f 301/94/188 300/93/190 321/97/510 322/98/511
f 302/100/186 301/94/188 322/98/511 323/106/512
f 303/962/184 302/968/186 323/973/512 304/969/513
f 284/956/182 303/962/184 304/969/513 305/963/494
f 305/963/494 304/969/513 251/974/442 252/970/443
f 306/957/495 305/963/494 252/970/443 253/964/444
f 307/958/496 306/957/495 253/964/444 254/965/445
f 308/598/497 307/613/496 254/599/445 255/584/446
f 309/597/498 308/598/497 255/584/446 256/583/447
f 310/614/499 309/597/498 256/583/447 257/600/448
f 311/628/500 310/614/499 257/600/448 258/615/449
f 312/640/501 311/628/500 258/615/449 259/629/450
f 313/650/502 312/640/501 259/629/450 260/641/451
f 314/1057/503 313/1063/502 260/1069/451 261/1064/452
f 315/1052/504 314/1057/503 261/1064/452 262/1058/453
f 316/1048/505 315/1052/504 262/1058/453 243/1053/435
f 317/1049/506 316/1048/505 243/1053/435 244/1054/434
f 318/720/507 317/721/506 244/708/434 245/695/436
f 319/109/508 318/114/507 245/117/436 246/115/437
f 320/103/509 319/109/508 246/115/437 247/110/438
f 321/97/510 320/103/509 247/110/438 248/104/439
f 322/98/511 321/97/510 248/104/439 249/105/440
f 323/106/512 322/98/511 249/105/440 250/111/441
f 304/969/513 323/973/512 250/978/441 251/974/442
s 11
f 324/236/514 344/241/515 345/242/516 325/237/517
f 325/237/517 345/242/516 346/251/518 326/243/519
f 326/1192/519 346/1195/518 347/1196/520 327/1193/521
f 327/1193/521 347/1196/520 348/1201/522 328/1197/523
s 12
f 383/765/524 367/756/525 368/760/526 384/766/527
f 384/766/527 368/760/526 369/764/528 385/771/529
s 11
f 330/268/530 349/275/531 350/269/532 331/264/533
f 331/264/533 350/269/532 351/270/534 332/265/535
f 332/265/535 351/270/534 352/277/536 333/271/537
f 333/271/537 352/277/536 353/281/538 334/278/539
f 334/278/539 353/281/538 354/285/540 335/282/541
f 335/282/541 354/285/540 355/289/542 336/286/543
f 336/1210/543 355/1213/542 356/1214/544 337/1211/545
f 337/1211/545 356/1214/544 357/1219/546 338/1215/547
f 338/1215/547 357/1219/546 358/1223/548 339/1220/549
f 339/1220/549 358/1223/548 359/1227/550 340/1224/551
f 340/258/551 359/261/550 360/259/552 341/254/553
f 341/254/553 360/259/552 361/255/554 342/248/555
f 342/248/555 361/255/554 362/249/556 343/240/557
f 343/240/557 362/249/556 344/241/515 324/236/514
s off
f 344/44/558 363/69/559 364/68/560 345/43/561
f 345/43/562 364/68/563 365/70/564 346/45/565
f 346/45/566 365/70/567 366/71/568 347/46/569
f 347/46/570 366/71/571 367/51/572 348/48/573
f 349/56/574 369/53/575 370/72/576 350/55/577
f 350/55/578 370/72/579 371/73/580 351/57/581
f 351/57/582 371/73/583 372/74/584 352/58/585
f 352/58/586 372/74/587 373/75/588 353/59/589
f 353/59/590 373/75/591 374/76/592 354/60/593
f 354/60/594 374/76/595 375/77/596 355/61/597
f 355/61/598 375/77/599 376/78/600 356/62/601
f 356/62/602 376/78/603 377/79/604 357/63/605
f 357/63/606 377/79/607 378/80/608 358/64/609
f 358/64/610 378/80/611 379/81/612 359/65/613
f 359/65/614 379/81/615 380/82/616 360/66/617
f 360/202/618 380/203/619 381/204/620 361/205/621
f 361/205/622 381/204/623 382/206/624 362/207/625
f 362/67/626 382/83/627 363/69/628 344/44/629
f 328/47/630 383/49/631 384/50/632 329/84/633
f 348/48/634 367/51/635 383/49/636 328/47/637
f 329/84/638 384/50/639 385/52/640 330/54/641
f 330/54/642 385/52/643 369/53/644 349/56/645
s 14
f 363/741/646 386/742/647 387/743/648 364/744/649
f 364/744/649 387/743/648 388/747/650 365/748/651
f 365/748/651 388/747/650 389/751/652 366/752/653
f 366/752/653 389/751/652 390/755/654 367/756/655
f 367/756/655 390/755/654 391/759/656 368/760/657
f 368/760/657 391/759/656 392/763/658 369/764/659
f 369/764/659 392/763/658 393/769/660 370/770/661
f 370/770/661 393/769/660 394/774/662 371/775/663
f 371/775/663 394/774/662 395/778/664 372/779/665
f 372/779/665 395/778/664 396/782/666 373/783/667
f 373/783/667 396/782/666 397/781/668 374/780/669
f 374/780/669 397/781/668 398/777/670 375/776/671
f 375/776/671 398/777/670 399/773/672 376/772/673
f 376/772/673 399/773/672 400/768/674 377/767/675
f 377/767/675 400/768/674 401/762/676 378/761/677
f 378/761/677 401/762/676 402/758/678 379/757/679
f 379/757/679 402/758/678 403/754/680 380/753/681
f 380/753/681 403/754/680 404/750/682 381/749/683
f 381/749/683 404/750/682 405/746/684 382/745/685
f 382/745/685 405/746/684 386/742/647 363/741/646
s 5
f 386/646/686 591/636/687 590/637/688 387/647/689
f 387/1038/689 590/1031/688 589/1026/690 388/1033/691
f 388/1033/691 589/1026/690 588/1027/692 389/1034/693
f 389/1034/693 588/1027/692 587/1030/694 390/1037/695
f 390/1037/695 587/1030/694 606/1036/696 391/1040/697
f 391/1040/697 606/1036/696 605/1039/698 392/1041/699
f 392/212/699 605/213/698 604/209/700 393/208/701
f 393/208/701 604/209/700 603/210/702 394/211/703
f 394/211/703 603/210/702 602/216/704 395/217/705
f 395/217/705 602/216/704 601/222/706 396/223/707
f 396/223/707 601/222/706 600/227/708 397/228/709
f 397/228/709 600/227/708 599/231/710 398/232/711
f 398/1122/711 599/1117/710 598/1118/712 399/1123/713
f 399/1123/713 598/1118/712 597/1121/714 400/1126/715
f 400/1126/715 597/1121/714 596/1125/716 401/1128/717
f 401/1128/717 596/1125/716 595/1127/718 402/1131/719
f 402/1131/719 595/1127/718 594/1130/720 403/1132/721
f 403/659/721 594/657/720 593/653/722 404/658/723
f 404/658/723 593/653/722 592/645/724 405/654/725
f 405/654/725 592/645/724 591/636/687 386/646/686
s 16
f 406/235/726 324/236/727 325/237/728 409/238/729
f 409/238/729 325/237/728 326/243/730 412/244/731
f 412/1191/731 326/1192/730 327/1193/732 415/1194/733
f 415/1194/733 327/1193/732 328/1197/734 418/1198/735
f 418/1198/735 328/1197/734 329/1202/736 421/1203/737
f 421/1203/737 329/1202/736 330/1205/738 424/1206/739
f 424/267/739 330/268/738 331/264/740 427/263/741
f 427/263/741 331/264/740 332/265/742 430/266/743
f 430/266/743 332/265/742 333/271/744 433/272/745
f 433/272/745 333/271/744 334/278/746 436/279/747
f 436/279/747 334/278/746 335/282/748 439/283/749
f 439/283/749 335/282/748 336/286/750 442/287/751
f 442/1209/751 336/1210/750 337/1211/752 445/1212/753
f 445/1212/753 337/1211/752 338/1215/754 448/1216/755
f 448/1216/755 338/1215/754 339/1220/756 451/1221/757
f 451/1221/757 339/1220/756 340/1224/758 454/1225/759
f 454/257/759 340/258/758 341/254/760 457/253/761
f 457/253/761 341/254/760 342/248/762 460/247/763
f 460/247/763 342/248/762 343/240/764 463/239/765
f 463/239/765 343/240/764 324/236/727 406/235/726
s 17
f 567/784/766 568/785/767 566/786/768
f 569/787/769 568/785/767 567/784/766
f 570/789/770 568/785/767 569/787/769
f 571/791/771 568/785/767 570/789/770
f 572/793/772 568/785/767 571/791/771
f 573/795/773 568/785/767 572/793/772
f 574/797/774 568/785/767 573/795/773
f 575/799/775 568/785/767 574/797/774
f 576/801/776 568/785/767 575/799/775
f 577/803/777 568/785/767 576/801/776
f 578/804/778 568/785/767 577/803/777
f 579/802/779 568/785/767 578/804/778
f 580/800/780 568/785/767 579/802/779
f 581/798/781 568/785/767 580/800/780
f 582/796/782 568/785/767 581/798/781
f 583/794/783 568/785/767 582/796/782
f 584/792/784 568/785/767 583/794/783
f 585/790/785 568/785/767 584/792/784
f 586/788/786 568/785/767 585/790/785
f 566/786/768 568/785/767 586/788/786
s 16
f 406/235/726 409/238/729 410/245/787 407/246/788
s 18
f 407/805/789 410/806/790 411/807/791 408/808/792
s 16
f 409/238/729 412/244/731 413/252/793 410/245/787
s 18
f 410/806/790 413/809/794 414/810/795 411/807/791
s 16
f 412/1191/731 415/1194/733 416/1199/796 413/1200/793
s 18
f 413/809/794 416/813/797 417/814/798 414/810/795
s 16
f 415/1194/733 418/1198/735 419/1204/799 416/1199/796
s 18
f 416/813/797 419/817/800 420/818/801 417/814/798
s 16
f 418/1198/735 421/1203/737 422/1207/802 419/1204/799
s 18
f 419/817/800 422/821/803 423/822/804 420/818/801
s 16
f 421/1203/737 424/1206/739 425/1208/805 422/1207/802
s 18
f 422/821/803 425/825/806 426/826/807 423/822/804
s 16
f 424/267/739 427/263/741 428/274/808 425/276/805
s 18
f 425/825/806 428/829/809 429/830/810 426/826/807
s 16
f 427/263/741 430/266/743 431/273/811 428/274/808
s 18
f 428/829/809 431/833/812 432/834/813 429/830/810
s 16
f 430/266/743 433/272/745 434/280/814 431/273/811
s 18
f 431/833/812 434/837/815 435/838/816 432/834/813
s 16
f 433/272/745 436/279/747 437/284/817 434/280/814
s 18
f 434/837/815 437/841/818 438/842/819 435/838/816
s 16
f 436/279/747 439/283/749 440/288/820 437/284/817
s 18
f 437/841/818 440/843/821 441/844/822 438/842/819
s 16
f 439/283/749 442/287/751 443/290/823 440/288/820
s 18
f 440/843/821 443/839/824 444/840/825 441/844/822
s 16
f 442/1209/751 445/1212/753 446/1217/826 443/1218/823
s 18
f 443/839/824 446/835/827 447/836/828 444/840/825
s 16
f 445/1212/753 448/1216/755 449/1222/829 446/1217/826
s 18
f 446/835/827 449/831/830 450/832/831 447/836/828
s 16
f 448/1216/755 451/1221/757 452/1226/832 449/1222/829
s 18
f 449/831/830 452/827/833 453/828/834 450/832/831
s 16
f 451/1221/757 454/1225/759 455/1228/835 452/1226/832
s 18
f 452/827/833 455/823/836 456/824/837 453/828/834
s 16
f 454/257/759 457/253/761 458/260/838 455/262/835
s 18
f 455/823/836 458/819/839 459/820/840 456/824/837
s 16
f 457/253/761 460/247/763 461/256/841 458/260/838
s 18
f 458/819/839 461/815/842 462/816/843 459/820/840
s 16
f 460/247/763 463/239/765 464/250/844 461/256/841
s 18
f 461/815/842 464/812/845 465/811/846 462/816/843
f 408/808/792 465/811/846 464/812/845 407/805/789
s 16
f 407/246/788 464/250/844 463/239/765 406/235/726
s 5
f 467/1004/847 88/999/337 89/1003/336 466/1008/848
f 468/1000/849 87/995/339 88/999/337 467/1004/847
f 469/997/850 86/991/341 87/995/339 468/1000/849
f 470/996/851 85/992/343 86/991/341 469/997/850
f 471/558/852 84/551/345 85/556/343 470/565/851
f 472/557/853 83/552/347 84/551/345 471/558/852
f 473/566/854 102/560/349 83/552/347 472/557/853
f 474/577/855 101/570/351 102/560/349 473/566/854
f 475/590/856 100/582/353 101/570/351 474/577/855
f 476/605/857 99/596/355 100/582/353 475/590/856
f 477/1095/858 98/1090/357 99/1094/355 476/1099/857
f 478/1091/859 97/1086/359 98/1090/357 477/1095/858
f 479/1088/860 96/1082/361 97/1086/359 478/1091/859
f 480/1087/861 95/1083/363 96/1082/361 479/1088/860
f 481/669/862 94/662/365 95/667/363 480/676/861
f 482/668/863 93/663/367 94/662/365 481/669/862
f 483/677/864 92/671/369 93/663/367 482/668/863
f 484/688/865 91/681/371 92/671/369 483/677/864
f 485/701/866 90/693/373 91/681/371 484/688/865
f 466/714/848 89/707/336 90/693/373 485/701/866
f 487/1092/867 480/1087/861 479/1088/860 486/1093/868
f 488/679/869 481/669/862 480/676/861 487/687/867
f 489/678/870 482/668/863 481/669/862 488/679/869
f 490/689/871 483/677/864 482/668/863 489/678/870
f 491/702/872 484/688/865 483/677/864 490/689/871
f 492/715/873 485/701/866 484/688/865 491/702/872
f 493/726/874 466/714/848 485/701/866 492/715/873
f 494/1009/875 467/1004/847 466/1008/848 493/1013/874
f 495/1005/876 468/1000/849 467/1004/847 494/1009/875
f 496/1002/877 469/997/850 468/1000/849 495/1005/876
f 497/1001/878 470/996/851 469/997/850 496/1002/877
f 498/568/879 471/558/852 470/565/851 497/576/878
f 499/567/880 472/557/853 471/558/852 498/568/879
f 500/578/881 473/566/854 472/557/853 499/567/880
f 501/591/882 474/577/855 473/566/854 500/578/881
f 502/606/883 475/590/856 474/577/855 501/591/882
f 503/619/884 476/605/857 475/590/856 502/606/883
f 504/1100/885 477/1095/858 476/1099/857 503/1104/884
f 505/1096/886 478/1091/859 477/1095/858 504/1100/885
f 486/1093/868 479/1088/860 478/1091/859 505/1096/886
f 507/1097/887 487/1092/867 486/1093/868 506/1098/888
f 508/691/889 488/679/869 487/687/867 507/700/887
f 509/690/890 489/678/870 488/679/869 508/691/889
f 510/703/891 490/689/871 489/678/870 509/690/890
f 511/716/892 491/702/872 490/689/871 510/703/891
f 512/727/893 492/715/873 491/702/872 511/716/892
f 513/734/894 493/726/874 492/715/873 512/727/893
f 514/1014/895 494/1009/875 493/1013/874 513/1018/894
f 515/1010/896 495/1005/876 494/1009/875 514/1014/895
f 516/1007/897 496/1002/877 495/1005/876 515/1010/896
f 517/1006/898 497/1001/878 496/1002/877 516/1007/897
f 518/580/899 498/568/879 497/576/878 517/589/898
f 519/579/900 499/567/880 498/568/879 518/580/899
f 520/592/901 500/578/881 499/567/880 519/579/900
f 521/607/902 501/591/882 500/578/881 520/592/901
f 522/620/903 502/606/883 501/591/882 521/607/902
f 523/632/904 503/619/884 502/606/883 522/620/903
f 524/1105/905 504/1100/885 503/1104/884 523/1109/904
f 525/1101/906 505/1096/886 504/1100/885 524/1105/905
f 506/1098/888 486/1093/868 505/1096/886 525/1101/906
f 527/1102/907 507/1097/887 506/1098/888 526/1103/908
f 528/705/909 508/691/889 507/700/887 527/713/907
f 529/704/910 509/690/890 508/691/889 528/705/909
f 530/717/911 510/703/891 509/690/890 529/704/910
f 531/728/912 511/716/892 510/703/891 530/717/911
f 532/735/913 512/727/893 511/716/892 531/728/912
f 533/738/914 513/734/894 512/727/893 532/735/913
f 534/1019/915 514/1014/895 513/1018/894 533/1023/914
f 535/1015/916 515/1010/896 514/1014/895 534/1019/915
f 536/1012/917 516/1007/897 515/1010/896 535/1015/916
f 537/1011/918 517/1006/898 516/1007/897 536/1012/917
f 538/594/919 518/580/899 517/589/898 537/604/918
f 539/593/920 519/579/900 518/580/899 538/594/919
f 540/608/921 520/592/901 519/579/900 539/593/920
f 541/621/922 521/607/902 520/592/901 540/608/921
f 542/633/923 522/620/903 521/607/902 541/621/922
f 543/642/924 523/632/904 522/620/903 542/633/923
f 544/1110/925 524/1105/905 523/1109/904 543/1114/924
f 545/1106/926 525/1101/906 524/1105/905 544/1110/925
f 526/1103/908 506/1098/888 525/1101/906 545/1106/926
f 547/1107/927 527/1102/907 526/1103/908 546/1108/928
f 548/719/929 528/705/909 527/713/907 547/725/927
f 549/718/930 529/704/910 528/705/909 548/719/929
f 550/729/931 530/717/911 529/704/910 549/718/930
f 551/736/932 531/728/912 530/717/911 550/729/931
f 552/739/933 532/735/913 531/728/912 551/736/932
f 553/740/934 533/738/914 532/735/913 552/739/933
f 554/1024/935 534/1019/915 533/1023/914 553/1028/934
f 555/1020/936 535/1015/916 534/1019/915 554/1024/935
f 556/1017/937 536/1012/917 535/1015/916 555/1020/936
f 557/1016/938 537/1011/918 536/1012/917 556/1017/937
f 558/610/939 538/594/919 537/604/918 557/618/938
f 559/609/940 539/593/920 538/594/919 558/610/939
f 560/622/941 540/608/921 539/593/920 559/609/940
f 561/634/942 541/621/922 540/608/921 560/622/941
f 562/643/943 542/633/923 541/621/922 561/634/942
f 563/651/944 543/642/924 542/633/923 562/643/943
f 564/1115/945 544/1110/925 543/1114/924 563/1119/944
f 565/1111/946 545/1106/926 544/1110/925 564/1115/945
f 546/1108/928 526/1103/908 545/1106/926 565/1111/946
s 19
f 411/291/947 567/292/948 566/293/949 408/294/950
f 414/295/951 569/296/952 567/292/948 411/291/947
f 417/1229/953 570/1230/954 569/1231/952 414/1232/951
f 420/1233/955 571/1234/956 570/1230/954 417/1229/953
f 423/1235/957 572/1236/958 571/1234/956 420/1233/955
f 426/1237/959 573/1238/960 572/1236/958 423/1235/957
f 429/308/961 574/307/962 573/311/960 426/312/959
f 432/305/963 575/306/964 574/307/962 429/308/961
f 435/309/965 576/310/966 575/306/964 432/305/963
f 438/313/967 577/314/968 576/310/966 435/309/965
f 441/315/969 578/316/970 577/314/968 438/313/967
f 444/317/971 579/318/972 578/316/970 441/315/969
f 447/1239/973 580/1240/974 579/1241/972 444/1242/971
f 450/1243/975 581/1244/976 580/1240/974 447/1239/973
f 453/1245/977 582/1246/978 581/1244/976 450/1243/975
f 456/1247/979 583/1248/980 582/1246/978 453/1245/977
f 459/302/981 584/301/982 583/303/980 456/304/979
f 462/300/983 585/299/984 584/301/982 459/302/981
f 465/298/985 586/297/986 585/299/984 462/300/983
f 408/294/950 566/293/949 586/297/986 465/298/985
s 5
f 588/1027/692 609/1022/987 608/1025/988 587/1030/694
f 589/1026/690 610/1021/989 609/1022/987 588/1027/692
f 590/1031/688 611/1032/990 610/1021/989 589/1026/690
f 591/636/687 612/623/991 611/624/990 590/637/688
f 592/645/724 613/635/992 612/623/991 591/636/687
f 593/653/722 614/644/993 613/635/992 592/645/724
f 594/657/720 615/652/994 614/644/993 593/653/722
f 595/1127/718 616/1124/995 615/1129/994 594/1130/720
f 596/1125/716 617/1120/996 616/1124/995 595/1127/718
f 597/1121/714 618/1116/997 617/1120/996 596/1125/716
f 598/1118/712 619/1113/998 618/1116/997 597/1121/714
f 599/1117/710 620/1112/999 619/1113/998 598/1118/712
f 600/227/708 621/230/1000 620/234/999 599/231/710
f 601/222/706 622/226/1001 621/230/1000 600/227/708
f 602/216/704 623/221/1002 622/226/1001 601/222/706
f 603/210/702 624/215/1003 623/221/1002 602/216/704
f 604/209/700 625/214/1004 624/215/1003 603/210/702
f 605/213/698 626/218/1005 625/214/1004 604/209/700
f 606/1036/696 607/1029/1006 626/1035/1005 605/1039/698
f 587/1030/694 608/1025/988 607/1029/1006 606/1036/696
f 608/1025/988 555/1020/936 554/1024/935 607/1029/1006
f 609/1022/987 556/1017/937 555/1020/936 608/1025/988
f 610/1021/989 557/1016/938 556/1017/937 609/1022/987
f 611/624/990 558/610/939 557/618/938 610/631/989
f 612/623/991 559/609/940 558/610/939 611/624/990
f 613/635/992 560/622/941 559/609/940 612/623/991
f 614/644/993 561/634/942 560/622/941 613/635/992
f 615/652/994 562/643/943 561/634/942 614/644/993
f 616/656/995 563/651/944 562/643/943 615/652/994
f 617/1120/996 564/1115/945 563/1119/944 616/1124/995
f 618/1116/997 565/1111/946 564/1115/945 617/1120/996
f 619/1113/998 546/1108/928 565/1111/946 618/1116/997
f 620/1112/999 547/1107/927 546/1108/928 619/1113/998
f 621/732/1000 548/719/929 547/725/927 620/733/999
f 622/226/1001 549/229/930 548/233/929 621/230/1000
f 623/221/1002 550/225/931 549/229/930 622/226/1001
f 624/215/1003 551/220/932 550/225/931 623/221/1002
f 625/214/1004 552/219/933 551/220/932 624/215/1003
f 626/218/1005 553/224/934 552/219/933 625/214/1004
f 607/1029/1006 554/1024/935 553/1028/934 626/1035/1005
s 20
f 629/845/1007 628/846/1008 758/847/1009 757/848/1010 701/849/1011 700/850/1012
s 21
f 632/906/1013 631/907/1014 708/908/1015 709/909/1016 729/910/1017 733/911/1018
s 20
f 628/846/1008 636/858/1019 635/859/1020 627/853/1021
f 637/932/1022 636/933/1019 628/934/1008 629/935/1007
s 22
f 644/863/1023 637/864/1024 629/845/1025 643/857/1026
f 639/1249/1027 638/1250/1028 630/1251/1029 631/1252/1030
s 21
f 640/912/1031 639/913/1032 631/907/1014 632/906/1013
f 641/924/1033 640/912/1031 632/906/1013 633/915/1034
s 24
f 642/1257/1035 641/1258/1036 633/1259/1037 634/1260/1038
f 635/1285/1039 645/1280/1040 646/1279/1041 627/1286/1042
f 646/1279/1041 645/1280/1040 649/1274/1043 650/1273/1044
f 650/1273/1044 649/1274/1043 653/1266/1045 654/1265/1046
s 22
f 638/889/1028 652/890/1047 651/866/1048 630/875/1029
s 24
f 654/1265/1046 653/1266/1045 642/1257/1035 634/1260/1038
s 22
f 648/883/1049 661/882/1050 662/888/1051 656/893/1052
f 644/863/1023 643/857/1026 657/870/1053 669/873/1054 655/874/1055
f 643/857/1026 663/862/1056 664/868/1057 657/870/1053
f 652/890/1047 667/894/1058 668/900/1059 659/891/1060
f 647/861/1061 665/867/1062 666/877/1063 658/869/1064
f 651/866/1048 652/890/1047 659/891/1060 670/892/1065 660/878/1066
f 662/888/1067 661/882/1050 644/863/1023 655/874/1055
f 664/868/1068 663/862/1056 647/861/1061 658/869/1064
f 666/877/1069 665/867/1062 651/866/1048 660/878/1066
f 668/900/1070 667/894/1058 648/883/1049 656/893/1052
s 29
f 672/325/1071 673/321/1072 677/324/1073 676/329/1074
f 673/321/1072 672/325/1071 675/326/1075 674/322/1076
f 674/322/1076 675/326/1075 680/330/1077 681/328/1078
f 676/898/1074 677/887/1073 679/886/1079 678/896/1080
f 678/896/1080 679/886/1079 687/885/1081 686/897/1082
f 681/328/1078 680/330/1077 683/333/1083 682/332/1084
f 682/1293/1084 683/1294/1083 685/1295/1085 684/1296/1086
f 684/1296/1086 685/1295/1085 694/1300/1087 695/1301/1088
f 686/347/1082 687/343/1081 689/337/1089 688/340/1090
f 688/340/1090 689/337/1089 691/336/1091 690/341/1092
f 690/341/1092 691/336/1091 693/339/1093 692/346/1094
f 692/346/1094 693/339/1093 695/345/1088 694/348/1087
s 30
f 675/904/1095 672/905/1096 676/898/1097 678/896/1098 671/901/1099
f 683/1294/1100 680/1297/1101 675/1298/1095 671/1299/1099 685/1295/1102
f 671/901/1099 678/896/1098 686/897/1103 688/902/1104 690/903/1105
f 685/1295/1102 671/1299/1099 690/1304/1105 692/1305/1106 694/1300/1107
s 31
f 656/319/1108 662/320/1109 673/321/1110 674/322/1111
s off
f 662/320/1112 655/323/1113 677/324/1114 673/321/1115
s 32
f 655/874/1116 669/873/1117 679/886/1118 677/887/1119
s off
f 659/331/1120 668/327/1121 681/328/1122 682/332/1123
s 31
f 668/327/1124 656/319/1108 674/322/1111 681/328/1125
s off
f 670/1302/1126 659/1303/1127 682/1293/1128 684/1296/1129
s 32
f 669/873/1117 657/870/1130 687/885/1131 679/886/1118
s off
f 657/342/1132 664/334/1133 689/337/1134 687/343/1135
s 33
f 664/334/1136 658/335/1137 691/336/1138 689/337/1139
f 658/335/1137 666/338/1140 693/339/1141 691/336/1138
s off
f 666/338/1142 660/344/1143 695/345/1144 693/339/1145
f 660/1306/1146 670/1302/1147 684/1296/1148 695/1301/1149
s 21
f 705/920/1150 704/921/1151 639/913/1032 640/912/1031 721/922/1152 720/923/1153
s 34
f 696/416/1154 697/424/1155 698/425/1156 699/415/1157
f 699/415/1157 698/425/1156 712/433/1158 713/423/1159
s 35
f 700/396/1160 701/395/1161 702/391/1162 703/394/1163
f 703/394/1163 702/391/1162 714/385/1164 715/390/1165
s off
f 704/444/1166 705/442/1167 707/438/1168 706/443/1169
s 34
f 706/443/1170 707/438/1171 717/432/1172 716/439/1173
s off
f 709/367/1174 708/375/1175 711/376/1176 710/368/1177
s 35
f 710/368/1178 711/376/1179 719/384/1180 718/377/1181
s 34
f 713/423/1159 712/433/1158 716/439/1173 717/432/1172
s 35
f 715/390/1165 714/385/1164 718/377/1181 719/384/1180
s 22
f 698/871/1182 697/872/1183 637/864/1024 644/863/1023
f 706/1253/1184 638/1250/1028 639/1249/1027 704/1254/1185
f 703/856/1186 643/857/1026 629/845/1025 700/850/1187
f 631/1252/1030 630/1251/1029 711/1255/1188 708/1256/1189
f 698/871/1182 644/863/1023 661/882/1050 648/883/1049 712/884/1190
f 715/860/1191 647/861/1061 663/862/1056 643/857/1026 703/856/1186
f 712/884/1190 648/883/1049 667/894/1058 652/890/1047 716/895/1192
f 719/865/1193 651/866/1048 665/867/1062 647/861/1061 715/860/1191
f 716/895/1192 652/890/1047 638/889/1028 706/899/1194
f 630/875/1029 651/866/1048 719/865/1193 711/876/1195
s 20
f 750/879/1196 749/880/1197 636/858/1019 637/864/1022 697/872/1198 696/881/1199
s 36
f 732/349/1200 731/350/1201 735/351/1202 734/352/1203
f 731/350/1201 730/353/1204 736/354/1205 735/351/1202
f 730/353/1204 729/359/1206 737/360/1207 736/354/1205
s 37
f 748/397/1208 747/398/1209 752/399/1210 751/400/1211
f 747/398/1209 746/401/1212 753/402/1213 752/399/1210
f 746/401/1212 750/407/1214 754/408/1215 753/402/1213
s 36
f 763/386/1216 702/391/1217 701/395/1218 757/392/1219
s 37
f 699/415/1220 754/408/1215 750/407/1214 696/416/1221
f 707/438/1222 705/442/1223 720/440/1224 728/434/1225
s 36
f 737/360/1207 729/359/1206 709/367/1226 710/368/1227
s 37
f 713/423/1228 767/417/1229 754/408/1215 699/415/1220
s 36
f 771/378/1230 714/385/1231 702/391/1217 763/386/1216
s 37
f 717/432/1232 741/426/1233 767/417/1229 713/423/1228
s 36
f 745/369/1234 718/377/1235 714/385/1231 771/378/1230
s 37
f 707/438/1222 728/434/1225 741/426/1233 717/432/1232
s 36
f 737/360/1207 710/368/1227 718/377/1235 745/369/1234
s 21
f 721/922/1152 722/927/1236 723/931/1237
f 721/922/1152 723/931/1237 724/930/1238
f 721/922/1152 724/930/1238 720/923/1153
f 733/911/1018 729/910/1017 730/914/1239
f 733/911/1018 730/914/1239 731/925/1240
f 733/911/1018 731/925/1240 732/916/1241
s 20
f 749/936/1197 750/937/1196 746/938/1242
f 749/936/1197 746/938/1242 747/939/1243
f 749/936/1197 747/939/1243 748/940/1244
f 758/941/1009 759/942/1245 755/943/1246
f 758/941/1009 755/943/1246 756/944/1247
f 758/941/1009 756/944/1247 757/945/1010
s 37
f 720/440/1224 724/435/1248 727/427/1249 728/434/1225
f 724/435/1248 723/428/1250 726/419/1251 727/427/1249
f 723/428/1250 722/429/1252 725/420/1253 726/419/1251
s 36
f 736/354/1205 737/360/1207 745/369/1234 744/361/1254
f 734/352/1203 735/351/1202 743/355/1255 742/356/1256
f 735/351/1202 736/354/1205 744/361/1254 743/355/1255
s 37
f 728/434/1225 727/427/1249 740/418/1257 741/426/1233
f 727/427/1249 726/419/1251 739/410/1258 740/418/1257
f 726/419/1251 725/420/1253 738/411/1259 739/410/1258
s 36
f 744/361/1254 745/369/1234 771/378/1230 770/370/1260
f 742/356/1256 743/355/1255 769/362/1261 768/363/1262
f 743/355/1255 744/361/1254 770/370/1260 769/362/1261
s 37
f 753/402/1213 754/408/1215 767/417/1229 766/409/1263
f 751/400/1211 752/399/1210 765/403/1264 764/404/1265
f 752/399/1210 753/402/1213 766/409/1263 765/403/1264
s 36
f 757/392/1219 756/387/1266 762/379/1267 763/386/1216
f 756/387/1266 755/380/1268 761/371/1269 762/379/1267
f 755/380/1268 759/381/1270 760/372/1271 761/371/1269
s 37
f 741/426/1233 740/418/1257 766/409/1263 767/417/1229
f 740/418/1257 739/410/1258 765/403/1264 766/409/1263
f 739/410/1258 738/411/1259 764/404/1265 765/403/1264
s 36
f 763/386/1216 762/379/1267 770/370/1260 771/378/1230
f 762/379/1267 761/371/1269 769/362/1261 770/370/1260
f 761/371/1269 760/372/1271 768/363/1262 769/362/1261
s 24
f 774/1263/1272 773/1270/1273 776/1271/1274 775/1264/1275
s 36
f 773/365/1276 772/358/1277 777/357/1278 776/366/1279
s 24
f 792/1288/1280 791/1291/1281 794/1287/1282 793/1282/1283
s 37
f 791/413/1284 790/406/1285 795/405/1286 794/414/1287
s 24
f 793/1282/1283 645/1280/1040 635/1285/1039 792/1288/1280
f 781/1261/1288 779/1262/1289 641/1258/1036 642/1257/1035
f 634/1260/1038 633/1259/1037 774/1263/1272 775/1264/1275
f 627/1286/1042 646/1279/1041 799/1284/1290 797/1290/1291
f 802/1276/1292 649/1274/1043 645/1280/1040 793/1282/1283
f 799/1284/1290 646/1279/1041 650/1273/1044 805/1278/1293
f 784/1269/1294 653/1266/1045 649/1274/1043 802/1276/1292
f 805/1278/1293 650/1273/1044 654/1265/1046 787/1272/1295
f 781/1261/1288 642/1257/1035 653/1266/1045 784/1269/1294
f 787/1272/1295 654/1265/1046 634/1260/1038 775/1264/1275
s 36
f 760/372/1271 759/381/1270 796/388/1296 801/382/1297
s 37
f 748/397/1208 751/400/1211 795/405/1286 790/406/1285
f 783/430/1298 725/420/1253 722/429/1252 778/436/1299
s 36
f 732/349/1200 734/352/1203 777/357/1278 772/358/1277
s 37
f 795/405/1286 751/400/1211 764/404/1265 804/412/1300
s 36
f 768/363/1262 760/372/1271 801/382/1297 807/373/1301
s 37
f 804/412/1300 764/404/1265 738/411/1259 786/421/1302
s 36
f 742/356/1256 768/363/1262 807/373/1301 789/364/1303
s 37
f 786/421/1302 738/411/1259 725/420/1253 783/430/1298
s 36
f 734/352/1203 742/356/1256 789/364/1303 777/357/1278
s 21
f 633/915/1034 632/906/1013 733/911/1018 732/916/1241 772/917/1304 773/918/1305 774/919/1306
f 778/926/1307 722/927/1236 721/922/1152 640/912/1031 641/924/1033 779/928/1308 780/929/1309
s off
f 635/859/1310 636/858/1311 749/946/1312 748/947/1313 790/948/1314 791/949/1315 792/950/1316
f 796/851/1317 759/852/1318 758/847/1319 628/846/1320 627/853/1321 797/854/1322 798/855/1323
s 24
f 775/1264/1275 776/1271/1274 788/1277/1324 787/1272/1295
s 36
f 776/366/1279 777/357/1278 789/364/1303 788/374/1325
s 37
f 778/436/1299 780/441/1326 782/437/1327 783/430/1298
s 24
f 780/1267/1328 779/1262/1289 781/1261/1288 782/1268/1329
s 37
f 783/430/1298 782/437/1327 785/431/1330 786/421/1302
s 24
f 782/1268/1329 781/1261/1288 784/1269/1331 785/1275/1332
f 787/1272/1295 788/1277/1324 806/1283/1333 805/1278/1293
s 36
f 788/374/1325 789/364/1303 807/373/1301 806/383/1334
s 24
f 793/1282/1283 794/1287/1282 803/1281/1335 802/1276/1336
s 37
f 794/414/1287 795/405/1286 804/412/1300 803/422/1337
s 36
f 796/388/1296 798/393/1338 800/389/1339 801/382/1297
s 24
f 798/1292/1340 797/1290/1291 799/1284/1290 800/1289/1341
s 37
f 786/421/1302 785/431/1330 803/422/1337 804/412/1300
s 24
f 785/1275/1332 784/1269/1331 802/1276/1336 803/1281/1335
s 36
f 801/382/1297 800/389/1339 806/383/1334 807/373/1301
s 24
f 800/1289/1341 799/1284/1290 805/1278/1293 806/1283/1333
