# This file uses centimeters as units for non-parametric coordinates.

mtllib SacArgent.mtl
g default
v -0.320710 0.578011 0.168412
v -0.182554 0.578011 0.295865
v -0.600500 0.182125 0.681432
v -0.738656 0.182125 0.553979
v 0.182554 0.578011 0.295865
v 0.320710 0.578011 0.168412
v 0.738656 0.182125 0.553979
v 0.600500 0.182125 0.681432
v -0.182554 0.578011 -0.295865
v -0.320710 0.578011 -0.168412
v -0.738656 0.182125 -0.553979
v -0.600500 0.182125 -0.681432
v 0.320710 0.578011 -0.168412
v 0.182554 0.578011 -0.295865
v 0.600500 0.182125 -0.681432
v 0.738656 0.182125 -0.553979
v -0.415819 0.756703 0.553975
v -0.553975 0.756703 0.415819
v -0.582232 0.927142 0.444076
v -0.444076 0.927142 0.582232
v 0.415819 0.756703 0.553975
v 0.553975 0.842449 0.383605
v 0.582232 0.927142 0.444076
v 0.444076 0.927142 0.582232
v 0.553975 0.842449 -0.383605
v 0.415819 0.756703 -0.553975
v 0.444076 0.927142 -0.582232
v 0.582232 0.927142 -0.444076
v -0.415819 0.756703 -0.553975
v -0.553975 0.756703 -0.415819
v -0.582232 0.927142 -0.444076
v -0.444076 0.927142 -0.582232
v -0.097691 0.578011 0.321961
v 0.097691 0.578011 0.321961
v 0.097691 0.182125 0.836050
v -0.097691 0.182125 0.836050
v 0.097691 0.944372 0.742438
v -0.097691 0.944372 0.742438
v -0.742438 0.944372 0.097691
v -0.742438 0.944372 -0.097691
v 0.742438 0.944372 -0.097691
v 0.742438 0.944372 0.097691
v -0.097691 0.944372 -0.742438
v 0.097691 0.944372 -0.742438
v 0.097691 0.578011 -0.321961
v -0.097691 0.578011 -0.321961
v -0.097691 0.182125 -0.836050
v 0.097691 0.182125 -0.836050
v 0.348998 0.578011 0.090123
v 0.348998 0.578011 -0.090123
v 0.906258 0.182125 -0.090123
v 0.906258 0.182125 0.090123
v -0.348998 0.578011 -0.090123
v -0.348998 0.578011 0.090123
v -0.906258 0.182125 0.090123
v -0.906258 0.182125 -0.090123
v -0.097691 0.756703 0.660018
v 0.097691 0.756703 0.660018
v 0.660018 0.842449 0.090123
v 0.660018 0.842449 -0.090123
v 0.097691 0.756703 -0.660018
v -0.097691 0.756703 -0.660018
v -0.660018 0.756703 -0.097691
v -0.660018 0.756703 0.097691
v -0.097691 -0.127057 1.041971
v 0.097691 -0.127057 1.041971
v -0.097691 -0.341707 1.122696
v 0.097691 -0.341707 1.122696
v 0.097691 -0.571488 1.103527
v -0.097691 -0.571488 1.103527
v -0.833321 -0.341748 0.896217
v -0.971478 -0.341748 0.768764
v -0.817953 -0.571488 0.882039
v -0.956109 -0.571488 0.754586
v -0.906065 -0.127057 0.708419
v -0.767909 -0.127057 0.835872
v 0.767909 -0.127057 0.835872
v 0.906065 -0.127057 0.708419
v 0.833321 -0.341748 0.896217
v 0.971478 -0.341748 0.768764
v 0.956109 -0.571488 0.754586
v 0.817953 -0.571488 0.882039
v 1.129472 -0.127057 0.090123
v 1.129472 -0.127057 -0.090123
v 1.216975 -0.341707 0.090123
v 1.216975 -0.341707 -0.090123
v 1.196197 -0.571488 -0.090123
v 1.196197 -0.571488 0.090123
v -1.129472 -0.127057 -0.090123
v -1.129472 -0.127057 0.090123
v -1.216975 -0.341707 -0.090123
v -1.216975 -0.341707 0.090123
v -1.196197 -0.571488 0.090123
v -1.196197 -0.571488 -0.090123
v -0.971478 -0.341748 -0.768764
v -0.833321 -0.341748 -0.896217
v -0.956110 -0.571488 -0.754586
v -0.817953 -0.571488 -0.882039
v -0.767909 -0.127057 -0.835872
v -0.906066 -0.127057 -0.708419
v -0.097691 -0.341707 -1.122696
v 0.097691 -0.341707 -1.122696
v -0.097691 -0.571488 -1.103527
v 0.097691 -0.571488 -1.103527
v 0.097691 -0.127057 -1.041971
v -0.097691 -0.127057 -1.041971
v 0.833321 -0.341748 -0.896217
v 0.971478 -0.341748 -0.768764
v 0.817953 -0.571488 -0.882039
v 0.956110 -0.571488 -0.754586
v 0.906066 -0.127057 -0.708419
v 0.767909 -0.127057 -0.835872
v -0.335882 -1.425353 -0.437315
v -0.474038 -1.425353 -0.309861
v -0.133036 -1.568085 -0.250183
v -0.271192 -1.568085 -0.122730
v -0.097691 -1.573606 -0.251444
v 0.097691 -1.573606 -0.251444
v -0.097691 -1.489468 -0.456739
v 0.097691 -1.489468 -0.456739
v -0.514895 -1.236590 -0.602459
v -0.653051 -1.236590 -0.475006
v 0.097691 -1.348832 -0.636878
v -0.097691 -1.348832 -0.636878
v 0.271192 -1.568085 -0.122730
v 0.133036 -1.568085 -0.250183
v 0.335882 -1.425353 -0.437315
v 0.474038 -1.425353 -0.309861
v 0.653051 -1.236590 -0.475006
v 0.514895 -1.236590 -0.602459
v 0.272560 -1.573606 -0.090123
v 0.272560 -1.573606 0.090123
v 0.495094 -1.489468 -0.090123
v 0.495094 -1.489468 0.090123
v 0.690361 -1.348832 0.090123
v 0.690361 -1.348832 -0.090123
v 0.133036 -1.568085 0.250183
v 0.271192 -1.568085 0.122730
v 0.474038 -1.425353 0.309861
v 0.335882 -1.425353 0.437315
v 0.514895 -1.236590 0.602459
v 0.653051 -1.236590 0.475006
v 0.097691 -1.573606 0.251444
v -0.097691 -1.573606 0.251444
v 0.097691 -1.489468 0.456739
v -0.097691 -1.489468 0.456739
v -0.097691 -1.348832 0.636878
v 0.097691 -1.348832 0.636878
v -0.272560 -1.573606 0.090123
v -0.272560 -1.573606 -0.090123
v -0.495094 -1.489468 0.090123
v -0.495094 -1.489468 -0.090123
v -0.690361 -1.348832 -0.090123
v -0.690361 -1.348832 0.090123
v -0.474038 -1.425353 0.309861
v -0.335882 -1.425353 0.437315
v -0.653051 -1.236590 0.475006
v -0.514895 -1.236590 0.602459
v -0.133036 -1.568085 0.250183
v -0.271192 -1.568085 0.122730
v -0.097691 -1.601344 0.090123
v -0.097691 -1.601344 -0.090123
v 0.097691 -1.601344 -0.090123
v 0.097691 -1.601344 0.090123
v -0.744709 -0.855144 -0.814469
v -0.882865 -0.855144 -0.687016
v -0.761766 -1.100439 -0.575299
v -0.623610 -1.100439 -0.702752
v -1.098347 -0.855697 -0.090123
v -1.098347 -0.855697 0.090123
v -0.940834 -1.103339 0.090123
v -0.940834 -1.103339 -0.090123
v 0.097691 -0.855697 -1.013258
v -0.097691 -0.855697 -1.013258
v -0.097691 -1.103339 -0.867948
v 0.097691 -1.103339 -0.867948
v 0.882865 -0.855144 -0.687016
v 0.744709 -0.855144 -0.814469
v 0.623610 -1.100439 -0.702752
v 0.761766 -1.100439 -0.575299
v 1.098347 -0.855697 0.090123
v 1.098347 -0.855697 -0.090123
v 0.940834 -1.103339 -0.090123
v 0.940834 -1.103339 0.090123
v 0.744709 -0.855144 0.814469
v 0.882865 -0.855144 0.687016
v 0.761766 -1.100439 0.575299
v 0.623610 -1.100439 0.702752
v -0.097691 -0.855697 1.013258
v 0.097691 -0.855697 1.013258
v 0.097691 -1.103339 0.867948
v -0.097691 -1.103339 0.867948
v -0.882865 -0.855144 0.687016
v -0.744709 -0.855144 0.814469
v -0.623610 -1.100439 0.702752
v -0.761766 -1.100439 0.575299
v 0.374307 0.460805 -0.295263
v 0.380670 0.450307 -0.288500
v 0.390580 0.441975 -0.283132
v 0.403069 0.436626 -0.279686
v 0.416912 0.434783 -0.278499
v 0.430755 0.436626 -0.279686
v 0.443243 0.441975 -0.283132
v 0.453154 0.450307 -0.288500
v 0.459517 0.460805 -0.295263
v 0.461709 0.472442 -0.302760
v 0.459517 0.484079 -0.310257
v 0.453154 0.494577 -0.317021
v 0.443243 0.502909 -0.322388
v 0.430755 0.508258 -0.325834
v 0.416912 0.510101 -0.327022
v 0.403069 0.508258 -0.325834
v 0.390580 0.502909 -0.322388
v 0.380670 0.494577 -0.317021
v 0.374307 0.484079 -0.310258
v 0.372114 0.472442 -0.302760
v 0.374306 0.494874 -0.219644
v 0.380669 0.486150 -0.210708
v 0.390580 0.479227 -0.203616
v 0.403068 0.474782 -0.199063
v 0.416911 0.473250 -0.197494
v 0.430754 0.474782 -0.199063
v 0.443242 0.479227 -0.203616
v 0.453153 0.486150 -0.210708
v 0.459516 0.494874 -0.219644
v 0.461708 0.504544 -0.229549
v 0.459516 0.514215 -0.239455
v 0.453153 0.522938 -0.248391
v 0.443242 0.529862 -0.255482
v 0.430754 0.534306 -0.260035
v 0.416911 0.535838 -0.261604
v 0.403068 0.534306 -0.260035
v 0.390580 0.529861 -0.255482
v 0.380669 0.522938 -0.248391
v 0.374306 0.514214 -0.239455
v 0.372113 0.504544 -0.229549
v 0.374305 0.514836 -0.105320
v 0.380668 0.503106 -0.101035
v 0.390579 0.493797 -0.097635
v 0.403067 0.487820 -0.095452
v 0.416910 0.485761 -0.094699
v 0.430753 0.487820 -0.095452
v 0.443241 0.493797 -0.097635
v 0.453152 0.503106 -0.101035
v 0.459515 0.514836 -0.105320
v 0.461708 0.527839 -0.110069
v 0.459515 0.540842 -0.114819
v 0.453152 0.552572 -0.119104
v 0.443241 0.561881 -0.122504
v 0.430753 0.567858 -0.124688
v 0.416910 0.569917 -0.125440
v 0.403067 0.567858 -0.124688
v 0.390579 0.561881 -0.122504
v 0.380668 0.552572 -0.119104
v 0.374305 0.540842 -0.114819
v 0.372113 0.527839 -0.110070
v 0.337007 0.577201 0.170988
v 0.342782 0.565146 0.175212
v 0.351775 0.555835 0.180601
v 0.363108 0.550180 0.186627
v 0.375671 0.548734 0.192700
v 0.388233 0.551639 0.198226
v 0.399566 0.558611 0.202664
v 0.408560 0.568966 0.205579
v 0.414334 0.581692 0.206686
v 0.416324 0.595542 0.205877
v 0.414334 0.609162 0.203231
v 0.408560 0.621217 0.199007
v 0.399566 0.630528 0.193618
v 0.388233 0.636183 0.187592
v 0.375671 0.637629 0.181518
v 0.363108 0.634724 0.175992
v 0.351776 0.627753 0.171555
v 0.342782 0.617397 0.168639
v 0.337007 0.604671 0.167532
v 0.335018 0.590821 0.168341
v 0.150226 0.565637 0.363185
v 0.153052 0.553217 0.369062
v 0.157454 0.543412 0.378103
v 0.163001 0.537182 0.389423
v 0.169149 0.535136 0.401915
v 0.175298 0.537475 0.414355
v 0.180845 0.543970 0.425525
v 0.185247 0.553986 0.434333
v 0.188073 0.566540 0.439916
v 0.189047 0.580406 0.441727
v 0.188073 0.594225 0.439590
v 0.185247 0.606644 0.433713
v 0.180845 0.616449 0.424672
v 0.175298 0.622679 0.413351
v 0.169149 0.624725 0.400860
v 0.163001 0.622386 0.388420
v 0.157454 0.615891 0.377250
v 0.153052 0.605876 0.368442
v 0.150226 0.593321 0.362859
v 0.149252 0.579455 0.361048
v -0.115539 0.566021 0.395863
v -0.116908 0.553608 0.402256
v -0.119040 0.543812 0.412100
v -0.121725 0.537594 0.424433
v -0.124703 0.535562 0.438047
v -0.127680 0.537914 0.451609
v -0.130366 0.544421 0.463791
v -0.132498 0.554446 0.473403
v -0.133866 0.567006 0.479501
v -0.134338 0.580874 0.481490
v -0.133866 0.594691 0.479175
v -0.132498 0.607104 0.472782
v -0.130366 0.616900 0.462938
v -0.127680 0.623118 0.450605
v -0.124703 0.625150 0.436992
v -0.121725 0.622798 0.423430
v -0.119040 0.616291 0.411247
v -0.116908 0.606267 0.401636
v -0.115539 0.593706 0.395537
v -0.115068 0.579838 0.393548
v -0.343058 0.564351 0.253997
v -0.348018 0.551911 0.258150
v -0.355743 0.542074 0.264507
v -0.365476 0.535804 0.272445
v -0.376266 0.533714 0.281187
v -0.387056 0.536009 0.289877
v -0.396790 0.542465 0.297666
v -0.404515 0.552448 0.303789
v -0.409475 0.564983 0.307648
v -0.411184 0.578841 0.308866
v -0.409475 0.592667 0.307322
v -0.404515 0.605107 0.303169
v -0.396790 0.614943 0.296812
v -0.387056 0.621213 0.288874
v -0.376266 0.623303 0.280132
v -0.365476 0.621008 0.271442
v -0.355743 0.614553 0.263653
v -0.348018 0.604570 0.257530
v -0.343058 0.592035 0.253670
v -0.341349 0.578177 0.252453
v -0.431971 0.561361 0.000163
v -0.438334 0.548874 0.000310
v -0.448244 0.538964 0.000427
v -0.460733 0.532602 0.000501
v -0.474576 0.530409 0.000527
v -0.488419 0.532602 0.000501
v -0.500907 0.538964 0.000427
v -0.510818 0.548874 0.000310
v -0.517181 0.561361 0.000163
v -0.519373 0.575204 -0.000000
v -0.517181 0.589046 -0.000163
v -0.510818 0.601533 -0.000310
v -0.500907 0.611443 -0.000427
v -0.488419 0.617806 -0.000502
v -0.474576 0.619998 -0.000528
v -0.460733 0.617806 -0.000502
v -0.448244 0.611443 -0.000427
v -0.438334 0.601533 -0.000310
v -0.431971 0.589046 -0.000163
v -0.429778 0.575204 -0.000000
v -0.343058 0.558372 -0.253671
v -0.348017 0.545838 -0.257530
v -0.355742 0.535854 -0.263654
v -0.365476 0.529399 -0.271442
v -0.376266 0.527104 -0.280132
v -0.387056 0.529194 -0.288875
v -0.396790 0.535464 -0.296813
v -0.404515 0.545300 -0.303169
v -0.409474 0.557740 -0.307323
v -0.411183 0.571566 -0.308866
v -0.409474 0.585425 -0.307649
v -0.404515 0.597959 -0.303789
v -0.396790 0.607943 -0.297666
v -0.387056 0.614398 -0.289878
v -0.376266 0.616693 -0.281187
v -0.365476 0.614603 -0.272445
v -0.355742 0.608333 -0.264507
v -0.348018 0.598497 -0.258150
v -0.343058 0.586057 -0.253997
v -0.341349 0.572231 -0.252453
v -0.115539 0.556701 -0.395537
v -0.116908 0.544141 -0.401636
v -0.119039 0.534116 -0.411247
v -0.121725 0.527609 -0.423430
v -0.124702 0.525257 -0.436992
v -0.127680 0.527289 -0.450606
v -0.130366 0.533507 -0.462938
v -0.132497 0.543303 -0.472783
v -0.133866 0.555717 -0.479175
v -0.134337 0.569534 -0.481490
v -0.133866 0.583401 -0.479501
v -0.132497 0.595962 -0.473403
v -0.130366 0.605986 -0.463792
v -0.127680 0.612493 -0.451609
v -0.124702 0.614846 -0.438047
v -0.121725 0.612813 -0.424433
v -0.119039 0.606595 -0.412101
v -0.116908 0.596800 -0.402256
v -0.115539 0.584386 -0.395864
v -0.115067 0.570569 -0.393548
v 0.150226 0.557086 -0.362859
v 0.153052 0.544532 -0.368442
v 0.157454 0.534517 -0.377250
v 0.163001 0.528022 -0.388420
v 0.169150 0.525682 -0.400860
v 0.175298 0.527728 -0.413351
v 0.180845 0.533958 -0.424672
v 0.185247 0.543763 -0.433713
v 0.188073 0.556183 -0.439590
v 0.189047 0.570002 -0.441727
v 0.188073 0.583867 -0.439916
v 0.185247 0.596422 -0.434333
v 0.180845 0.606437 -0.425525
v 0.175298 0.612932 -0.414355
v 0.169150 0.615271 -0.401915
v 0.163001 0.613225 -0.389423
v 0.157454 0.606995 -0.378103
v 0.153052 0.597190 -0.369062
v 0.150226 0.584771 -0.363185
v 0.149252 0.570952 -0.361048
v 0.337008 0.559357 -0.170050
v 0.342782 0.546838 -0.172590
v 0.351776 0.536879 -0.176657
v 0.363108 0.530454 -0.181855
v 0.375671 0.528193 -0.187674
v 0.388233 0.530317 -0.193545
v 0.399566 0.536617 -0.198893
v 0.408560 0.546478 -0.203194
v 0.414334 0.558933 -0.206027
v 0.416324 0.572765 -0.207116
v 0.414334 0.586618 -0.206354
v 0.408560 0.599137 -0.203814
v 0.399566 0.609096 -0.199746
v 0.388233 0.615520 -0.194548
v 0.375671 0.617782 -0.188729
v 0.363108 0.615658 -0.182859
v 0.351776 0.609358 -0.177511
v 0.342782 0.599497 -0.173210
v 0.337008 0.587041 -0.170376
v 0.335018 0.573210 -0.169287
v 0.374305 0.548911 0.171723
v 0.380668 0.536424 0.171870
v 0.390579 0.526514 0.171986
v 0.403067 0.520151 0.172061
v 0.416910 0.517959 0.172087
v 0.430753 0.520151 0.172061
v 0.443241 0.526514 0.171986
v 0.453152 0.536424 0.171869
v 0.459515 0.548911 0.171722
v 0.461708 0.562753 0.171559
v 0.459515 0.576596 0.171396
v 0.453152 0.589083 0.171249
v 0.443241 0.598993 0.171133
v 0.430753 0.605356 0.171058
v 0.416910 0.607548 0.171032
v 0.403067 0.605356 0.171058
v 0.390579 0.598993 0.171133
v 0.380668 0.589083 0.171249
v 0.374305 0.576596 0.171397
v 0.372113 0.562753 0.171560
v 0.374306 0.519558 0.238862
v 0.380669 0.507071 0.239009
v 0.390580 0.497161 0.239125
v 0.403068 0.490798 0.239200
v 0.416911 0.488606 0.239226
v 0.430754 0.490798 0.239200
v 0.443242 0.497161 0.239125
v 0.453153 0.507071 0.239008
v 0.459516 0.519558 0.238861
v 0.461708 0.533400 0.238698
v 0.459516 0.547243 0.238535
v 0.453153 0.559730 0.238388
v 0.443242 0.569640 0.238272
v 0.430754 0.576002 0.238197
v 0.416911 0.578195 0.238171
v 0.403068 0.576002 0.238197
v 0.390580 0.569640 0.238272
v 0.380669 0.559730 0.238389
v 0.374306 0.547243 0.238536
v 0.372113 0.533400 0.238699
v 0.414301 0.329983 0.612270
v 0.418944 0.317444 0.608067
v 0.426177 0.307454 0.601409
v 0.435291 0.300991 0.592947
v 0.445393 0.298688 0.583509
v 0.455496 0.300768 0.574019
v 0.464609 0.307030 0.565407
v 0.471842 0.316861 0.558515
v 0.476486 0.329297 0.554018
v 0.478086 0.343121 0.552357
v 0.476486 0.356981 0.553692
v 0.471842 0.369520 0.557895
v 0.464609 0.379509 0.564554
v 0.455496 0.385972 0.573016
v 0.445393 0.388276 0.582454
v 0.435291 0.386195 0.591943
v 0.426177 0.379933 0.600555
v 0.418944 0.370103 0.607447
v 0.414301 0.357667 0.611944
v 0.412701 0.343842 0.613606
v 0.413796 0.336196 -0.572623
v 0.450153 0.333325 0.616383
v 0.347146 0.625864 -0.094463
v 0.353080 0.638329 -0.096566
v 0.362323 0.648203 -0.099730
v 0.373970 0.654520 -0.103644
v 0.386880 0.656662 -0.107926
v 0.399791 0.654420 -0.112157
v 0.411438 0.648012 -0.115921
v 0.420680 0.638066 -0.118852
v 0.426615 0.625556 -0.120661
v 0.428660 0.611706 -0.121172
v 0.426615 0.597871 -0.120335
v 0.420680 0.585407 -0.118232
v 0.411438 0.575533 -0.115068
v 0.399791 0.569216 -0.111153
v 0.386880 0.567074 -0.106871
v 0.373970 0.569316 -0.102641
v 0.362323 0.575724 -0.098876
v 0.353080 0.585670 -0.095946
v 0.347146 0.598180 -0.094137
v 0.345101 0.612030 -0.093625
v 0.413196 0.666984 -0.016594
v 0.425207 0.660595 -0.018697
v 0.434739 0.650665 -0.020308
v 0.440859 0.638165 -0.021270
v 0.442967 0.624318 -0.021490
v 0.440859 0.610480 -0.020944
v 0.434739 0.598006 -0.019688
v 0.425207 0.588117 -0.017843
v 0.413196 0.581780 -0.015591
v 0.399881 0.579616 -0.013152
v 0.386567 0.581837 -0.010764
v 0.374556 0.588225 -0.008662
v 0.365024 0.598155 -0.007050
v 0.358904 0.610655 -0.006088
v 0.356795 0.624502 -0.005869
v 0.358904 0.638340 -0.006414
v 0.365024 0.650814 -0.007671
v 0.374556 0.660704 -0.009515
v 0.386567 0.667041 -0.011767
v 0.399881 0.669204 -0.014207
v 0.423411 0.650953 0.076009
v 0.435700 0.644580 0.075173
v 0.445452 0.634661 0.074567
v 0.451713 0.622168 0.074251
v 0.453871 0.608324 0.074254
v 0.451713 0.594484 0.074577
v 0.445452 0.582002 0.075188
v 0.435700 0.572101 0.076027
v 0.423411 0.565749 0.077012
v 0.409789 0.563568 0.078047
v 0.396167 0.565773 0.079031
v 0.383878 0.572146 0.079866
v 0.374126 0.582064 0.080472
v 0.367865 0.594557 0.080789
v 0.365707 0.608401 0.080786
v 0.367865 0.622241 0.080463
v 0.374126 0.634723 0.079852
v 0.383878 0.644625 0.079013
v 0.396167 0.650977 0.078027
v 0.409789 0.653157 0.076992
v 0.371318 0.328012 -0.561871
v 0.375078 0.325327 -0.569716
v 0.383879 0.326484 -0.573033
v 0.377687 0.315897 -0.561529
v 0.381199 0.314387 -0.569800
v 0.389055 0.318237 -0.573382
v 0.387603 0.306280 -0.561253
v 0.390318 0.305877 -0.569833
v 0.396183 0.311976 -0.573647
v 0.400094 0.300098 -0.561089
v 0.401535 0.300475 -0.569844
v 0.404628 0.308006 -0.573814
v 0.413938 0.297960 -0.561047
v 0.413843 0.298578 -0.569854
v 0.413796 0.306522 -0.573877
v 0.427780 0.300079 -0.561128
v 0.426193 0.300333 -0.569871
v 0.423085 0.307632 -0.573830
v 0.440265 0.306243 -0.561331
v 0.437516 0.305648 -0.569881
v 0.431857 0.311360 -0.573672
v 0.450170 0.315845 -0.561635
v 0.446755 0.314160 -0.569858
v 0.439382 0.317623 -0.573408
v 0.456527 0.327951 -0.561992
v 0.452947 0.325186 -0.569772
v 0.444836 0.326119 -0.573048
v 0.458712 0.341394 -0.562328
v 0.455363 0.337715 -0.569614
v 0.447421 0.336196 -0.572623
v 0.456513 0.354867 -0.562587
v 0.453650 0.350496 -0.569395
v 0.446591 0.346842 -0.572172
v 0.450145 0.367049 -0.562752
v 0.447907 0.362193 -0.569153
v 0.442232 0.356837 -0.571750
v 0.440231 0.376738 -0.562835
v 0.438686 0.371562 -0.568934
v 0.434718 0.364967 -0.571406
v 0.427740 0.382970 -0.562864
v 0.426920 0.377600 -0.568782
v 0.424863 0.370226 -0.571184
v 0.413897 0.385123 -0.562862
v 0.413823 0.379663 -0.568725
v 0.413796 0.371965 -0.571111
v 0.400054 0.382984 -0.562837
v 0.400748 0.377537 -0.568775
v 0.402809 0.369982 -0.571195
v 0.387569 0.376767 -0.562780
v 0.389048 0.371455 -0.568919
v 0.393177 0.364551 -0.571424
v 0.377662 0.367092 -0.562670
v 0.379924 0.362079 -0.569129
v 0.385982 0.356386 -0.571769
v 0.371305 0.354920 -0.562483
v 0.374287 0.350426 -0.569359
v 0.381948 0.346535 -0.572186
v 0.369119 0.341454 -0.562208
v 0.372651 0.337739 -0.569566
v 0.381323 0.336196 -0.572623
v 0.416688 0.324888 0.629022
v 0.422482 0.323427 0.635892
v 0.431286 0.325133 0.634156
v 0.421324 0.312365 0.624770
v 0.426563 0.312685 0.632159
v 0.434299 0.317717 0.631420
v 0.428606 0.302271 0.618453
v 0.432713 0.303813 0.626769
v 0.438480 0.311440 0.627577
v 0.437797 0.295643 0.610533
v 0.440526 0.297528 0.619955
v 0.443753 0.306407 0.622696
v 0.448010 0.293103 0.601874
v 0.449479 0.294583 0.612132
v 0.450153 0.303222 0.616738
v 0.458267 0.294855 0.593465
v 0.458791 0.295551 0.603998
v 0.457370 0.302812 0.609981
v 0.467599 0.300650 0.586390
v 0.467465 0.300606 0.596505
v 0.464532 0.306048 0.603233
v 0.475078 0.309955 0.581223
v 0.474483 0.309314 0.590507
v 0.470516 0.312828 0.597546
v 0.479910 0.321990 0.578047
v 0.479074 0.320737 0.586565
v 0.474569 0.322185 0.593639
v 0.481628 0.335562 0.577216
v 0.480747 0.333674 0.585147
v 0.476177 0.333037 0.592005
v 0.480082 0.349307 0.578928
v 0.479330 0.346779 0.586458
v 0.475138 0.344172 0.592847
v 0.475441 0.361838 0.583154
v 0.474953 0.358692 0.590427
v 0.471500 0.354340 0.596136
v 0.468166 0.371918 0.589517
v 0.468061 0.368180 0.596664
v 0.465644 0.362369 0.601527
v 0.458947 0.378607 0.597237
v 0.459364 0.374305 0.604471
v 0.458261 0.367428 0.608385
v 0.448669 0.381285 0.605446
v 0.449742 0.376455 0.613005
v 0.450153 0.368939 0.615964
v 0.438329 0.379710 0.613268
v 0.440191 0.374413 0.621329
v 0.442263 0.366684 0.623382
v 0.428982 0.373947 0.620240
v 0.431762 0.368348 0.628580
v 0.435661 0.360814 0.629636
v 0.421587 0.364464 0.625991
v 0.425413 0.358970 0.634021
v 0.431300 0.352300 0.633823
v 0.416825 0.352281 0.629657
v 0.421694 0.347532 0.637096
v 0.429369 0.342806 0.635743
v 0.415142 0.338633 0.630736
v 0.420769 0.335317 0.637658
v 0.429544 0.333552 0.635689
v 0.097691 0.944372 0.742438
v -0.097691 0.944372 0.742438
v 0.097691 0.944372 -0.742438
v -0.097691 0.944372 -0.742438
v -0.742438 0.944372 -0.097691
v -0.742438 0.944372 0.097691
v 0.742438 0.944372 0.097691
v 0.742438 0.944372 -0.097691
v 0.444076 0.927142 0.582232
v 0.582232 0.927142 0.444076
v 0.582232 0.927142 -0.444076
v 0.444076 0.927142 -0.582232
v -0.444076 0.927142 -0.582232
v -0.582232 0.927142 -0.444076
v -0.444076 0.927142 0.582232
v -0.582232 0.927142 0.444076
v -0.348998 0.578011 -0.090123
v -0.348998 0.578011 0.090123
v -0.906258 0.182125 -0.090123
v -0.906258 0.182125 0.090123
v -0.956109 -0.571488 0.754586
v -0.817953 -0.571488 0.882039
v -0.882865 -0.855144 0.687016
v -0.744709 -0.855144 0.814469
v -0.348998 0.578011 -0.090123
v -0.320710 0.578011 -0.168412
v -0.660018 0.756703 -0.097691
v -0.553975 0.756703 -0.415819
v 0.075624 0.939706 0.642537
v -0.075624 0.939706 0.642537
v 0.075624 0.939706 -0.642537
v -0.075624 0.939706 -0.642537
v -0.642537 0.939706 -0.075624
v -0.642537 0.939706 0.075624
v 0.642537 0.939706 0.075624
v 0.642537 0.939706 -0.075624
v 0.385927 0.924153 0.499022
v 0.499022 0.924153 0.385927
v 0.499022 0.924153 -0.385927
v 0.385927 0.924153 -0.499022
v -0.385927 0.924153 -0.499022
v -0.499022 0.924153 -0.385927
v -0.385927 0.924153 0.499022
v -0.499022 0.924153 0.385927
v 0.033699 0.730210 0.451318
v -0.033699 0.730210 0.451318
v 0.101952 0.705126 0.101952
v -0.101952 0.705126 0.101952
v -0.101952 0.705126 -0.101952
v 0.101952 0.705126 -0.101952
v 0.033699 0.730210 -0.451318
v -0.033699 0.730210 -0.451318
v -0.451318 0.730210 -0.033699
v -0.451318 0.730210 0.033699
v 0.451318 0.730210 0.033699
v 0.451318 0.730210 -0.033698
v 0.274060 0.717988 0.337043
v 0.337043 0.717988 0.274060
v 0.337043 0.717988 -0.274060
v 0.274060 0.717988 -0.337043
v -0.274060 0.717988 -0.337043
v -0.337043 0.717988 -0.274060
v -0.274060 0.717988 0.337043
v -0.337043 0.717988 0.274060
vt 0.777605 0.662314
vt 0.805635 0.682697
vt 0.001992 0.500726
vt 0.001992 0.534744
vt 0.001992 0.301057
vt 0.001992 0.335075
vt 0.001992 0.101388
vt 0.001992 0.135406
vt 0.001992 0.700395
vt 0.001992 0.734413
vt 0.004695 0.401270
vt 0.004695 0.434531
vt 0.004695 0.600939
vt 0.004695 0.634200
vt 0.805635 0.619529
vt 0.004695 0.201602
vt 0.004695 0.234862
vt 0.004695 0.800608
vt 0.004695 0.035193
vt 0.777605 0.632973
vt 0.777605 0.568727
vt 0.777605 0.568727
vt 0.777605 0.632973
vt 0.715503 0.613449
vt 0.715503 0.588251
vt 0.715503 0.588251
vt 0.715503 0.613449
vt 0.940691 0.634510
vt 0.960386 0.634510
vt 0.960386 0.634510
vt 0.940691 0.634510
vt 0.939820 0.590014
vt 0.961280 0.590014
vt 0.961280 0.590014
vt 0.939820 0.590014
vt 0.777605 0.662314
vt 0.777605 0.632973
vt 0.805635 0.619529
vt 0.805635 0.682697
vt 0.004695 0.401270
vt 0.004695 0.434531
vt 0.004695 0.800608
vt 0.004695 0.035193
vt 0.004695 0.600939
vt 0.004695 0.634200
vt 0.004695 0.201602
vt 0.004695 0.234862
vt 0.001992 0.335075
vt 0.001992 0.301057
vt 0.001992 0.135406
vt 0.001992 0.101388
vt 0.001992 0.734413
vt 0.001992 0.700395
vt 0.001992 0.500726
vt 0.001992 0.534744
vt 0.004695 0.001933
vt 0.004695 0.001933
vt 0.313329 0.463721
vt 0.313329 0.494369
vt 0.283890 0.494369
vt 0.283890 0.463721
vt 0.283890 0.544273
vt 0.310626 0.548706
vt 0.283890 0.413817
vt 0.310626 0.409384
vt 0.283890 0.565945
vt 0.310626 0.570378
vt 0.283890 0.392145
vt 0.310626 0.387712
vt 0.166655 0.215649
vt 0.138381 0.215649
vt 0.138381 0.181978
vt 0.166655 0.181978
vt 0.166655 0.264150
vt 0.138381 0.264150
vt 0.041391 0.215649
vt 0.031925 0.181972
vt 0.138381 0.145933
vt 0.166655 0.145933
vt 0.273112 0.181972
vt 0.263645 0.215649
vt 0.166655 0.326251
vt 0.138381 0.326251
vt 0.065617 0.264150
vt 0.239419 0.264150
vt 0.021398 0.215649
vt 0.011932 0.181972
vt 0.034149 0.145933
vt 0.138381 0.101350
vt 0.166655 0.101350
vt 0.270888 0.145933
vt 0.293105 0.181972
vt 0.283639 0.215649
vt 0.166655 0.367732
vt 0.138381 0.367732
vt 0.126100 0.326251
vt 0.178936 0.326251
vt 0.045624 0.264150
vt 0.259412 0.264150
vt 0.014156 0.145933
vt 0.044748 0.101437
vt 0.138381 0.062503
vt 0.166655 0.062503
vt 0.260288 0.101437
vt 0.290881 0.145933
vt 0.212693 0.367732
vt 0.167843 0.383721
vt 0.137194 0.383721
vt 0.092343 0.367732
vt 0.024755 0.101437
vt 0.062273 0.062958
vt 0.138381 0.023994
vt 0.166655 0.023994
vt 0.242763 0.062958
vt 0.280281 0.101437
vt 0.198929 0.326251
vt 0.239418 0.354282
vt 0.222179 0.381018
vt 0.082858 0.381018
vt 0.106107 0.326251
vt 0.065618 0.354282
vt 0.042280 0.062958
vt 0.078006 0.041601
vt 0.138381 0.001933
vt 0.166655 0.001933
vt 0.227031 0.041601
vt 0.262757 0.062958
vt 0.243851 0.381018
vt 0.061185 0.381018
vt 0.103911 0.011990
vt 0.201125 0.011990
vt 0.455100 0.215649
vt 0.426826 0.215649
vt 0.426826 0.181978
vt 0.455100 0.181978
vt 0.455100 0.264150
vt 0.426826 0.264150
vt 0.329836 0.215649
vt 0.320370 0.181972
vt 0.426826 0.145933
vt 0.455100 0.145933
vt 0.561556 0.181972
vt 0.552090 0.215649
vt 0.354062 0.264150
vt 0.527864 0.264150
vt 0.300377 0.181972
vt 0.309843 0.215649
vt 0.322594 0.145933
vt 0.426826 0.101350
vt 0.455100 0.101350
vt 0.559332 0.145933
vt 0.581550 0.181972
vt 0.572083 0.215649
vt 0.426826 0.326251
vt 0.414545 0.326251
vt 0.334069 0.264150
vt 0.547857 0.264150
vt 0.467381 0.326251
vt 0.455100 0.326251
vt 0.302601 0.145933
vt 0.333193 0.101437
vt 0.426826 0.062503
vt 0.455100 0.062503
vt 0.548733 0.101437
vt 0.579326 0.145933
vt 0.313200 0.101437
vt 0.350718 0.062958
vt 0.426826 0.023994
vt 0.455100 0.023994
vt 0.531208 0.062958
vt 0.330725 0.062958
vt 0.366451 0.041601
vt 0.426826 0.001933
vt 0.455100 0.001933
vt 0.515476 0.041601
vt 0.568726 0.101437
vt 0.551201 0.062958
vt 0.392356 0.011990
vt 0.489570 0.011990
vt 0.785082 0.905293
vt 0.782813 0.903831
vt 0.790559 0.887019
vt 0.792445 0.888951
vt 0.756383 0.962912
vt 0.753765 0.962838
vt 0.781012 0.902671
vt 0.789063 0.885487
vt 0.794224 0.863317
vt 0.796759 0.864243
vt 0.787597 0.906913
vt 0.794535 0.891091
vt 0.755803 0.964607
vt 0.753438 0.964625
vt 0.751686 0.962778
vt 0.759288 0.962985
vt 0.792212 0.862582
vt 0.807632 0.803615
vt 0.810237 0.804528
vt 0.799569 0.865270
vt 0.790112 0.908534
vt 0.796625 0.893232
vt 0.758485 0.964575
vt 0.751599 0.964632
vt 0.762198 0.963044
vt 0.805620 0.802451
vt 0.805054 0.761721
vt 0.807738 0.762991
vt 0.813180 0.805100
vt 0.802379 0.866296
vt 0.792381 0.909995
vt 0.798510 0.895163
vt 0.761227 0.964530
vt 0.764829 0.963084
vt 0.810724 0.763453
vt 0.816174 0.805275
vt 0.804914 0.867222
vt 0.794181 0.911155
vt 0.800006 0.896696
vt 0.763745 0.964480
vt 0.766920 0.963108
vt 0.813721 0.763062
vt 0.818924 0.805036
vt 0.806926 0.867957
vt 0.765772 0.964435
vt 0.816434 0.761855
vt 0.821162 0.804406
vt 0.818599 0.759952
vt 0.559999 0.809754
vt 0.562268 0.808292
vt 0.569631 0.824635
vt 0.567746 0.826566
vt 0.530940 0.750724
vt 0.533556 0.750647
vt 0.564783 0.806672
vt 0.571721 0.822494
vt 0.573945 0.849342
vt 0.571410 0.850268
vt 0.558199 0.810914
vt 0.566250 0.828098
vt 0.530576 0.748947
vt 0.532959 0.748966
vt 0.536461 0.750575
vt 0.528865 0.750790
vt 0.567298 0.805051
vt 0.573811 0.820353
vt 0.576755 0.848316
vt 0.588394 0.916772
vt 0.585644 0.916533
vt 0.569398 0.851003
vt 0.528736 0.748942
vt 0.535666 0.749000
vt 0.539373 0.750519
vt 0.569567 0.803590
vt 0.575696 0.818422
vt 0.579566 0.847289
vt 0.591387 0.916597
vt 0.585119 0.967177
vt 0.582406 0.965970
vt 0.583406 0.915903
vt 0.538429 0.749047
vt 0.542006 0.750483
vt 0.571368 0.802430
vt 0.577193 0.816889
vt 0.582101 0.846363
vt 0.594331 0.916025
vt 0.588116 0.967568
vt 0.580242 0.964067
vt 0.540957 0.749100
vt 0.544100 0.750465
vt 0.584113 0.845628
vt 0.596936 0.915112
vt 0.591102 0.967106
vt 0.542981 0.749147
vt 0.598948 0.913947
vt 0.593787 0.965836
vt 0.972566 0.900398
vt 0.969877 0.901295
vt 0.969221 0.845571
vt 0.971920 0.845540
vt 0.967751 0.902669
vt 0.967079 0.845597
vt 0.968565 0.789848
vt 0.971274 0.790682
vt 0.975554 0.900064
vt 0.974911 0.845504
vt 0.966407 0.788525
vt 0.974269 0.790945
vt 0.975913 0.930557
vt 0.972927 0.931057
vt 0.978549 0.900327
vt 0.977903 0.845469
vt 0.970913 0.760022
vt 0.973910 0.760452
vt 0.977257 0.790611
vt 0.978910 0.930987
vt 0.981258 0.901161
vt 0.980601 0.845437
vt 0.976896 0.759952
vt 0.979945 0.789714
vt 0.983415 0.902485
vt 0.982743 0.845412
vt 0.982071 0.788340
vt 0.728419 0.787347
vt 0.731128 0.786513
vt 0.730345 0.852965
vt 0.727646 0.852934
vt 0.734123 0.786249
vt 0.733337 0.853001
vt 0.729563 0.919418
vt 0.726874 0.918521
vt 0.726261 0.788670
vt 0.725505 0.852908
vt 0.731565 0.749372
vt 0.734562 0.748942
vt 0.737111 0.786583
vt 0.736328 0.853036
vt 0.732551 0.919752
vt 0.724748 0.917147
vt 0.737548 0.749443
vt 0.739799 0.787481
vt 0.739027 0.853068
vt 0.735546 0.919489
vt 0.732111 0.957059
vt 0.729125 0.956559
vt 0.741925 0.788854
vt 0.741169 0.853093
vt 0.738255 0.918655
vt 0.735108 0.956629
vt 0.740412 0.917331
vt 0.497121 0.933432
vt 0.494415 0.933981
vt 0.502808 0.917417
vt 0.505511 0.917026
vt 0.496630 0.975101
vt 0.493917 0.976308
vt 0.492263 0.934860
vt 0.500658 0.918050
vt 0.505506 0.898205
vt 0.508208 0.897997
vt 0.500115 0.933267
vt 0.508505 0.916915
vt 0.491753 0.978211
vt 0.499627 0.974710
vt 0.503360 0.898553
vt 0.502029 0.879290
vt 0.504728 0.879221
vt 0.511200 0.897950
vt 0.503104 0.933502
vt 0.511494 0.917096
vt 0.502613 0.975172
vt 0.499885 0.879421
vt 0.492165 0.859537
vt 0.494864 0.859569
vt 0.507720 0.879222
vt 0.514191 0.898067
vt 0.505796 0.934115
vt 0.514188 0.917551
vt 0.505298 0.976442
vt 0.490023 0.859512
vt 0.485821 0.845027
vt 0.488520 0.845059
vt 0.497855 0.859604
vt 0.510711 0.879292
vt 0.516886 0.898339
vt 0.507927 0.935044
vt 0.516322 0.918235
vt 0.507417 0.978396
vt 0.483679 0.845002
vt 0.444839 0.765267
vt 0.447549 0.764359
vt 0.491511 0.845094
vt 0.500847 0.859640
vt 0.513409 0.879424
vt 0.519024 0.898738
vt 0.509289 0.936200
vt 0.517687 0.919081
vt 0.442681 0.766706
vt 0.443742 0.761658
vt 0.446448 0.760739
vt 0.450545 0.764070
vt 0.494503 0.845130
vt 0.503545 0.859671
vt 0.515549 0.879605
vt 0.482304 0.844986
vt 0.441284 0.768535
vt 0.441560 0.763023
vt 0.446132 0.759254
vt 0.443811 0.760061
vt 0.449419 0.760368
vt 0.453532 0.764430
vt 0.497202 0.845161
vt 0.505687 0.859697
vt 0.440128 0.764735
vt 0.441894 0.761226
vt 0.448702 0.758872
vt 0.452368 0.760602
vt 0.456220 0.765402
vt 0.499343 0.845187
vt 0.451342 0.758994
vt 0.455001 0.761394
vt 0.458344 0.766891
vt 0.453814 0.759658
vt 0.457051 0.762637
vt 0.259853 0.425130
vt 0.261807 0.424686
vt 0.267915 0.438128
vt 0.265960 0.438458
vt 0.259427 0.388969
vt 0.261376 0.388048
vt 0.263977 0.424515
vt 0.270085 0.437997
vt 0.269893 0.453719
vt 0.267936 0.453916
vt 0.258306 0.425805
vt 0.264411 0.438954
vt 0.263543 0.387712
vt 0.257889 0.390388
vt 0.266150 0.424634
vt 0.272258 0.438077
vt 0.272064 0.453633
vt 0.267384 0.468703
vt 0.265426 0.468799
vt 0.266385 0.454205
vt 0.257318 0.426644
vt 0.263420 0.439568
vt 0.265718 0.387996
vt 0.268114 0.425033
vt 0.274220 0.438361
vt 0.274236 0.453668
vt 0.269555 0.468652
vt 0.260235 0.483942
vt 0.258276 0.483965
vt 0.263873 0.468931
vt 0.267688 0.388872
vt 0.269676 0.425671
vt 0.275781 0.438820
vt 0.276197 0.453819
vt 0.271726 0.468652
vt 0.262406 0.483916
vt 0.255630 0.494474
vt 0.253672 0.494497
vt 0.256722 0.483983
vt 0.269259 0.390254
vt 0.277754 0.454072
vt 0.273686 0.468702
vt 0.264578 0.483891
vt 0.257802 0.494448
vt 0.225785 0.543911
vt 0.223834 0.544617
vt 0.252117 0.494515
vt 0.275242 0.468797
vt 0.266537 0.483868
vt 0.259973 0.494423
vt 0.227953 0.543651
vt 0.224639 0.547681
vt 0.222751 0.548179
vt 0.222292 0.545698
vt 0.268091 0.483849
vt 0.261932 0.494400
vt 0.230127 0.543860
vt 0.226768 0.547550
vt 0.222650 0.549635
vt 0.224442 0.549017
vt 0.221291 0.548989
vt 0.263487 0.494381
vt 0.232094 0.544520
vt 0.228924 0.547819
vt 0.226471 0.548795
vt 0.221284 0.550576
vt 0.223201 0.550739
vt 0.224669 0.550127
vt 0.233661 0.545564
vt 0.230889 0.548482
vt 0.228527 0.549000
vt 0.226372 0.549870
vt 0.220491 0.551751
vt 0.220382 0.550099
vt 0.222138 0.551632
vt 0.226417 0.553694
vt 0.264485 0.494370
vt 0.234675 0.546892
vt 0.232471 0.549480
vt 0.230396 0.549623
vt 0.228118 0.550002
vt 0.221630 0.552690
vt 0.233520 0.550691
vt 0.231884 0.550601
vt 0.229713 0.550518
vt 0.221694 0.553750
vt 0.220339 0.553027
vt 0.232845 0.551826
vt 0.230973 0.551364
vt 0.222194 0.554685
vt 0.220801 0.554255
vt 0.233940 0.551979
vt 0.233182 0.553164
vt 0.231766 0.552440
vt 0.232003 0.553629
vt 0.222984 0.555450
vt 0.232862 0.554470
vt 0.231650 0.554792
vt 0.223968 0.556053
vt 0.225132 0.556482
vt 0.230729 0.555773
vt 0.226452 0.556723
vt 0.229393 0.556430
vt 0.227904 0.556731
vt 0.137087 0.503249
vt 0.157081 0.481577
vt 0.197569 0.518168
vt 0.175897 0.539840
vt 0.161174 0.468265
vt 0.214204 0.468265
vt 0.124807 0.507686
vt 0.125994 0.556475
vt 0.161174 0.437616
vt 0.214204 0.437616
vt 0.096532 0.507686
vt 0.095345 0.556475
vt 0.157081 0.424304
vt 0.197569 0.387712
vt 0.818734 0.472913
vt 0.838727 0.494585
vt 0.778244 0.560146
vt 0.758251 0.538474
vt 0.733996 0.459601
vt 0.814640 0.459601
vt 0.734024 0.564735
vt 0.701694 0.459601
vt 0.814640 0.428952
vt 0.733996 0.428952
vt 0.701694 0.428952
vt 0.758251 0.350078
vt 0.818734 0.415639
vt 0.734024 0.323817
vt 0.838727 0.393967
vt 0.778244 0.328406
vt 0.687989 0.878261
vt 0.715534 0.908119
vt 0.662065 0.958532
vt 0.632207 0.928674
vt 0.682349 0.859921
vt 0.609289 0.859921
vt 0.682349 0.817695
vt 0.609289 0.817695
vt 0.687989 0.799355
vt 0.632207 0.748942
vt 0.558527 0.501011
vt 0.578520 0.479338
vt 0.639002 0.544900
vt 0.619009 0.566572
vt 0.582614 0.466026
vt 0.663257 0.466026
vt 0.582613 0.435377
vt 0.663257 0.435377
vt 0.695559 0.466026
vt 0.663229 0.571161
vt 0.578520 0.422065
vt 0.639002 0.356504
vt 0.695559 0.435377
vt 0.558527 0.400393
vt 0.619009 0.334831
vt 0.663229 0.330243
vt 0.430641 0.375910
vt 0.441214 0.375910
vt 0.451920 0.430714
vt 0.419935 0.430714
vt 0.424065 0.345914
vt 0.447791 0.345914
vt 0.478918 0.393835
vt 0.488798 0.403715
vt 0.506724 0.441420
vt 0.419935 0.462699
vt 0.451920 0.462699
vt 0.383057 0.403715
vt 0.392937 0.393835
vt 0.365131 0.441420
vt 0.420603 0.330243
vt 0.451252 0.330243
vt 0.496467 0.368426
vt 0.375389 0.368426
vt 0.514208 0.386167
vt 0.536720 0.434843
vt 0.506724 0.451992
vt 0.365131 0.451992
vt 0.441214 0.517503
vt 0.430641 0.517503
vt 0.357648 0.386167
vt 0.335135 0.434843
vt 0.505588 0.355374
vt 0.366267 0.355374
vt 0.527260 0.377046
vt 0.552391 0.431382
vt 0.536720 0.458569
vt 0.488798 0.489697
vt 0.478918 0.499577
vt 0.392937 0.499577
vt 0.383057 0.489697
vt 0.335135 0.458569
vt 0.447791 0.547499
vt 0.424065 0.547499
vt 0.344595 0.377046
vt 0.319464 0.431382
vt 0.552391 0.462031
vt 0.514208 0.507245
vt 0.496467 0.524986
vt 0.375389 0.524986
vt 0.357648 0.507245
vt 0.319464 0.462031
vt 0.451252 0.563170
vt 0.420603 0.563170
vt 0.527260 0.516367
vt 0.505588 0.538039
vt 0.366267 0.538039
vt 0.344595 0.516367
vt 0.655629 0.092279
vt 0.633956 0.112272
vt 0.605875 0.086366
vt 0.627547 0.066373
vt 0.687448 0.121634
vt 0.665776 0.141627
vt 0.588822 0.070634
vt 0.610494 0.050641
vt 0.692993 0.060974
vt 0.692993 0.089232
vt 0.692993 0.121436
vt 0.692993 0.146742
vt 0.665562 0.146742
vt 0.630654 0.146742
vt 0.692993 0.024727
vt 0.723642 0.089232
vt 0.723642 0.060974
vt 0.723642 0.121436
vt 0.723642 0.146742
vt 0.665562 0.175016
vt 0.692993 0.175016
vt 0.630654 0.175016
vt 0.723642 0.024727
vt 0.789087 0.066373
vt 0.761006 0.092279
vt 0.729186 0.121634
vt 0.750858 0.141627
vt 0.751073 0.146742
vt 0.723642 0.175016
vt 0.692993 0.200322
vt 0.687448 0.200124
vt 0.665776 0.180131
vt 0.633956 0.209486
vt 0.692993 0.001933
vt 0.723642 0.001933
vt 0.806141 0.050641
vt 0.782678 0.112272
vt 0.810759 0.086366
vt 0.785981 0.146742
vt 0.751073 0.175016
vt 0.723642 0.200322
vt 0.655629 0.229479
vt 0.692993 0.232526
vt 0.827813 0.070634
vt 0.785981 0.175016
vt 0.750858 0.180131
vt 0.729186 0.200124
vt 0.723642 0.232526
vt 0.627547 0.255385
vt 0.692993 0.260784
vt 0.605875 0.235392
vt 0.782678 0.209486
vt 0.761006 0.229479
vt 0.723642 0.260784
vt 0.692993 0.297031
vt 0.610494 0.271117
vt 0.588822 0.251124
vt 0.810759 0.235392
vt 0.789087 0.255385
vt 0.723642 0.297031
vt 0.827813 0.251124
vt 0.806141 0.271117
vt 0.723642 0.319825
vt 0.692993 0.319825
vt 0.949209 0.532797
vt 0.961489 0.537234
vt 0.960302 0.586022
vt 0.910399 0.569388
vt 0.192415 0.832852
vt 0.194801 0.833511
vt 0.194801 0.848918
vt 0.192414 0.848047
vt 0.191846 0.779705
vt 0.194232 0.779737
vt 0.197446 0.833738
vt 0.197446 0.849217
vt 0.194801 0.868717
vt 0.192414 0.868300
vt 0.192365 0.778065
vt 0.194508 0.778064
vt 0.196878 0.779745
vt 0.200092 0.833511
vt 0.200092 0.848918
vt 0.197446 0.868861
vt 0.187165 0.922621
vt 0.184999 0.921469
vt 0.196860 0.778062
vt 0.199523 0.779729
vt 0.202478 0.832853
vt 0.202478 0.848047
vt 0.200091 0.868717
vt 0.189565 0.923781
vt 0.148925 0.961374
vt 0.147866 0.959211
vt 0.199220 0.778058
vt 0.201909 0.779690
vt 0.202478 0.868300
vt 0.191966 0.924837
vt 0.150100 0.963761
vt 0.094516 0.968064
vt 0.095029 0.965707
vt 0.183281 0.920439
vt 0.147024 0.957483
vt 0.201384 0.778056
vt 0.194132 0.925685
vt 0.151275 0.966138
vt 0.093947 0.970666
vt 0.047937 0.939020
vt 0.049797 0.937503
vt 0.095437 0.963826
vt 0.152335 0.968273
vt 0.093378 0.973257
vt 0.045875 0.940691
vt 0.029734 0.887053
vt 0.032120 0.887039
vt 0.051273 0.936288
vt 0.092865 0.975585
vt 0.043813 0.942351
vt 0.027088 0.887058
vt 0.047937 0.835086
vt 0.049797 0.836575
vt 0.153176 0.969956
vt 0.092457 0.977422
vt 0.041953 0.943840
vt 0.024443 0.887053
vt 0.045875 0.833426
vt 0.094516 0.806042
vt 0.095029 0.808370
vt 0.040477 0.945010
vt 0.022057 0.887039
vt 0.043813 0.831755
vt 0.093947 0.803451
vt 0.148926 0.812733
vt 0.147866 0.814867
vt 0.051273 0.837745
vt 0.095437 0.810207
vt 0.041953 0.830238
vt 0.093378 0.800849
vt 0.150100 0.810355
vt 0.187165 0.852206
vt 0.184999 0.853199
vt 0.147024 0.816550
vt 0.092865 0.798493
vt 0.151275 0.807968
vt 0.189565 0.851094
vt 0.189240 0.867343
vt 0.187015 0.868063
vt 0.040477 0.829023
vt 0.092458 0.796611
vt 0.152335 0.805805
vt 0.191966 0.849972
vt 0.191707 0.866535
vt 0.153177 0.804077
vt 0.429367 0.930722
vt 0.426668 0.931467
vt 0.426668 0.917247
vt 0.429367 0.916263
vt 0.428716 0.982687
vt 0.426017 0.982693
vt 0.423677 0.931724
vt 0.423676 0.917586
vt 0.426668 0.887996
vt 0.429367 0.887524
vt 0.428382 0.984005
vt 0.425840 0.983972
vt 0.423025 0.982693
vt 0.420685 0.931467
vt 0.420685 0.917247
vt 0.423676 0.888159
vt 0.417479 0.820507
vt 0.419928 0.819205
vt 0.423009 0.983960
vt 0.420033 0.982687
vt 0.417986 0.930722
vt 0.417986 0.916263
vt 0.420684 0.887996
vt 0.414764 0.821819
vt 0.371460 0.771716
vt 0.372658 0.769270
vt 0.420183 0.983971
vt 0.417335 0.982675
vt 0.417986 0.887524
vt 0.412049 0.823014
vt 0.370131 0.774416
vt 0.305981 0.763665
vt 0.305400 0.761000
vt 0.421871 0.818040
vt 0.373610 0.767316
vt 0.417655 0.984002
vt 0.409600 0.823973
vt 0.368802 0.777104
vt 0.306624 0.766607
vt 0.249925 0.798618
vt 0.247822 0.796903
vt 0.304940 0.758872
vt 0.367603 0.779519
vt 0.307268 0.769538
vt 0.252257 0.800507
vt 0.228019 0.861157
vt 0.225320 0.861141
vt 0.246152 0.795529
vt 0.307848 0.772171
vt 0.254589 0.802386
vt 0.231011 0.861163
vt 0.249925 0.923696
vt 0.247822 0.925380
vt 0.366652 0.781422
vt 0.308309 0.774248
vt 0.256693 0.804069
vt 0.234003 0.861157
vt 0.252257 0.921818
vt 0.305981 0.958649
vt 0.305400 0.961282
vt 0.258362 0.805392
vt 0.236701 0.861141
vt 0.254589 0.919929
vt 0.306624 0.955718
vt 0.371460 0.950598
vt 0.372658 0.953012
vt 0.246152 0.926703
vt 0.304940 0.963359
vt 0.256693 0.918213
vt 0.307268 0.952776
vt 0.370131 0.947910
vt 0.373610 0.954916
vt 0.307848 0.950111
vt 0.368802 0.945210
vt 0.414764 0.901836
vt 0.417479 0.903094
vt 0.258362 0.916840
vt 0.308309 0.947983
vt 0.367603 0.942763
vt 0.412049 0.900568
vt 0.366652 0.940809
vt 0.409600 0.899412
vt 0.414396 0.883448
vt 0.417186 0.884374
vt 0.898505 0.600665
vt 0.899375 0.598889
vt 0.933685 0.634306
vt 0.931907 0.635145
vt 0.045585 0.553920
vt 0.044715 0.552167
vt 0.078117 0.517687
vt 0.079895 0.518502
vt 0.079930 0.504763
vt 0.081757 0.505353
vt 0.076146 0.516774
vt 0.077905 0.504099
vt 0.082033 0.489772
vt 0.083917 0.490102
vt 0.079944 0.489398
vt 0.083635 0.475246
vt 0.085563 0.475377
vt 0.075879 0.503427
vt 0.077856 0.489015
vt 0.081498 0.475091
vt 0.084787 0.460336
vt 0.086746 0.460324
vt 0.074052 0.502813
vt 0.075971 0.488662
vt 0.079361 0.474929
vt 0.082615 0.460340
vt 0.084787 0.449804
vt 0.086746 0.449792
vt 0.077434 0.474775
vt 0.080444 0.460336
vt 0.082615 0.449808
vt 0.078485 0.460324
vt 0.080444 0.449804
vt 0.087083 0.395801
vt 0.088668 0.397282
vt 0.078485 0.449792
vt 0.085499 0.394313
vt 0.087597 0.392195
vt 0.089210 0.393482
vt 0.084069 0.392962
vt 0.085975 0.390968
vt 0.084509 0.389874
vt 0.087766 0.391009
vt 0.086267 0.389703
vt 0.084945 0.388566
vt 0.083349 0.388972
vt 0.083949 0.387712
vt 0.937071 0.761220
vt 0.939786 0.759952
vt 0.942283 0.777758
vt 0.939493 0.778683
vt 0.945180 0.798411
vt 0.942303 0.798938
vt 0.944801 0.776912
vt 0.947776 0.797924
vt 0.947388 0.818424
vt 0.944444 0.818647
vt 0.936703 0.779598
vt 0.939425 0.799454
vt 0.950044 0.818211
vt 0.948975 0.838965
vt 0.945983 0.838971
vt 0.941500 0.818860
vt 0.934186 0.780411
vt 0.936830 0.799908
vt 0.951674 0.838949
vt 0.948975 0.853475
vt 0.945983 0.853481
vt 0.942991 0.838965
vt 0.938844 0.819041
vt 0.951674 0.853459
vt 0.954322 0.925836
vt 0.952139 0.927886
vt 0.942992 0.853475
vt 0.940292 0.838949
vt 0.956292 0.923974
vt 0.954921 0.930038
vt 0.952704 0.931855
vt 0.949956 0.929926
vt 0.940293 0.853459
vt 0.956938 0.928509
vt 0.953022 0.934072
vt 0.955034 0.932314
vt 0.950497 0.933727
vt 0.951087 0.935763
vt 0.949399 0.937236
vt 0.948511 0.935439
vt 0.872711 0.834811
vt 0.872711 0.877037
vt 0.832152 0.877037
vt 0.832152 0.834811
vt 0.832152 0.945790
vt 0.868987 0.951896
vt 0.832152 0.766058
vt 0.868987 0.759952
vt 0.883169 0.877037
vt 0.883169 0.834811
vt 0.923727 0.834811
vt 0.923727 0.877037
vt 0.923727 0.766058
vt 0.886893 0.759952
vt 0.923727 0.945790
vt 0.886893 0.951896
vt 0.987535 0.117328
vt 0.987535 0.147977
vt 0.953864 0.147977
vt 0.953864 0.117328
vt 0.987535 0.253112
vt 0.953858 0.263373
vt 0.917819 0.147977
vt 0.917819 0.117328
vt 0.953858 0.001933
vt 0.987535 0.012194
vt 0.917819 0.260962
vt 0.873236 0.147977
vt 0.873236 0.117328
vt 0.917819 0.004343
vt 0.873323 0.249473
vt 0.873323 0.015833
vt 0.834390 0.147977
vt 0.834844 0.230477
vt 0.834844 0.034829
vt 0.834390 0.117328
vt 0.878533 0.413409
vt 0.878533 0.382760
vt 0.914578 0.382760
vt 0.914578 0.413409
vt 0.844862 0.413409
vt 0.844862 0.382760
vt 0.878540 0.267365
vt 0.914578 0.269775
vt 0.959161 0.382760
vt 0.959161 0.413409
vt 0.914578 0.526394
vt 0.878540 0.528805
vt 0.844862 0.518544
vt 0.844862 0.277626
vt 0.959074 0.281265
vt 0.959074 0.514905
vt 0.998008 0.382760
vt 0.997553 0.300261
vt 0.997553 0.495908
vt 0.998008 0.413409
vt 0.850508 0.533240
vt 0.852456 0.532797
vt 0.852395 0.575144
vt 0.850447 0.574930
vt 0.852661 0.611398
vt 0.850709 0.610620
vt 0.848340 0.533393
vt 0.848280 0.574856
vt 0.846165 0.533240
vt 0.846105 0.574930
vt 0.844196 0.532797
vt 0.844134 0.575144
vt 0.846367 0.610620
vt 0.844400 0.611398
vt 0.813192 0.569323
vt 0.815162 0.568880
vt 0.815235 0.619381
vt 0.813264 0.619166
vt 0.817337 0.568727
vt 0.817410 0.619455
vt 0.814917 0.662615
vt 0.812951 0.661837
vt 0.819504 0.568880
vt 0.819577 0.619381
vt 0.821453 0.569323
vt 0.821525 0.619166
vt 0.821211 0.661837
vt 0.819260 0.662615
vt 0.861958 0.610620
vt 0.859992 0.611398
vt 0.859726 0.575144
vt 0.861696 0.574930
vt 0.859787 0.532797
vt 0.861757 0.533240
vt 0.863871 0.574856
vt 0.863932 0.533393
vt 0.866039 0.574930
vt 0.866099 0.533240
vt 0.867986 0.575144
vt 0.868048 0.532797
vt 0.868252 0.611398
vt 0.866301 0.610620
vt 0.836803 0.661837
vt 0.834852 0.662615
vt 0.835169 0.619381
vt 0.837116 0.619166
vt 0.835096 0.568880
vt 0.837044 0.569323
vt 0.833002 0.619455
vt 0.832928 0.568727
vt 0.830826 0.619381
vt 0.830753 0.568880
vt 0.828856 0.619166
vt 0.828784 0.569323
vt 0.830509 0.662615
vt 0.828543 0.661837
vt 0.889285 0.609291
vt 0.887992 0.610103
vt 0.886468 0.605410
vt 0.888173 0.611483
vt 0.889889 0.610523
vt 0.886468 0.610504
vt 0.890268 0.608173
vt 0.886226 0.611864
vt 0.891224 0.609093
vt 0.884847 0.610406
vt 0.890890 0.606848
vt 0.884236 0.611607
vt 0.892072 0.607333
vt 0.883301 0.609773
vt 0.891123 0.605410
vt 0.882408 0.610723
vt 0.892369 0.605402
vt 0.882020 0.608644
vt 0.890949 0.603953
vt 0.880938 0.609292
vt 0.892094 0.603465
vt 0.881168 0.607133
vt 0.890364 0.602577
vt 0.879983 0.607457
vt 0.891260 0.601689
vt 0.880857 0.605410
vt 0.889382 0.601396
vt 0.879650 0.605406
vt 0.889925 0.600240
vt 0.881130 0.603674
vt 0.888049 0.600540
vt 0.879974 0.603351
vt 0.888196 0.599268
vt 0.881955 0.602128
vt 0.886468 0.600135
vt 0.880921 0.601505
vt 0.886230 0.598889
vt 0.883231 0.600949
vt 0.884798 0.600265
vt 0.882390 0.600059
vt 0.884225 0.599158
vt 0.870178 0.619452
vt 0.871559 0.619720
vt 0.871285 0.621040
vt 0.869909 0.621317
vt 0.870818 0.617767
vt 0.872031 0.618556
vt 0.871258 0.622492
vt 0.870054 0.623233
vt 0.871783 0.616375
vt 0.872687 0.617572
vt 0.871561 0.623981
vt 0.870638 0.625027
vt 0.873008 0.615389
vt 0.873514 0.616782
vt 0.872245 0.625317
vt 0.871633 0.626498
vt 0.873281 0.626238
vt 0.872956 0.627450
vt 0.903592 0.594898
vt 0.875317 0.594898
vt 0.875317 0.532797
vt 0.903592 0.532797
vt 0.998008 0.577293
vt 0.978015 0.577293
vt 0.967415 0.532797
vt 0.987408 0.532797
vn -0.414417 -0.877414 0.241666
vn -0.226320 -0.884115 0.408804
vn -0.372063 -0.671779 0.640533
vn -0.641077 -0.663800 0.385214
vn -0.254948 0.799235 0.544266
vn -0.505072 0.813635 0.287924
vn -0.631309 0.697550 0.338928
vn -0.306251 0.678993 0.667217
vn -0.784151 0.484993 0.387156
vn -0.345151 0.464338 0.815635
vn 0.330766 -0.866719 0.373353
vn 0.579725 -0.779058 0.238720
vn 0.656707 -0.689105 0.306382
vn 0.436354 -0.692688 0.574264
vn 0.505072 0.813635 0.287924
vn 0.254948 0.799235 0.544266
vn 0.306251 0.678993 0.667217
vn 0.631309 0.697550 0.338928
vn 0.345151 0.464338 0.815635
vn 0.784151 0.484993 0.387156
vn -0.226320 -0.884114 -0.408804
vn -0.319547 -0.887347 -0.332424
vn -0.319547 -0.887347 -0.332424
vn -0.372063 -0.671779 -0.640533
vn -0.505072 0.813635 -0.287924
vn -0.254948 0.799235 -0.544266
vn -0.306251 0.678993 -0.667217
vn -0.631309 0.697550 -0.338928
vn -0.345151 0.464338 -0.815635
vn -0.784151 0.484993 -0.387156
vn 0.579725 -0.779058 -0.238720
vn 0.330767 -0.866718 -0.373353
vn 0.436354 -0.692688 -0.574264
vn 0.656707 -0.689105 -0.306382
vn 0.254948 0.799235 -0.544266
vn 0.505072 0.813635 -0.287924
vn 0.631309 0.697550 -0.338928
vn 0.306251 0.678993 -0.667217
vn 0.784151 0.484993 -0.387156
vn 0.345151 0.464338 -0.815636
vn -0.473138 -0.281770 0.834713
vn -0.834713 -0.281770 0.473138
vn 0.764581 -0.464728 0.446591
vn 0.482606 -0.329249 0.811595
vn 0.482605 -0.329249 -0.811595
vn 0.764582 -0.464728 -0.446591
vn -0.838120 -0.283041 -0.466308
vn -0.834713 -0.281770 -0.473139
vn -0.473139 -0.281770 -0.834713
vn -0.083593 -0.880455 0.466702
vn 0.083593 -0.880455 0.466702
vn 0.150185 -0.686216 0.711725
vn -0.150185 -0.686216 0.711724
vn 0.118037 0.786763 0.605864
vn -0.118037 0.786763 0.605864
vn -0.153034 0.669562 0.726820
vn 0.153034 0.669562 0.726820
vn -0.202367 0.457010 0.866135
vn 0.202367 0.457010 0.866135
vn 0.209286 -0.348308 0.913718
vn -0.209286 -0.348308 0.913718
vn 0.012865 0.998724 -0.048839
vn -0.012865 0.998724 -0.048839
vn -0.024819 0.999384 -0.024819
vn 0.024819 0.999384 -0.024819
vn 0.024819 0.999384 0.024819
vn -0.024819 0.999384 0.024819
vn -0.012865 0.998724 0.048839
vn 0.012865 0.998724 0.048839
vn 0.048839 0.998724 0.012866
vn 0.048839 0.998724 -0.012866
vn -0.048839 0.998724 -0.012865
vn -0.048839 0.998724 0.012866
vn -0.913718 -0.348308 0.209286
vn -0.913718 -0.348308 -0.209286
vn -0.805004 -0.573608 -0.151465
vn -0.732956 -0.661702 0.157880
vn 0.780471 -0.598989 -0.179104
vn 0.780470 -0.598989 0.179104
vn 0.692851 -0.707999 0.136730
vn 0.692851 -0.707999 -0.136730
vn -0.209286 -0.348308 -0.913718
vn 0.209286 -0.348308 -0.913718
vn 0.150185 -0.686216 -0.711724
vn -0.150185 -0.686216 -0.711725
vn 0.083593 -0.880455 -0.466702
vn -0.083593 -0.880455 -0.466702
vn -0.118037 0.786763 -0.605864
vn 0.118037 0.786763 -0.605864
vn 0.153034 0.669562 -0.726820
vn -0.153034 0.669562 -0.726820
vn 0.202367 0.457010 -0.866135
vn -0.202367 0.457010 -0.866135
vn 0.642522 -0.755705 0.126787
vn 0.642522 -0.755705 -0.126787
vn 0.574032 0.808024 -0.132606
vn 0.574032 0.808024 0.132606
vn 0.698964 0.693897 0.173077
vn 0.698964 0.693898 -0.173077
vn 0.845299 0.481418 0.231747
vn 0.845299 0.481418 -0.231747
vn -0.498170 -0.867079 -0.000000
vn -0.493214 -0.865025 0.092045
vn -0.579146 0.815224 0.000000
vn -0.579146 0.815224 0.000000
vn -0.579146 0.815224 0.000000
vn -0.579146 0.815224 0.000000
vn -0.724115 0.654390 0.217786
vn -0.724115 0.654391 -0.217786
vn -0.845299 0.481418 -0.231747
vn -0.845299 0.481418 0.231747
vn -0.231154 0.126114 0.964709
vn 0.231154 0.126114 0.964709
vn -0.228321 -0.196865 0.953475
vn 0.228321 -0.196865 0.953475
vn -0.212003 -0.386548 0.897572
vn 0.212003 -0.386548 0.897572
vn -0.380033 0.126529 0.916278
vn -0.892268 0.134525 0.431001
vn -0.904194 -0.192120 0.381474
vn -0.332477 -0.179792 0.925815
vn -0.639961 -0.330495 0.693703
vn -0.639961 -0.330495 0.693703
vn -0.639961 -0.330495 0.693703
vn -0.639961 -0.330495 0.693703
vn 0.380033 0.126529 0.916278
vn 0.892268 0.134525 0.431001
vn 0.373969 -0.200286 0.905556
vn 0.880189 -0.211583 0.424853
vn 0.355788 -0.394124 0.847397
vn 0.817005 -0.413347 0.402054
vn 0.954052 0.134007 0.268007
vn 0.954052 0.134006 -0.268006
vn 0.941284 -0.209809 0.264509
vn 0.941284 -0.209809 -0.264509
vn 0.879436 -0.408748 0.243962
vn 0.879436 -0.408748 -0.243962
vn -0.954052 0.134006 -0.268006
vn -0.954052 0.134007 0.268007
vn -0.941284 -0.209809 -0.264509
vn -0.941284 -0.209809 0.264509
vn -0.879436 -0.408748 -0.243962
vn -0.879436 -0.408748 0.243962
vn -0.892268 0.134524 -0.431001
vn -0.380033 0.126529 -0.916278
vn -0.373969 -0.200286 -0.905556
vn -0.880189 -0.211583 -0.424852
vn -0.355788 -0.394124 -0.847397
vn -0.817005 -0.413347 -0.402054
vn -0.231154 0.126114 -0.964709
vn 0.231154 0.126114 -0.964709
vn 0.228321 -0.196865 -0.953475
vn -0.228321 -0.196865 -0.953475
vn 0.212003 -0.386548 -0.897572
vn -0.212003 -0.386548 -0.897572
vn 0.380033 0.126529 -0.916278
vn 0.892268 0.134524 -0.431001
vn 0.880189 -0.211583 -0.424852
vn 0.373969 -0.200286 -0.905556
vn 0.817005 -0.413347 -0.402054
vn 0.355788 -0.394124 -0.847397
vn -0.307988 -0.815324 -0.490296
vn -0.457130 -0.822030 -0.339557
vn -0.588167 -0.738091 -0.330578
vn -0.298323 -0.722322 -0.623902
vn -0.257945 -0.912679 -0.316989
vn -0.293990 -0.912905 -0.283153
vn -0.087774 -0.950676 -0.297507
vn 0.087774 -0.950676 -0.297507
vn 0.067919 -0.994971 -0.073623
vn -0.067919 -0.994971 -0.073623
vn -0.140355 -0.839707 -0.524589
vn 0.140355 -0.839707 -0.524589
vn -0.155094 -0.723786 -0.672369
vn 0.155094 -0.723786 -0.672369
vn -0.712716 -0.602797 -0.358708
vn -0.319477 -0.580828 -0.748715
vn -0.178719 -0.579969 -0.794792
vn 0.178719 -0.579969 -0.794792
vn 0.293990 -0.912905 -0.283153
vn 0.257945 -0.912679 -0.316989
vn 0.307988 -0.815324 -0.490296
vn 0.457130 -0.822030 -0.339557
vn 0.298323 -0.722322 -0.623902
vn 0.588167 -0.738091 -0.330578
vn 0.319477 -0.580828 -0.748715
vn 0.712717 -0.602797 -0.358708
vn 0.276245 -0.956298 -0.095832
vn 0.276245 -0.956298 0.095832
vn 0.067919 -0.994971 0.073623
vn 0.493645 -0.855702 -0.155208
vn 0.493645 -0.855701 0.155208
vn 0.640988 -0.747651 -0.173644
vn 0.640988 -0.747651 0.173644
vn 0.769112 -0.605921 -0.203290
vn 0.769111 -0.605921 0.203290
vn 0.257945 -0.912678 0.316990
vn 0.293990 -0.912904 0.283153
vn 0.457129 -0.822030 0.339557
vn 0.307988 -0.815324 0.490297
vn 0.588167 -0.738091 0.330578
vn 0.298323 -0.722322 0.623902
vn 0.712716 -0.602797 0.358708
vn 0.319476 -0.580828 0.748715
vn 0.087774 -0.950676 0.297507
vn -0.087774 -0.950676 0.297507
vn -0.067919 -0.994971 0.073623
vn 0.140355 -0.839707 0.524589
vn -0.140356 -0.839706 0.524589
vn 0.155094 -0.723786 0.672369
vn -0.155094 -0.723786 0.672369
vn 0.178719 -0.579969 0.794792
vn -0.178719 -0.579969 0.794792
vn -0.276245 -0.956298 0.095832
vn -0.276245 -0.956298 -0.095832
vn -0.493645 -0.855701 0.155208
vn -0.493645 -0.855701 -0.155208
vn -0.640988 -0.747651 0.173644
vn -0.640988 -0.747651 -0.173644
vn -0.769112 -0.605921 0.203290
vn -0.769112 -0.605921 -0.203290
vn -0.457130 -0.822030 0.339557
vn -0.307988 -0.815324 0.490297
vn -0.298323 -0.722322 0.623902
vn -0.588167 -0.738091 0.330578
vn -0.293990 -0.912904 0.283153
vn -0.257945 -0.912679 0.316989
vn -0.319477 -0.580828 0.748715
vn -0.712716 -0.602797 0.358708
vn -0.316057 -0.399262 0.860638
vn -0.833938 -0.420964 0.356842
vn -0.025833 0.999332 -0.025833
vn -0.025833 0.999332 -0.025833
vn -0.025833 0.999333 0.025833
vn -0.025833 0.999333 0.025833
vn 0.025833 0.999332 0.025833
vn 0.025833 0.999332 0.025833
vn -0.566868 0.797940 0.204823
vn -0.566868 0.797940 -0.204824
vn -0.486270 -0.858132 -0.164778
vn -0.486270 -0.858132 -0.164778
vn -0.486270 -0.858132 -0.164778
vn -0.486270 -0.858132 -0.164778
vn 0.025833 0.999332 -0.025833
vn 0.025833 0.999332 -0.025833
vn -0.942385 -0.297425 0.153134
vn -0.787463 -0.551924 0.274375
vn -0.798045 -0.579241 0.166147
vn -0.951037 -0.295707 0.089925
vn -0.560929 -0.743491 0.364116
vn -0.568022 -0.793107 0.219846
vn -0.290324 -0.860894 0.417820
vn -0.293399 -0.922617 0.250389
vn 0.000695 -0.900718 0.434403
vn 0.000001 -0.965572 0.260136
vn 0.291813 -0.862333 0.413796
vn 0.293400 -0.922615 0.250395
vn 0.562585 -0.746102 0.356133
vn 0.568026 -0.793102 0.219855
vn 0.789035 -0.555328 0.262745
vn 0.798047 -0.579234 0.166158
vn 0.943369 -0.301365 0.138689
vn 0.951038 -0.295699 0.089939
vn 0.999950 -0.008863 -0.004549
vn 0.999700 0.024454 -0.001488
vn 0.946763 0.285243 -0.149250
vn 0.936647 0.337176 -0.094897
vn 0.793244 0.542530 -0.276451
vn 0.777511 0.603547 -0.176657
vn 0.565444 0.736013 -0.372234
vn 0.550528 0.800235 -0.237786
vn 0.293096 0.853972 -0.429916
vn 0.283945 0.918645 -0.274711
vn 0.000831 0.894190 -0.447688
vn -0.000000 0.957941 -0.286964
vn -0.291851 0.856642 -0.425427
vn -0.283948 0.918643 -0.274715
vn -0.565179 0.740599 -0.363437
vn -0.550532 0.800230 -0.237794
vn -0.793846 0.547867 -0.263913
vn -0.777514 0.603540 -0.176667
vn -0.947465 0.290349 -0.134190
vn -0.936648 0.337167 -0.094909
vn -0.999928 -0.004374 0.011194
vn -0.999700 0.024444 -0.001502
vn -0.800885 -0.597494 0.039797
vn -0.945339 -0.325050 -0.026017
vn -0.580385 -0.808186 0.099944
vn -0.306344 -0.939840 0.151173
vn -0.002985 -0.981706 0.190380
vn 0.303221 -0.928610 0.213868
vn 0.582936 -0.782804 0.217726
vn 0.806265 -0.557005 0.199202
vn 0.948281 -0.275136 0.158315
vn 0.994626 0.031423 0.098654
vn 0.943505 0.330269 0.026831
vn 0.803537 0.593239 -0.048943
vn 0.590071 0.798343 -0.120274
vn 0.322555 0.929366 -0.179547
vn 0.023584 0.975093 -0.220538
vn -0.281142 0.929449 -0.238920
vn -0.563093 0.792923 -0.232810
vn -0.792622 0.574830 -0.203275
vn -0.942901 0.295093 -0.154458
vn -0.995538 -0.016516 -0.092910
vn -0.718720 -0.635679 -0.281698
vn -0.859259 -0.350398 -0.372686
vn -0.501466 -0.850299 -0.159761
vn -0.235783 -0.971577 -0.021094
vn 0.047086 -0.991799 0.118822
vn 0.318965 -0.915322 0.245860
vn 0.556724 -0.754090 0.348433
vn 0.741764 -0.524669 0.417743
vn 0.859266 -0.247268 0.447795
vn 0.898490 0.054199 0.435635
vn 0.854302 0.352509 0.381976
vn 0.729129 0.619053 0.291796
vn 0.534008 0.827331 0.174241
vn 0.287686 0.956827 0.041468
vn 0.013954 0.995542 -0.093278
vn -0.261546 0.940367 -0.217494
vn -0.513646 0.795908 -0.320466
vn -0.718753 0.573241 -0.393432
vn -0.855370 0.289843 -0.429341
vn -0.905637 -0.029160 -0.423051
vn -0.329902 -0.627252 -0.705492
vn -0.407825 -0.350835 -0.842967
vn -0.221327 -0.837877 -0.498976
vn -0.093027 -0.965146 -0.244620
vn 0.043406 -0.998507 0.033150
vn 0.175761 -0.935143 0.307597
vn 0.291746 -0.781366 0.551680
vn 0.380273 -0.553002 0.741337
vn 0.432998 -0.273655 0.858851
vn 0.445405 0.028752 0.894868
vn 0.416957 0.325887 0.848496
vn 0.350523 0.591883 0.725816
vn 0.251596 0.804545 0.537965
vn 0.127863 0.945361 0.299907
vn -0.010657 0.999484 0.030312
vn -0.151290 0.956932 -0.247777
vn -0.278981 0.815674 -0.506799
vn -0.378085 0.585679 -0.716960
vn -0.435742 0.290945 -0.851751
vn -0.445347 -0.033773 -0.894721
vn 0.171897 -0.615413 -0.769233
vn 0.204766 -0.331587 -0.920935
vn 0.121539 -0.833274 -0.539336
vn 0.059423 -0.964494 -0.257333
vn -0.007843 -0.998870 0.046884
vn -0.073605 -0.936338 0.343297
vn -0.131780 -0.785629 0.604500
vn -0.177254 -0.562595 0.807507
vn -0.206158 -0.288528 0.935014
vn -0.216070 0.011499 0.976310
vn -0.206159 0.310467 0.927960
vn -0.177254 0.581455 0.794035
vn -0.131781 0.799647 0.585832
vn -0.073605 0.944162 0.321154
vn -0.007842 0.999697 0.023347
vn 0.059422 0.958166 -0.279976
vn 0.121537 0.820343 -0.558808
vn 0.171899 0.597123 -0.783515
vn 0.204767 0.309810 -0.928487
vn 0.216194 -0.011495 -0.976283
vn 0.621835 -0.610915 -0.490003
vn 0.740068 -0.326766 -0.587813
vn 0.440193 -0.830104 -0.342283
vn 0.215543 -0.963102 -0.161172
vn -0.028142 -0.999023 0.034072
vn -0.266410 -0.937491 0.223914
vn -0.476907 -0.787405 0.390580
vn -0.641104 -0.564997 0.519388
vn -0.745253 -0.291772 0.599556
vn -0.780919 0.007357 0.624589
vn -0.745254 0.305810 0.592517
vn -0.641104 0.577071 0.505940
vn -0.476909 0.796384 0.371930
vn -0.266409 0.942504 0.201776
vn -0.028139 0.999549 0.010533
vn 0.215539 0.959040 -0.183806
vn 0.440190 0.821816 -0.361734
vn 0.621837 0.599203 -0.504256
vn 0.740068 0.312834 -0.595343
vn 0.781102 -0.007351 -0.624360
vn 0.796787 -0.604219 0.007117
vn 0.947688 -0.319177 0.003758
vn 0.564512 -0.825368 0.009719
vn 0.276703 -0.960889 0.011316
vn -0.035853 -0.999288 0.011768
vn -0.341491 -0.939820 0.011067
vn -0.611259 -0.791376 0.009319
vn -0.821379 -0.570344 0.006716
vn -0.954466 -0.298300 0.003512
vn -1.000000 -0.000001 -0.000000
vn -0.954466 0.298299 -0.003513
vn -0.821379 0.570344 -0.006716
vn -0.611260 0.791375 -0.009319
vn -0.341490 0.939820 -0.011068
vn -0.035853 0.999288 -0.011768
vn 0.276700 0.960890 -0.011315
vn 0.564511 0.825369 -0.009719
vn 0.796788 0.604217 -0.007116
vn 0.947688 0.319177 -0.003758
vn 1.000000 0.000000 0.000000
vn 0.621835 -0.599205 0.504257
vn 0.740068 -0.312835 0.595344
vn 0.440191 -0.821815 0.361735
vn 0.215542 -0.959039 0.183808
vn -0.028141 -0.999548 -0.010535
vn -0.266409 -0.942503 -0.201778
vn -0.476907 -0.796384 -0.371929
vn -0.641104 -0.577071 -0.505939
vn -0.745253 -0.305811 -0.592518
vn -0.780918 -0.007358 -0.624590
vn -0.745254 0.291771 -0.599555
vn -0.641103 0.564999 -0.519388
vn -0.476907 0.787405 -0.390580
vn -0.266409 0.937490 -0.223917
vn -0.028141 0.999023 -0.034069
vn 0.215541 0.963102 0.161174
vn 0.440192 0.830106 0.342280
vn 0.621836 0.610914 0.490005
vn 0.740067 0.326767 0.587813
vn 0.781103 0.007353 0.624359
vn 0.171897 -0.597126 0.783513
vn 0.204766 -0.309811 0.928487
vn 0.121537 -0.820341 0.558811
vn 0.059423 -0.958166 0.279976
vn -0.007842 -0.999697 -0.023350
vn -0.073605 -0.944162 -0.321154
vn -0.131780 -0.799648 -0.585830
vn -0.177255 -0.581455 -0.794034
vn -0.206158 -0.310466 -0.927960
vn -0.216067 -0.011500 -0.976311
vn -0.206158 0.288527 -0.935014
vn -0.177254 0.562599 -0.807505
vn -0.131779 0.785630 -0.604500
vn -0.073605 0.936336 -0.343302
vn -0.007842 0.998870 -0.046884
vn 0.059423 0.964493 0.257338
vn 0.121537 0.833274 0.539337
vn 0.171897 0.615412 0.769233
vn 0.204766 0.331590 0.920934
vn 0.216193 0.011499 0.976283
vn -0.354817 -0.597558 0.719048
vn -0.422558 -0.310474 0.851499
vn -0.250951 -0.820647 0.513384
vn -0.122745 -0.958357 0.257847
vn 0.016153 -0.999662 -0.020363
vn 0.151953 -0.943770 -0.293615
vn 0.272040 -0.798866 -0.536476
vn 0.365856 -0.580405 -0.727516
vn 0.425456 -0.309363 -0.850460
vn 0.445880 -0.010542 -0.895031
vn 0.425457 0.289249 -0.857509
vn 0.365856 0.563114 -0.740981
vn 0.272039 0.786011 -0.555142
vn 0.151953 0.936593 -0.315759
vn 0.016153 0.998906 -0.043898
vn -0.122746 0.964162 0.235211
vn -0.250950 0.832510 0.493915
vn -0.354816 0.614327 0.704775
vn -0.422557 0.330441 0.843952
vn -0.446099 0.010540 0.894921
vn -0.605479 -0.586939 0.537492
vn -0.739740 -0.312352 0.596004
vn -0.415361 -0.804303 0.424939
vn -0.185334 -0.945293 0.268464
vn 0.064547 -0.994434 0.083280
vn 0.309535 -0.944436 -0.110581
vn 0.523635 -0.800610 -0.291257
vn 0.685170 -0.580725 -0.439661
vn 0.780478 -0.310129 -0.542839
vn 0.803944 -0.015862 -0.594493
vn 0.755777 0.276810 -0.593446
vn 0.640063 0.544877 -0.541691
vn 0.464446 0.766751 -0.443151
vn 0.241040 0.921804 -0.303608
vn -0.012281 0.991177 -0.131978
vn -0.270975 0.960848 0.057826
vn -0.505075 0.827194 0.246270
vn -0.684502 0.602242 0.410806
vn -0.787060 0.313600 0.531218
vn -0.804097 -0.002814 0.594492
vn -0.772189 -0.572470 0.275687
vn -0.934221 -0.289261 0.208707
vn -0.521524 -0.794525 0.311035
vn -0.217577 -0.925882 0.308873
vn 0.098581 -0.957264 0.271897
vn 0.393825 -0.895342 0.208003
vn 0.645711 -0.753094 0.126119
vn 0.838198 -0.544284 0.034351
vn 0.957102 -0.283499 -0.059868
vn 0.988801 0.010651 -0.148858
vn 0.923229 0.312096 -0.224153
vn 0.760415 0.587257 -0.277306
vn 0.516245 0.801356 -0.302192
vn 0.221314 0.928811 -0.297204
vn -0.088061 0.960142 -0.265277
vn -0.379942 0.900449 -0.211743
vn -0.631333 0.762417 -0.141912
vn -0.826385 0.559894 -0.060060
vn -0.951622 0.305813 0.029899
vn -0.992352 0.015096 0.122513
vn -0.942079 -0.315782 -0.113002
vn -0.781061 -0.575911 -0.241392
vn -0.858468 -0.485514 -0.165252
vn -0.968872 -0.245448 -0.032284
vn -0.551218 -0.763426 -0.336660
vn -0.679910 -0.675850 -0.284515
vn -0.285252 -0.872884 -0.395858
vn -0.445808 -0.808944 -0.383230
vn -0.005218 -0.907237 -0.420588
vn -0.164828 -0.876475 -0.452353
vn 0.274191 -0.868792 -0.412335
vn 0.152326 -0.864786 -0.478479
vn 0.538620 -0.756556 -0.370826
vn 0.479924 -0.756061 -0.445023
vn 0.767542 -0.569106 -0.294953
vn 0.765079 -0.544805 -0.343282
vn 0.931539 -0.312442 -0.186049
vn 0.946037 -0.262520 -0.189992
vn 0.998579 -0.009679 -0.052414
vn 0.999218 0.032073 -0.023133
vn 0.950565 0.297476 0.089072
vn 0.946927 0.295463 0.126612
vn 0.796815 0.563410 0.218303
vn 0.821239 0.513630 0.248496
vn 0.568229 0.757965 0.320320
vn 0.641485 0.686173 0.343022
vn 0.298872 0.871643 0.388477
vn 0.414898 0.811245 0.411996
vn 0.013965 0.906774 0.421387
vn 0.145180 0.879186 0.453822
vn -0.270099 0.867074 0.418604
vn -0.157007 0.872609 0.462496
vn -0.538987 0.752569 0.378330
vn -0.464314 0.774159 0.430221
vn -0.771953 0.561388 0.298216
vn -0.732231 0.581894 0.353888
vn -0.937123 0.299080 0.179866
vn -0.916182 0.320296 0.240875
vn -0.999342 -0.008721 0.035203
vn -0.993777 0.031473 0.106853
vn -0.852442 -0.497154 -0.161807
vn -0.956975 -0.287311 -0.040635
vn -0.694568 -0.666033 -0.271985
vn -0.489946 -0.790548 -0.367406
vn -0.240994 -0.864125 -0.441825
vn 0.049803 -0.873590 -0.484108
vn 0.369701 -0.797614 -0.476585
vn 0.677247 -0.617061 -0.400714
vn 0.901932 -0.345989 -0.258478
vn 0.995472 -0.042539 -0.085003
vn 0.968284 0.236890 0.079438
vn 0.855062 0.471173 0.216486
vn 0.677439 0.659956 0.324861
vn 0.439819 0.800835 0.406475
vn 0.142457 0.877512 0.457908
vn -0.197967 0.861071 0.468366
vn -0.532107 0.731029 0.427152
vn -0.794573 0.504693 0.337548
vn -0.947975 0.231965 0.218026
vn -0.995291 -0.040691 0.087975
vn -0.940551 0.317993 0.119352
vn -0.800520 0.589271 0.109209
vn -0.583967 0.806989 0.088043
vn -0.308854 0.949390 0.057166
vn -0.000821 0.999813 0.019339
vn 0.308418 0.951012 -0.021339
vn 0.585950 0.808113 -0.060132
vn 0.803727 0.587739 -0.092662
vn 0.942434 0.313752 -0.115666
vn 0.991795 0.012522 -0.127223
vn 0.948705 -0.289707 -0.126604
vn 0.815710 -0.567107 -0.114045
vn 0.601426 -0.793766 -0.090680
vn 0.322656 -0.944698 -0.058639
vn 0.006162 -0.999758 -0.021117
vn -0.312962 -0.949597 0.017884
vn -0.597670 -0.799905 0.054251
vn -0.817108 -0.570252 0.084537
vn -0.951645 -0.288200 0.106358
vn -0.992837 0.017040 0.118256
vn 0.314774 0.911007 0.266428
vn 0.584113 0.786907 0.198971
vn 0.804247 0.583590 0.112288
vn 0.948516 0.316443 0.013474
vn 0.996056 0.012677 -0.087819
vn 0.939159 -0.292116 -0.180690
vn 0.786421 -0.562415 -0.255406
vn 0.558906 -0.770982 -0.305303
vn 0.282597 -0.901791 -0.326974
vn -0.017185 -0.947558 -0.319122
vn -0.316802 -0.905759 -0.281489
vn -0.591860 -0.776855 -0.214937
vn -0.814678 -0.566703 -0.123073
vn -0.956255 -0.292174 -0.014511
vn -0.995177 0.015798 0.096816
vn -0.927637 0.318305 0.195377
vn -0.768173 0.580787 0.269439
vn -0.540751 0.780618 0.313408
vn -0.269877 0.905876 0.326427
vn 0.022382 0.950483 0.309971
vn -0.930800 -0.328345 0.160628
vn -0.770546 -0.574080 0.276932
vn -0.545541 -0.756557 0.360566
vn -0.281964 -0.867634 0.409521
vn -0.000813 -0.905550 0.424239
vn 0.280659 -0.870114 0.405132
vn 0.545049 -0.761040 0.351767
vn 0.770915 -0.579724 0.263838
vn 0.931465 -0.334205 0.143803
vn 0.998971 -0.045342 0.000396
vn 0.956205 0.251501 -0.149728
vn 0.807715 0.515663 -0.285812
vn 0.578356 0.716244 -0.390511
vn 0.299750 0.838940 -0.454236
vn -0.000896 0.880724 -0.473629
vn -0.301823 0.841458 -0.448164
vn -0.580916 0.720488 -0.378725
vn -0.810188 0.520619 -0.269353
vn -0.957633 0.256671 -0.130607
vn -0.999015 -0.039848 0.019545
vn -0.889507 -0.456759 -0.012146
vn -0.966412 -0.249444 0.061854
vn -0.760313 -0.643651 -0.087388
vn -0.465573 -0.884500 -0.030043
vn -0.169459 -0.977751 -0.123640
vn 0.182512 -0.963569 -0.195513
vn 0.530910 -0.817165 -0.224447
vn 0.796106 -0.568968 -0.206136
vn 0.945222 -0.286377 -0.156664
vn 0.995690 -0.015767 -0.091392
vn 0.973377 0.228405 -0.019205
vn 0.892629 0.447085 0.057695
vn 0.754003 0.641850 0.139669
vn 0.547450 0.805775 0.225888
vn 0.261925 0.913637 0.310906
vn -0.090946 0.920881 0.379088
vn -0.449075 0.793256 0.411188
vn -0.727358 0.555308 0.403216
vn -0.890875 0.270690 0.364785
vn -0.951113 -0.013843 0.308533
vn -0.140359 -0.087677 -0.986211
vn -0.152497 -0.031957 -0.987787
vn 0.000004 0.042234 -0.999108
vn -0.109266 -0.137695 -0.984429
vn -0.061432 -0.173078 -0.982991
vn -0.003378 -0.186343 -0.982479
vn 0.055350 -0.174429 -0.983113
vn 0.105083 -0.139740 -0.984596
vn 0.138452 -0.089011 -0.986361
vn 0.151825 -0.031590 -0.987903
vn 0.146220 0.023073 -0.988983
vn 0.126437 0.068332 -0.989618
vn 0.098283 0.101678 -0.989950
vn 0.066251 0.123658 -0.990111
vn 0.032871 0.135893 -0.990178
vn -0.000847 0.139737 -0.990188
vn -0.034655 0.135625 -0.990154
vn -0.068188 0.122954 -0.990067
vn -0.100212 0.100336 -0.989894
vn -0.127977 0.066443 -0.989549
vn -0.147072 0.021391 -0.988895
vn 0.683680 0.008589 0.729732
vn 0.683679 0.008596 0.729732
vn 0.683678 0.008593 0.729733
vn 0.540032 -0.175424 0.823160
vn 0.586577 -0.193946 0.786329
vn 0.637946 -0.192828 0.745548
vn 0.686498 -0.170305 0.706906
vn 0.723390 -0.127086 0.678643
vn 0.742277 -0.076666 0.665693
vn 0.747839 -0.033180 0.663050
vn 0.746016 0.002130 0.665925
vn 0.740072 0.031587 0.671786
vn 0.730478 0.057623 0.680501
vn 0.716704 0.081392 0.692612
vn 0.697498 0.104446 0.708935
vn 0.669392 0.125663 0.732204
vn 0.628649 0.138960 0.765174
vn 0.578392 0.130344 0.805278
vn 0.532498 0.093066 0.841300
vn 0.498596 0.036775 0.866054
vn 0.683679 0.008602 0.729732
vn -0.882129 -0.359636 -0.304156
vn -0.750993 -0.627072 -0.206860
vn -0.338967 -0.104924 -0.934929
vn -0.310861 -0.224769 -0.923496
vn -0.541312 -0.830421 -0.131843
vn -0.242950 -0.334682 -0.910474
vn -0.283753 -0.955155 -0.084640
vn -0.137271 -0.416122 -0.898888
vn -0.004140 -0.997808 -0.066049
vn -0.005849 -0.450708 -0.892652
vn 0.276506 -0.957985 -0.076214
vn 0.129840 -0.428612 -0.894110
vn 0.537223 -0.835358 -0.116483
vn 0.246359 -0.353723 -0.902323
vn 0.751694 -0.632217 -0.187772
vn 0.325923 -0.241298 -0.914084
vn 0.887220 -0.362230 -0.285710
vn 0.360302 -0.112456 -0.926033
vn 0.916111 -0.059831 -0.396436
vn 0.351621 0.012373 -0.936061
vn 0.835797 0.225935 -0.500397
vn 0.309274 0.118925 -0.943508
vn 0.672867 0.455486 -0.582908
vn 0.244608 0.200633 -0.948638
vn 0.463308 0.613738 -0.639274
vn 0.167164 0.256432 -0.951997
vn 0.174910 0.542496 -0.821647
vn -0.001879 0.562124 -0.827051
vn -0.237175 0.701467 -0.672081
vn -0.085704 0.282906 -0.955311
vn -0.465320 0.609840 -0.641539
vn -0.165402 0.247787 -0.954591
vn -0.672170 0.450269 -0.587745
vn -0.236855 0.190319 -0.952721
vn -0.831595 0.221251 -0.509410
vn -0.294531 0.110450 -0.949238
vn -0.909706 -0.061422 -0.410686
vn -0.331211 0.010174 -0.943502
vn -0.765671 -0.307452 0.564996
vn -0.760251 -0.330274 0.559409
vn -0.788772 -0.064508 0.611292
vn 0.221038 -0.178781 0.958739
vn 0.223755 -0.188023 0.956337
vn 0.204674 -0.067075 0.976529
vn 0.204633 -0.042369 0.977921
vn 0.275702 -0.290144 0.916409
vn 0.273224 -0.286840 0.918189
vn -0.659000 -0.579238 0.479794
vn -0.666866 -0.565587 0.485181
vn 0.360373 -0.369306 0.856588
vn -0.473214 -0.800861 0.367001
vn -0.512507 -0.765384 0.389262
vn 0.463015 -0.415275 0.783048
vn -0.294026 -0.915220 0.275537
vn 0.574754 -0.421323 0.701531
vn -0.013561 -0.987236 0.158687
vn 0.682656 -0.376685 0.626170
vn 0.307986 -0.949297 0.063083
vn 0.765994 -0.288210 0.574620
vn 0.615760 -0.787809 0.014007
vn 0.813840 -0.184230 0.551111
vn 0.842585 -0.538276 0.017601
vn 0.939272 -0.197166 0.280881
vn 0.951196 -0.017545 0.308089
vn 0.928740 0.139096 0.343649
vn 0.877806 0.279546 0.388986
vn 0.796489 0.408251 0.446023
vn 0.675607 0.527173 0.515407
vn 0.637602 0.311374 0.704635
vn 0.350872 0.811083 0.468009
vn 0.535750 0.342098 0.771972
vn 0.020139 0.833825 0.551661
vn 0.413598 0.324008 0.850856
vn -0.318260 0.723794 0.612236
vn 0.301581 0.239209 0.922945
vn -0.582260 0.500044 0.641037
vn 0.230020 0.105674 0.967431
vn -0.736500 0.221204 0.639246
vn 0.000000 0.000000 0.000000
vn 0.000000 0.000000 0.000000
vn 0.000000 0.000000 0.000000
vn 0.000000 0.000000 0.000000
vn 0.000000 0.000000 0.000000
vn 0.000000 0.000000 0.000000
vn 0.000000 0.000000 0.000000
vn 0.000000 0.000000 0.000000
vn 0.000000 0.000000 0.000000
vn 0.000000 0.000000 0.000000
vn 0.000000 0.000000 0.000000
vn 0.000000 0.000000 0.000000
vn 0.000000 0.000000 0.000000
vn 0.000000 0.000000 0.000000
vn 0.000000 0.000000 0.000000
vn 0.000000 0.000000 0.000000
vn 0.000000 0.000000 0.000000
vn 0.000000 0.000000 0.000000
vn 0.000000 0.000000 0.000000
vn 0.000000 0.000000 0.000000
vn 0.000000 0.000000 0.000000
vn 0.000000 0.000000 0.000000
vn 0.000000 0.000000 0.000000
vn 0.000000 0.000000 0.000000
vn 0.000000 0.000000 0.000000
vn 0.000000 0.000000 0.000000
vn 0.000000 0.000000 0.000000
vn 0.000000 0.000000 0.000000
vn 0.000000 0.000000 0.000000
vn 0.000000 0.000000 0.000000
vn 0.000000 0.000000 0.000000
vn 0.000000 0.000000 0.000000
vn 0.000000 0.000000 0.000000
vn 0.000000 0.000000 0.000000
vn 0.000000 0.000000 0.000000
vn 0.000000 0.000000 0.000000
vn 0.000000 0.000000 0.000000
vn 0.000000 0.000000 0.000000
vn 0.000000 0.000000 0.000000
vn 0.000000 0.000000 0.000000
vn 0.000000 0.000000 0.000000
vn 0.000000 0.000000 0.000000
vn 0.000000 0.000000 0.000000
vn 0.000000 0.000000 0.000000
vn 0.000000 0.000000 0.000000
vn 0.000000 0.000000 0.000000
vn 0.000000 0.000000 0.000000
vn 0.000000 0.000000 0.000000
vn 0.000000 0.000000 0.000000
vn 0.000000 0.000000 0.000000
vn 0.000000 0.000000 0.000000
vn 0.000000 0.000000 0.000000
vn 0.000000 0.000000 0.000000
vn 0.000000 0.000000 0.000000
vn 0.000000 0.000000 0.000000
vn 0.000000 0.000000 0.000000
vn 0.000000 0.000000 0.000000
vn 0.000000 0.000000 0.000000
vn 0.000000 0.000000 0.000000
vn 0.000000 0.000000 0.000000
vn 0.000000 0.000000 0.000000
vn 0.000000 0.000000 0.000000
vn 0.000000 0.000000 0.000000
vn 0.000000 0.000000 0.000000
vn 0.000000 0.000000 0.000000
vn 0.000000 0.000000 0.000000
vn 0.000000 0.000000 0.000000
vn 0.000000 0.000000 0.000000
vn 0.000000 0.000000 0.000000
vn 0.000000 0.000000 0.000000
vn 0.000000 0.000000 0.000000
vn 0.000000 0.000000 0.000000
vn 0.000000 0.000000 0.000000
vn 0.000000 0.000000 0.000000
vn 0.000000 0.000000 0.000000
vn 0.000000 0.000000 0.000000
vn 0.000000 0.000000 0.000000
vn 0.000000 0.000000 0.000000
vn 0.000000 0.000000 0.000000
vn 0.000000 0.000000 0.000000
vn 0.000000 0.000000 0.000000
vn 0.000000 0.000000 0.000000
vn 0.000000 0.000000 0.000000
vn 0.000000 0.000000 0.000000
vn 0.000000 0.000000 0.000000
vn 0.000000 0.000000 0.000000
vn 0.000000 0.000000 0.000000
vn 0.000000 0.000000 0.000000
vn 0.000000 0.000000 0.000000
vn 0.000000 0.000000 0.000000
vn 0.000000 0.000000 0.000000
vn 0.000000 0.000000 0.000000
vn 0.000000 0.000000 0.000000
vn 0.000000 0.000000 0.000000
vn 0.000000 0.000000 0.000000
vn 0.000000 0.000000 0.000000
vn 0.000000 0.000000 0.000000
vn 0.000000 0.000000 0.000000
vn 0.000000 0.000000 0.000000
vn 0.000000 0.000000 0.000000
vn 0.000000 0.000000 0.000000
vn 0.000000 0.000000 0.000000
vn 0.000000 0.000000 0.000000
vn 0.000000 0.000000 0.000000
vn 0.000000 0.000000 0.000000
vn 0.000000 0.000000 0.000000
vn 0.000000 0.000000 0.000000
vn 0.000000 0.000000 0.000000
vn 0.000000 0.000000 0.000000
vn 0.000000 0.000000 0.000000
vn 0.000000 0.000000 0.000000
vn 0.000000 0.000000 0.000000
vn -0.017170 0.998559 -0.050852
vn 0.017170 0.998559 -0.050852
vn 0.017172 0.998559 -0.050853
vn -0.017172 0.998559 -0.050853
vn 0.017170 0.998559 0.050852
vn -0.017170 0.998559 0.050853
vn -0.017172 0.998559 0.050853
vn 0.017172 0.998559 0.050853
vn 0.050852 0.998559 -0.017170
vn 0.050852 0.998559 0.017170
vn 0.050853 0.998559 0.017172
vn 0.050853 0.998559 -0.017172
vn -0.050852 0.998559 0.017170
vn -0.050852 0.998559 -0.017170
vn -0.050853 0.998559 -0.017172
vn -0.050853 0.998559 0.017172
vn 0.010082 0.999048 -0.042433
vn 0.010078 0.999049 -0.042431
vn -0.042433 0.999048 0.010081
vn -0.042430 0.999049 0.010078
vn -0.042433 0.999048 -0.010081
vn -0.042430 0.999049 -0.010078
vn 0.010082 0.999048 0.042433
vn 0.010078 0.999049 0.042430
vn -0.010081 0.999049 0.042434
vn -0.010078 0.999049 0.042431
vn 0.042433 0.999048 -0.010081
vn 0.042431 0.999049 -0.010077
vn 0.042433 0.999048 0.010081
vn -0.010082 0.999048 -0.042433
vn -0.010078 0.999049 -0.042430
vn 0.042430 0.999049 0.010078
vn 0.208136 0.683868 -0.699288
vn -0.208136 0.683868 -0.699288
vn -0.210799 0.683791 -0.698565
vn 0.210799 0.683792 -0.698565
vn -0.208136 0.683868 0.699288
vn 0.208136 0.683868 0.699288
vn 0.210799 0.683792 0.698565
vn -0.210799 0.683792 0.698565
vn 0.699288 0.683868 0.208136
vn 0.699288 0.683868 -0.208136
vn 0.698565 0.683792 -0.210799
vn 0.698565 0.683792 0.210798
vn -0.699288 0.683868 -0.208136
vn -0.699288 0.683868 0.208136
vn -0.698565 0.683792 0.210799
vn -0.698565 0.683792 -0.210798
vn -0.351752 0.686741 -0.636127
vn -0.354508 0.686933 -0.634388
vn -0.636127 0.686742 -0.351751
vn -0.634388 0.686933 -0.354508
vn -0.636127 0.686741 0.351752
vn -0.634388 0.686933 0.354508
vn -0.351751 0.686742 0.636127
vn -0.354508 0.686933 0.634388
vn 0.351751 0.686742 0.636127
vn 0.354508 0.686933 0.634388
vn 0.636127 0.686741 0.351751
vn 0.634388 0.686933 0.354508
vn 0.636127 0.686741 -0.351752
vn 0.351751 0.686742 -0.636127
vn 0.354508 0.686933 -0.634388
vn 0.634388 0.686933 -0.354508
s 1
g pCube2
usemtl initialShadingGroup
f 1/508/1 2/509/2 17/510/3 18/511/4
s 2
f 2/522/5 1/523/6 4/524/7 3/525/8
f 3/157/8 4/145/7 75/143/9 76/153/10
s 1
f 5/120/11 6/96/12 22/109/13 21/121/14
s 2
f 6/536/15 5/534/16 8/533/17 7/537/18
f 7/84/18 8/98/17 77/86/19 78/76/20
s 1
f 9/538/21 10/539/22 30/540/23 29/541/24
s 2
f 10/548/25 9/549/26 12/550/27 11/551/28
f 11/144/28 12/156/27 99/147/29 100/138/30
s 1
f 13/97/31 14/116/32 26/117/33 25/106/34
s 2
f 14/558/35 13/561/36 16/562/37 15/559/38
f 15/99/38 16/85/37 111/81/39 112/93/40
s 1
f 18/64/4 17/68/3 20/69/41 19/65/42
f 21/121/14 22/109/13 23/119/43 24/129/44
f 25/106/34 26/117/33 27/128/45 28/118/46
f 29/66/24 30/62/47 31/63/48 32/67/49
f 33/512/50 34/516/51 58/517/52 57/513/53
s 2
f 34/530/54 33/527/55 36/526/56 35/531/57
f 35/531/57 36/526/56 65/529/58 66/532/59
s 1
f 37/940/60 38/941/61 57/942/53 58/943/52
s 13
f 724/564/62 723/565/63 725/566/64 726/567/65
f 727/573/66 728/574/67 729/586/68 730/587/69
f 726/567/65 727/573/66 731/585/70 732/577/71
f 728/574/67 725/566/64 733/572/72 734/584/73
s 1
f 39/58/74 40/59/75 63/60/76 64/61/77
f 41/107/78 42/108/79 59/95/80 60/94/81
f 43/948/82 44/949/83 61/950/84 62/951/85
f 45/544/86 46/542/87 62/543/85 61/545/84
s 2
f 46/552/88 45/554/89 48/555/90 47/553/91
f 47/553/91 48/555/90 105/560/92 106/556/93
s 1
f 49/83/94 50/82/95 60/94/81 59/95/80
s 2
f 50/82/96 49/83/97 52/75/98 51/74/99
f 51/74/99 52/75/98 83/71/100 84/70/101
s 1
f 53/518/102 54/514/103 64/515/77 63/519/76
s off
f 696/1111/104 695/1112/105 697/1113/106 698/1114/107
s 2
f 55/136/108 56/137/109 89/133/110 90/132/111
f 66/956/59 65/957/58 67/958/112 68/959/113
f 68/959/113 67/958/112 70/962/114 69/963/115
f 69/963/115 70/962/114 189/967/116 190/968/117
f 71/152/118 72/142/119 74/151/120 73/165/121
f 72/142/119 71/152/118 76/153/10 75/143/9
s off
f 700/1115/122 699/1116/123 701/1117/124 702/1118/125
s 2
f 78/76/20 77/86/19 79/87/126 80/77/127
f 80/77/127 79/87/126 82/100/128 81/88/129
f 81/88/129 82/100/128 185/110/130 186/101/131
f 84/70/101 83/71/100 85/72/132 86/73/133
f 86/73/133 85/72/132 88/78/134 87/79/135
f 87/79/135 88/78/134 181/89/136 182/90/137
f 90/132/111 89/133/110 91/134/138 92/135/139
f 92/135/139 91/134/138 94/140/140 93/141/141
f 93/141/141 94/140/140 169/149/142 170/150/143
f 95/139/144 96/146/145 98/160/146 97/148/147
f 96/146/145 95/139/144 100/138/30 99/147/29
f 97/148/147 98/160/146 165/166/148 166/161/149
f 101/976/150 102/977/151 104/978/152 103/979/153
f 102/977/151 101/976/150 106/980/93 105/981/92
f 103/979/153 104/978/152 173/984/154 174/985/155
f 107/92/156 108/80/157 110/91/158 109/105/159
f 108/80/157 107/92/156 112/93/40 111/81/39
f 109/105/159 110/91/158 177/104/160 178/115/161
f 113/616/162 114/617/163 122/618/164 121/619/165
f 114/617/163 113/616/162 115/620/166 116/621/167
f 117/626/168 118/633/169 163/634/170 162/627/171
f 118/633/169 117/626/168 119/625/172 120/631/173
f 120/631/173 119/625/172 124/624/174 123/632/175
f 121/619/165 122/618/164 167/622/176 168/623/177
f 123/632/175 124/624/174 175/630/178 176/638/179
f 125/642/180 126/641/181 127/640/182 128/652/183
f 128/652/183 127/640/182 130/639/184 129/653/185
f 129/653/185 130/639/184 179/651/186 180/659/187
f 131/643/188 132/655/189 164/644/190 163/634/170
f 132/655/189 131/643/188 133/654/191 134/660/192
f 134/124/192 133/125/191 136/113/193 135/112/194
f 135/112/194 136/113/193 183/103/195 184/102/196
f 137/662/197 138/661/198 139/667/199 140/668/200
f 140/668/200 139/667/199 142/673/201 141/674/202
f 141/674/202 142/673/201 187/676/203 188/677/204
f 143/656/205 144/645/206 161/636/207 164/644/190
f 144/645/206 143/656/205 145/663/208 146/658/209
f 146/658/209 145/663/208 148/669/210 147/665/211
f 147/665/211 148/669/210 191/675/212 192/670/213
f 149/635/214 150/628/215 162/627/171 161/636/207
f 150/628/215 149/635/214 151/637/216 152/629/217
f 152/173/217 151/174/216 154/169/218 153/168/219
f 153/168/219 154/169/218 171/163/220 172/162/221
f 155/648/222 156/657/223 158/664/224 157/666/225
f 156/657/223 155/648/222 160/647/226 159/646/227
f 157/666/225 158/664/224 195/671/228 196/672/229
f 166/161/149 165/166/148 168/171/177 167/167/176
f 170/150/143 169/149/142 172/162/221 171/163/220
f 174/649/155 173/650/154 176/638/179 175/630/178
f 178/115/161 177/104/160 180/114/187 179/127/186
f 182/90/137 181/89/136 184/102/196 183/103/195
f 186/101/131 185/110/130 188/122/204 187/111/203
f 190/678/117 189/679/116 192/670/213 191/675/212
f 194/176/230 193/164/231 196/170/229 195/177/228
f 35/531/57 8/533/17 5/534/16 34/530/54
f 3/525/8 36/526/56 33/527/55 2/522/5
s 13
f 723/565/63 735/570/232 736/571/233 733/572/72 725/566/64
f 728/574/67 734/584/73 737/595/234 738/596/235 729/586/68
f 731/585/70 727/573/66 730/587/69 739/597/236 740/598/237
s 2
f 9/549/26 46/552/88 47/553/91 12/550/27
f 45/554/89 14/558/35 15/559/38 48/555/90
f 51/74/99 16/85/37 13/97/36 50/82/96
f 7/84/18 52/75/98 49/83/97 6/96/15
f 55/136/108 4/145/7 1/158/6 54/159/238
f 11/144/28 56/137/109 53/154/239 10/155/25
s 1
f 2/509/2 33/512/50 57/513/53 17/510/3
f 34/516/51 5/520/11 21/521/14 58/517/52
f 58/943/52 21/946/14 24/947/44 37/940/60
f 17/944/3 57/942/53 38/941/61 20/945/41
f 6/96/12 49/83/94 59/95/80 22/109/13
f 50/82/95 13/97/31 25/106/34 60/94/81
f 60/94/81 25/106/34 28/118/46 41/107/78
f 22/109/13 59/95/80 42/108/79 23/119/43
f 14/546/32 45/544/86 61/545/84 26/547/33
f 46/542/87 9/538/21 29/541/24 62/543/85
f 62/951/85 29/954/24 32/955/49 43/948/82
f 26/952/33 61/950/84 44/949/83 27/953/45
s off
f 704/680/240 703/681/241 705/682/242 706/683/243
s 1
f 54/514/103 1/508/1 18/511/4 64/515/77
f 64/61/77 18/64/4 19/65/42 39/58/74
f 30/62/47 63/60/76 40/59/75 31/63/48
s 2
f 76/528/10 65/529/58 36/526/56 3/525/8
f 66/532/59 77/535/19 8/533/17 35/531/57
f 48/555/90 15/559/38 112/563/40 105/560/92
f 12/550/27 47/553/91 106/556/93 99/557/29
f 78/76/20 83/71/100 52/75/98 7/84/18
f 84/70/101 111/81/39 16/85/37 51/74/99
f 100/138/30 89/133/110 56/137/109 11/144/28
f 90/132/111 75/143/9 4/145/7 55/136/108
f 76/960/10 71/961/118 67/958/112 65/957/58
f 71/961/118 73/966/121 70/962/114 67/958/112
f 66/956/59 68/959/113 79/964/126 77/965/19
f 68/959/113 69/963/115 82/969/128 79/964/126
f 78/76/20 80/77/127 85/72/132 83/71/100
f 80/77/127 81/88/129 88/78/134 85/72/132
f 100/138/30 95/139/144 91/134/138 89/133/110
f 95/139/144 97/148/147 94/140/140 91/134/138
f 98/986/146 96/987/145 101/976/150 103/979/153
f 96/987/145 99/988/29 106/980/93 101/976/150
f 104/978/152 102/977/151 107/982/156 109/983/159
f 102/977/151 105/981/92 112/989/40 107/982/156
f 74/151/120 72/142/119 92/135/139 93/141/141
f 72/142/119 75/143/9 90/132/111 92/135/139
f 110/91/158 108/80/157 86/73/133 87/79/135
f 108/80/157 111/81/39 84/70/101 86/73/133
f 115/620/166 113/616/162 119/625/172 117/626/168
f 113/616/162 121/619/165 124/624/174 119/625/172
f 118/633/169 126/641/181 125/642/180 131/643/188 163/634/170
f 164/644/190 132/655/189 138/661/198 137/662/197 143/656/205
f 149/635/214 161/636/207 144/645/206 159/646/227 160/647/226
f 118/633/169 120/631/173 127/640/182 126/641/181
f 120/631/173 123/632/175 130/639/184 127/640/182
f 125/642/180 128/652/183 133/654/191 131/643/188
f 128/131/183 129/126/185 136/113/193 133/125/191
f 132/655/189 134/660/192 139/667/199 138/661/198
f 134/124/192 135/112/194 142/123/201 139/130/199
f 137/662/197 140/668/200 145/663/208 143/656/205
f 140/668/200 141/674/202 148/669/210 145/663/208
f 160/647/226 155/648/222 151/637/216 149/635/214
f 155/179/222 157/175/225 154/169/218 151/174/216
f 158/664/224 156/657/223 146/658/209 147/665/211
f 156/657/223 159/646/227 144/645/206 146/658/209
f 122/172/164 114/178/163 152/173/217 153/168/219
f 114/617/163 116/621/167 150/628/215 152/629/217
f 166/161/149 167/167/176 172/162/221 169/149/142
f 168/994/177 165/991/148 174/985/155 175/995/178
f 176/992/179 173/984/154 178/990/161 179/993/186
f 180/114/187 177/104/160 182/90/137 183/103/195
f 184/102/196 181/89/136 186/101/131 187/111/203
f 188/974/204 185/971/130 190/968/117 191/975/212
f 192/972/213 189/967/116 194/970/230 195/973/228
f 196/170/229 193/164/231 170/150/143 171/163/220
f 98/986/146 103/979/153 174/985/155 165/991/148
f 104/978/152 109/983/159 178/990/161 173/984/154
f 110/91/158 87/79/135 182/90/137 177/104/160
f 88/78/134 81/88/129 186/101/131 181/89/136
f 82/969/128 69/963/115 190/968/117 185/971/130
f 70/962/114 73/966/121 194/970/230 189/967/116
f 74/151/120 93/141/141 170/150/143 193/164/231
f 94/140/140 97/148/147 166/161/149 169/149/142
f 176/638/179 179/651/186 130/639/184 123/632/175
f 168/623/177 175/630/178 124/624/174 121/619/165
f 184/102/196 187/111/203 142/123/201 135/112/194
f 180/114/187 183/103/195 136/113/193 129/126/185
f 192/670/213 195/671/228 158/664/224 147/665/211
f 188/677/204 191/675/212 148/669/210 141/674/202
f 172/162/221 167/167/176 122/172/164 153/168/219
f 196/170/229 171/163/220 154/169/218 157/175/225
s 13
f 742/575/244 741/576/245 724/564/62 726/567/65 732/577/71
s 2
f 116/621/167 115/620/166 117/626/168 162/627/171 150/628/215
s 13
f 727/573/66 726/567/65 725/566/64 728/574/67
s 2
f 161/636/207 162/627/171 163/634/170 164/644/190
s 20
f 197/180/246 198/181/247 218/182/248 217/183/249
f 198/181/247 199/186/250 219/187/251 218/182/248
f 199/684/250 200/685/252 220/686/253 219/687/251
f 200/685/252 201/690/254 221/691/255 220/686/253
f 201/690/254 202/697/256 222/698/257 221/691/255
f 202/697/256 203/704/258 223/705/259 222/698/257
f 203/238/258 204/228/260 224/231/261 223/239/259
f 204/228/260 205/229/262 225/230/263 224/231/261
f 205/229/262 206/234/264 226/235/265 225/230/263
f 206/234/264 207/244/266 227/245/267 226/235/265
f 207/244/266 208/253/268 228/254/269 227/245/267
f 208/253/268 209/262/270 229/263/271 228/254/269
f 209/769/270 210/770/272 230/771/273 229/772/271
f 210/770/272 211/775/274 231/776/275 230/771/273
f 211/775/274 212/782/276 232/783/277 231/776/275
f 212/782/276 213/789/278 233/790/279 232/783/277
f 213/217/278 214/210/280 234/211/281 233/218/279
f 214/210/280 215/200/282 235/201/283 234/211/281
f 215/200/282 216/190/284 236/191/285 235/201/283
f 216/190/284 197/180/246 217/183/249 236/191/285
f 217/183/249 218/182/248 238/188/286 237/189/287
f 218/182/248 219/187/251 239/196/288 238/188/286
f 219/687/251 220/686/253 240/692/289 239/693/288
f 220/686/253 221/691/255 241/699/290 240/692/289
f 221/691/255 222/698/257 242/706/291 241/699/290
f 222/698/257 223/705/259 243/712/292 242/706/291
f 223/239/259 224/231/261 244/237/293 243/249/292
f 224/231/261 225/230/263 245/236/294 244/237/293
f 225/230/263 226/235/265 246/246/295 245/236/294
f 226/235/265 227/245/267 247/255/296 246/246/295
f 227/245/267 228/254/269 248/264/297 247/255/296
f 228/254/269 229/263/271 249/270/298 248/264/297
f 229/772/271 230/771/273 250/777/299 249/778/298
f 230/771/273 231/776/275 251/784/300 250/777/299
f 231/776/275 232/783/277 252/791/301 251/784/300
f 232/783/277 233/790/279 253/797/302 252/791/301
f 233/218/279 234/211/281 254/216/303 253/223/302
f 234/211/281 235/201/283 255/209/304 254/216/303
f 235/201/283 236/191/285 256/199/305 255/209/304
f 236/191/285 217/183/249 237/189/287 256/199/305
f 237/189/287 238/188/286 258/197/306 257/198/307
f 238/188/286 239/196/288 259/205/308 258/197/306
f 239/693/288 240/692/289 260/700/309 259/701/308
f 240/692/289 241/699/290 261/707/310 260/700/309
f 241/699/290 242/706/291 262/713/311 261/707/310
f 242/706/291 243/712/292 263/720/312 262/713/311
f 243/249/292 244/237/293 264/248/313 263/259/312
f 244/237/293 245/236/294 265/247/314 264/248/313
f 245/236/294 246/246/295 266/256/315 265/247/314
f 246/246/295 247/255/296 267/265/316 266/256/315
f 247/255/296 248/264/297 268/271/317 267/265/316
f 248/264/297 249/270/298 269/274/318 268/271/317
f 249/778/298 250/777/299 270/785/319 269/786/318
f 250/777/299 251/784/300 271/792/320 270/785/319
f 251/784/300 252/791/301 272/798/321 271/792/320
f 252/791/301 253/797/302 273/805/322 272/798/321
f 253/223/302 254/216/303 274/222/323 273/226/322
f 254/216/303 255/209/304 275/215/324 274/222/323
f 255/209/304 256/199/305 276/208/325 275/215/324
f 256/199/305 237/189/287 257/198/307 276/208/325
f 257/198/307 258/197/306 278/206/326 277/207/327
f 258/717/306 259/701/308 279/709/328 278/718/326
f 259/701/308 260/700/309 280/708/329 279/709/328
f 260/700/309 261/707/310 281/714/330 280/708/329
f 261/707/310 262/713/311 282/721/331 281/714/330
f 262/713/311 263/720/312 283/726/332 282/721/331
f 263/259/312 264/248/313 284/258/333 283/267/332
f 264/248/313 265/247/314 285/257/334 284/258/333
f 265/247/314 266/256/315 286/266/335 285/257/334
f 266/256/315 267/265/316 287/272/336 286/266/335
f 267/265/316 268/271/317 288/275/337 287/272/336
f 268/802/317 269/786/318 289/794/338 288/803/337
f 269/786/318 270/785/319 290/793/339 289/794/338
f 270/785/319 271/792/320 291/799/340 290/793/339
f 271/792/320 272/798/321 292/806/341 291/799/340
f 272/798/321 273/805/322 293/811/342 292/806/341
f 273/226/322 274/222/323 294/225/343 293/227/342
f 274/222/323 275/215/324 295/221/344 294/225/343
f 275/215/324 276/208/325 296/214/345 295/221/344
f 276/208/325 257/198/307 277/207/327 296/214/345
f 277/996/327 278/997/326 298/998/346 297/999/347
f 278/718/326 279/709/328 299/716/348 298/725/346
f 279/709/328 280/708/329 300/715/349 299/716/348
f 280/708/329 281/714/330 301/722/350 300/715/349
f 281/714/330 282/721/331 302/727/351 301/722/350
f 282/721/331 283/726/332 303/732/352 302/727/351
f 283/726/332 284/737/333 304/738/353 303/732/352
f 284/1010/333 285/1011/334 305/1012/354 304/1013/353
f 285/1011/334 286/1014/335 306/1015/355 305/1012/354
f 286/1014/335 287/1018/336 307/1019/356 306/1015/355
f 287/1018/336 288/1020/337 308/1021/357 307/1019/356
f 288/803/337 289/794/338 309/801/358 308/810/357
f 289/794/338 290/793/339 310/800/359 309/801/358
f 290/793/339 291/799/340 311/807/360 310/800/359
f 291/799/340 292/806/341 312/812/361 311/807/360
f 292/806/341 293/811/342 313/817/362 312/812/361
f 293/811/342 294/822/343 314/823/363 313/817/362
f 294/1006/343 295/1004/344 315/1005/364 314/1007/363
f 295/1004/344 296/1002/345 316/1003/365 315/1005/364
f 296/1002/345 277/996/327 297/999/347 316/1003/365
f 297/999/347 298/998/346 318/1000/366 317/1001/367
f 298/725/346 299/716/348 319/724/368 318/731/366
f 299/716/348 300/715/349 320/723/369 319/724/368
f 300/715/349 301/722/350 321/728/370 320/723/369
f 301/722/350 302/727/351 322/733/371 321/728/370
f 302/727/351 303/732/352 323/739/372 322/733/371
f 303/732/352 304/738/353 324/744/373 323/739/372
f 304/1013/353 305/1012/354 325/1016/374 324/1017/373
f 305/313/354 306/314/355 326/307/375 325/304/374
f 306/314/355 307/319/356 327/315/376 326/307/375
f 307/1019/356 308/1021/357 328/1022/377 327/1023/376
f 308/810/357 309/801/358 329/809/378 328/816/377
f 309/801/358 310/800/359 330/808/379 329/809/378
f 310/800/359 311/807/360 331/813/380 330/808/379
f 311/807/360 312/812/361 332/818/381 331/813/380
f 312/812/361 313/817/362 333/824/382 332/818/381
f 313/817/362 314/823/363 334/829/383 333/824/382
f 314/1007/363 315/1005/364 335/1008/384 334/1009/383
f 315/295/364 316/288/365 336/284/385 335/290/384
f 316/288/365 297/289/347 317/276/367 336/284/385
f 317/276/367 318/277/366 338/278/386 337/279/387
f 318/277/366 319/280/368 339/281/388 338/278/386
f 319/724/368 320/723/369 340/729/389 339/730/388
f 320/723/369 321/728/370 341/734/390 340/729/389
f 321/728/370 322/733/371 342/740/391 341/734/390
f 322/733/371 323/739/372 343/745/392 342/740/391
f 323/311/372 324/303/373 344/306/393 343/312/392
f 324/303/373 325/304/374 345/305/394 344/306/393
f 325/304/374 326/307/375 346/308/395 345/305/394
f 326/307/375 327/315/376 347/316/396 346/308/395
f 327/315/376 328/320/377 348/321/397 347/316/396
f 328/320/377 329/325/378 349/326/398 348/321/397
f 329/809/378 330/808/379 350/814/399 349/815/398
f 330/808/379 331/813/380 351/819/400 350/814/399
f 331/813/380 332/818/381 352/825/401 351/819/400
f 332/818/381 333/824/382 353/830/402 352/825/401
f 333/300/382 334/296/383 354/297/403 353/301/402
f 334/296/383 335/290/384 355/291/404 354/297/403
f 335/290/384 336/284/385 356/285/405 355/291/404
f 336/284/385 317/276/367 337/279/387 356/285/405
f 337/279/387 338/278/386 358/282/406 357/283/407
f 338/278/386 339/281/388 359/286/408 358/282/406
f 339/730/388 340/729/389 360/735/409 359/736/408
f 340/729/389 341/734/390 361/741/410 360/735/409
f 341/734/390 342/740/391 362/746/411 361/741/410
f 342/740/391 343/745/392 363/752/412 362/746/411
f 343/312/392 344/306/393 364/310/413 363/318/412
f 344/306/393 345/305/394 365/309/414 364/310/413
f 345/305/394 346/308/395 366/317/415 365/309/414
f 346/308/395 347/316/396 367/322/416 366/317/415
f 347/316/396 348/321/397 368/327/417 367/322/416
f 348/321/397 349/326/398 369/329/418 368/327/417
f 349/815/398 350/814/399 370/820/419 369/821/418
f 350/814/399 351/819/400 371/826/420 370/820/419
f 351/819/400 352/825/401 372/831/421 371/826/420
f 352/825/401 353/830/402 373/837/422 372/831/421
f 353/301/402 354/297/403 374/299/423 373/302/422
f 354/297/403 355/291/404 375/294/424 374/299/423
f 355/291/404 356/285/405 376/287/425 375/294/424
f 356/285/405 337/279/387 357/283/407 376/287/425
f 357/1024/407 358/1025/406 378/1026/426 377/1027/427
f 358/750/406 359/736/408 379/743/428 378/751/426
f 359/736/408 360/735/409 380/742/429 379/743/428
f 360/735/409 361/741/410 381/747/430 380/742/429
f 361/741/410 362/746/411 382/753/431 381/747/430
f 362/746/411 363/752/412 383/758/432 382/753/431
f 363/752/412 364/763/413 384/764/433 383/758/432
f 364/1038/413 365/1039/414 385/1040/434 384/1041/433
f 365/309/414 366/317/415 386/323/435 385/324/434
f 366/317/415 367/322/416 387/328/436 386/323/435
f 367/1050/416 368/1051/417 388/1048/437 387/1046/436
f 368/835/417 369/821/418 389/828/438 388/836/437
f 369/821/418 370/820/419 390/827/439 389/828/438
f 370/820/419 371/826/420 391/832/440 390/827/439
f 371/826/420 372/831/421 392/838/441 391/832/440
f 372/831/421 373/837/422 393/841/442 392/838/441
f 373/837/422 374/845/423 394/846/443 393/841/442
f 374/1036/423 375/1037/424 395/1032/444 394/1034/443
f 375/294/424 376/287/425 396/293/445 395/298/444
f 376/287/425 357/283/407 377/292/427 396/293/445
f 377/1027/427 378/1026/426 398/1028/446 397/1029/447
f 378/751/426 379/743/428 399/749/448 398/757/446
f 379/743/428 380/742/429 400/748/449 399/749/448
f 380/742/429 381/747/430 401/754/450 400/748/449
f 381/747/430 382/753/431 402/759/451 401/754/450
f 382/753/431 383/758/432 403/765/452 402/759/451
f 383/758/432 384/764/433 404/768/453 403/765/452
f 384/1041/433 385/1040/434 405/1042/454 404/1043/453
f 385/1040/434 386/1044/435 406/1045/455 405/1042/454
f 386/1044/435 387/1046/436 407/1047/456 406/1045/455
f 387/1046/436 388/1048/437 408/1049/457 407/1047/456
f 388/836/437 389/828/438 409/834/458 408/840/457
f 389/828/438 390/827/439 410/833/459 409/834/458
f 390/827/439 391/832/440 411/839/460 410/833/459
f 391/832/440 392/838/441 412/842/461 411/839/460
f 392/838/441 393/841/442 413/847/462 412/842/461
f 393/841/442 394/846/443 414/849/463 413/847/462
f 394/1034/443 395/1032/444 415/1033/464 414/1035/463
f 395/1032/444 396/1030/445 416/1031/465 415/1033/464
f 396/1030/445 377/1027/427 397/1029/447 416/1031/465
f 397/334/447 398/335/446 418/331/466 417/330/467
f 398/335/446 399/342/448 419/336/468 418/331/466
f 399/749/448 400/748/449 420/755/469 419/756/468
f 400/748/449 401/754/450 421/760/470 420/755/469
f 401/754/450 402/759/451 422/766/471 421/760/470
f 402/853/451 403/854/452 423/855/472 422/856/471
f 403/417/452 404/408/453 424/404/473 423/414/472
f 404/408/453 405/409/454 425/405/474 424/404/473
f 405/409/454 406/416/455 426/410/475 425/405/474
f 406/416/455 407/426/456 427/418/476 426/410/475
f 407/426/456 408/434/457 428/427/477 427/418/476
f 408/434/457 409/443/458 429/435/478 428/427/477
f 409/857/458 410/858/459 430/859/479 429/860/478
f 410/833/459 411/839/460 431/843/480 430/844/479
f 411/839/460 412/842/461 432/848/481 431/843/480
f 412/842/461 413/847/462 433/850/482 432/848/481
f 413/367/462 414/358/463 434/356/483 433/365/482
f 414/358/463 415/350/464 435/348/484 434/356/483
f 415/350/464 416/343/465 436/340/485 435/348/484
f 416/343/465 397/334/447 417/330/467 436/340/485
f 417/330/467 418/331/466 516/332/486 517/333/487
f 418/331/466 419/336/468 515/337/488 516/332/486
f 419/756/468 420/755/469 514/761/489 515/762/488
f 420/755/469 421/760/470 513/767/490 514/761/489
f 421/900/470 422/901/471 512/902/491 513/903/490
f 422/424/471 423/414/472 511/415/492 512/425/491
f 423/414/472 424/404/473 510/407/493 511/415/492
f 424/404/473 425/405/474 509/406/494 510/407/493
f 425/405/474 426/410/475 508/411/495 509/406/494
f 426/410/475 427/418/476 507/419/496 508/411/495
f 427/418/476 428/427/477 506/428/497 507/419/496
f 428/427/477 429/435/478 505/436/498 506/428/497
f 429/860/478 430/859/479 504/861/499 505/862/498
f 430/859/479 431/863/480 503/864/500 504/861/499
f 431/843/480 432/848/481 502/851/501 503/852/500
f 432/375/481 433/365/482 501/366/502 502/376/501
f 433/365/482 434/356/483 500/357/503 501/366/502
f 434/356/483 435/348/484 499/349/504 500/357/503
f 435/348/484 436/340/485 518/341/505 499/349/504
f 436/340/485 417/330/467 517/333/487 518/341/505
f 437/353/506 438/352/507 458/360/508 457/361/509
f 438/352/507 439/359/510 459/368/511 458/360/508
f 439/927/510 440/921/512 460/926/513 459/932/511
f 440/921/512 441/914/514 461/920/515 460/926/513
f 441/914/514 442/913/516 462/919/517 461/920/515
f 442/913/516 443/918/518 463/923/519 462/919/517
f 443/442/518 444/432/520 464/441/521 463/450/519
f 444/432/520 445/431/522 465/440/523 464/441/521
f 445/431/522 446/439/524 466/447/525 465/440/523
f 446/439/524 447/446/526 467/453/527 466/447/525
f 447/446/526 448/452/528 468/459/529 467/453/527
f 448/452/528 449/458/530 469/465/531 468/459/529
f 449/874/530 450/873/532 470/879/533 469/880/531
f 450/873/532 451/878/534 471/883/535 470/879/533
f 451/878/534 452/882/536 472/885/537 471/883/535
f 452/882/536 453/884/538 473/888/539 472/885/537
f 453/392/538 454/382/540 474/391/541 473/398/539
f 454/382/540 455/372/542 475/381/543 474/391/541
f 455/372/542 456/362/544 476/371/545 475/381/543
f 456/362/544 437/353/506 457/361/509 476/371/545
f 457/361/509 458/360/508 478/369/546 477/370/547
f 458/360/508 459/368/511 479/377/548 478/369/546
f 459/368/511 460/384/513 480/385/549 479/377/548
f 460/926/513 461/920/515 481/925/550 480/931/549
f 461/920/515 462/919/517 482/924/551 481/925/550
f 462/919/517 463/923/519 483/928/552 482/924/551
f 463/450/519 464/441/521 484/449/553 483/457/552
f 464/441/521 465/440/523 485/448/554 484/449/553
f 465/440/523 466/447/525 486/454/555 485/448/554
f 466/447/525 467/453/527 487/460/556 486/454/555
f 467/453/527 468/459/529 488/466/557 487/460/556
f 468/459/529 469/465/531 489/472/558 488/466/557
f 469/465/531 470/480/533 490/481/559 489/472/558
f 470/879/533 471/883/535 491/886/560 490/887/559
f 471/883/535 472/885/537 492/889/561 491/886/560
f 472/885/537 473/888/539 493/892/562 492/889/561
f 473/398/539 474/391/541 494/397/563 493/401/562
f 474/391/541 475/381/543 495/390/564 494/397/563
f 475/381/543 476/371/545 496/380/565 495/390/564
f 476/371/545 457/361/509 477/370/547 496/380/565
f 500/357/503 499/349/504 534/355/566 535/364/567
f 501/366/502 500/357/503 535/364/567 536/374/568
f 502/870/501 501/875/502 536/876/568 537/871/569
f 503/864/500 502/870/501 537/871/569 538/867/570
f 504/861/499 503/864/500 538/867/570 519/865/571
f 505/862/498 504/861/499 519/865/571 520/866/572
f 506/428/497 505/436/498 520/444/572 521/437/573
f 507/419/496 506/428/497 521/437/573 522/429/574
f 508/411/495 507/419/496 522/429/574 523/420/575
f 509/406/494 508/411/495 523/420/575 524/412/576
f 510/407/493 509/406/494 524/412/576 525/413/577
f 511/415/492 510/407/493 525/413/577 526/423/578
f 512/902/491 511/906/492 526/907/578 527/904/579
f 513/903/490 512/902/491 527/904/579 528/905/580
f 514/910/489 513/903/490 528/905/580 529/911/581
f 515/916/488 514/910/489 529/911/581 530/917/582
f 516/332/486 515/337/488 530/344/582 531/338/583
f 517/333/487 516/332/486 531/338/583 532/339/584
f 518/341/505 517/333/487 532/339/584 533/347/585
f 499/349/504 518/341/505 533/347/585 534/355/566
f 520/866/572 519/865/571 539/868/586 540/869/587
f 521/437/573 520/444/572 540/451/587 541/445/588
f 522/429/574 521/437/573 541/445/588 542/438/589
f 523/420/575 522/429/574 542/438/589 543/430/590
f 524/412/576 523/420/575 543/430/590 544/421/591
f 525/413/577 524/412/576 544/421/591 545/422/592
f 526/423/578 525/413/577 545/422/592 546/433/593
f 527/904/579 526/907/578 546/912/593 547/908/594
f 528/905/580 527/904/579 547/908/594 548/909/595
f 529/911/581 528/905/580 548/909/595 549/915/596
f 530/917/582 529/911/581 549/915/596 550/922/597
f 531/338/583 530/344/582 550/351/597 551/345/598
f 532/339/584 531/338/583 551/345/598 552/346/599
f 533/347/585 532/339/584 552/346/599 553/354/600
f 534/355/566 533/347/585 553/354/600 554/363/601
f 535/364/567 534/355/566 554/363/601 555/373/602
f 536/374/568 535/364/567 555/373/602 556/383/603
f 537/871/569 536/876/568 556/881/603 557/877/604
f 538/867/570 537/871/569 557/877/604 558/872/605
f 519/865/571 538/867/570 558/872/605 539/868/586
f 540/869/587 539/868/586 450/873/532 449/874/530
f 541/445/588 540/451/587 449/458/530 448/452/528
f 542/438/589 541/445/588 448/452/528 447/446/526
f 543/430/590 542/438/589 447/446/526 446/439/524
f 544/421/591 543/430/590 446/439/524 445/431/522
f 545/422/592 544/421/591 445/431/522 444/432/520
f 546/433/593 545/422/592 444/432/520 443/442/518
f 547/908/594 546/912/593 443/918/518 442/913/516
f 548/909/595 547/908/594 442/913/516 441/914/514
f 549/915/596 548/909/595 441/914/514 440/921/512
f 550/922/597 549/915/596 440/921/512 439/927/510
f 551/345/598 550/351/597 439/359/510 438/352/507
f 552/346/599 551/345/598 438/352/507 437/353/506
f 553/354/600 552/346/599 437/353/506 456/362/544
f 554/363/601 553/354/600 456/362/544 455/372/542
f 555/373/602 554/363/601 455/372/542 454/382/540
f 556/383/603 555/373/602 454/382/540 453/392/538
f 557/877/604 556/881/603 453/884/538 452/882/536
f 558/872/605 557/877/604 452/882/536 451/878/534
f 539/868/586 558/872/605 451/878/534 450/873/532
f 559/184/606 562/185/607 198/181/247 197/180/246
f 562/185/607 565/194/608 199/186/250 198/181/247
f 565/688/608 568/689/609 200/685/252 199/684/250
f 568/689/609 571/696/610 201/690/254 200/685/252
f 571/696/610 574/703/611 202/697/256 201/690/254
f 574/703/611 577/711/612 203/704/258 202/697/256
f 577/243/612 580/232/613 204/228/260 203/238/258
f 580/232/613 583/233/614 205/229/262 204/228/260
f 583/233/614 586/242/615 206/234/264 205/229/262
f 586/242/615 589/252/616 207/244/266 206/234/264
f 589/252/616 592/261/617 208/253/268 207/244/266
f 592/261/617 595/269/618 209/262/270 208/253/268
f 595/773/618 598/774/619 210/770/272 209/769/270
f 598/774/619 601/781/620 211/775/274 210/770/272
f 601/781/620 604/788/621 212/782/276 211/775/274
f 604/788/621 607/796/622 213/789/278 212/782/276
f 607/220/622 610/213/623 214/210/280 213/217/278
f 610/213/623 613/204/624 215/200/282 214/210/280
f 613/204/624 616/195/625 216/190/284 215/200/282
f 616/195/625 559/184/606 197/180/246 216/190/284
f 477/370/547 478/369/546 622/378/626 619/379/627
f 478/369/546 479/377/548 625/386/628 622/378/626
f 479/377/548 480/385/549 628/393/629 625/386/628
f 480/931/549 481/925/550 631/930/630 628/936/629
f 481/925/550 482/924/551 634/929/631 631/930/630
f 482/924/551 483/928/552 637/933/632 634/929/631
f 483/457/552 484/449/553 640/456/633 637/464/632
f 484/449/553 485/448/554 643/455/634 640/456/633
f 485/448/554 486/454/555 646/461/635 643/455/634
f 486/454/555 487/460/556 649/467/636 646/461/635
f 487/460/556 488/466/557 652/473/637 649/467/636
f 488/466/557 489/472/558 655/482/638 652/473/637
f 489/472/558 490/481/559 658/486/639 655/482/638
f 490/887/559 491/886/560 661/890/640 658/891/639
f 491/886/560 492/889/561 664/893/641 661/890/640
f 492/889/561 493/892/562 667/894/642 664/893/641
f 493/401/562 494/397/563 670/400/643 667/403/642
f 494/397/563 495/390/564 673/396/644 670/400/643
f 495/390/564 496/380/565 676/389/645 673/396/644
f 496/380/565 477/370/547 619/379/627 676/389/645
f 564/1052/646 561/1053/647 497/1054/648
f 567/1058/649 564/1052/646 497/1054/648
f 570/1062/650 567/1058/649 497/1054/648
f 573/1066/651 570/1062/650 497/1054/648
f 576/1070/652 573/1066/651 497/1054/648
f 579/1074/653 576/1070/652 497/1054/648
f 582/1078/654 579/1074/653 497/1054/648
f 585/1082/655 582/1078/654 497/1054/648
f 588/1086/656 585/1082/655 497/1054/648
f 591/1090/657 588/1086/656 497/1054/648
f 594/1089/658 591/1090/657 497/1054/648
f 597/1085/659 594/1089/658 497/1054/648
f 600/1081/660 597/1085/659 497/1054/648
f 603/1077/661 600/1081/660 497/1054/648
f 606/1073/662 603/1077/661 497/1054/648
f 609/1069/663 606/1073/662 497/1054/648
f 612/1065/664 609/1069/663 497/1054/648
f 615/1061/665 612/1065/664 497/1054/648
f 618/1057/666 615/1061/665 497/1054/648
f 561/1053/647 618/1057/666 497/1054/648
f 621/503/667 624/502/668 498/479/669
f 624/502/668 627/499/670 498/479/669
f 627/499/670 630/493/671 498/479/669
f 630/493/671 633/489/672 498/479/669
f 633/489/672 636/485/673 498/479/669
f 636/485/673 639/478/674 498/479/669
f 639/478/674 642/470/675 498/479/669
f 642/470/675 645/471/676 498/479/669
f 645/471/676 648/475/677 498/479/669
f 648/475/677 651/484/678 498/479/669
f 651/484/678 654/488/679 498/479/669
f 654/488/679 657/492/680 498/479/669
f 657/492/680 660/497/681 498/479/669
f 660/497/681 663/498/682 498/479/669
f 663/498/682 666/501/683 498/479/669
f 666/501/683 669/504/684 498/479/669
f 669/504/684 672/506/685 498/479/669
f 672/506/685 675/507/686 498/479/669
f 675/507/686 678/505/687 498/479/669
f 678/505/687 621/503/667 498/479/669
f 559/184/606 560/192/688 563/193/689 562/185/607
f 560/1055/690 561/1053/647 564/1052/646 563/1056/691
f 562/185/607 563/193/689 566/203/692 565/194/608
f 563/1056/691 564/1052/646 567/1058/649 566/1060/693
f 565/688/608 566/694/692 569/695/694 568/689/609
f 566/1060/693 567/1058/649 570/1062/650 569/1064/695
f 568/689/609 569/695/694 572/702/696 571/696/610
f 569/1064/695 570/1062/650 573/1066/651 572/1068/697
f 571/696/610 572/702/696 575/710/698 574/703/611
f 572/1068/697 573/1066/651 576/1070/652 575/1072/699
f 574/703/611 575/710/698 578/719/700 577/711/612
f 575/1072/699 576/1070/652 579/1074/653 578/1076/701
f 577/243/612 578/250/700 581/240/702 580/232/613
f 578/1076/701 579/1074/653 582/1078/654 581/1080/703
f 580/232/613 581/240/702 584/241/704 583/233/614
f 581/1080/703 582/1078/654 585/1082/655 584/1084/705
f 583/233/614 584/241/704 587/251/706 586/242/615
f 584/1084/705 585/1082/655 588/1086/656 587/1088/707
f 586/242/615 587/251/706 590/260/708 589/252/616
f 587/1088/707 588/1086/656 591/1090/657 590/1092/709
f 589/252/616 590/260/708 593/268/710 592/261/617
f 590/1092/709 591/1090/657 594/1089/658 593/1091/711
f 592/261/617 593/268/710 596/273/712 595/269/618
f 593/1091/711 594/1089/658 597/1085/659 596/1087/713
f 595/773/618 596/779/712 599/780/714 598/774/619
f 596/1087/713 597/1085/659 600/1081/660 599/1083/714
f 598/774/619 599/780/714 602/787/715 601/781/620
f 599/1083/714 600/1081/660 603/1077/661 602/1079/715
f 601/781/620 602/787/715 605/795/716 604/788/621
f 602/1079/715 603/1077/661 606/1073/662 605/1075/717
f 604/788/621 605/795/716 608/804/718 607/796/622
f 605/1075/717 606/1073/662 609/1069/663 608/1071/719
f 607/220/622 608/224/718 611/219/720 610/213/623
f 608/1071/719 609/1069/663 612/1065/664 611/1067/721
f 610/213/623 611/219/720 614/212/722 613/204/624
f 611/1067/721 612/1065/664 615/1061/665 614/1063/723
f 613/204/624 614/212/722 617/202/724 616/195/625
f 614/1063/723 615/1061/665 618/1057/666 617/1059/725
f 561/1053/647 560/1055/690 617/1059/725 618/1057/666
f 560/192/688 559/184/606 616/195/625 617/202/724
f 619/379/726 620/387/727 677/395/728 676/389/645
f 620/1093/729 621/1094/730 678/1095/731 677/1096/732
f 621/1094/730 620/1093/729 623/1097/733 624/1098/734
f 620/387/727 619/379/726 622/378/735 623/388/736
f 624/1098/734 623/1097/733 626/1101/737 627/1102/670
f 623/388/736 622/378/735 625/386/738 626/394/739
f 627/1102/670 626/1101/737 629/1105/740 630/1106/671
f 626/938/739 625/939/738 628/936/629 629/937/741
f 630/493/671 629/494/740 632/490/742 633/489/672
f 629/937/741 628/936/629 631/930/630 632/934/743
f 633/489/672 632/490/742 635/476/744 636/485/673
f 632/934/743 631/930/630 634/929/631 635/935/745
f 636/485/673 635/476/744 638/469/746 639/478/674
f 635/476/745 634/477/631 637/464/632 638/469/747
f 639/478/674 638/469/746 641/462/748 642/470/675
f 638/469/747 637/464/632 640/456/633 641/462/749
f 642/470/675 641/462/748 644/463/750 645/471/676
f 641/462/749 640/456/633 643/455/634 644/463/750
f 645/471/676 644/463/750 647/468/751 648/475/677
f 644/463/750 643/455/634 646/461/635 647/468/751
f 648/475/677 647/468/751 650/474/752 651/484/678
f 647/468/751 646/461/635 649/467/636 650/474/752
f 651/484/678 650/474/752 653/483/753 654/488/679
f 650/474/752 649/467/636 652/473/637 653/483/753
f 654/488/679 653/483/753 656/487/754 657/492/680
f 653/483/753 652/473/637 655/482/638 656/487/754
f 657/492/680 656/487/754 659/491/755 660/497/681
f 656/487/754 655/482/638 658/486/639 659/491/755
f 660/497/681 659/491/755 662/496/756 663/498/682
f 659/491/755 658/486/639 661/495/640 662/496/757
f 663/498/682 662/496/756 665/500/758 666/501/683
f 662/895/757 661/890/640 664/893/641 665/896/759
f 666/1109/683 665/1110/758 668/1108/760 669/1107/684
f 665/896/759 664/893/641 667/894/642 668/897/761
f 669/1107/684 668/1108/760 671/1104/762 672/1103/685
f 668/897/761 667/894/642 670/898/643 671/899/763
f 672/1103/685 671/1104/762 674/1100/764 675/1099/686
f 671/402/763 670/400/643 673/396/644 674/399/765
f 675/1099/686 674/1100/764 677/1096/732 678/1095/731
f 674/399/765 673/396/644 676/389/645 677/395/728
s off
f 38/12/766 37/11/767 679/40/768 680/41/769
f 44/19/770 43/56/771 682/57/772 681/43/773
f 40/14/774 39/13/775 684/44/776 683/45/777
f 42/17/778 41/16/779 686/46/780 685/47/781
f 37/11/782 24/6/783 687/48/784 679/40/785
f 24/6/786 23/5/787 688/49/788 687/48/789
f 23/5/790 42/17/791 685/47/792 688/49/793
f 41/16/794 28/8/795 689/50/796 686/46/797
f 28/8/798 27/7/799 690/51/800 689/50/801
f 27/7/802 44/19/803 681/43/804 690/51/805
f 43/18/806 32/10/807 691/52/808 682/42/809
f 32/10/810 31/9/811 692/53/812 691/52/813
f 31/9/814 40/14/815 683/45/816 692/53/817
f 19/4/818 20/3/819 693/54/820 694/55/821
f 20/3/822 38/12/823 680/41/824 693/54/825
f 39/13/826 19/4/827 694/55/828 684/44/829
f 54/21/830 53/20/831 695/23/832 696/22/833
f 53/20/834 56/27/835 697/24/836 695/23/837
f 56/27/838 55/26/839 698/25/840 697/24/841
f 55/26/842 54/21/843 696/22/844 698/25/845
f 73/29/846 74/28/847 699/31/848 700/30/849
f 74/28/850 193/35/851 701/32/852 699/31/853
f 193/35/854 194/34/855 702/33/856 701/32/857
f 194/34/858 73/29/859 700/30/860 702/33/861
f 10/1/862 53/20/863 703/37/864 704/36/865
f 53/20/866 63/15/867 705/38/868 703/37/869
f 63/15/870 30/2/871 706/39/872 705/38/873
f 30/2/874 10/1/875 704/36/876 706/39/877
s 26
f 680/578/878 679/579/879 707/569/880 708/568/881
f 681/610/882 682/611/883 710/601/884 709/600/885
f 683/609/886 684/603/887 712/589/888 711/599/889
f 685/593/890 686/604/891 714/594/892 713/583/893
f 679/579/879 687/590/894 715/580/895 707/569/880
f 687/590/894 688/592/896 716/582/897 715/580/895
f 688/592/896 685/593/890 713/583/893 716/582/897
f 686/604/891 689/612/898 717/605/899 714/594/892
f 689/612/898 690/613/900 718/606/901 717/605/899
f 690/613/900 681/610/882 709/600/885 718/606/901
f 682/611/883 691/614/902 719/607/903 710/601/884
f 691/614/902 692/615/904 720/608/905 719/607/903
f 692/615/904 683/609/886 711/599/889 720/608/905
f 694/602/906 693/591/907 721/581/908 722/588/909
f 693/591/907 680/578/878 708/568/881 721/581/908
f 684/603/887 694/602/906 722/588/909 712/589/888
s 30
f 708/568/910 707/569/911 723/565/912 724/564/913
f 709/600/914 710/601/915 730/587/916 729/586/917
f 711/599/918 712/589/919 732/577/920 731/585/921
f 713/583/922 714/594/923 734/584/924 733/572/925
f 707/569/911 715/580/926 735/570/927 723/565/912
f 715/580/926 716/582/928 736/571/929 735/570/927
f 716/582/928 713/583/922 733/572/925 736/571/929
f 714/594/923 717/605/930 737/595/931 734/584/924
f 717/605/930 718/606/932 738/596/933 737/595/931
f 718/606/932 709/600/914 729/586/917 738/596/933
f 710/601/915 719/607/934 739/597/935 730/587/916
f 719/607/934 720/608/936 740/598/937 739/597/935
f 720/608/936 711/599/918 731/585/921 740/598/937
f 722/588/938 721/581/939 741/576/940 742/575/941
f 721/581/939 708/568/910 724/564/913 741/576/940
f 712/589/919 722/588/938 742/575/941 732/577/920
