# This file uses centimeters as units for non-parametric coordinates.

mtllib menotte.mtl
g default
v 0.696541 -0.131700 -0.524461
v 0.686041 -0.131700 -0.524461
v 0.686041 -0.131700 -0.516832
v 0.686041 -0.267899 -0.456184
v 0.686041 -0.131700 -0.456181
v 0.686041 0.131700 -0.516832
v 0.686041 0.131700 -0.524461
v 0.696541 0.131700 -0.524461
v 0.805526 -0.267899 -0.221677
v 0.805526 -0.131700 -0.221677
v 0.928925 0.131700 -0.524461
v 0.928925 -0.131700 -0.524461
v 1.043760 -0.131700 -0.299084
v 1.043760 0.131700 -0.299084
v 0.805526 0.267899 -0.221677
v 0.686041 0.267899 -0.456184
v 0.686041 0.131700 -0.456181
v 0.805526 0.131700 -0.221677
v 0.686041 -0.131700 0.691513
v 0.686041 -0.131700 0.699142
v 0.696541 -0.131700 0.699142
v 0.696541 0.131700 0.699142
v 0.686041 0.131700 0.699142
v 0.686041 0.131700 0.691513
v 0.854469 -0.267899 0.087340
v 0.854469 -0.131700 0.087340
v 0.805526 -0.131700 -0.221677
v 1.104962 -0.131700 0.087340
v 1.104962 0.131700 0.087340
v 0.805526 -0.267899 0.396357
v 0.686041 -0.267899 0.630864
v 0.686041 -0.131700 0.630860
v 0.805526 -0.131700 0.396357
v 0.854469 -0.131700 0.087340
v 0.805526 -0.131700 0.396357
v 1.043759 -0.131700 0.473764
v 0.805526 0.131700 0.396357
v 0.854469 0.131700 0.087340
v 1.043759 0.131700 0.473764
v 0.805526 0.131700 0.396357
v 0.686041 0.131700 0.630860
v 0.686041 0.267899 0.630864
v 0.805526 0.267899 0.396357
v 0.854469 0.267899 0.087340
v 0.805526 0.131700 -0.221677
v 0.854469 0.131700 0.087340
v 0.928924 -0.131700 0.699142
v 0.928924 0.131700 0.699142
v 1.811571 -0.247902 0.679145
v 1.811571 -0.267899 0.630868
v 1.859848 -0.247902 0.630868
v 1.879845 -0.199626 0.630868
v 1.859848 -0.199626 0.679145
v 1.811571 -0.199626 0.699142
v 1.811571 -0.247902 -0.504465
v 1.811571 -0.199626 -0.524461
v 1.859848 -0.199626 -0.504465
v 1.879845 -0.199626 -0.456188
v 1.859848 -0.247902 -0.456188
v 1.811571 -0.267899 -0.456188
v 1.811571 0.247902 -0.504465
v 1.811571 0.267899 -0.456188
v 1.859848 0.247902 -0.456188
v 1.879845 0.199626 -0.456188
v 1.859848 0.199626 -0.504465
v 1.811571 0.199626 -0.524461
v 1.811571 0.247902 0.679145
v 1.811571 0.199626 0.699142
v 1.859848 0.199626 0.679145
v 1.879845 0.199626 0.630868
v 1.859848 0.247902 0.630868
v 1.811571 0.267899 0.630868
v 0.686041 0.247902 -0.504465
v 0.686041 0.199626 -0.524461
v 0.686041 -0.247902 -0.504465
v 0.686041 -0.199626 -0.524461
v 0.686041 -0.247902 0.679145
v 0.686041 -0.199626 0.699142
v 0.686041 0.247902 0.679145
v 0.686041 0.199626 0.699142
v 1.850976 -0.239030 0.670272
v 1.850976 -0.239030 -0.495592
v 1.850976 0.239030 -0.495592
v 1.850976 0.239030 0.670272
vt 0.623214 0.269092
vt 0.594314 0.269093
vt 0.594314 0.219333
vt 0.623214 0.219333
vt 0.598557 0.279337
vt 0.623214 0.281961
vt 0.623214 0.283580
vt 0.608801 0.283580
vt 0.594314 0.153764
vt 0.623214 0.153764
vt 0.623214 0.219333
vt 0.594314 0.088195
vt 0.623214 0.088195
vt 0.623214 0.088195
vt 0.623214 0.153764
vt 0.594314 0.038435
vt 0.623214 0.038436
vt 0.598557 0.028191
vt 0.608801 0.023948
vt 0.623214 0.023948
vt 0.623214 0.025566
vt 0.682953 0.283580
vt 0.627063 0.283580
vt 0.627063 0.235758
vt 0.682953 0.235758
vt 0.627063 0.153764
vt 0.682953 0.153764
vt 0.627063 0.071770
vt 0.682953 0.071770
vt 0.627063 0.023948
vt 0.682953 0.023948
vt 0.715813 0.219333
vt 0.715813 0.269093
vt 0.686913 0.269092
vt 0.686913 0.219333
vt 0.711570 0.279337
vt 0.701326 0.283580
vt 0.686913 0.283580
vt 0.686913 0.281961
vt 0.715813 0.153764
vt 0.686913 0.219333
vt 0.686913 0.153764
vt 0.715813 0.088195
vt 0.686913 0.153764
vt 0.686913 0.088195
vt 0.686913 0.088195
vt 0.686913 0.038436
vt 0.715813 0.038435
vt 0.711570 0.028191
vt 0.686913 0.025566
vt 0.686913 0.023948
vt 0.701326 0.023948
vt 0.891152 0.518309
vt 0.880908 0.518309
vt 0.880908 0.287650
vt 0.891152 0.287650
vt 0.891152 0.528553
vt 0.882791 0.526670
vt 0.891152 0.277407
vt 0.882791 0.279289
vt 0.975868 0.287650
vt 0.975868 0.518309
vt 0.975868 0.528553
vt 0.975868 0.277407
vt 0.986112 0.287650
vt 0.986112 0.518309
vt 0.984229 0.526670
vt 0.984229 0.279289
vt 0.411232 0.283580
vt 0.409004 0.283580
vt 0.409004 0.281961
vt 0.460541 0.283580
vt 0.409004 0.269092
vt 0.434357 0.219333
vt 0.434357 0.219333
vt 0.484907 0.235758
vt 0.444742 0.153764
vt 0.444742 0.153764
vt 0.497893 0.153764
vt 0.434357 0.088195
vt 0.484907 0.071770
vt 0.434357 0.088195
vt 0.409004 0.038436
vt 0.409004 0.025566
vt 0.411232 0.023948
vt 0.460540 0.023948
vt 0.409004 0.023948
vt 0.501716 0.025567
vt 0.501716 0.023948
vt 0.503944 0.023948
vt 0.577619 0.071770
vt 0.527069 0.088195
vt 0.527069 0.088195
vt 0.501716 0.038436
vt 0.553252 0.023948
vt 0.590605 0.153764
vt 0.537454 0.153764
vt 0.537454 0.153764
vt 0.527069 0.219333
vt 0.577619 0.235758
vt 0.553252 0.283580
vt 0.503943 0.283580
vt 0.501716 0.281962
vt 0.501716 0.269092
vt 0.527069 0.219333
vt 0.501716 0.283580
vt 0.958484 0.264850
vt 0.958484 0.275094
vt 0.719662 0.275094
vt 0.719662 0.264850
vt 0.968728 0.264850
vt 0.966845 0.273211
vt 0.719662 0.034192
vt 0.958484 0.034191
vt 0.745015 0.215090
vt 0.755400 0.149521
vt 0.745015 0.083952
vt 0.968728 0.034191
vt 0.958484 0.023948
vt 0.719662 0.023948
vt 0.966845 0.025830
vt 0.867110 0.526796
vt 0.867110 0.537039
vt 0.628287 0.537039
vt 0.628287 0.526795
vt 0.877353 0.526796
vt 0.875471 0.535157
vt 0.628287 0.296138
vt 0.867110 0.296137
vt 0.653640 0.477036
vt 0.664025 0.411466
vt 0.653640 0.345897
vt 0.877353 0.296137
vt 0.867110 0.285893
vt 0.628287 0.285893
vt 0.875471 0.287776
vt 0.519529 0.296137
vt 0.529772 0.296137
vt 0.529772 0.534960
vt 0.519529 0.534960
vt 0.529772 0.285893
vt 0.521411 0.287776
vt 0.614488 0.296137
vt 0.614488 0.534960
vt 0.600075 0.534960
vt 0.600075 0.532732
vt 0.600075 0.483423
vt 0.544185 0.483423
vt 0.544185 0.532732
vt 0.544185 0.534960
vt 0.614488 0.285893
vt 0.624732 0.296137
vt 0.624732 0.534960
vt 0.622849 0.287776
vt 0.505730 0.296137
vt 0.515974 0.296137
vt 0.515974 0.534960
vt 0.505730 0.534960
vt 0.505730 0.285893
vt 0.514091 0.287776
vt 0.421014 0.534960
vt 0.421014 0.296137
vt 0.491317 0.534960
vt 0.491317 0.532732
vt 0.491317 0.483423
vt 0.435427 0.483423
vt 0.435427 0.532732
vt 0.435427 0.534960
vt 0.421014 0.285893
vt 0.410771 0.296137
vt 0.410771 0.534960
vt 0.412653 0.287776
vn 0.000000 1.000000 0.000000
vn 0.000000 1.000000 0.000000
vn 0.000000 1.000000 0.000000
vn 0.000000 -1.000000 0.000000
vn 0.000000 -1.000000 0.000000
vn 0.000000 -1.000000 0.000000
vn -0.925856 -0.000005 0.377877
vn -0.918837 -0.000005 0.394638
vn -0.955189 -0.000003 0.295997
vn -0.955189 -0.000003 0.295997
vn -0.891007 0.000000 0.453989
vn -0.891007 0.000000 0.453989
vn -0.961009 0.000000 0.276517
vn -0.961009 0.000000 0.276517
vn -0.955189 0.000003 0.295997
vn -0.918837 0.000005 0.394638
vn -0.925856 0.000005 0.377877
vn -0.955189 0.000003 0.295997
vn 0.000000 1.000000 0.000000
vn 0.000000 1.000000 0.000000
vn 0.000000 1.000000 0.000000
vn 0.000000 -1.000000 0.000000
vn 0.000000 -1.000000 0.000000
vn 0.000000 -1.000000 0.000000
vn -1.000000 -0.000000 -0.000001
vn -1.000000 -0.000000 -0.000001
vn -0.987689 -0.000000 0.156432
vn -1.000000 0.000000 -0.000001
vn -1.000000 0.000000 -0.000001
vn 0.000000 1.000000 0.000000
vn 0.000000 1.000000 0.000000
vn 0.000000 1.000000 0.000000
vn 0.000000 1.000000 0.000000
vn 0.000000 1.000000 0.000000
vn -0.955189 -0.000003 -0.295997
vn -0.918838 -0.000006 -0.394636
vn -0.925857 -0.000006 -0.377875
vn -0.955189 -0.000003 -0.295997
vn 0.000000 1.000000 -0.000000
vn 0.000000 1.000000 -0.000000
vn 0.000000 1.000000 0.000000
vn 0.000000 1.000000 -0.000000
vn 0.000000 1.000000 0.000000
vn 0.000000 -1.000000 -0.000000
vn 0.000000 -1.000000 -0.000000
vn 0.000000 -1.000000 -0.000000
vn 0.000000 -1.000000 0.000000
vn -0.961008 0.000000 -0.276519
vn -0.961008 0.000000 -0.276519
vn -0.955189 0.000004 -0.295997
vn -0.925857 0.000006 -0.377875
vn -0.918838 0.000006 -0.394636
vn -0.955189 0.000004 -0.295997
vn -1.000000 0.000000 -0.000001
vn -0.987689 0.000000 0.156432
vn -1.000000 0.000000 -0.000001
vn -0.891007 0.000000 -0.453990
vn -0.891007 0.000000 -0.453990
vn 0.000000 -1.000000 0.000000
vn 0.000000 -1.000000 0.000000
vn 0.000000 -1.000000 0.000000
vn 0.000000 -1.000000 0.000000
vn 0.000000 -1.000000 0.000000
vn 0.000000 -1.000000 0.000000
vn -0.987688 -0.000000 -0.156434
vn -0.987688 -0.000000 -0.156434
vn -0.987688 0.000001 -0.156434
vn -0.987688 0.000001 -0.156434
vn 0.000000 1.000000 0.000000
vn 0.000000 1.000000 0.000000
vn 0.000000 1.000000 0.000000
vn 0.000000 -1.000000 0.000000
vn 0.000000 -1.000000 0.000000
vn 0.000000 -1.000000 0.000000
vn 0.018404 -0.999649 0.019037
vn 0.010630 -0.924324 0.381462
vn -0.000001 -0.923885 0.382669
vn -0.000000 -0.999632 0.027143
vn 0.010631 -0.381475 0.924318
vn 0.018673 -0.050150 0.998567
vn -0.000000 -0.051117 0.998693
vn 0.000000 -0.382683 0.923880
vn 0.998886 -0.044030 0.016958
vn 0.924331 -0.381434 0.010996
vn 0.924331 -0.381434 -0.010996
vn 0.998886 -0.044030 -0.016958
vn 0.381432 -0.924332 0.010996
vn 0.018404 -0.999649 -0.019037
vn 0.381432 -0.924332 -0.010996
vn 0.379361 -0.028367 0.924814
vn 0.379361 0.028367 0.924814
vn 0.018673 0.050150 0.998567
vn 0.924814 -0.028367 0.379362
vn 0.998886 0.044030 0.016958
vn 0.924813 0.028367 0.379362
vn 0.018673 -0.050150 -0.998567
vn 0.010631 -0.381475 -0.924318
vn 0.000000 -0.382683 -0.923880
vn -0.000000 -0.051117 -0.998693
vn 0.010631 -0.924323 -0.381464
vn -0.000000 -0.999632 -0.027143
vn -0.000001 -0.923884 -0.382672
vn 0.924813 -0.028367 -0.379362
vn 0.924814 0.028367 -0.379362
vn 0.998886 0.044030 -0.016958
vn 0.379361 -0.028367 -0.924814
vn 0.018673 0.050150 -0.998567
vn 0.379361 0.028367 -0.924814
vn 0.018404 0.999649 -0.019037
vn 0.010631 0.924323 -0.381464
vn -0.000001 0.923884 -0.382672
vn -0.000000 0.999632 -0.027143
vn 0.010631 0.381475 -0.924318
vn -0.000000 0.051117 -0.998693
vn 0.000000 0.382683 -0.923880
vn 0.924331 0.381434 -0.010996
vn 0.924331 0.381434 0.010996
vn 0.381432 0.924332 -0.010996
vn 0.018404 0.999649 0.019037
vn 0.381432 0.924332 0.010996
vn 0.010631 0.381475 0.924318
vn 0.000000 0.382683 0.923880
vn -0.000000 0.051117 0.998693
vn 0.010630 0.924324 0.381462
vn -0.000000 0.999632 0.027143
vn -0.000001 0.923885 0.382669
vn -0.000000 0.000000 -1.000000
vn -0.000000 0.000000 -1.000000
vn -0.000000 0.000000 -1.000000
vn -0.000000 0.000000 -1.000000
vn -0.000000 0.000000 -1.000000
vn -0.000000 0.000000 -1.000000
vn 0.000000 -1.000000 0.000000
vn 0.000000 -1.000000 0.000000
vn 0.000000 -1.000000 0.000000
vn 0.000000 1.000000 0.000000
vn 0.000000 1.000000 0.000000
vn 0.000000 1.000000 0.000000
vn -0.000000 0.000000 1.000000
vn -0.000000 0.000000 1.000000
vn -0.000000 0.000000 1.000000
vn -0.000000 0.000000 1.000000
vn -0.000000 0.000000 1.000000
vn -0.000000 0.000000 1.000000
vn -1.000000 0.000000 0.000000
vn -1.000000 0.000000 0.000000
vn -1.000000 0.000000 0.000000
vn -1.000000 0.000000 0.000000
vn -1.000000 -0.000000 0.000000
vn -1.000000 -0.000000 0.000000
vn -1.000000 -0.000000 0.000000
vn -1.000000 -0.000000 0.000000
vn -1.000000 0.000000 0.000000
vn -1.000000 0.000000 0.000000
vn -1.000000 0.000000 0.000000
vn -1.000000 0.000000 0.000000
vn -1.000000 0.000000 0.000000
vn -1.000000 0.000000 0.000000
vn -1.000000 0.000000 0.000000
vn -1.000000 0.000000 0.000000
vn 0.325268 -0.325269 0.887919
vn 0.325269 -0.887919 0.325270
vn 0.887919 -0.325267 0.325270
vn 0.325269 -0.887919 -0.325270
vn 0.325269 -0.325269 -0.887919
vn 0.887919 -0.325268 -0.325270
vn 0.325268 0.325269 -0.887919
vn 0.325269 0.887919 -0.325270
vn 0.887919 0.325267 -0.325270
vn 0.325269 0.887919 0.325270
vn 0.325269 0.325269 0.887919
vn 0.887919 0.325268 0.325270
s 1
g pCube2
usemtl initialShadingGroup
f 1/69/1 2/70/2 3/71/3
s 2
f 6/88/4 7/89/5 8/90/6
s 3
f 5/1/7 4/2/8 9/3/9 10/4/10
s 4
f 11/22/11 12/23/12 13/24/13 14/25/14
s 5
f 15/32/15 16/33/16 17/34/17 18/35/18
s 1
f 19/84/19 20/87/20 21/85/21
s 2
f 22/102/22 23/106/23 24/103/24
s 3
f 9/3/9 25/9/25 26/10/26 27/11/27 10/4/10
s 4
f 28/26/28 29/27/29 14/25/14 13/24/13
s 1
f 12/72/30 1/69/1 3/71/3 5/73/31 10/74/32 27/75/33 13/76/34
s 3
f 30/12/35 31/16/36 32/17/37 33/13/38
s 1
f 34/78/39 35/80/40 36/81/41 28/79/42
f 13/76/34 27/75/33 26/77/43 34/78/39 28/79/42
s 2
f 37/99/44 38/97/45 29/96/46 39/100/47
s 4
f 36/28/48 39/29/49 29/27/29 28/26/28
s 5
f 40/46/50 41/47/51 42/48/52 43/43/53
f 44/40/54 15/32/15 18/35/18 45/41/55 46/42/56
s 4
f 47/30/57 48/31/58 39/29/49 36/28/48
s 2
f 29/96/46 38/97/45 46/98/59 45/92/60 14/91/61
f 14/91/61 45/92/60 18/93/62 17/94/63 6/88/4 8/90/6 11/95/64
s 3
f 25/9/25 30/12/35 33/13/38 35/14/65 34/15/66 26/10/26
s 5
f 43/43/53 44/40/54 46/42/56 38/44/67 37/45/68 40/46/50
s 1
f 36/81/41 35/80/40 33/82/69 32/83/70 19/84/19 21/85/21 47/86/71
s 2
f 48/101/72 22/102/22 24/103/24 41/104/73 40/105/74 37/99/44 39/100/47
s 11
f 50/107/75 49/108/76 77/109/77 31/110/78
s 12
f 49/137/79 54/138/80 78/139/81 77/140/82
s 13
f 52/53/83 51/54/84 59/55/85 58/56/86
s 11
f 51/111/87 50/107/75 60/114/88 59/118/89
s 12
f 54/138/80 53/141/90 69/151/91 68/143/92
s 13
f 53/57/93 52/53/83 70/62/94 69/63/95
s 14
f 56/155/96 55/156/97 75/157/98 76/158/99
s 11
f 55/119/100 60/114/88 4/113/101 75/120/102
s 13
f 58/56/86 57/59/103 65/64/104 64/61/105
s 14
f 57/159/106 56/155/96 66/162/107 65/169/108
s 15
f 62/122/109 61/123/110 73/124/111 16/125/112
s 14
f 61/170/113 66/162/107 74/161/114 73/171/115
s 13
f 64/61/105 63/65/116 71/66/117 70/62/94
s 15
f 63/126/118 62/122/109 72/129/119 71/133/120
s 12
f 68/143/92 67/152/121 79/153/122 80/144/123
s 15
f 67/134/124 72/129/119 42/128/125 79/135/126
s 13
f 52/53/83 58/56/86 64/61/105 70/62/94
s 14
f 74/161/114 66/162/107 56/155/96 76/158/99 2/163/127 1/164/128 12/165/129 11/166/130 8/167/131 7/168/132
s 11
f 4/113/101 60/114/88 50/107/75 31/110/78 30/115/133 25/116/134 9/117/135
s 15
f 42/128/125 72/129/119 62/122/109 16/125/112 15/130/136 44/131/137 43/132/138
s 12
f 78/139/81 54/138/80 68/143/92 80/144/123 23/145/139 22/146/140 48/147/141 47/148/142 21/149/143 20/150/144
s 5
f 73/36/145 74/37/146 7/38/147 6/39/148 17/34/17 16/33/16
s 3
f 75/5/149 4/2/8 5/1/7 3/6/150 2/7/151 76/8/152
f 77/18/153 78/19/154 20/20/155 19/21/156 32/17/37 31/16/36
s 5
f 79/49/157 42/48/52 41/47/51 24/50/158 23/51/159 80/52/160
s 12
f 53/141/90 54/138/80 49/137/79 81/142/161
s 11
f 49/108/76 50/107/75 51/111/87 81/112/162
s 13
f 51/54/84 52/53/83 53/57/93 81/58/163
s 11
f 59/118/89 60/114/88 55/119/100 82/121/164
s 14
f 55/156/97 56/155/96 57/159/106 82/160/165
s 13
f 57/59/103 58/56/86 59/55/85 82/60/166
s 14
f 65/169/108 66/162/107 61/170/113 83/172/167
s 15
f 61/123/110 62/122/109 63/126/118 83/127/168
s 13
f 63/65/116 64/61/105 65/64/104 83/68/169
s 15
f 71/133/120 72/129/119 67/134/124 84/136/170
s 12
f 67/152/121 68/143/92 69/151/91 84/154/171
s 13
f 69/63/95 70/62/94 71/66/117 84/67/172
g default
v 4.016173 -0.022818 -1.093127
v 4.081908 -0.022818 -1.109666
v 4.081908 0.022818 -1.109666
v 4.016173 0.022818 -1.093127
v 4.064866 -0.022818 -1.149579
v 4.064866 -0.022818 -1.149578
v 4.012298 -0.022818 -1.136353
v 4.012298 -0.022818 -1.136353
v 4.012298 0.022818 -1.136353
v 4.012298 0.022818 -1.136353
v 4.064866 0.022818 -1.149578
v 4.064866 0.022818 -1.149579
v 3.958217 -0.022818 -1.140018
v 3.958217 0.022818 -1.140018
v 3.948544 -0.022818 -1.097711
v 3.948544 0.022818 -1.097711
v 3.958217 -0.022818 -1.140018
v 3.810884 -0.022818 -1.420101
v 3.810884 0.022818 -1.420101
v 3.885642 -0.022818 -1.122969
v 3.885642 0.022818 -1.122969
v 3.907915 -0.022818 -1.160217
v 3.833624 -0.022818 -1.166428
v 3.866317 -0.022818 -1.194970
v 3.827933 -0.022818 -1.347527
v 3.785626 -0.022818 -1.357199
v 3.848132 -0.022818 -1.397829
v 3.848132 -0.022818 -1.397829
v 3.907915 -0.022818 -1.160217
v 3.866317 -0.022818 -1.194970
v 3.837494 -0.022818 -1.240878
v 3.837494 0.022818 -1.240878
v 3.866317 0.022818 -1.194970
v 3.824268 -0.022818 -1.293445
v 3.827933 -0.022818 -1.347527
v 3.827933 0.022818 -1.347527
v 3.824268 0.022818 -1.293445
v 3.958217 0.022818 -1.140018
v 3.866317 0.022818 -1.194970
v 3.833624 0.022818 -1.166428
v 3.907915 0.022818 -1.160217
v 3.848132 0.022818 -1.397829
v 3.785626 0.022818 -1.357199
v 3.827933 0.022818 -1.347527
v 3.837494 -0.022818 -1.240878
v 3.797581 -0.022818 -1.223835
v 3.781042 -0.022818 -1.289570
v 3.824268 -0.022818 -1.293445
v 3.797581 0.022818 -1.223835
v 3.781042 0.022818 -1.289570
v 3.848132 0.022818 -1.397829
v 3.907915 0.022818 -1.160217
v 3.824268 0.022818 -1.293445
v 3.837494 0.022818 -1.240878
v 4.110773 -0.022818 -1.178401
v 4.110773 0.022818 -1.178401
v 4.139315 -0.022818 -1.145709
v 4.139315 0.022818 -1.145709
v 4.110773 0.022818 -1.178401
v 4.182775 0.022818 -1.197727
v 4.145527 0.022818 -1.220000
v 4.182775 -0.022818 -1.197727
v 4.145527 -0.022818 -1.220000
v 4.110773 -0.022818 -1.178401
v 4.145527 0.022818 -1.220000
v 4.145527 -0.022818 -1.220000
vt 0.931789 0.762317
vt 0.931789 0.725815
vt 0.966278 0.725815
vt 0.966278 0.762317
vt 0.931789 0.725815
vt 0.931789 0.685352
vt 0.966278 0.685352
vt 0.966278 0.725815
vt 0.931789 0.791285
vt 0.931789 0.791285
vt 0.931789 0.762317
vt 0.966278 0.762317
vt 0.966278 0.791285
vt 0.966278 0.791285
vt 0.931789 0.685352
vt 0.931789 0.644889
vt 0.931789 0.644889
vt 0.966278 0.644889
vt 0.966278 0.644889
vt 0.966278 0.685352
vt 0.931789 0.608387
vt 0.966278 0.608387
vt 0.931789 0.608386
vt 0.931789 0.579418
vt 0.931789 0.579418
vt 0.966278 0.579418
vt 0.966278 0.579418
vt 0.966278 0.608386
vt 0.894469 0.661289
vt 0.894469 0.615643
vt 0.928958 0.615643
vt 0.928958 0.661289
vt 0.894469 0.579418
vt 0.928958 0.579418
vt 0.894469 0.711887
vt 0.928958 0.711887
vt 0.894469 0.762486
vt 0.928958 0.762486
vt 0.894469 0.808132
vt 0.928958 0.808132
vt 0.894469 0.844357
vt 0.928958 0.844357
vt 0.666136 0.820124
vt 0.692672 0.839404
vt 0.656447 0.875628
vt 0.637168 0.849093
vt 0.715929 0.793758
vt 0.666136 0.820124
vt 0.684735 0.783622
vt 0.684735 0.783622
vt 0.610801 0.898886
vt 0.600665 0.867691
vt 0.600665 0.867691
vt 0.637168 0.849093
vt 0.723943 0.743159
vt 0.691143 0.743159
vt 0.691143 0.743159
vt 0.560203 0.906900
vt 0.560203 0.874100
vt 0.684735 0.702696
vt 0.715929 0.692560
vt 0.692671 0.646914
vt 0.684735 0.702696
vt 0.666136 0.666194
vt 0.666136 0.666194
vt 0.637168 0.637226
vt 0.656447 0.610690
vt 0.610801 0.587432
vt 0.637167 0.637226
vt 0.600665 0.618627
vt 0.600665 0.618627
vt 0.560203 0.612218
vt 0.560203 0.579418
vt 0.859847 0.646915
vt 0.883105 0.692560
vt 0.851910 0.702696
vt 0.851910 0.702696
vt 0.833312 0.666194
vt 0.833312 0.666194
vt 0.891119 0.743159
vt 0.858319 0.743159
vt 0.858319 0.743159
vt 0.804343 0.637226
vt 0.823623 0.610690
vt 0.883105 0.793758
vt 0.851910 0.783622
vt 0.777977 0.587432
vt 0.804343 0.637226
vt 0.767841 0.618627
vt 0.767841 0.618627
vt 0.859847 0.839404
vt 0.833311 0.820124
vt 0.833312 0.820124
vt 0.851910 0.783622
vt 0.727378 0.612218
vt 0.727378 0.579418
vt 0.823623 0.875628
vt 0.804343 0.849093
vt 0.777977 0.898886
vt 0.767841 0.867691
vt 0.767841 0.867691
vt 0.804343 0.849093
vt 0.727378 0.906900
vt 0.727378 0.874100
vt 0.919344 0.908637
vt 0.919344 0.945139
vt 0.884855 0.945139
vt 0.884855 0.908637
vt 0.919344 0.945139
vt 0.919344 0.985602
vt 0.919344 0.985602
vt 0.884855 0.985602
vt 0.884855 0.985602
vt 0.884855 0.945139
vt 0.959175 0.889267
vt 0.959175 0.838668
vt 0.993665 0.838668
vt 0.993665 0.889267
vt 0.959175 0.793022
vt 0.993665 0.793022
vt 0.847695 0.945139
vt 0.847695 0.908637
vt 0.882185 0.908637
vt 0.882185 0.945139
vt 0.847695 0.985602
vt 0.847695 0.985602
vt 0.847695 0.945139
vt 0.882185 0.945139
vt 0.882185 0.985602
vt 0.882185 0.985602
vt 0.956505 0.846094
vt 0.956505 0.891740
vt 0.922014 0.891740
vt 0.922014 0.846094
vt 0.956505 0.942338
vt 0.922014 0.942338
vn 0.089285 0.000000 0.996006
vn 0.392699 0.000000 0.919667
vn 0.392699 0.000000 0.919667
vn 0.089285 0.000000 0.996006
vn -0.392698 0.000000 -0.919667
vn -0.243996 0.000000 -0.969776
vn -0.243996 0.000000 -0.969776
vn -0.089285 0.000000 -0.996006
vn -0.089285 0.000000 -0.996006
vn -0.243996 0.000000 -0.969776
vn -0.243996 0.000000 -0.969776
vn -0.392698 0.000000 -0.919667
vn -0.000000 1.000000 -0.000000
vn -0.000000 1.000000 -0.000000
vn -0.000000 1.000000 -0.000000
vn -0.000000 1.000000 -0.000000
vn 0.222869 -0.000000 -0.974848
vn 0.222869 -0.000000 -0.974848
vn -0.222870 0.000000 0.974848
vn -0.222870 0.000000 0.974848
vn -0.000000 -1.000000 -0.000000
vn 0.000000 -1.000000 0.000000
vn 0.000000 -1.000000 0.000000
vn 0.000000 -1.000000 0.000000
vn 0.000000 -1.000000 0.000000
vn -0.000000 -1.000000 -0.000000
vn -0.513206 0.000000 0.858266
vn -0.513206 0.000000 0.858266
vn -0.000000 -1.000000 -0.000000
vn -0.000000 -1.000000 -0.000000
vn -0.000000 -1.000000 -0.000000
vn -0.000000 -1.000000 -0.000000
vn 0.000000 -1.000000 0.000000
vn 0.000000 -1.000000 0.000000
vn 0.000000 -1.000000 0.000000
vn 0.000000 -1.000000 0.000000
vn 0.000000 -1.000000 0.000000
vn 0.753305 -0.000000 -0.657671
vn 0.919668 0.000000 -0.392698
vn 0.919668 0.000000 -0.392698
vn 0.753305 -0.000000 -0.657671
vn 0.996006 0.000000 -0.089285
vn 0.974849 0.000000 0.222868
vn 0.974849 0.000000 0.222868
vn 0.996006 0.000000 -0.089285
vn 0.000000 1.000000 0.000000
vn -0.000000 1.000000 0.000000
vn -0.000000 1.000000 0.000000
vn 0.000000 1.000000 0.000000
vn -0.000000 1.000000 -0.000000
vn -0.000000 1.000000 -0.000000
vn 0.000000 1.000000 0.000000
vn -0.000000 1.000000 -0.000000
vn 0.000000 1.000000 0.000000
vn 0.000000 1.000000 0.000000
vn 0.000000 1.000000 0.000000
vn 0.000000 1.000000 0.000000
vn -0.927982 0.000000 -0.372625
vn -0.974849 0.000000 -0.222868
vn -0.974849 0.000000 -0.222868
vn -0.927982 0.000000 -0.372625
vn -0.753305 0.000000 0.657671
vn -0.753305 0.000000 0.657671
vn -0.000000 -1.000000 -0.000000
vn -0.000000 -1.000000 -0.000000
vn 0.000000 -1.000000 0.000000
vn 0.000000 -1.000000 0.000000
vn -0.919667 0.000000 0.392698
vn -0.919667 0.000000 0.392698
vn -0.996006 0.000000 0.089285
vn -0.996006 0.000000 0.089285
vn 0.000000 1.000000 0.000000
vn 0.000000 1.000000 0.000000
vn 0.000000 1.000000 0.000000
vn 0.000000 1.000000 0.000000
vn 0.000000 1.000000 0.000000
vn 0.372626 -0.000000 -0.927982
vn 0.513205 -0.000000 -0.858266
vn 0.513205 -0.000000 -0.858266
vn 0.372626 -0.000000 -0.927982
vn -0.000000 -1.000000 -0.000000
vn -0.000000 -1.000000 -0.000000
vn -0.000000 -1.000000 -0.000000
vn -0.000000 -1.000000 -0.000000
vn 0.000000 1.000000 0.000000
vn 0.000000 1.000000 0.000000
vn -0.000000 1.000000 -0.000000
vn -0.000000 1.000000 -0.000000
vn 0.641149 -0.000000 -0.767417
vn 0.641149 -0.000000 -0.767417
vn 0.641149 -0.000000 -0.767417
vn 0.641149 -0.000000 -0.767417
vn 0.927983 0.000000 0.372624
vn 0.927983 0.000000 0.372624
vn 0.927983 0.000000 0.372624
vn 0.927983 0.000000 0.372624
vn 0.927983 0.000000 0.372624
vn 0.927983 0.000000 0.372624
vn 0.969776 0.000000 -0.243995
vn 0.969776 0.000000 -0.243995
vn 0.969776 0.000000 -0.243995
vn 0.969776 0.000000 -0.243995
vn -0.000000 -1.000000 -0.000000
vn -0.000000 -1.000000 -0.000000
vn -0.657671 0.000000 -0.753305
vn -0.657671 0.000000 -0.753305
vn 0.657671 0.000000 0.753305
vn 0.657671 0.000000 0.753305
vn 0.000000 1.000000 0.000000
vn 0.000000 1.000000 0.000000
vn -0.000000 1.000000 0.000000
vn -0.000000 1.000000 0.000000
vn 0.000000 1.000000 0.000000
vn 0.000000 1.000000 0.000000
vn 0.767417 0.000000 0.641148
vn 0.767417 0.000000 0.641148
vn 0.000000 -1.000000 0.000000
vn 0.000000 -1.000000 0.000000
vn 0.000000 -1.000000 0.000000
vn 0.000000 -1.000000 0.000000
vn -0.000000 -1.000000 -0.000000
vn -0.000000 -1.000000 -0.000000
vn -0.767417 0.000000 -0.641148
vn -0.767417 0.000000 -0.641148
vn -0.767417 0.000000 -0.641148
vn -0.767417 0.000000 -0.641148
vn -0.767417 0.000000 -0.641148
vn -0.767417 0.000000 -0.641148
s 1
g pCylinder9
usemtl initialShadingGroup
f 85/202/173 86/205/174 87/206/175 88/203/176
s 2
f 89/181/177 90/182/178 91/183/179 92/173/180 93/176/181 94/184/182 95/185/183 96/186/184
s 3
f 94/215/185 88/216/186 87/217/187 95/218/188
s 2
f 92/173/180 97/174/189 98/175/190 93/176/181
s 1
f 99/201/191 85/202/173 88/203/176 100/204/192
s 4
f 85/246/193 99/247/194 101/248/195 97/249/196 92/250/197 91/251/198
s 1
f 104/207/199 99/201/191 100/204/192 105/208/200
s 4
f 106/253/201 104/252/202 107/257/203 108/258/204
f 109/272/205 110/271/206 102/275/207 111/276/208
f 99/247/194 104/252/202 106/253/201 113/254/209 101/248/195
s 2
f 114/189/210 115/193/211 116/194/212 117/190/213
f 118/277/214 119/278/215 120/279/216 121/280/217
s 3
f 100/219/218 88/216/186 94/215/185 93/220/219 98/221/220 122/222/221
f 123/232/222 124/233/223 105/227/224 125/229/225
f 126/244/226 103/245/227 127/240/228 128/243/229
s 1
f 102/287/230 110/288/231 127/289/232 103/290/233
f 107/209/234 104/207/199 105/208/200 124/210/235
s 4
f 129/264/236 130/263/237 131/269/238 132/270/239
s 1
f 130/211/240 107/209/234 124/210/235 133/212/241
f 110/288/231 131/291/242 134/292/243 127/289/232
s 3
f 105/227/224 100/219/218 122/222/221 136/228/244 125/229/225
f 137/238/245 134/239/246 133/234/247 138/237/248
s 2
f 97/174/189 101/177/249 113/178/250 136/179/251 122/180/252 98/175/190
s 1
f 131/213/242 130/211/240 133/212/241 134/214/243
s 4
f 107/257/203 130/263/237 129/264/236 115/265/253 114/266/254 108/258/204
f 131/269/238 110/271/206 109/272/205 119/273/255 118/274/256 132/270/239
s 3
f 133/234/247 124/233/223 123/232/222 117/235/257 116/236/258 138/237/248
f 127/240/228 134/239/246 137/238/245 121/241/259 120/242/260 128/243/229
s 2
f 113/178/250 106/187/261 108/188/262 114/189/210 117/190/213 123/191/263 125/192/264 136/179/251
f 119/278/215 109/281/265 111/282/266 112/283/267 135/284/268 126/285/269 128/286/270 120/279/216
f 115/193/211 129/195/271 132/196/272 118/197/214 121/198/217 137/199/273 138/200/274 116/194/212
s 4
f 90/255/275 86/256/276 85/246/193 91/251/198
s 2
f 139/293/277 89/294/177 96/295/184 140/296/278
s 1
f 86/303/174 141/304/279 142/305/280 87/306/175
s 3
f 87/217/187 142/223/281 143/224/282 140/225/283 96/226/284 95/218/188
f 143/224/282 142/223/281 144/230/285 145/231/286
s 1
f 141/304/279 146/307/287 144/308/288 142/305/280
s 4
f 147/267/289 146/268/290 141/259/291 148/262/292
f 141/259/291 86/256/276 90/255/275 89/260/293 139/261/294 148/262/292
s 2
f 150/297/295 147/298/296 148/299/297 139/293/277 140/296/278 143/300/298 145/301/299 149/302/300
g default
v 3.961533 -0.030394 -1.217218
v 3.950829 -0.055563 -1.209306
v 3.934157 -0.075391 -1.197495
v 3.913149 -0.087937 -1.182939
v 3.833455 -0.087458 -1.128988
v 3.753510 -0.085091 -1.074916
v 3.732502 -0.071796 -1.061042
v 3.715830 -0.051373 -1.050291
v 3.705126 -0.025823 -1.043716
v 3.701438 0.002354 -1.041961
v 3.705126 0.030399 -1.045197
v 3.715830 0.055567 -1.053108
v 3.732502 0.075395 -1.064920
v 3.753510 0.087942 -1.079475
v 3.833455 0.086375 -1.133568
v 3.913149 0.085096 -1.187498
v 3.934157 0.071800 -1.201373
v 3.950829 0.051378 -1.212124
v 3.961533 0.025827 -1.218699
v 3.965221 -0.002349 -1.220454
v 3.958915 -0.030871 -1.222872
v 3.948087 -0.056332 -1.214869
v 3.931221 -0.076391 -1.202920
v 3.909968 -0.089084 -1.188194
v 3.830003 -0.088651 -1.134058
v 3.749786 -0.086228 -1.079805
v 3.728534 -0.072777 -1.065768
v 3.711668 -0.052117 -1.054892
v 3.700839 -0.026270 -1.048241
v 3.697108 0.002235 -1.046465
v 3.700839 0.030607 -1.049739
v 3.711668 0.056068 -1.057743
v 3.728534 0.076127 -1.069692
v 3.749786 0.088820 -1.084417
v 3.830003 0.087299 -1.138694
v 3.909968 0.085964 -1.192806
v 3.931221 0.072513 -1.206843
v 3.948087 0.051853 -1.217719
v 3.958915 0.026006 -1.224370
v 3.962646 -0.002499 -1.226146
v 3.958222 -0.031985 -1.229084
v 3.947032 -0.058297 -1.220814
v 3.929603 -0.079025 -1.208466
v 3.907641 -0.092142 -1.193249
v 3.826888 -0.091846 -1.138576
v 3.745885 -0.089258 -1.083794
v 3.723923 -0.075358 -1.069289
v 3.706494 -0.054008 -1.058050
v 3.695304 -0.027297 -1.051177
v 3.691448 0.002159 -1.049342
v 3.695304 0.031478 -1.052725
v 3.706494 0.057790 -1.060996
v 3.723923 0.078519 -1.073344
v 3.745885 0.091635 -1.088561
v 3.826888 0.090252 -1.143374
v 3.907641 0.088752 -1.198015
v 3.929603 0.074852 -1.212520
v 3.947032 0.053502 -1.223760
v 3.958222 0.026791 -1.230633
v 3.962078 -0.002666 -1.232468
v 3.959522 -0.033628 -1.235248
v 3.947769 -0.061264 -1.226561
v 3.929462 -0.083036 -1.213591
v 3.906395 -0.096813 -1.197608
v 3.824417 -0.096729 -1.142100
v 3.742188 -0.093885 -1.086495
v 3.719121 -0.079286 -1.071260
v 3.700814 -0.056861 -1.059455
v 3.689061 -0.028806 -1.052235
v 3.685011 0.002134 -1.050308
v 3.689061 0.032929 -1.053862
v 3.700814 0.060565 -1.062549
v 3.719121 0.082337 -1.075518
v 3.742188 0.096114 -1.091501
v 3.824417 0.094943 -1.147150
v 3.906395 0.093186 -1.202614
v 3.929462 0.078587 -1.217849
v 3.947769 0.056162 -1.229655
v 3.959522 0.028107 -1.236874
v 3.963572 -0.002833 -1.238801
v 3.962688 -0.035638 -1.240758
v 3.950225 -0.064943 -1.231546
v 3.930813 -0.088030 -1.217793
v 3.906352 -0.102639 -1.200845
v 3.822830 -0.102823 -1.144285
v 3.739057 -0.099656 -1.087643
v 3.714597 -0.084175 -1.071487
v 3.695185 -0.060396 -1.058970
v 3.682722 -0.030647 -1.051314
v 3.678427 0.002161 -1.049270
v 3.682722 0.034816 -1.053039
v 3.695185 0.064121 -1.062250
v 3.714597 0.087208 -1.076003
v 3.739057 0.101816 -1.092951
v 3.822830 0.100913 -1.149653
v 3.906352 0.098834 -1.206154
v 3.930812 0.083353 -1.222309
v 3.950225 0.059574 -1.234827
v 3.962688 0.029824 -1.242482
v 3.966982 -0.002983 -1.244526
v 3.967409 -0.037820 -1.245075
v 3.954159 -0.068975 -1.235283
v 3.933522 -0.093519 -1.220661
v 3.907517 -0.109050 -1.202643
v 3.822283 -0.109531 -1.144916
v 3.736799 -0.106006 -1.087124
v 3.710794 -0.089548 -1.069949
v 3.690157 -0.064268 -1.056641
v 3.676907 -0.032640 -1.048502
v 3.672341 0.002239 -1.046330
v 3.676907 0.036955 -1.050336
v 3.690157 0.068110 -1.060129
v 3.710794 0.092654 -1.074750
v 3.736799 0.108185 -1.092768
v 3.822283 0.107578 -1.150636
v 3.907517 0.105141 -1.208287
v 3.933522 0.088683 -1.225462
v 3.954159 0.063403 -1.238770
v 3.967409 0.031775 -1.246909
v 3.971975 -0.003103 -1.249082
v 3.973224 -0.039958 -1.247778
v 3.959187 -0.072963 -1.237404
v 3.937324 -0.098965 -1.221915
v 3.909775 -0.115418 -1.202827
v 3.822830 -0.116196 -1.143932
v 3.735634 -0.112314 -1.084991
v 3.708085 -0.094878 -1.066796
v 3.686222 -0.068097 -1.052698
v 3.672186 -0.034591 -1.044076
v 3.667349 0.002359 -1.041774
v 3.672186 0.039136 -1.046018
v 3.686222 0.072141 -1.056393
v 3.708085 0.098143 -1.071882
v 3.735634 0.114596 -1.090970
v 3.822830 0.114286 -1.150005
v 3.909775 0.111491 -1.208805
v 3.937324 0.094056 -1.227000
v 3.959187 0.067274 -1.241099
v 3.973224 0.033769 -1.249721
v 3.978061 -0.003181 -1.252022
v 3.979563 -0.041845 -1.248601
v 3.964817 -0.076519 -1.237702
v 3.941848 -0.103836 -1.221430
v 3.912906 -0.121121 -1.201377
v 3.824417 -0.122166 -1.141430
v 3.735677 -0.117961 -1.081452
v 3.706735 -0.099644 -1.062337
v 3.683767 -0.071509 -1.047525
v 3.669020 -0.036309 -1.038467
v 3.663939 0.002509 -1.036049
v 3.669020 0.041147 -1.040508
v 3.683767 0.075820 -1.051407
v 3.706735 0.103137 -1.067680
v 3.735677 0.120422 -1.087733
v 3.824417 0.120380 -1.147821
v 3.912906 0.117262 -1.207658
v 3.941848 0.098945 -1.226773
v 3.964816 0.070810 -1.241584
v 3.979563 0.035610 -1.250642
v 3.984644 -0.003208 -1.253060
v 3.985806 -0.043296 -1.247464
v 3.970496 -0.079294 -1.236149
v 3.946651 -0.107654 -1.219255
v 3.916603 -0.125599 -1.198436
v 3.826888 -0.126857 -1.137654
v 3.736923 -0.122396 -1.076853
v 3.706875 -0.103379 -1.057008
v 3.683030 -0.074169 -1.041630
v 3.667720 -0.037625 -1.032226
v 3.662444 0.002676 -1.029716
v 3.667720 0.042789 -1.034345
v 3.683030 0.078787 -1.045660
v 3.706875 0.107147 -1.062554
v 3.736923 0.125093 -1.083373
v 3.826888 0.125263 -1.144297
v 3.916603 0.121889 -1.204957
v 3.946651 0.102872 -1.224802
v 3.970496 0.073662 -1.240179
v 3.985806 0.037118 -1.249583
v 3.991081 -0.003183 -1.252093
v 3.991342 -0.044168 -1.244479
v 3.975670 -0.081016 -1.232896
v 3.951261 -0.110046 -1.215603
v 3.920504 -0.128415 -1.194292
v 3.830003 -0.129809 -1.132974
v 3.739250 -0.125184 -1.071644
v 3.708493 -0.105718 -1.051330
v 3.684084 -0.075818 -1.035590
v 3.668413 -0.038410 -1.025964
v 3.663013 0.002843 -1.023394
v 3.668413 0.043903 -1.028133
v 3.684084 0.080752 -1.039715
v 3.708493 0.109782 -1.057008
v 3.739250 0.128151 -1.078319
v 3.830003 0.128457 -1.139778
v 3.920504 0.124919 -1.200967
v 3.951261 0.105453 -1.221281
v 3.975670 0.075553 -1.237021
v 3.991342 0.038146 -1.246647
v 3.996742 -0.003107 -1.249217
v 3.995628 -0.044375 -1.239936
v 3.979832 -0.081517 -1.228262
v 3.955229 -0.110778 -1.210831
v 3.924228 -0.129293 -1.189351
v 3.833455 -0.130734 -1.127848
v 3.742431 -0.126052 -1.066336
v 3.711430 -0.106431 -1.045860
v 3.686827 -0.076293 -1.029995
v 3.671031 -0.038588 -1.020292
v 3.665588 0.002993 -1.017702
v 3.671031 0.044380 -1.022478
v 3.686827 0.081521 -1.034153
v 3.711430 0.110782 -1.051583
v 3.742431 0.129297 -1.073064
v 3.833455 0.129651 -1.134708
v 3.924228 0.126056 -1.196079
v 3.955229 0.106435 -1.216554
v 3.979832 0.076297 -1.232420
v 3.995628 0.038593 -1.242122
v 4.001071 -0.002988 -1.244712
v 3.998246 -0.043899 -1.234282
v 3.982575 -0.080747 -1.222700
v 3.958166 -0.109777 -1.205407
v 3.927409 -0.128147 -1.184096
v 3.836907 -0.129541 -1.122777
v 3.746155 -0.124915 -1.061447
v 3.715398 -0.105449 -1.041134
v 3.690989 -0.075549 -1.025393
v 3.675317 -0.038141 -1.015767
v 3.669917 0.003112 -1.013197
v 3.675317 0.044172 -1.017936
v 3.690989 0.081021 -1.029518
v 3.715398 0.110050 -1.046811
v 3.746155 0.128420 -1.068122
v 3.836907 0.128726 -1.129582
v 3.927409 0.125188 -1.190771
v 3.958166 0.105722 -1.211084
v 3.982575 0.075822 -1.226825
v 3.998246 0.038415 -1.236451
v 4.003646 -0.002838 -1.239021
v 3.998939 -0.042785 -1.228069
v 3.983629 -0.078783 -1.216754
v 3.959784 -0.107143 -1.199860
v 3.929736 -0.125088 -1.179041
v 3.840021 -0.126346 -1.118259
v 3.750056 -0.121885 -1.057458
v 3.720008 -0.102868 -1.037612
v 3.696163 -0.073658 -1.022235
v 3.680853 -0.037114 -1.012831
v 3.675578 0.003187 -1.010321
v 3.680853 0.043300 -1.014950
v 3.696163 0.079298 -1.026265
v 3.720008 0.107658 -1.043159
v 3.750056 0.125604 -1.063978
v 3.840021 0.125774 -1.124902
v 3.929736 0.122400 -1.185562
v 3.959784 0.103383 -1.205407
v 3.983629 0.074173 -1.220784
v 3.998939 0.037629 -1.230188
v 4.004214 -0.002672 -1.232698
v 3.997639 -0.041142 -1.221906
v 3.982893 -0.075816 -1.211007
v 3.959924 -0.103132 -1.194735
v 3.930982 -0.120418 -1.174682
v 3.842493 -0.121463 -1.114735
v 3.753753 -0.117258 -1.054757
v 3.724811 -0.098941 -1.035642
v 3.701843 -0.070805 -1.020831
v 3.687096 -0.035606 -1.011773
v 3.682015 0.003213 -1.009354
v 3.687096 0.041850 -1.013813
v 3.701843 0.076524 -1.024712
v 3.724811 0.103840 -1.040985
v 3.753753 0.121125 -1.061038
v 3.842493 0.121083 -1.121126
v 3.930982 0.117966 -1.180963
v 3.959924 0.099648 -1.200078
v 3.982893 0.071513 -1.214889
v 3.997639 0.036313 -1.223947
v 4.002720 -0.002505 -1.226365
v 3.994474 -0.039132 -1.216396
v 3.980437 -0.072137 -1.206022
v 3.958574 -0.098138 -1.190533
v 3.931025 -0.114592 -1.171445
v 3.844080 -0.115369 -1.112551
v 3.756884 -0.111487 -1.053609
v 3.729335 -0.094051 -1.035414
v 3.707472 -0.067270 -1.021316
v 3.693435 -0.033765 -1.012694
v 3.688598 0.003185 -1.010392
v 3.693435 0.039963 -1.014637
v 3.707472 0.072968 -1.025011
v 3.729335 0.098970 -1.040500
v 3.756884 0.115423 -1.059588
v 3.844080 0.115113 -1.118623
v 3.931025 0.112318 -1.177423
v 3.958574 0.094883 -1.195618
v 3.980437 0.068101 -1.209717
v 3.994474 0.034596 -1.218339
v 3.999310 -0.002354 -1.220640
v 3.989752 -0.036950 -1.212079
v 3.976502 -0.068105 -1.202286
v 3.955865 -0.092649 -1.187665
v 3.929860 -0.108180 -1.169647
v 3.844626 -0.108661 -1.111919
v 3.759142 -0.105137 -1.054128
v 3.733137 -0.088679 -1.036953
v 3.712500 -0.063398 -1.023644
v 3.699250 -0.031771 -1.015506
v 3.694684 0.003108 -1.013333
v 3.699250 0.037824 -1.017339
v 3.712500 0.068979 -1.027132
v 3.733137 0.093523 -1.041753
v 3.759142 0.109054 -1.059771
v 3.844626 0.108447 -1.117640
v 3.929860 0.106011 -1.175290
v 3.955865 0.089552 -1.192465
v 3.976502 0.064272 -1.205773
v 3.989752 0.032645 -1.213912
v 3.994318 -0.002234 -1.216085
v 3.983938 -0.034811 -1.209376
v 3.971474 -0.064116 -1.200164
v 3.952062 -0.087203 -1.186412
v 3.927602 -0.101812 -1.169464
v 3.844080 -0.101996 -1.112903
v 3.760307 -0.098829 -1.056261
v 3.735846 -0.083348 -1.040106
v 3.716435 -0.059569 -1.027588
v 3.703971 -0.029820 -1.019932
v 3.699677 0.002988 -1.017889
v 3.703971 0.035643 -1.021657
v 3.716435 0.064948 -1.030868
v 3.735846 0.088034 -1.044621
v 3.760307 0.102643 -1.061569
v 3.844080 0.101740 -1.118271
v 3.927602 0.099661 -1.174772
v 3.952062 0.084180 -1.190927
v 3.971474 0.060401 -1.203445
v 3.983938 0.030651 -1.211101
v 3.988232 -0.002157 -1.213144
v 3.977598 -0.032924 -1.208553
v 3.965845 -0.060560 -1.199866
v 3.947538 -0.082333 -1.186896
v 3.924471 -0.096109 -1.170913
v 3.842493 -0.096026 -1.115405
v 3.760264 -0.093182 -1.059800
v 3.737197 -0.078582 -1.044565
v 3.718890 -0.056158 -1.032760
v 3.707137 -0.028102 -1.025540
v 3.703087 0.002837 -1.023613
v 3.707137 0.033632 -1.027167
v 3.718890 0.061268 -1.035854
v 3.737197 0.083040 -1.048824
v 3.760264 0.096817 -1.064806
v 3.842493 0.095646 -1.120455
v 3.924471 0.093890 -1.175919
v 3.947538 0.079290 -1.191154
v 3.965845 0.056865 -1.202960
v 3.977598 0.028810 -1.210179
v 3.981648 -0.002129 -1.212106
v 3.971355 -0.031474 -1.209689
v 3.960165 -0.057786 -1.201419
v 3.942736 -0.078514 -1.189071
v 3.920774 -0.091631 -1.173854
v 3.840021 -0.091335 -1.119181
v 3.759018 -0.088747 -1.064399
v 3.737056 -0.074847 -1.049894
v 3.719627 -0.053497 -1.038655
v 3.708437 -0.026786 -1.031781
v 3.704581 0.002670 -1.029947
v 3.708437 0.031989 -1.033330
v 3.719627 0.058301 -1.041601
v 3.737056 0.079030 -1.053949
v 3.759018 0.092146 -1.069166
v 3.840021 0.090763 -1.123979
v 3.920774 0.089263 -1.178620
v 3.942736 0.075363 -1.193125
v 3.960165 0.054013 -1.204365
v 3.971355 0.027302 -1.211238
v 3.975211 -0.002155 -1.213073
v 3.965820 -0.030602 -1.212675
v 3.954991 -0.056064 -1.204672
v 3.938125 -0.076122 -1.192723
v 3.916873 -0.088815 -1.177998
v 3.836907 -0.088383 -1.123862
v 3.756691 -0.085959 -1.069608
v 3.735438 -0.072509 -1.055572
v 3.718573 -0.051849 -1.044696
v 3.707744 -0.026001 -1.038044
v 3.704013 0.002504 -1.036269
v 3.707744 0.030875 -1.039543
v 3.718573 0.056337 -1.047546
v 3.735438 0.076396 -1.059495
v 3.756691 0.089088 -1.074220
v 3.836907 0.087568 -1.128497
v 3.916873 0.086232 -1.182610
v 3.938125 0.072782 -1.196646
v 3.954991 0.052122 -1.207522
v 3.965820 0.026274 -1.214174
v 3.969551 -0.002231 -1.215949
vt 0.279757 0.356669
vt 0.279757 0.341501
vt 0.283757 0.341697
vt 0.283757 0.357041
vt 0.275758 0.357041
vt 0.275758 0.341697
vt 0.279757 0.324687
vt 0.283757 0.324687
vt 0.287365 0.342265
vt 0.287365 0.358122
vt 0.279757 0.368707
vt 0.283757 0.369219
vt 0.272150 0.358122
vt 0.272150 0.342265
vt 0.275758 0.324687
vt 0.275758 0.369219
vt 0.279757 0.307873
vt 0.283757 0.307677
vt 0.287365 0.324687
vt 0.290228 0.343150
vt 0.290228 0.359805
vt 0.287365 0.370706
vt 0.269287 0.359805
vt 0.269287 0.343150
vt 0.272150 0.324687
vt 0.272150 0.370706
vt 0.275758 0.307677
vt 0.279757 0.292705
vt 0.283757 0.292333
vt 0.287365 0.307109
vt 0.290228 0.324687
vt 0.290228 0.373023
vt 0.269287 0.324687
vt 0.269287 0.373023
vt 0.272150 0.307109
vt 0.275758 0.292333
vt 0.279757 0.280667
vt 0.283757 0.280155
vt 0.287365 0.291252
vt 0.290228 0.306224
vt 0.269287 0.306224
vt 0.272150 0.291252
vt 0.275758 0.280155
vt 0.287365 0.278668
vt 0.290228 0.289569
vt 0.269287 0.289569
vt 0.272150 0.278668
vt 0.290228 0.276351
vt 0.269287 0.276351
vt 0.256656 0.307873
vt 0.256656 0.292705
vt 0.260655 0.292333
vt 0.260655 0.307677
vt 0.252656 0.307677
vt 0.252656 0.292333
vt 0.256656 0.280667
vt 0.260655 0.280155
vt 0.264263 0.291252
vt 0.264263 0.307109
vt 0.256656 0.324687
vt 0.260655 0.324687
vt 0.249048 0.307109
vt 0.249048 0.291252
vt 0.252656 0.280155
vt 0.252656 0.324687
vt 0.264263 0.278668
vt 0.267126 0.289569
vt 0.267126 0.306224
vt 0.264263 0.324687
vt 0.256656 0.341501
vt 0.260655 0.341697
vt 0.246185 0.306224
vt 0.246185 0.289569
vt 0.249048 0.278668
vt 0.249048 0.324687
vt 0.252656 0.341697
vt 0.267126 0.276351
vt 0.267126 0.324687
vt 0.264263 0.342265
vt 0.256656 0.356669
vt 0.260655 0.357041
vt 0.246185 0.276351
vt 0.246185 0.324687
vt 0.249048 0.342265
vt 0.252656 0.357041
vt 0.267126 0.343150
vt 0.264263 0.358122
vt 0.256656 0.368707
vt 0.260655 0.369219
vt 0.246185 0.343150
vt 0.249048 0.358122
vt 0.252656 0.369219
vt 0.267126 0.359805
vt 0.264263 0.370706
vt 0.246185 0.359805
vt 0.249048 0.370706
vt 0.267126 0.373023
vt 0.246185 0.373023
vt 0.333568 0.295568
vt 0.333568 0.317263
vt 0.329961 0.316695
vt 0.329961 0.294488
vt 0.336432 0.297251
vt 0.336432 0.318148
vt 0.333568 0.341312
vt 0.329961 0.341312
vt 0.325961 0.316499
vt 0.325961 0.294115
vt 0.333568 0.278351
vt 0.329961 0.276864
vt 0.336432 0.341312
vt 0.336432 0.280667
vt 0.333568 0.365361
vt 0.329961 0.365929
vt 0.325961 0.341312
vt 0.321962 0.316695
vt 0.321962 0.294488
vt 0.325961 0.276351
vt 0.336432 0.364476
vt 0.333568 0.387056
vt 0.329961 0.388136
vt 0.325961 0.366125
vt 0.321962 0.341312
vt 0.318354 0.317263
vt 0.318354 0.295568
vt 0.321962 0.276864
vt 0.336432 0.385373
vt 0.333568 0.404273
vt 0.329961 0.405760
vt 0.325961 0.388509
vt 0.321962 0.365929
vt 0.318354 0.341312
vt 0.315491 0.318148
vt 0.315491 0.297251
vt 0.318354 0.278351
vt 0.336432 0.401957
vt 0.325961 0.406273
vt 0.321962 0.388136
vt 0.318354 0.365361
vt 0.315491 0.341312
vt 0.315491 0.280667
vt 0.321962 0.405760
vt 0.318354 0.387056
vt 0.315491 0.364476
vt 0.318354 0.404273
vt 0.315491 0.385373
vt 0.315491 0.401957
vt 0.310467 0.365361
vt 0.310467 0.387056
vt 0.306859 0.388136
vt 0.306859 0.365929
vt 0.313330 0.364476
vt 0.313330 0.385373
vt 0.310467 0.404273
vt 0.306859 0.405760
vt 0.302859 0.388509
vt 0.302859 0.366125
vt 0.310467 0.341312
vt 0.306859 0.341312
vt 0.313330 0.401957
vt 0.313330 0.341312
vt 0.302859 0.406273
vt 0.298860 0.388136
vt 0.298860 0.365929
vt 0.302859 0.341312
vt 0.310467 0.317263
vt 0.306859 0.316695
vt 0.313330 0.318148
vt 0.298860 0.405760
vt 0.295252 0.387056
vt 0.295252 0.365361
vt 0.298860 0.341312
vt 0.302859 0.316499
vt 0.310467 0.295568
vt 0.306859 0.294488
vt 0.313330 0.297251
vt 0.295252 0.404273
vt 0.292389 0.385373
vt 0.292389 0.364476
vt 0.295252 0.341312
vt 0.298860 0.316695
vt 0.302859 0.294115
vt 0.310467 0.278351
vt 0.306859 0.276864
vt 0.313330 0.280667
vt 0.292389 0.401957
vt 0.292389 0.341312
vt 0.295252 0.317263
vt 0.298860 0.294488
vt 0.302859 0.276351
vt 0.292389 0.318148
vt 0.295252 0.295568
vt 0.298860 0.276864
vt 0.292389 0.297251
vt 0.295252 0.278351
vt 0.292389 0.280667
vt 0.130603 0.070013
vt 0.113948 0.061527
vt 0.115063 0.058096
vt 0.132724 0.067094
vt 0.095485 0.058603
vt 0.095485 0.054995
vt 0.116299 0.054292
vt 0.135075 0.063859
vt 0.143821 0.083231
vt 0.146740 0.081110
vt 0.077023 0.061527
vt 0.075908 0.058096
vt 0.095485 0.050995
vt 0.117534 0.050488
vt 0.137425 0.060623
vt 0.149975 0.078759
vt 0.152307 0.099886
vt 0.155738 0.098771
vt 0.060367 0.070013
vt 0.058247 0.067094
vt 0.074672 0.054292
vt 0.095485 0.046996
vt 0.118649 0.047057
vt 0.139546 0.057704
vt 0.153211 0.076409
vt 0.159542 0.097535
vt 0.149584 0.100771
vt 0.141504 0.084914
vt 0.153131 0.159076
vt 0.156739 0.159076
vt 0.047149 0.083231
vt 0.044231 0.081110
vt 0.055896 0.063859
vt 0.073436 0.050488
vt 0.095485 0.043388
vt 0.156130 0.074288
vt 0.163346 0.096300
vt 0.160739 0.159076
vt 0.150268 0.159076
vt 0.152307 0.218447
vt 0.155738 0.219562
vt 0.038663 0.099886
vt 0.035232 0.098771
vt 0.040995 0.078759
vt 0.053545 0.060623
vt 0.072321 0.047057
vt 0.166777 0.095185
vt 0.164738 0.159076
vt 0.159542 0.220798
vt 0.149584 0.217563
vt 0.143821 0.235103
vt 0.146740 0.237223
vt 0.049466 0.084914
vt 0.041386 0.100771
vt 0.038487 0.159076
vt 0.034879 0.159076
vt 0.031428 0.097535
vt 0.037759 0.076409
vt 0.051424 0.057704
vt 0.158446 0.072605
vt 0.169500 0.094300
vt 0.168346 0.159076
vt 0.163346 0.222034
vt 0.149975 0.239574
vt 0.141504 0.233420
vt 0.130603 0.248320
vt 0.132724 0.251239
vt 0.041350 0.159076
vt 0.038663 0.218447
vt 0.035232 0.219562
vt 0.030880 0.159076
vt 0.027624 0.096300
vt 0.034841 0.074288
vt 0.171209 0.159076
vt 0.166777 0.223149
vt 0.153211 0.241925
vt 0.135075 0.254475
vt 0.113948 0.256807
vt 0.115063 0.260238
vt 0.041386 0.217563
vt 0.047149 0.235103
vt 0.044231 0.237223
vt 0.031428 0.220798
vt 0.026880 0.159076
vt 0.024193 0.095185
vt 0.169500 0.224034
vt 0.156130 0.244046
vt 0.137425 0.257710
vt 0.116299 0.264042
vt 0.095485 0.259731
vt 0.095485 0.263339
vt 0.049466 0.233420
vt 0.060367 0.248320
vt 0.058247 0.251239
vt 0.040995 0.239574
vt 0.027624 0.222034
vt 0.023272 0.159076
vt 0.021470 0.094300
vt 0.032524 0.072605
vt 0.158446 0.245729
vt 0.139546 0.260629
vt 0.117534 0.267845
vt 0.095485 0.267338
vt 0.077023 0.256807
vt 0.075908 0.260238
vt 0.055896 0.254475
vt 0.037759 0.241925
vt 0.024193 0.223149
vt 0.020409 0.159076
vt 0.118649 0.271277
vt 0.095485 0.271338
vt 0.074672 0.264042
vt 0.053545 0.257710
vt 0.034841 0.244046
vt 0.021470 0.224034
vt 0.095485 0.274946
vt 0.073436 0.267845
vt 0.051424 0.260629
vt 0.032524 0.245729
vt 0.072321 0.271277
vt 0.205202 0.057704
vt 0.226099 0.047057
vt 0.227214 0.050488
vt 0.207323 0.060623
vt 0.249263 0.043388
vt 0.249263 0.046996
vt 0.228450 0.054292
vt 0.209674 0.063859
vt 0.188619 0.074288
vt 0.191538 0.076409
vt 0.272427 0.047057
vt 0.271313 0.050488
vt 0.249263 0.050995
vt 0.229686 0.058095
vt 0.212025 0.067094
vt 0.194773 0.078759
vt 0.177971 0.095185
vt 0.181403 0.096300
vt 0.293324 0.057704
vt 0.291203 0.060623
vt 0.270077 0.054292
vt 0.249263 0.054995
vt 0.230801 0.061527
vt 0.214145 0.070013
vt 0.198009 0.081110
vt 0.185206 0.097536
vt 0.175248 0.094300
vt 0.186302 0.072605
vt 0.176403 0.159076
vt 0.180010 0.159076
vt 0.309908 0.074288
vt 0.306989 0.076409
vt 0.288853 0.063859
vt 0.268841 0.058095
vt 0.249263 0.058603
vt 0.200928 0.083231
vt 0.189010 0.098771
vt 0.184010 0.159076
vt 0.173539 0.159076
vt 0.177971 0.223149
vt 0.181403 0.222034
vt 0.320555 0.095185
vt 0.317124 0.096300
vt 0.303753 0.078759
vt 0.286502 0.067094
vt 0.267726 0.061527
vt 0.192441 0.099886
vt 0.188009 0.159076
vt 0.185206 0.220798
vt 0.175248 0.224034
vt 0.188619 0.244046
vt 0.191538 0.241925
vt 0.312224 0.072605
vt 0.323278 0.094300
vt 0.321476 0.159076
vt 0.317868 0.159076
vt 0.313320 0.097536
vt 0.300518 0.081110
vt 0.284381 0.070013
vt 0.203244 0.084914
vt 0.195164 0.100771
vt 0.191617 0.159076
vt 0.189010 0.219562
vt 0.194773 0.239574
vt 0.186302 0.245729
vt 0.205202 0.260629
vt 0.207323 0.257710
vt 0.324340 0.159076
vt 0.320555 0.223149
vt 0.317124 0.222034
vt 0.313869 0.159076
vt 0.309517 0.098771
vt 0.297599 0.083231
vt 0.194480 0.159076
vt 0.192441 0.218447
vt 0.198009 0.237223
vt 0.209674 0.254475
vt 0.226099 0.271277
vt 0.227214 0.267845
vt 0.323278 0.224034
vt 0.309908 0.244046
vt 0.306989 0.241925
vt 0.313320 0.220798
vt 0.309870 0.159076
vt 0.306085 0.099886
vt 0.195164 0.217563
vt 0.200928 0.235103
vt 0.212025 0.251239
vt 0.228450 0.264042
vt 0.249263 0.274946
vt 0.249263 0.271338
vt 0.312224 0.245729
vt 0.293324 0.260629
vt 0.291203 0.257710
vt 0.303753 0.239574
vt 0.309517 0.219562
vt 0.306262 0.159076
vt 0.303362 0.100771
vt 0.295283 0.084914
vt 0.203244 0.233420
vt 0.214145 0.248320
vt 0.229686 0.260238
vt 0.249263 0.267338
vt 0.272428 0.271277
vt 0.271313 0.267845
vt 0.288853 0.254475
vt 0.300518 0.237223
vt 0.306085 0.218447
vt 0.303398 0.159076
vt 0.230801 0.256807
vt 0.249263 0.263339
vt 0.270077 0.264042
vt 0.286502 0.251239
vt 0.297599 0.235103
vt 0.303362 0.217563
vt 0.249263 0.259731
vt 0.268841 0.260238
vt 0.284381 0.248320
vt 0.295283 0.233420
vt 0.267726 0.256807
vt 0.363575 0.237444
vt 0.363575 0.222276
vt 0.367574 0.221904
vt 0.367574 0.237248
vt 0.359576 0.237248
vt 0.359576 0.221904
vt 0.371182 0.220823
vt 0.371182 0.236680
vt 0.363575 0.294986
vt 0.367574 0.294986
vt 0.355968 0.236680
vt 0.355968 0.220823
vt 0.359576 0.294986
vt 0.371182 0.294986
vt 0.363575 0.352708
vt 0.367574 0.352904
vt 0.355968 0.294986
vt 0.359576 0.352904
vt 0.371182 0.353472
vt 0.363575 0.367876
vt 0.367574 0.368248
vt 0.355968 0.353472
vt 0.359576 0.368248
vt 0.371182 0.369329
vt 0.355968 0.369329
vt 0.346200 0.352708
vt 0.346200 0.367876
vt 0.342200 0.368248
vt 0.342200 0.352904
vt 0.350199 0.352904
vt 0.350199 0.368248
vt 0.338592 0.369329
vt 0.338592 0.353472
vt 0.346200 0.294986
vt 0.342200 0.294986
vt 0.353807 0.353472
vt 0.353807 0.369329
vt 0.350199 0.294986
vt 0.338592 0.294986
vt 0.346200 0.237444
vt 0.342200 0.237248
vt 0.353807 0.294986
vt 0.350199 0.237248
vt 0.338592 0.236680
vt 0.346200 0.222276
vt 0.342200 0.221904
vt 0.353807 0.236680
vt 0.350199 0.221904
vt 0.338592 0.220823
vt 0.353807 0.220823
vt 0.326601 0.066536
vt 0.326601 0.044841
vt 0.330209 0.043760
vt 0.330209 0.065968
vt 0.334208 0.043388
vt 0.334208 0.065772
vt 0.326601 0.131312
vt 0.330209 0.131312
vt 0.338208 0.043760
vt 0.338208 0.065968
vt 0.334208 0.131312
vt 0.326601 0.196270
vt 0.330209 0.196838
vt 0.341816 0.044841
vt 0.341816 0.066536
vt 0.338208 0.131312
vt 0.334208 0.197033
vt 0.326601 0.217965
vt 0.330209 0.219045
vt 0.341816 0.131312
vt 0.338208 0.196838
vt 0.334208 0.219417
vt 0.341816 0.196270
vt 0.338208 0.219045
vt 0.341816 0.217965
vt 0.359661 0.196270
vt 0.359661 0.217965
vt 0.356053 0.219045
vt 0.356053 0.196838
vt 0.352054 0.219417
vt 0.352054 0.197033
vt 0.359661 0.131312
vt 0.356053 0.131312
vt 0.348055 0.219045
vt 0.348055 0.196838
vt 0.352054 0.131312
vt 0.359661 0.066536
vt 0.356053 0.065968
vt 0.344447 0.217965
vt 0.344447 0.196270
vt 0.348055 0.131312
vt 0.352054 0.065772
vt 0.359661 0.044841
vt 0.356053 0.043760
vt 0.344447 0.131312
vt 0.348055 0.065968
vt 0.352054 0.043388
vt 0.344447 0.066536
vt 0.348055 0.043760
vt 0.344447 0.044841
vn -0.669962 0.599526 0.437859
vn -0.787588 0.322948 0.524795
vn -0.931070 0.296387 0.212754
vn -0.820422 0.556554 0.130976
vn -0.486755 0.817415 0.308062
vn -0.648086 0.761515 0.008880
vn -0.093332 0.994948 0.036983
vn -0.279813 0.927751 -0.246945
vn -0.000000 0.999653 -0.026339
vn -0.183208 0.937625 -0.295456
vn 0.093103 0.991655 -0.089172
vn -0.102744 0.924629 -0.366750
vn 0.486755 0.800058 -0.350680
vn 0.267663 0.745187 -0.610780
vn 0.669961 0.575637 -0.468822
vn 0.439999 0.534082 -0.721913
vn 0.787587 0.294868 -0.541072
vn 0.550645 0.269971 -0.789877
vn 0.828118 -0.014764 -0.560359
vn 0.588772 -0.021289 -0.808019
vn 0.787587 -0.322951 -0.524794
vn 0.550646 -0.311191 -0.774564
vn 0.669961 -0.599527 -0.437859
vn 0.439999 -0.571356 -0.692787
vn 0.486755 -0.817415 -0.308063
vn 0.267662 -0.776317 -0.570692
vn 0.085797 -0.995803 -0.031861
vn -0.109631 -0.943401 -0.313009
vn -0.000001 -0.999653 0.026338
vn -0.182728 -0.952159 -0.244955
vn -0.086010 -0.992713 0.084394
vn -0.273040 -0.940459 -0.202450
vn -0.486757 -0.800059 0.350676
vn -0.648087 -0.759991 0.048968
vn -0.669963 -0.575637 0.468820
vn -0.820422 -0.548885 0.160103
vn -0.787588 -0.294866 0.541073
vn -0.931069 -0.284773 0.228066
vn -0.828118 0.014764 0.560359
vn -0.969195 0.006487 0.246208
vn -0.964842 0.237264 -0.113077
vn -0.873425 0.452214 -0.180641
vn -0.731040 0.621554 -0.281516
vn -0.429580 0.756756 -0.492728
vn -0.343094 0.777185 -0.527514
vn -0.279346 0.754115 -0.594371
vn 0.025553 0.608064 -0.793477
vn 0.167937 0.433648 -0.885295
vn 0.259353 0.215440 -0.941446
vn 0.290852 -0.025200 -0.956436
vn 0.259354 -0.264717 -0.928795
vn 0.167937 -0.479665 -0.861231
vn 0.025553 -0.649004 -0.760356
vn -0.284992 -0.784847 -0.550268
vn -0.342426 -0.804780 -0.484845
vn -0.424171 -0.782333 -0.456108
vn -0.731040 -0.635516 -0.248394
vn -0.873425 -0.461099 -0.156576
vn -0.964841 -0.242891 -0.100425
vn -0.996341 -0.002251 -0.085439
vn -0.898128 0.156850 -0.410809
vn -0.834326 0.306869 -0.457965
vn -0.734951 0.425056 -0.528370
vn -0.527117 0.516074 -0.675141
vn -0.463393 0.544462 -0.699163
vn -0.418237 0.514164 -0.748808
vn -0.206901 0.415643 -0.885682
vn -0.107525 0.293912 -0.949765
vn -0.043724 0.141618 -0.988955
vn -0.021742 -0.026332 -0.999417
vn -0.043724 -0.193499 -0.980126
vn -0.107525 -0.343517 -0.932971
vn -0.206901 -0.461705 -0.862566
vn -0.422106 -0.552953 -0.718379
vn -0.462867 -0.581879 -0.668709
vn -0.523526 -0.551116 -0.649763
vn -0.734951 -0.452290 -0.505253
vn -0.834325 -0.330560 -0.441171
vn -0.898127 -0.178265 -0.401981
vn -0.920112 -0.010316 -0.391520
vn -0.751839 0.065911 -0.656044
vn -0.720181 0.140347 -0.679443
vn -0.670874 0.198989 -0.714375
vn -0.569048 0.239652 -0.786607
vn -0.536524 0.268676 -0.799972
vn -0.512808 0.238663 -0.824663
vn -0.408867 0.194317 -0.891666
vn -0.359560 0.133918 -0.923462
vn -0.327902 0.058353 -0.942908
vn -0.316992 -0.024980 -0.948099
vn -0.327902 -0.107925 -0.938527
vn -0.359560 -0.182361 -0.915129
vn -0.408867 -0.241002 -0.880196
vn -0.514659 -0.281377 -0.809909
vn -0.536290 -0.311795 -0.784332
vn -0.567381 -0.280423 -0.774236
vn -0.670874 -0.236332 -0.702905
vn -0.720182 -0.175932 -0.671108
vn -0.751839 -0.100367 -0.651662
vn -0.762748 -0.017033 -0.646472
vn -0.545749 -0.027838 -0.837486
vn -0.547945 -0.033003 -0.835863
vn -0.551367 -0.037072 -0.833439
vn -0.558062 -0.047739 -0.828425
vn -0.560551 -0.025123 -0.827739
vn -0.562660 -0.047665 -0.825313
vn -0.569545 -0.036747 -0.821138
vn -0.572967 -0.032557 -0.818932
vn -0.575163 -0.027314 -0.817583
vn -0.575920 -0.021532 -0.817223
vn -0.575163 -0.015777 -0.817887
vn -0.572967 -0.010612 -0.819510
vn -0.569545 -0.006544 -0.821934
vn -0.562479 0.004896 -0.826797
vn -0.560552 -0.019480 -0.827890
vn -0.558221 0.004814 -0.829678
vn -0.551367 -0.006868 -0.834235
vn -0.547945 -0.011059 -0.836441
vn -0.545749 -0.016301 -0.837790
vn -0.544992 -0.022083 -0.838150
vn -0.294890 -0.118860 -0.948110
vn -0.330613 -0.202855 -0.921708
vn -0.386252 -0.269027 -0.882289
vn -0.497800 -0.328680 -0.802599
vn -0.535519 -0.316248 -0.783076
vn -0.567880 -0.327458 -0.755171
vn -0.681904 -0.263756 -0.682231
vn -0.737544 -0.195601 -0.646350
vn -0.773266 -0.110332 -0.624409
vn -0.785574 -0.016297 -0.618553
vn -0.773266 0.077298 -0.629353
vn -0.737544 0.161293 -0.655754
vn -0.681904 0.227465 -0.695174
vn -0.565813 0.288225 -0.772517
vn -0.535596 0.274122 -0.798745
vn -0.499615 0.287019 -0.817316
vn -0.386253 0.222193 -0.895231
vn -0.330613 0.154037 -0.931111
vn -0.294891 0.068769 -0.953053
vn -0.282581 -0.025265 -0.958911
vn -0.012814 -0.201698 -0.979364
vn -0.079744 -0.359072 -0.929897
vn -0.183993 -0.483053 -0.856041
vn -0.391440 -0.586808 -0.708824
vn -0.461870 -0.584434 -0.667168
vn -0.526610 -0.584439 -0.617343
vn -0.737929 -0.473175 -0.481213
vn -0.842175 -0.345478 -0.413989
vn -0.909104 -0.185719 -0.372878
vn -0.932166 -0.009535 -0.361905
vn -0.909104 0.165826 -0.382141
vn -0.842175 0.323199 -0.431607
vn -0.737929 0.447179 -0.505462
vn -0.522924 0.552187 -0.649338
vn -0.461886 0.548447 -0.697042
vn -0.394717 0.549861 -0.736105
vn -0.183994 0.437303 -0.880291
vn -0.079745 0.309607 -0.947515
vn -0.012813 0.149846 -0.988626
vn 0.010248 -0.026337 -0.999601
vn 0.282108 -0.269204 -0.920839
vn 0.188908 -0.488357 -0.851951
vn 0.043739 -0.661006 -0.749105
vn -0.243746 -0.801002 -0.546793
vn -0.341714 -0.805729 -0.483768
vn -0.436289 -0.797616 -0.416487
vn -0.727651 -0.647251 -0.227136
vn -0.872819 -0.469425 -0.133523
vn -0.966021 -0.246953 -0.076270
vn -0.998137 -0.001607 -0.060987
vn -0.966021 0.242594 -0.089170
vn -0.872818 0.461742 -0.158059
vn -0.727650 0.634392 -0.260906
vn -0.431365 0.775614 -0.460811
vn -0.341640 0.779242 -0.525419
vn -0.248252 0.772306 -0.584735
vn 0.043738 0.620641 -0.782874
vn 0.188907 0.442815 -0.876487
vn 0.282107 0.220340 -0.933737
vn 0.314219 -0.025004 -0.949021
vn 0.561311 -0.312364 -0.766393
vn 0.450141 -0.573772 -0.684222
vn 0.276983 -0.779712 -0.561542
vn -0.065382 -0.944155 -0.322950
vn -0.182436 -0.952328 -0.244518
vn -0.298279 -0.940049 -0.165342
vn -0.643143 -0.763307 0.061075
vn -0.816302 -0.551192 0.172737
vn -0.927477 -0.285822 0.241023
vn -0.965785 0.006831 0.259253
vn -0.927477 0.298117 0.225638
vn -0.816302 0.559523 0.143471
vn -0.643143 0.765464 0.020796
vn -0.292617 0.931006 -0.218182
vn -0.182350 0.938186 -0.294202
vn -0.070785 0.927008 -0.368301
vn 0.276983 0.749060 -0.601822
vn 0.450143 0.536945 -0.713486
vn 0.561313 0.271574 -0.781777
vn 0.599618 -0.021077 -0.800009
vn 0.787588 -0.322951 -0.524793
vn 0.669961 -0.599526 -0.437859
vn 0.486756 -0.817414 -0.308063
vn 0.123911 -0.990608 -0.057804
vn -0.000000 -0.999653 0.026339
vn -0.123663 -0.986240 0.109722
vn -0.486755 -0.800059 0.350679
vn -0.669963 -0.575635 0.468822
vn -0.787587 -0.294869 0.541072
vn -0.828118 0.014764 0.560359
vn -0.787587 0.322951 0.524794
vn -0.669962 0.599525 0.437859
vn -0.486754 0.817416 0.308061
vn -0.117846 0.991580 0.053672
vn 0.000000 0.999653 -0.026339
vn 0.118084 0.987333 -0.105973
vn 0.486756 0.800058 -0.350679
vn 0.669962 0.575637 -0.468822
vn 0.787588 0.294869 -0.541071
vn 0.828120 -0.014763 -0.560356
vn 0.927478 -0.298116 -0.225634
vn 0.816302 -0.559524 -0.143471
vn 0.643142 -0.765465 -0.020796
vn 0.298520 -0.929995 0.214464
vn 0.182435 -0.938130 0.294327
vn 0.065610 -0.925890 0.372054
vn -0.276984 -0.749059 0.601822
vn -0.450141 -0.536944 0.713487
vn -0.561314 -0.271575 0.781776
vn -0.599623 0.021078 0.800005
vn -0.561314 0.312365 0.766391
vn -0.450141 0.573771 0.684223
vn -0.276984 0.779711 0.561543
vn 0.071001 0.945155 0.318813
vn 0.182350 0.952377 0.244390
vn 0.292846 0.941157 0.168713
vn 0.643142 0.763307 -0.061075
vn 0.816302 0.551192 -0.172739
vn 0.927478 0.285821 -0.241022
vn 0.965787 -0.006829 -0.259247
vn 0.966022 -0.242592 0.089169
vn 0.872818 -0.461746 0.158052
vn 0.727650 -0.634394 0.260901
vn 0.436492 -0.774534 0.457790
vn 0.341714 -0.779137 0.525525
vn 0.243933 -0.771148 0.588071
vn -0.043736 -0.620640 0.782875
vn -0.188904 -0.442813 0.876488
vn -0.282110 -0.220342 0.933736
vn -0.314227 0.025004 0.949019
vn -0.282109 0.269205 0.920838
vn -0.188902 0.488353 0.851955
vn -0.043735 0.661004 0.749107
vn 0.248429 0.802065 0.543115
vn 0.341640 0.805829 0.483655
vn 0.431560 0.798758 0.419217
vn 0.727650 0.647252 0.227134
vn 0.872818 0.469427 0.133519
vn 0.966021 0.246952 0.076271
vn 0.998137 0.001608 0.060992
vn 0.909106 -0.165826 0.382136
vn 0.842176 -0.323200 0.431603
vn 0.737929 -0.447180 0.505462
vn 0.526756 -0.551080 0.647177
vn 0.461869 -0.548491 0.697018
vn 0.391573 -0.548712 0.738638
vn 0.183994 -0.437303 0.880291
vn 0.079748 -0.309606 0.947515
vn 0.012819 -0.149846 0.988626
vn -0.010243 0.026337 0.999601
vn 0.012819 0.201698 0.979364
vn 0.079748 0.359071 0.929897
vn 0.183993 0.483052 0.856042
vn 0.394842 0.587898 0.706028
vn 0.461886 0.584392 0.667194
vn 0.523063 0.585573 0.619281
vn 0.737929 0.473176 0.481212
vn 0.842176 0.345479 0.413986
vn 0.909106 0.185719 0.372873
vn 0.932169 0.009536 0.361899
vn 0.773266 -0.077297 0.629353
vn 0.737543 -0.161293 0.655755
vn 0.681904 -0.227464 0.695174
vn 0.567957 -0.287210 0.771321
vn 0.535519 -0.274573 0.798642
vn 0.497871 -0.285989 0.818740
vn 0.386252 -0.222194 0.895231
vn 0.330611 -0.154038 0.931112
vn 0.294890 -0.068769 0.953053
vn 0.282582 0.025265 0.958910
vn 0.294890 0.118861 0.948110
vn 0.330611 0.202856 0.921708
vn 0.386252 0.269028 0.882289
vn 0.499682 0.329684 0.801016
vn 0.535596 0.315802 0.783202
vn 0.565886 0.328478 0.756225
vn 0.681904 0.263756 0.682232
vn 0.737543 0.195600 0.646352
vn 0.773265 0.110331 0.624410
vn 0.785575 0.016298 0.618551
vn 0.575163 0.015777 0.817887
vn 0.572967 0.010612 0.819510
vn 0.569545 0.006544 0.821934
vn 0.562665 -0.004131 0.826675
vn 0.560551 0.018500 0.827914
vn 0.558066 -0.004057 0.829786
vn 0.551366 0.006868 0.834235
vn 0.547945 0.011058 0.836441
vn 0.545749 0.016302 0.837790
vn 0.544992 0.022083 0.838150
vn 0.545749 0.027838 0.837486
vn 0.547945 0.033003 0.835863
vn 0.551367 0.037072 0.833439
vn 0.558226 0.048503 0.828270
vn 0.560552 0.024143 0.827767
vn 0.562484 0.048421 0.825389
vn 0.569545 0.036748 0.821138
vn 0.572966 0.032557 0.818932
vn 0.575163 0.027314 0.817583
vn 0.575920 0.021532 0.817223
vn 0.327902 0.107924 0.938527
vn 0.359560 0.182360 0.915129
vn 0.408867 0.241002 0.880196
vn 0.512745 0.281745 0.810995
vn 0.536524 0.310428 0.784714
vn 0.568984 0.280756 0.772938
vn 0.670874 0.236330 0.702906
vn 0.720181 0.175931 0.671110
vn 0.751839 0.100367 0.651663
vn 0.762748 0.017033 0.646472
vn 0.751839 -0.065912 0.656044
vn 0.720181 -0.140347 0.679443
vn 0.670874 -0.198988 0.714375
vn 0.567321 -0.239276 0.787968
vn 0.536290 -0.270060 0.799663
vn 0.514601 -0.238322 0.823644
vn 0.408867 -0.194318 0.891666
vn 0.359559 -0.133918 0.923463
vn 0.327901 -0.058353 0.942908
vn 0.316993 0.024980 0.948099
vn 0.043724 0.193498 0.980126
vn 0.107526 0.343517 0.932971
vn 0.206901 0.461704 0.862567
vn 0.418115 0.552854 0.720786
vn 0.463393 0.580524 0.669522
vn 0.526986 0.550943 0.647107
vn 0.734951 0.452291 0.505253
vn 0.834326 0.330559 0.441170
vn 0.898127 0.178266 0.401980
vn 0.920112 0.010316 0.391520
vn 0.898128 -0.156851 0.410810
vn 0.834326 -0.306870 0.457964
vn 0.734951 -0.425057 0.528369
vn 0.523403 -0.516163 0.677956
vn 0.462867 -0.545858 0.698422
vn 0.421992 -0.514326 0.746587
vn 0.206900 -0.415643 0.885683
vn 0.107527 -0.293912 0.949765
vn 0.043726 -0.141617 0.988955
vn 0.021741 0.026332 0.999417
vn -0.259353 0.264715 0.928796
vn -0.167937 0.479665 0.861231
vn -0.025552 0.649005 0.760355
vn 0.279175 0.784335 0.553968
vn 0.343094 0.803885 0.485856
vn 0.429394 0.781692 0.452303
vn 0.731041 0.635515 0.248394
vn 0.873425 0.461099 0.156576
vn 0.964841 0.242892 0.100425
vn 0.996341 0.002251 0.085438
vn 0.964841 -0.237266 0.113076
vn 0.873425 -0.452214 0.180641
vn 0.731041 -0.621553 0.281516
vn 0.423997 -0.757260 0.496773
vn 0.342426 -0.778131 0.526551
vn 0.284834 -0.754745 0.590957
vn -0.025553 -0.608064 0.793476
vn -0.167938 -0.433649 0.885294
vn -0.259353 -0.215440 0.941447
vn -0.290851 0.025200 0.956437
vn -0.550649 0.311189 0.774562
vn -0.440002 0.571357 0.692784
vn -0.267665 0.776317 0.570689
vn 0.102533 0.942629 0.317707
vn 0.183208 0.951882 0.245671
vn 0.279590 0.939506 0.197884
vn 0.648087 0.759990 -0.048966
vn 0.820423 0.548884 -0.160099
vn 0.931070 0.284774 -0.228063
vn 0.969196 -0.006487 -0.246206
vn 0.931070 -0.296388 -0.212751
vn 0.820423 -0.556554 -0.130973
vn 0.648087 -0.761514 -0.008877
vn 0.272834 -0.928520 0.251819
vn 0.182728 -0.937939 0.294754
vn 0.109438 -0.925577 0.362396
vn -0.267665 -0.745189 0.610777
vn -0.440002 -0.534083 0.721909
vn -0.550650 -0.269970 0.789874
vn -0.588775 0.021289 0.808017
s 1
g pTorus1
usemtl initialShadingGroup
f 152/309/301 151/310/302 171/311/303 172/312/304
f 153/319/305 152/309/301 172/312/304 173/320/306
f 154/745/307 153/746/305 173/747/306 174/748/308
f 155/753/309 154/745/307 174/748/308 175/754/310
f 156/759/311 155/753/309 175/754/310 176/760/312
f 157/764/313 156/759/311 176/760/312 177/765/314
f 158/359/315 157/364/313 177/365/314 178/360/316
f 159/358/317 158/359/315 178/360/316 179/361/318
f 160/368/319 159/358/317 179/361/318 180/369/320
f 161/378/321 160/368/319 180/369/320 181/379/322
f 162/388/323 161/378/321 181/379/322 182/389/324
f 163/396/325 162/388/323 182/389/324 183/397/326
f 164/770/327 163/771/325 183/772/326 184/773/328
f 165/778/329 164/770/327 184/773/328 185/779/330
f 166/784/331 165/778/329 185/779/330 186/785/332
f 167/789/333 166/784/331 186/785/332 187/790/334
f 168/336/335 167/345/333 187/346/334 188/337/336
f 169/325/337 168/336/335 188/337/336 189/326/338
f 170/315/339 169/325/337 189/326/338 190/316/340
f 151/310/302 170/315/339 190/316/340 171/311/303
f 172/312/304 171/311/303 191/317/341 192/318/342
f 173/320/306 172/312/304 192/318/342 193/330/343
f 174/748/308 173/747/306 193/751/343 194/752/344
f 175/754/310 174/748/308 194/752/344 195/758/345
f 176/760/312 175/754/310 195/758/345 196/763/346
f 177/765/314 176/760/312 196/763/346 197/768/347
f 178/360/316 177/365/314 197/374/347 198/366/348
f 179/361/318 178/360/316 198/366/348 199/367/349
f 180/369/320 179/361/318 199/367/349 200/377/350
f 181/379/322 180/369/320 200/377/350 201/387/351
f 182/389/324 181/379/322 201/387/351 202/395/352
f 183/397/326 182/389/324 202/395/352 203/402/353
f 184/773/328 183/772/326 203/776/353 204/777/354
f 185/779/330 184/773/328 204/777/354 205/783/355
f 186/785/332 185/779/330 205/783/355 206/788/356
f 187/790/334 186/785/332 206/788/356 207/793/357
f 188/337/336 187/346/334 207/352/357 208/347/358
f 189/326/338 188/337/336 208/347/358 209/338/359
f 190/316/340 189/326/338 209/338/359 210/327/360
f 171/311/303 190/316/340 210/327/360 191/317/341
f 192/318/342 191/317/341 211/328/361 212/329/362
f 193/330/343 192/318/342 212/329/362 213/340/363
f 194/531/344 193/532/343 213/513/363 214/521/364
f 195/543/345 194/531/344 214/521/364 215/533/365
f 196/554/346 195/543/345 215/533/365 216/544/366
f 197/569/347 196/554/346 216/544/366 217/555/367
f 198/366/348 197/374/347 217/385/367 218/375/368
f 199/367/349 198/366/348 218/375/368 219/376/369
f 200/377/350 199/367/349 219/376/369 220/386/370
f 201/387/351 200/377/350 220/386/370 221/394/371
f 202/395/352 201/387/351 221/394/371 222/401/372
f 203/402/353 202/395/352 222/401/372 223/405/373
f 204/584/354 203/596/353 223/585/373 224/573/374
f 205/572/355 204/584/354 224/573/374 225/559/375
f 206/558/356 205/572/355 225/559/375 226/546/376
f 207/557/357 206/558/356 226/546/376 227/535/377
f 208/347/358 207/352/357 227/356/377 228/353/378
f 209/338/359 208/347/358 228/353/378 229/348/379
f 210/327/360 209/338/359 229/348/379 230/339/380
f 191/317/341 210/327/360 230/339/380 211/328/361
f 212/505/362 211/506/361 231/507/381 232/508/382
f 213/513/363 212/505/362 232/508/382 233/514/383
f 214/521/364 213/513/363 233/514/383 234/522/384
f 215/533/365 214/521/364 234/522/384 235/534/385
f 216/544/366 215/533/365 235/534/385 236/545/386
f 217/555/367 216/544/366 236/545/386 237/556/387
f 218/570/368 217/555/367 237/556/387 238/571/388
f 219/582/369 218/570/368 238/571/388 239/583/389
f 220/594/370 219/582/369 239/583/389 240/595/390
f 221/608/371 220/594/370 240/595/390 241/609/391
f 222/597/372 221/608/371 241/609/391 242/598/392
f 223/585/373 222/597/372 242/598/392 243/586/393
f 224/573/374 223/585/373 243/586/393 244/574/394
f 225/559/375 224/573/374 244/574/394 245/560/395
f 226/546/376 225/559/375 245/560/395 246/547/396
f 227/535/377 226/546/376 246/547/396 247/536/397
f 228/523/378 227/535/377 247/536/397 248/524/398
f 229/515/379 228/523/378 248/524/398 249/516/399
f 230/509/380 229/515/379 249/516/399 250/510/400
f 211/506/361 230/509/380 250/510/400 231/507/381
f 232/508/382 231/507/381 251/511/401 252/512/402
f 233/514/383 232/508/382 252/512/402 253/520/403
f 234/522/384 233/514/383 253/520/403 254/530/404
f 235/534/385 234/522/384 254/530/404 255/542/405
f 236/545/386 235/534/385 255/542/405 256/553/406
f 237/556/387 236/545/386 256/553/406 257/568/407
f 238/571/388 237/556/387 257/568/407 258/581/408
f 239/583/389 238/571/388 258/581/408 259/593/409
f 240/595/390 239/583/389 259/593/409 260/607/410
f 241/609/391 240/595/390 260/607/410 261/616/411
f 242/598/392 241/609/391 261/616/411 262/610/412
f 243/586/393 242/598/392 262/610/412 263/599/413
f 244/574/394 243/586/393 263/599/413 264/587/414
f 245/560/395 244/574/394 264/587/414 265/575/415
f 246/547/396 245/560/395 265/575/415 266/561/416
f 247/536/397 246/547/396 266/561/416 267/548/417
f 248/524/398 247/536/397 267/548/417 268/537/418
f 249/516/399 248/524/398 268/537/418 269/525/419
f 250/510/400 249/516/399 269/525/419 270/517/420
f 231/507/381 250/510/400 270/517/420 251/511/401
f 252/512/402 251/511/401 271/518/421 272/519/422
f 253/520/403 252/512/402 272/519/422 273/529/423
f 254/530/404 253/520/403 273/529/423 274/541/424
f 255/542/405 254/530/404 274/541/424 275/552/425
f 256/553/406 255/542/405 275/552/425 276/567/426
f 257/568/407 256/553/406 276/567/426 277/580/427
f 258/581/408 257/568/407 277/580/427 278/592/428
f 259/593/409 258/581/408 278/592/428 279/606/429
f 260/607/410 259/593/409 279/606/429 280/615/430
f 261/616/411 260/607/410 280/615/430 281/621/431
f 262/610/412 261/616/411 281/621/431 282/617/432
f 263/599/413 262/610/412 282/617/432 283/611/433
f 264/587/414 263/599/413 283/611/433 284/600/434
f 265/575/415 264/587/414 284/600/434 285/588/435
f 266/561/416 265/575/415 285/588/435 286/576/436
f 267/548/417 266/561/416 286/576/436 287/562/437
f 268/537/418 267/548/417 287/562/437 288/549/438
f 269/525/419 268/537/418 288/549/438 289/538/439
f 270/517/420 269/525/419 289/538/439 290/526/440
f 251/511/401 270/517/420 290/526/440 271/518/421
f 272/519/422 271/518/421 291/527/441 292/528/442
f 273/529/423 272/519/422 292/528/442 293/540/443
f 274/541/424 273/529/423 293/540/443 294/551/444
f 275/552/425 274/541/424 294/551/444 295/566/445
f 276/567/426 275/552/425 295/566/445 296/579/446
f 277/580/427 276/567/426 296/579/446 297/591/447
f 278/592/428 277/580/427 297/591/447 298/605/448
f 279/606/429 278/592/428 298/605/448 299/614/449
f 280/615/430 279/606/429 299/614/449 300/620/450
f 281/621/431 280/615/430 300/620/450 301/624/451
f 282/617/432 281/621/431 301/624/451 302/622/452
f 283/611/433 282/617/432 302/622/452 303/618/453
f 284/600/434 283/611/433 303/618/453 304/612/454
f 285/588/435 284/600/434 304/612/454 305/601/455
f 286/576/436 285/588/435 305/601/455 306/589/456
f 287/562/437 286/576/436 306/589/456 307/577/457
f 288/549/438 287/562/437 307/577/457 308/563/458
f 289/538/439 288/549/438 308/563/458 309/550/459
f 290/526/440 289/538/439 309/550/459 310/539/460
f 271/518/421 290/526/440 310/539/460 291/527/441
f 292/411/442 291/412/441 311/408/461 312/407/462
f 293/420/443 292/411/442 312/407/462 313/417/463
f 294/551/444 293/540/443 313/564/463 314/565/464
f 295/566/445 294/551/444 314/565/464 315/578/465
f 296/579/446 295/566/445 315/578/465 316/590/466
f 297/591/447 296/579/446 316/590/466 317/604/467
f 298/461/448 297/468/447 317/462/467 318/457/468
f 299/460/449 298/461/448 318/457/468 319/456/469
f 300/469/450 299/460/449 319/456/469 320/466/470
f 301/476/451 300/469/450 320/466/470 321/474/471
f 302/484/452 301/476/451 321/474/471 322/482/472
f 303/493/453 302/484/452 322/482/472 323/491/473
f 304/612/454 303/618/453 323/623/473 324/619/474
f 305/601/455 304/612/454 324/619/474 325/613/475
f 306/589/456 305/601/455 325/613/475 326/602/476
f 307/577/457 306/589/456 326/602/476 327/603/477
f 308/435/458 307/444/457 327/436/477 328/428/478
f 309/427/459 308/435/458 328/428/478 329/421/479
f 310/419/460 309/427/459 329/421/479 330/413/480
f 291/412/441 310/419/460 330/413/480 311/408/461
f 312/407/462 311/408/461 331/409/481 332/410/482
f 313/417/463 312/407/462 332/410/482 333/418/483
f 314/795/464 313/796/463 333/797/483 334/798/484
f 315/801/465 314/795/464 334/798/484 335/802/485
f 316/806/466 315/801/465 335/802/485 336/807/486
f 317/812/467 316/806/466 336/807/486 337/813/487
f 318/457/468 317/462/467 337/463/487 338/458/488
f 319/456/469 318/457/468 338/458/488 339/459/489
f 320/466/470 319/456/469 339/459/489 340/467/490
f 321/474/471 320/466/470 340/467/490 341/475/491
f 322/482/472 321/474/471 341/475/491 342/483/492
f 323/491/473 322/482/472 342/483/492 343/492/493
f 324/820/474 323/821/473 343/822/493 344/823/494
f 325/826/475 324/820/474 344/823/494 345/827/495
f 326/831/476 325/826/475 345/827/495 346/832/496
f 327/837/477 326/831/476 346/832/496 347/838/497
f 328/428/478 327/436/477 347/437/497 348/429/498
f 329/421/479 328/428/478 348/429/498 349/422/499
f 330/413/480 329/421/479 349/422/499 350/414/500
f 311/408/461 330/413/480 350/414/500 331/409/481
f 332/410/482 331/409/481 351/415/501 352/416/502
f 333/418/483 332/410/482 352/416/502 353/426/503
f 334/798/484 333/797/483 353/799/503 354/800/504
f 335/802/485 334/798/484 354/800/504 355/805/505
f 336/807/486 335/802/485 355/805/505 356/811/506
f 337/813/487 336/807/486 356/811/506 357/816/507
f 338/458/488 337/463/487 357/470/507 358/464/508
f 339/459/489 338/458/488 358/464/508 359/465/509
f 340/467/490 339/459/489 359/465/509 360/473/510
f 341/475/491 340/467/490 360/473/510 361/481/511
f 342/483/492 341/475/491 361/481/511 362/490/512
f 343/492/493 342/483/492 362/490/512 363/498/513
f 344/823/494 343/822/493 363/824/513 364/825/514
f 345/827/495 344/823/494 364/825/514 365/830/515
f 346/832/496 345/827/495 365/830/515 366/836/516
f 347/838/497 346/832/496 366/836/516 367/841/517
f 348/429/498 347/437/497 367/445/517 368/438/518
f 349/422/499 348/429/498 368/438/518 369/430/519
f 350/414/500 349/422/499 369/430/519 370/423/520
f 331/409/481 350/414/500 370/423/520 351/415/501
f 352/416/502 351/415/501 371/424/521 372/425/522
f 353/426/503 352/416/502 372/425/522 373/434/523
f 354/800/504 353/799/503 373/803/523 374/804/524
f 355/805/505 354/800/504 374/804/524 375/810/525
f 356/811/506 355/805/505 375/810/525 376/815/526
f 357/816/507 356/811/506 376/815/526 377/818/527
f 358/464/508 357/470/507 377/477/527 378/471/528
f 359/465/509 358/464/508 378/471/528 379/472/529
f 360/473/510 359/465/509 379/472/529 380/480/530
f 361/481/511 360/473/510 380/480/530 381/489/531
f 362/490/512 361/481/511 381/489/531 382/497/532
f 363/498/513 362/490/512 382/497/532 383/501/533
f 364/825/514 363/824/513 383/828/533 384/829/534
f 365/830/515 364/825/514 384/829/534 385/835/535
f 366/836/516 365/830/515 385/835/535 386/840/536
f 367/841/517 366/836/516 386/840/536 387/843/537
f 368/438/518 367/445/517 387/450/537 388/446/538
f 369/430/519 368/438/518 388/446/538 389/439/539
f 370/423/520 369/430/519 389/439/539 390/431/540
f 351/415/501 370/423/520 390/431/540 371/424/521
f 372/425/522 371/424/521 391/432/541 392/433/542
f 373/434/523 372/425/522 392/433/542 393/443/543
f 374/804/524 373/803/523 393/808/543 394/809/544
f 375/810/525 374/804/524 394/809/544 395/814/545
f 376/815/526 375/810/525 395/814/545 396/817/546
f 377/818/527 376/815/526 396/817/546 397/819/547
f 378/471/528 377/477/527 397/485/547 398/478/548
f 379/472/529 378/471/528 398/478/548 399/479/549
f 380/480/530 379/472/529 399/479/549 400/488/550
f 381/489/531 380/480/530 400/488/550 401/496/551
f 382/497/532 381/489/531 401/496/551 402/500/552
f 383/501/533 382/497/532 402/500/552 403/503/553
f 384/829/534 383/828/533 403/833/553 404/834/554
f 385/835/535 384/829/534 404/834/554 405/839/555
f 386/840/536 385/835/535 405/839/555 406/842/556
f 387/843/537 386/840/536 406/842/556 407/844/557
f 388/446/538 387/450/537 407/453/557 408/451/558
f 389/439/539 388/446/538 408/451/558 409/447/559
f 390/431/540 389/439/539 409/447/559 410/440/560
f 371/424/521 390/431/540 410/440/560 391/432/541
f 392/433/542 391/432/541 411/441/561 412/442/562
f 393/443/543 392/433/542 412/442/562 413/449/563
f 394/651/544 393/652/543 413/633/563 414/641/564
f 395/663/545 394/651/544 414/641/564 415/653/565
f 396/674/546 395/663/545 415/653/565 416/664/566
f 397/689/547 396/674/546 416/664/566 417/675/567
f 398/478/548 397/485/547 417/494/567 418/486/568
f 399/479/549 398/478/548 418/486/568 419/487/569
f 400/488/550 399/479/549 419/487/569 420/495/570
f 401/496/551 400/488/550 420/495/570 421/499/571
f 402/500/552 401/496/551 421/499/571 422/502/572
f 403/503/553 402/500/552 422/502/572 423/504/573
f 404/704/554 403/716/553 423/705/573 424/693/574
f 405/692/555 404/704/554 424/693/574 425/679/575
f 406/678/556 405/692/555 425/679/575 426/666/576
f 407/677/557 406/678/556 426/666/576 427/655/577
f 408/451/558 407/453/557 427/455/577 428/454/578
f 409/447/559 408/451/558 428/454/578 429/452/579
f 410/440/560 409/447/559 429/452/579 430/448/580
f 391/432/541 410/440/560 430/448/580 411/441/561
f 412/625/562 411/626/561 431/627/581 432/628/582
f 413/633/563 412/625/562 432/628/582 433/634/583
f 414/641/564 413/633/563 433/634/583 434/642/584
f 415/653/565 414/641/564 434/642/584 435/654/585
f 416/664/566 415/653/565 435/654/585 436/665/586
f 417/675/567 416/664/566 436/665/586 437/676/587
f 418/690/568 417/675/567 437/676/587 438/691/588
f 419/702/569 418/690/568 438/691/588 439/703/589
f 420/714/570 419/702/569 439/703/589 440/715/590
f 421/728/571 420/714/570 440/715/590 441/729/591
f 422/717/572 421/728/571 441/729/591 442/718/592
f 423/705/573 422/717/572 442/718/592 443/706/593
f 424/693/574 423/705/573 443/706/593 444/694/594
f 425/679/575 424/693/574 444/694/594 445/680/595
f 426/666/576 425/679/575 445/680/595 446/667/596
f 427/655/577 426/666/576 446/667/596 447/656/597
f 428/643/578 427/655/577 447/656/597 448/644/598
f 429/635/579 428/643/578 448/644/598 449/636/599
f 430/629/580 429/635/579 449/636/599 450/630/600
f 411/626/561 430/629/580 450/630/600 431/627/581
f 432/628/582 431/627/581 451/631/601 452/632/602
f 433/634/583 432/628/582 452/632/602 453/640/603
f 434/642/584 433/634/583 453/640/603 454/650/604
f 435/654/585 434/642/584 454/650/604 455/662/605
f 436/665/586 435/654/585 455/662/605 456/673/606
f 437/676/587 436/665/586 456/673/606 457/688/607
f 438/691/588 437/676/587 457/688/607 458/701/608
f 439/703/589 438/691/588 458/701/608 459/713/609
f 440/715/590 439/703/589 459/713/609 460/727/610
f 441/729/591 440/715/590 460/727/610 461/736/611
f 442/718/592 441/729/591 461/736/611 462/730/612
f 443/706/593 442/718/592 462/730/612 463/719/613
f 444/694/594 443/706/593 463/719/613 464/707/614
f 445/680/595 444/694/594 464/707/614 465/695/615
f 446/667/596 445/680/595 465/695/615 466/681/616
f 447/656/597 446/667/596 466/681/616 467/668/617
f 448/644/598 447/656/597 467/668/617 468/657/618
f 449/636/599 448/644/598 468/657/618 469/645/619
f 450/630/600 449/636/599 469/645/619 470/637/620
f 431/627/581 450/630/600 470/637/620 451/631/601
f 452/632/602 451/631/601 471/638/621 472/639/622
f 453/640/603 452/632/602 472/639/622 473/649/623
f 454/650/604 453/640/603 473/649/623 474/661/624
f 455/662/605 454/650/604 474/661/624 475/672/625
f 456/673/606 455/662/605 475/672/625 476/687/626
f 457/688/607 456/673/606 476/687/626 477/700/627
f 458/701/608 457/688/607 477/700/627 478/712/628
f 459/713/609 458/701/608 478/712/628 479/726/629
f 460/727/610 459/713/609 479/726/629 480/735/630
f 461/736/611 460/727/610 480/735/630 481/741/631
f 462/730/612 461/736/611 481/741/631 482/737/632
f 463/719/613 462/730/612 482/737/632 483/731/633
f 464/707/614 463/719/613 483/731/633 484/720/634
f 465/695/615 464/707/614 484/720/634 485/708/635
f 466/681/616 465/695/615 485/708/635 486/696/636
f 467/668/617 466/681/616 486/696/636 487/682/637
f 468/657/618 467/668/617 487/682/637 488/669/638
f 469/645/619 468/657/618 488/669/638 489/658/639
f 470/637/620 469/645/619 489/658/639 490/646/640
f 451/631/601 470/637/620 490/646/640 471/638/621
f 472/639/622 471/638/621 491/647/641 492/648/642
f 473/649/623 472/639/622 492/648/642 493/660/643
f 474/661/624 473/649/623 493/660/643 494/671/644
f 475/672/625 474/661/624 494/671/644 495/686/645
f 476/687/626 475/672/625 495/686/645 496/699/646
f 477/700/627 476/687/626 496/699/646 497/711/647
f 478/712/628 477/700/627 497/711/647 498/725/648
f 479/726/629 478/712/628 498/725/648 499/734/649
f 480/735/630 479/726/629 499/734/649 500/740/650
f 481/741/631 480/735/630 500/740/650 501/744/651
f 482/737/632 481/741/631 501/744/651 502/742/652
f 483/731/633 482/737/632 502/742/652 503/738/653
f 484/720/634 483/731/633 503/738/653 504/732/654
f 485/708/635 484/720/634 504/732/654 505/721/655
f 486/696/636 485/708/635 505/721/655 506/709/656
f 487/682/637 486/696/636 506/709/656 507/697/657
f 488/669/638 487/682/637 507/697/657 508/683/658
f 489/658/639 488/669/638 508/683/658 509/670/659
f 490/646/640 489/658/639 509/670/659 510/659/660
f 471/638/621 490/646/640 510/659/660 491/647/641
f 492/331/642 491/332/641 511/322/661 512/321/662
f 493/342/643 492/331/642 512/321/662 513/334/663
f 494/671/644 493/660/643 513/684/663 514/685/664
f 495/686/645 494/671/644 514/685/664 515/698/665
f 496/699/646 495/686/645 515/698/665 516/710/666
f 497/711/647 496/699/646 516/710/666 517/724/667
f 498/381/648 497/390/647 517/382/667 518/371/668
f 499/380/649 498/381/648 518/371/668 519/370/669
f 500/391/650 499/380/649 519/370/669 520/383/670
f 501/398/651 500/391/650 520/383/670 521/392/671
f 502/403/652 501/398/651 521/392/671 522/399/672
f 503/406/653 502/403/652 522/399/672 523/404/673
f 504/732/654 503/738/653 523/743/673 524/739/674
f 505/721/655 504/732/654 524/739/674 525/733/675
f 506/709/656 505/721/655 525/733/675 526/722/676
f 507/697/657 506/709/656 526/722/676 527/723/677
f 508/354/658 507/357/657 527/355/677 528/350/678
f 509/349/659 508/354/658 528/350/678 529/343/679
f 510/341/660 509/349/659 529/343/679 530/333/680
f 491/332/641 510/341/660 530/333/680 511/322/661
f 512/321/662 511/322/661 531/314/681 532/313/682
f 513/334/663 512/321/662 532/313/682 533/324/683
f 514/755/664 513/756/663 533/750/683 534/749/684
f 515/761/665 514/755/664 534/749/684 535/757/685
f 516/766/666 515/761/665 535/757/685 536/762/686
f 517/769/667 516/766/666 536/762/686 537/767/687
f 518/371/668 517/382/667 537/372/687 538/363/688
f 519/370/669 518/371/668 538/363/688 539/362/689
f 520/383/670 519/370/669 539/362/689 540/373/690
f 521/392/671 520/383/670 540/373/690 541/384/691
f 522/399/672 521/392/671 541/384/691 542/393/692
f 523/404/673 522/399/672 542/393/692 543/400/693
f 524/780/674 523/781/673 543/775/693 544/774/694
f 525/786/675 524/780/674 544/774/694 545/782/695
f 526/791/676 525/786/675 545/782/695 546/787/696
f 527/794/677 526/791/676 546/787/696 547/792/697
f 528/350/678 527/355/677 547/351/697 548/344/698
f 529/343/679 528/350/678 548/344/698 549/335/699
f 530/333/680 529/343/679 549/335/699 550/323/700
f 511/322/661 530/333/680 550/323/700 531/314/681
f 532/313/682 531/314/681 151/310/302 152/309/301
f 533/324/683 532/313/682 152/309/301 153/319/305
f 534/749/684 533/750/683 153/746/305 154/745/307
f 535/757/685 534/749/684 154/745/307 155/753/309
f 536/762/686 535/757/685 155/753/309 156/759/311
f 537/767/687 536/762/686 156/759/311 157/764/313
f 538/363/688 537/372/687 157/364/313 158/359/315
f 539/362/689 538/363/688 158/359/315 159/358/317
f 540/373/690 539/362/689 159/358/317 160/368/319
f 541/384/691 540/373/690 160/368/319 161/378/321
f 542/393/692 541/384/691 161/378/321 162/388/323
f 543/400/693 542/393/692 162/388/323 163/396/325
f 544/774/694 543/775/693 163/771/325 164/770/327
f 545/782/695 544/774/694 164/770/327 165/778/329
f 546/787/696 545/782/695 165/778/329 166/784/331
f 547/792/697 546/787/696 166/784/331 167/789/333
f 548/344/698 547/351/697 167/345/333 168/336/335
f 549/335/699 548/344/698 168/336/335 169/325/337
f 550/323/700 549/335/699 169/325/337 170/315/339
f 531/314/681 550/323/700 170/315/339 151/310/302
g default
v 3.741546 0.048381 -1.063770
v 3.716645 0.046580 -1.077455
v 3.688706 0.045297 -1.082783
v 3.660464 0.044657 -1.079232
v 3.580243 0.046004 -1.026082
v 3.500824 0.047503 -0.971209
v 3.487051 0.048892 -0.946330
v 3.481646 0.050770 -0.918440
v 3.485139 0.052952 -0.890268
v 3.497188 0.055226 -0.864573
v 3.516615 0.057367 -0.843869
v 3.541516 0.059168 -0.830183
v 3.569455 0.060451 -0.824855
v 3.597696 0.061091 -0.828407
v 3.677562 0.059655 -0.882620
v 3.757336 0.058245 -0.936429
v 3.771110 0.056856 -0.961308
v 3.776515 0.054978 -0.989199
v 3.773021 0.052796 -1.017370
v 3.760972 0.050523 -1.043066
v 3.742001 0.054479 -1.065056
v 3.716810 0.052658 -1.078901
v 3.688546 0.051359 -1.084291
v 3.659976 0.050712 -1.080698
v 3.579454 0.052060 -1.027407
v 3.499794 0.053568 -0.972308
v 3.485859 0.054973 -0.947139
v 3.480392 0.056873 -0.918924
v 3.483925 0.059080 -0.890425
v 3.496115 0.061380 -0.864430
v 3.515767 0.063547 -0.843485
v 3.540959 0.065368 -0.829640
v 3.569223 0.066667 -0.824250
v 3.597793 0.067314 -0.827843
v 3.677959 0.065877 -0.882197
v 3.757975 0.064458 -0.936233
v 3.771909 0.063053 -0.961402
v 3.777377 0.061153 -0.989617
v 3.773843 0.058946 -1.018116
v 3.761653 0.056646 -1.044111
v 3.743714 0.059899 -1.067885
v 3.717682 0.058017 -1.082192
v 3.688474 0.056676 -1.087762
v 3.658949 0.056006 -1.084049
v 3.577556 0.057356 -1.030351
v 3.497194 0.058890 -0.974595
v 3.482794 0.060343 -0.948586
v 3.477144 0.062305 -0.919429
v 3.480796 0.064587 -0.889977
v 3.493392 0.066964 -0.863114
v 3.513701 0.069203 -0.841470
v 3.539733 0.071085 -0.827163
v 3.568941 0.072427 -0.821593
v 3.598466 0.073096 -0.825306
v 3.679503 0.071656 -0.880068
v 3.760221 0.070212 -0.934760
v 3.774621 0.068760 -0.960769
v 3.780271 0.066797 -0.989927
v 3.776619 0.064515 -1.019378
v 3.764023 0.062139 -1.046241
v 3.746517 0.064111 -1.071981
v 3.719175 0.062134 -1.087009
v 3.688496 0.060725 -1.092859
v 3.657486 0.060022 -1.088959
v 3.574736 0.061375 -1.034625
v 3.493279 0.062949 -0.977846
v 3.478155 0.064475 -0.950528
v 3.472220 0.066537 -0.919903
v 3.476056 0.068933 -0.888969
v 3.489287 0.071429 -0.860754
v 3.510617 0.073781 -0.838020
v 3.537960 0.075758 -0.822993
v 3.568638 0.077167 -0.817142
v 3.599649 0.077870 -0.821042
v 3.682043 0.076427 -0.876440
v 3.763855 0.074943 -0.932155
v 3.778980 0.073417 -0.959473
v 3.784915 0.071355 -0.990098
v 3.781079 0.068959 -1.021032
v 3.767848 0.066463 -1.049247
v 3.750136 0.066702 -1.076943
v 3.721142 0.064605 -1.092878
v 3.688611 0.063111 -1.099081
v 3.655728 0.062366 -1.094946
v 3.571269 0.063723 -1.039810
v 3.488433 0.065348 -0.981743
v 3.472395 0.066966 -0.952775
v 3.466102 0.069152 -0.920301
v 3.470170 0.071693 -0.887499
v 3.484200 0.074340 -0.857580
v 3.506819 0.076834 -0.833474
v 3.535813 0.078930 -0.817539
v 3.568343 0.080425 -0.811335
v 3.601227 0.081170 -0.815470
v 3.685330 0.079723 -0.871669
v 3.768521 0.078187 -0.928673
v 3.784559 0.076570 -0.957641
v 3.790852 0.074383 -0.990115
v 3.786785 0.071842 -1.022917
v 3.772755 0.069196 -1.052836
v 3.754216 0.067418 -1.082284
v 3.723392 0.065189 -1.099225
v 3.688808 0.063600 -1.105820
v 3.653848 0.062808 -1.101424
v 3.567495 0.064171 -1.045400
v 3.483130 0.065852 -0.985905
v 3.466080 0.067571 -0.955108
v 3.459390 0.069896 -0.920584
v 3.463714 0.072597 -0.885711
v 3.478629 0.075411 -0.853904
v 3.502676 0.078062 -0.828275
v 3.533500 0.080291 -0.811334
v 3.568085 0.081880 -0.804739
v 3.603044 0.082672 -0.809135
v 3.689042 0.081220 -0.866223
v 3.773762 0.079629 -0.924654
v 3.790812 0.077909 -0.955451
v 3.797503 0.075585 -0.989975
v 3.793179 0.072883 -1.024848
v 3.778263 0.070069 -1.056655
v 3.758359 0.066189 -1.087482
v 3.725704 0.063828 -1.105429
v 3.689066 0.062145 -1.112416
v 3.652031 0.061306 -1.107759
v 3.563782 0.062673 -1.050847
v 3.477889 0.064410 -0.989923
v 3.459827 0.066232 -0.957298
v 3.452739 0.068695 -0.920723
v 3.457320 0.071556 -0.883780
v 3.473121 0.074538 -0.850084
v 3.498596 0.077346 -0.822934
v 3.531251 0.079708 -0.804987
v 3.567889 0.081390 -0.798000
v 3.604924 0.082230 -0.802657
v 3.692816 0.080773 -0.860633
v 3.779065 0.079125 -0.920493
v 3.797128 0.077303 -0.953118
v 3.804215 0.074841 -0.989693
v 3.799634 0.071979 -1.026636
v 3.783833 0.068998 -1.060332
v 3.762157 0.063136 -1.092029
v 3.727852 0.060656 -1.110884
v 3.689361 0.058888 -1.118224
v 3.650453 0.058006 -1.113331
v 3.560495 0.059378 -1.055617
v 3.473224 0.061166 -0.993405
v 3.454248 0.063080 -0.959130
v 3.446802 0.065666 -0.920707
v 3.451614 0.068673 -0.881895
v 3.468214 0.071805 -0.846495
v 3.494977 0.074756 -0.817972
v 3.529283 0.077236 -0.799118
v 3.567774 0.079004 -0.791778
v 3.606681 0.079886 -0.796671
v 3.696283 0.078425 -0.855447
v 3.783911 0.076726 -0.916596
v 3.802887 0.074812 -0.950871
v 3.810333 0.072226 -0.989295
v 3.805520 0.069219 -1.028106
v 3.788920 0.066087 -1.063506
v 3.765241 0.058558 -1.095479
v 3.729625 0.055983 -1.115053
v 3.689664 0.054147 -1.122674
v 3.649270 0.053232 -1.117594
v 3.557956 0.054607 -1.059245
v 3.469590 0.056435 -0.996010
v 3.449889 0.058422 -0.960426
v 3.442158 0.061108 -0.920535
v 3.447155 0.064229 -0.880241
v 3.464389 0.067481 -0.843489
v 3.492174 0.070544 -0.813876
v 3.527790 0.073119 -0.794302
v 3.567751 0.074955 -0.786681
v 3.608145 0.075870 -0.791761
v 3.699104 0.074406 -0.851173
v 3.787825 0.072667 -0.913345
v 3.807526 0.070680 -0.948929
v 3.815257 0.067994 -0.988820
v 3.810260 0.064873 -1.029114
v 3.793026 0.061621 -1.065866
v 3.767307 0.052902 -1.097494
v 3.730850 0.050266 -1.117531
v 3.689945 0.048387 -1.125332
v 3.648597 0.047450 -1.120132
v 3.556412 0.048827 -1.061374
v 3.467343 0.050682 -0.997483
v 3.447177 0.052716 -0.961058
v 3.439264 0.055465 -0.920225
v 3.444379 0.058660 -0.878979
v 3.462020 0.061988 -0.841359
v 3.490461 0.065124 -0.811047
v 3.526919 0.067760 -0.791010
v 3.567823 0.069639 -0.783209
v 3.609171 0.070576 -0.788409
v 3.701001 0.069109 -0.848230
v 3.790425 0.067345 -0.911058
v 3.810591 0.065311 -0.947482
v 3.818505 0.062561 -0.988316
v 3.813390 0.059366 -1.029562
v 3.795749 0.056038 -1.067182
v 3.768155 0.046723 -1.097878
v 3.731407 0.044066 -1.118074
v 3.690177 0.042172 -1.125936
v 3.648500 0.041227 -1.120695
v 3.556015 0.042605 -1.061797
v 3.466704 0.044468 -0.997680
v 3.446378 0.046519 -0.960965
v 3.438402 0.049289 -0.919807
v 3.443557 0.052510 -0.878233
v 3.461338 0.055865 -0.840314
v 3.490006 0.059025 -0.809761
v 3.526753 0.061683 -0.789565
v 3.567983 0.063576 -0.781702
v 3.609660 0.064521 -0.786943
v 3.701790 0.063053 -0.846905
v 3.791456 0.061280 -0.909959
v 3.811783 0.059230 -0.946673
v 3.819759 0.056459 -0.987831
v 3.814604 0.053238 -1.029405
v 3.796822 0.049884 -1.067324
v 3.767699 0.040624 -1.096592
v 3.731242 0.037988 -1.116629
v 3.690337 0.036109 -1.124429
v 3.648989 0.035172 -1.119229
v 3.556804 0.036550 -1.060472
v 3.467735 0.038404 -0.996581
v 3.447569 0.040438 -0.960156
v 3.439656 0.043187 -0.919322
v 3.444770 0.046382 -0.878077
v 3.462412 0.049710 -0.840456
v 3.490853 0.052846 -0.810144
v 3.527310 0.055482 -0.790107
v 3.568215 0.057361 -0.782307
v 3.609563 0.058298 -0.787507
v 3.701393 0.056831 -0.847327
v 3.790817 0.055067 -0.910155
v 3.810983 0.053033 -0.946580
v 3.818896 0.050284 -0.987414
v 3.813782 0.047089 -1.028659
v 3.796141 0.043760 -1.066279
v 3.765986 0.035204 -1.093762
v 3.730370 0.032629 -1.113337
v 3.690409 0.030793 -1.120957
v 3.650016 0.029878 -1.115878
v 3.558701 0.031253 -1.057528
v 3.470335 0.033081 -0.994294
v 3.450634 0.035068 -0.958710
v 3.442904 0.037754 -0.918818
v 3.447900 0.040875 -0.878524
v 3.465134 0.044127 -0.841772
v 3.492919 0.047190 -0.812160
v 3.528536 0.049766 -0.792585
v 3.568496 0.051601 -0.784965
v 3.608890 0.052517 -0.790044
v 3.699849 0.051052 -0.849457
v 3.788571 0.049313 -0.911628
v 3.808271 0.047326 -0.947212
v 3.816002 0.044640 -0.987104
v 3.811005 0.041519 -1.027397
v 3.793771 0.038268 -1.064149
v 3.763183 0.030993 -1.089666
v 3.728878 0.028512 -1.108521
v 3.690387 0.026744 -1.115861
v 3.651479 0.025862 -1.110968
v 3.561521 0.027234 -1.053255
v 3.474249 0.029022 -0.991043
v 3.455274 0.030936 -0.956768
v 3.447828 0.033523 -0.918344
v 3.452640 0.036529 -0.879532
v 3.469240 0.039661 -0.844132
v 3.496003 0.042612 -0.815609
v 3.530309 0.045092 -0.796755
v 3.568799 0.046860 -0.789415
v 3.607707 0.047742 -0.794308
v 3.697309 0.046281 -0.853084
v 3.784937 0.044582 -0.914233
v 3.803913 0.042669 -0.948508
v 3.811359 0.040082 -0.986932
v 3.806546 0.037075 -1.025743
v 3.789946 0.033943 -1.061143
v 3.759564 0.028402 -1.084705
v 3.726910 0.026041 -1.102652
v 3.690272 0.024358 -1.109639
v 3.653237 0.023518 -1.104981
v 3.564988 0.024886 -1.048069
v 3.479095 0.026623 -0.987146
v 3.461033 0.028445 -0.954520
v 3.453945 0.030907 -0.917946
v 3.458526 0.033769 -0.881002
v 3.474327 0.036750 -0.847306
v 3.499802 0.039559 -0.820156
v 3.532456 0.041920 -0.802209
v 3.569094 0.043603 -0.795222
v 3.606129 0.044442 -0.799880
v 3.694022 0.042986 -0.857855
v 3.780271 0.041338 -0.917715
v 3.798333 0.039516 -0.950341
v 3.805421 0.037054 -0.986915
v 3.800840 0.034192 -1.023858
v 3.785039 0.031211 -1.057554
v 3.755484 0.027686 -1.079363
v 3.724660 0.025457 -1.096304
v 3.690076 0.023868 -1.102899
v 3.655116 0.023076 -1.098503
v 3.568763 0.024439 -1.042479
v 3.484398 0.026120 -0.982984
v 3.467348 0.027839 -0.952187
v 3.460658 0.030164 -0.917663
v 3.464982 0.032865 -0.882790
v 3.479897 0.035679 -0.850983
v 3.503944 0.038330 -0.825354
v 3.534768 0.040559 -0.808413
v 3.569353 0.042148 -0.801818
v 3.604312 0.042940 -0.806215
v 3.690310 0.041488 -0.863302
v 3.775030 0.039897 -0.921734
v 3.792080 0.038177 -0.952530
v 3.798771 0.035853 -0.987055
v 3.794446 0.033151 -1.021927
v 3.779531 0.030337 -1.053735
v 3.751342 0.028914 -1.074165
v 3.722348 0.026818 -1.090100
v 3.689817 0.025324 -1.096303
v 3.656934 0.024578 -1.092168
v 3.572475 0.025936 -1.037032
v 3.489639 0.027561 -0.978966
v 3.473601 0.029178 -0.949998
v 3.467308 0.031365 -0.917523
v 3.471376 0.033906 -0.884721
v 3.485405 0.036553 -0.854803
v 3.508024 0.039047 -0.830696
v 3.537018 0.041143 -0.814761
v 3.569549 0.042637 -0.808557
v 3.602432 0.043383 -0.812693
v 3.686535 0.041935 -0.868892
v 3.769727 0.040400 -0.925895
v 3.785765 0.038782 -0.954863
v 3.792058 0.036596 -0.987338
v 3.787991 0.034055 -1.020139
v 3.773961 0.031408 -1.050058
v 3.747543 0.031967 -1.069618
v 3.720200 0.029990 -1.084646
v 3.689522 0.028581 -1.090496
v 3.658511 0.027878 -1.086596
v 3.575762 0.029231 -1.032262
v 3.494305 0.030806 -0.975483
v 3.479180 0.032331 -0.948165
v 3.473246 0.034393 -0.917540
v 3.477081 0.036789 -0.886606
v 3.490312 0.039285 -0.858391
v 3.511643 0.041637 -0.835657
v 3.538986 0.043614 -0.820630
v 3.569664 0.045023 -0.814780
v 3.600675 0.045726 -0.818679
v 3.683068 0.044283 -0.874077
v 3.764881 0.042799 -0.929792
v 3.780006 0.041273 -0.957111
v 3.785940 0.039212 -0.987736
v 3.782105 0.036815 -1.018669
v 3.768874 0.034319 -1.046884
v 3.744459 0.036546 -1.066168
v 3.718427 0.034663 -1.080476
v 3.689219 0.033322 -1.086046
v 3.659694 0.032652 -1.082333
v 3.578302 0.034002 -1.028634
v 3.497939 0.035536 -0.972878
v 3.483539 0.036989 -0.946869
v 3.477889 0.038952 -0.917712
v 3.481541 0.041233 -0.888260
v 3.494138 0.043610 -0.861398
v 3.514446 0.045849 -0.839753
v 3.540479 0.047731 -0.825446
v 3.569687 0.049073 -0.819876
v 3.599211 0.049742 -0.823589
v 3.680248 0.048303 -0.878351
v 3.760967 0.046858 -0.933043
v 3.775366 0.045406 -0.959052
v 3.781017 0.043443 -0.988210
v 3.777365 0.041161 -1.017661
v 3.764768 0.038785 -1.044524
v 3.742393 0.042201 -1.064153
v 3.717202 0.040380 -1.077998
v 3.688938 0.039082 -1.083388
v 3.660367 0.038434 -1.079795
v 3.579846 0.039782 -1.026505
v 3.500185 0.041290 -0.971405
v 3.486251 0.042695 -0.946237
v 3.480783 0.044595 -0.918022
v 3.484317 0.046802 -0.889522
v 3.496507 0.049102 -0.863528
v 3.516159 0.051269 -0.842583
v 3.541350 0.053091 -0.828738
v 3.569614 0.054389 -0.823348
v 3.598185 0.055036 -0.826941
v 3.678351 0.053599 -0.881295
v 3.758367 0.052181 -0.935330
v 3.772301 0.050775 -0.960499
v 3.777769 0.048876 -0.988714
v 3.774235 0.046668 -1.017214
v 3.762045 0.044368 -1.043208
vt 0.279757 0.356669
vt 0.279757 0.341501
vt 0.283757 0.341697
vt 0.283757 0.357041
vt 0.275758 0.357041
vt 0.275758 0.341697
vt 0.279757 0.324687
vt 0.283757 0.324687
vt 0.287365 0.342265
vt 0.287365 0.358122
vt 0.279757 0.368707
vt 0.283757 0.369219
vt 0.272150 0.358122
vt 0.272150 0.342265
vt 0.275758 0.324687
vt 0.275758 0.369219
vt 0.279757 0.307873
vt 0.283757 0.307677
vt 0.287365 0.324687
vt 0.290228 0.343150
vt 0.290228 0.359805
vt 0.287365 0.370706
vt 0.269287 0.359805
vt 0.269287 0.343150
vt 0.272150 0.324687
vt 0.272150 0.370706
vt 0.275758 0.307677
vt 0.279757 0.292705
vt 0.283757 0.292333
vt 0.287365 0.307109
vt 0.290228 0.324687
vt 0.290228 0.373023
vt 0.269287 0.324687
vt 0.269287 0.373023
vt 0.272150 0.307109
vt 0.275758 0.292333
vt 0.279757 0.280667
vt 0.283757 0.280155
vt 0.287365 0.291252
vt 0.290228 0.306224
vt 0.269287 0.306224
vt 0.272150 0.291252
vt 0.275758 0.280155
vt 0.287365 0.278668
vt 0.290228 0.289569
vt 0.269287 0.289569
vt 0.272150 0.278668
vt 0.290228 0.276351
vt 0.269287 0.276351
vt 0.256656 0.307873
vt 0.256656 0.292705
vt 0.260655 0.292333
vt 0.260655 0.307677
vt 0.252656 0.307677
vt 0.252656 0.292333
vt 0.256656 0.280667
vt 0.260655 0.280155
vt 0.264263 0.291252
vt 0.264263 0.307109
vt 0.256656 0.324687
vt 0.260655 0.324687
vt 0.249048 0.307109
vt 0.249048 0.291252
vt 0.252656 0.280155
vt 0.252656 0.324687
vt 0.264263 0.278668
vt 0.267126 0.289569
vt 0.267126 0.306224
vt 0.264263 0.324687
vt 0.256656 0.341501
vt 0.260655 0.341697
vt 0.246185 0.306224
vt 0.246185 0.289569
vt 0.249048 0.278668
vt 0.249048 0.324687
vt 0.252656 0.341697
vt 0.267126 0.276351
vt 0.267126 0.324687
vt 0.264263 0.342265
vt 0.256656 0.356669
vt 0.260655 0.357041
vt 0.246185 0.276351
vt 0.246185 0.324687
vt 0.249048 0.342265
vt 0.252656 0.357041
vt 0.267126 0.343150
vt 0.264263 0.358122
vt 0.256656 0.368707
vt 0.260655 0.369219
vt 0.246185 0.343150
vt 0.249048 0.358122
vt 0.252656 0.369219
vt 0.267126 0.359805
vt 0.264263 0.370706
vt 0.246185 0.359805
vt 0.249048 0.370706
vt 0.267126 0.373023
vt 0.246185 0.373023
vt 0.333568 0.295568
vt 0.333568 0.317263
vt 0.329961 0.316695
vt 0.329961 0.294488
vt 0.336432 0.297251
vt 0.336432 0.318148
vt 0.333568 0.341312
vt 0.329961 0.341312
vt 0.325961 0.316499
vt 0.325961 0.294115
vt 0.333568 0.278351
vt 0.329961 0.276864
vt 0.336432 0.341312
vt 0.336432 0.280667
vt 0.333568 0.365361
vt 0.329961 0.365929
vt 0.325961 0.341312
vt 0.321962 0.316695
vt 0.321962 0.294488
vt 0.325961 0.276351
vt 0.336432 0.364476
vt 0.333568 0.387056
vt 0.329961 0.388136
vt 0.325961 0.366125
vt 0.321962 0.341312
vt 0.318354 0.317263
vt 0.318354 0.295568
vt 0.321962 0.276864
vt 0.336432 0.385373
vt 0.333568 0.404273
vt 0.329961 0.405760
vt 0.325961 0.388509
vt 0.321962 0.365929
vt 0.318354 0.341312
vt 0.315491 0.318148
vt 0.315491 0.297251
vt 0.318354 0.278351
vt 0.336432 0.401957
vt 0.325961 0.406273
vt 0.321962 0.388136
vt 0.318354 0.365361
vt 0.315491 0.341312
vt 0.315491 0.280667
vt 0.321962 0.405760
vt 0.318354 0.387056
vt 0.315491 0.364476
vt 0.318354 0.404273
vt 0.315491 0.385373
vt 0.315491 0.401957
vt 0.310467 0.365361
vt 0.310467 0.387056
vt 0.306859 0.388136
vt 0.306859 0.365929
vt 0.313330 0.364476
vt 0.313330 0.385373
vt 0.310467 0.404273
vt 0.306859 0.405760
vt 0.302859 0.388509
vt 0.302859 0.366125
vt 0.310467 0.341312
vt 0.306859 0.341312
vt 0.313330 0.401957
vt 0.313330 0.341312
vt 0.302859 0.406273
vt 0.298860 0.388136
vt 0.298860 0.365929
vt 0.302859 0.341312
vt 0.310467 0.317263
vt 0.306859 0.316695
vt 0.313330 0.318148
vt 0.298860 0.405760
vt 0.295252 0.387056
vt 0.295252 0.365361
vt 0.298860 0.341312
vt 0.302859 0.316499
vt 0.310467 0.295568
vt 0.306859 0.294488
vt 0.313330 0.297251
vt 0.295252 0.404273
vt 0.292389 0.385373
vt 0.292389 0.364476
vt 0.295252 0.341312
vt 0.298860 0.316695
vt 0.302859 0.294115
vt 0.310467 0.278351
vt 0.306859 0.276864
vt 0.313330 0.280667
vt 0.292389 0.401957
vt 0.292389 0.341312
vt 0.295252 0.317263
vt 0.298860 0.294488
vt 0.302859 0.276351
vt 0.292389 0.318148
vt 0.295252 0.295568
vt 0.298860 0.276864
vt 0.292389 0.297251
vt 0.295252 0.278351
vt 0.292389 0.280667
vt 0.130603 0.070013
vt 0.113948 0.061527
vt 0.115063 0.058096
vt 0.132724 0.067094
vt 0.095485 0.058603
vt 0.095485 0.054995
vt 0.116299 0.054292
vt 0.135075 0.063859
vt 0.143821 0.083231
vt 0.146740 0.081110
vt 0.077023 0.061527
vt 0.075908 0.058096
vt 0.095485 0.050995
vt 0.117534 0.050488
vt 0.137425 0.060623
vt 0.149975 0.078759
vt 0.152307 0.099886
vt 0.155738 0.098771
vt 0.060367 0.070013
vt 0.058247 0.067094
vt 0.074672 0.054292
vt 0.095485 0.046996
vt 0.118649 0.047057
vt 0.139546 0.057704
vt 0.153211 0.076409
vt 0.159542 0.097535
vt 0.149584 0.100771
vt 0.141504 0.084914
vt 0.153131 0.159076
vt 0.156739 0.159076
vt 0.047149 0.083231
vt 0.044231 0.081110
vt 0.055896 0.063859
vt 0.073436 0.050488
vt 0.095485 0.043388
vt 0.156130 0.074288
vt 0.163346 0.096300
vt 0.160739 0.159076
vt 0.150268 0.159076
vt 0.152307 0.218447
vt 0.155738 0.219562
vt 0.038663 0.099886
vt 0.035232 0.098771
vt 0.040995 0.078759
vt 0.053545 0.060623
vt 0.072321 0.047057
vt 0.166777 0.095185
vt 0.164738 0.159076
vt 0.159542 0.220798
vt 0.149584 0.217563
vt 0.143821 0.235103
vt 0.146740 0.237223
vt 0.049466 0.084914
vt 0.041386 0.100771
vt 0.038487 0.159076
vt 0.034879 0.159076
vt 0.031428 0.097535
vt 0.037759 0.076409
vt 0.051424 0.057704
vt 0.158446 0.072605
vt 0.169500 0.094300
vt 0.168346 0.159076
vt 0.163346 0.222034
vt 0.149975 0.239574
vt 0.141504 0.233420
vt 0.130603 0.248320
vt 0.132724 0.251239
vt 0.041350 0.159076
vt 0.038663 0.218447
vt 0.035232 0.219562
vt 0.030880 0.159076
vt 0.027624 0.096300
vt 0.034841 0.074288
vt 0.171209 0.159076
vt 0.166777 0.223149
vt 0.153211 0.241925
vt 0.135075 0.254475
vt 0.113948 0.256807
vt 0.115063 0.260238
vt 0.041386 0.217563
vt 0.047149 0.235103
vt 0.044231 0.237223
vt 0.031428 0.220798
vt 0.026880 0.159076
vt 0.024193 0.095185
vt 0.169500 0.224034
vt 0.156130 0.244046
vt 0.137425 0.257710
vt 0.116299 0.264042
vt 0.095485 0.259731
vt 0.095485 0.263339
vt 0.049466 0.233420
vt 0.060367 0.248320
vt 0.058247 0.251239
vt 0.040995 0.239574
vt 0.027624 0.222034
vt 0.023272 0.159076
vt 0.021470 0.094300
vt 0.032524 0.072605
vt 0.158446 0.245729
vt 0.139546 0.260629
vt 0.117534 0.267845
vt 0.095485 0.267338
vt 0.077023 0.256807
vt 0.075908 0.260238
vt 0.055896 0.254475
vt 0.037759 0.241925
vt 0.024193 0.223149
vt 0.020409 0.159076
vt 0.118649 0.271277
vt 0.095485 0.271338
vt 0.074672 0.264042
vt 0.053545 0.257710
vt 0.034841 0.244046
vt 0.021470 0.224034
vt 0.095485 0.274946
vt 0.073436 0.267845
vt 0.051424 0.260629
vt 0.032524 0.245729
vt 0.072321 0.271277
vt 0.205202 0.057704
vt 0.226099 0.047057
vt 0.227214 0.050488
vt 0.207323 0.060623
vt 0.249263 0.043388
vt 0.249263 0.046996
vt 0.228450 0.054292
vt 0.209674 0.063859
vt 0.188619 0.074288
vt 0.191538 0.076409
vt 0.272427 0.047057
vt 0.271313 0.050488
vt 0.249263 0.050995
vt 0.229686 0.058095
vt 0.212025 0.067094
vt 0.194773 0.078759
vt 0.177971 0.095185
vt 0.181403 0.096300
vt 0.293324 0.057704
vt 0.291203 0.060623
vt 0.270077 0.054292
vt 0.249263 0.054995
vt 0.230801 0.061527
vt 0.214145 0.070013
vt 0.198009 0.081110
vt 0.185206 0.097536
vt 0.175248 0.094300
vt 0.186302 0.072605
vt 0.176403 0.159076
vt 0.180010 0.159076
vt 0.309908 0.074288
vt 0.306989 0.076409
vt 0.288853 0.063859
vt 0.268841 0.058095
vt 0.249263 0.058603
vt 0.200928 0.083231
vt 0.189010 0.098771
vt 0.184010 0.159076
vt 0.173539 0.159076
vt 0.177971 0.223149
vt 0.181403 0.222034
vt 0.320555 0.095185
vt 0.317124 0.096300
vt 0.303753 0.078759
vt 0.286502 0.067094
vt 0.267726 0.061527
vt 0.192441 0.099886
vt 0.188009 0.159076
vt 0.185206 0.220798
vt 0.175248 0.224034
vt 0.188619 0.244046
vt 0.191538 0.241925
vt 0.312224 0.072605
vt 0.323278 0.094300
vt 0.321476 0.159076
vt 0.317868 0.159076
vt 0.313320 0.097536
vt 0.300518 0.081110
vt 0.284381 0.070013
vt 0.203244 0.084914
vt 0.195164 0.100771
vt 0.191617 0.159076
vt 0.189010 0.219562
vt 0.194773 0.239574
vt 0.186302 0.245729
vt 0.205202 0.260629
vt 0.207323 0.257710
vt 0.324340 0.159076
vt 0.320555 0.223149
vt 0.317124 0.222034
vt 0.313869 0.159076
vt 0.309517 0.098771
vt 0.297599 0.083231
vt 0.194480 0.159076
vt 0.192441 0.218447
vt 0.198009 0.237223
vt 0.209674 0.254475
vt 0.226099 0.271277
vt 0.227214 0.267845
vt 0.323278 0.224034
vt 0.309908 0.244046
vt 0.306989 0.241925
vt 0.313320 0.220798
vt 0.309870 0.159076
vt 0.306085 0.099886
vt 0.195164 0.217563
vt 0.200928 0.235103
vt 0.212025 0.251239
vt 0.228450 0.264042
vt 0.249263 0.274946
vt 0.249263 0.271338
vt 0.312224 0.245729
vt 0.293324 0.260629
vt 0.291203 0.257710
vt 0.303753 0.239574
vt 0.309517 0.219562
vt 0.306262 0.159076
vt 0.303362 0.100771
vt 0.295283 0.084914
vt 0.203244 0.233420
vt 0.214145 0.248320
vt 0.229686 0.260238
vt 0.249263 0.267338
vt 0.272428 0.271277
vt 0.271313 0.267845
vt 0.288853 0.254475
vt 0.300518 0.237223
vt 0.306085 0.218447
vt 0.303398 0.159076
vt 0.230801 0.256807
vt 0.249263 0.263339
vt 0.270077 0.264042
vt 0.286502 0.251239
vt 0.297599 0.235103
vt 0.303362 0.217563
vt 0.249263 0.259731
vt 0.268841 0.260238
vt 0.284381 0.248320
vt 0.295283 0.233420
vt 0.267726 0.256807
vt 0.363575 0.237444
vt 0.363575 0.222276
vt 0.367574 0.221904
vt 0.367574 0.237248
vt 0.359576 0.237248
vt 0.359576 0.221904
vt 0.371182 0.220823
vt 0.371182 0.236680
vt 0.363575 0.294986
vt 0.367574 0.294986
vt 0.355968 0.236680
vt 0.355968 0.220823
vt 0.359576 0.294986
vt 0.371182 0.294986
vt 0.363575 0.352708
vt 0.367574 0.352904
vt 0.355968 0.294986
vt 0.359576 0.352904
vt 0.371182 0.353472
vt 0.363575 0.367876
vt 0.367574 0.368248
vt 0.355968 0.353472
vt 0.359576 0.368248
vt 0.371182 0.369329
vt 0.355968 0.369329
vt 0.346200 0.352708
vt 0.346200 0.367876
vt 0.342200 0.368248
vt 0.342200 0.352904
vt 0.350199 0.352904
vt 0.350199 0.368248
vt 0.338592 0.369329
vt 0.338592 0.353472
vt 0.346200 0.294986
vt 0.342200 0.294986
vt 0.353807 0.353472
vt 0.353807 0.369329
vt 0.350199 0.294986
vt 0.338592 0.294986
vt 0.346200 0.237444
vt 0.342200 0.237248
vt 0.353807 0.294986
vt 0.350199 0.237248
vt 0.338592 0.236680
vt 0.346200 0.222276
vt 0.342200 0.221904
vt 0.353807 0.236680
vt 0.350199 0.221904
vt 0.338592 0.220823
vt 0.353807 0.220823
vt 0.326601 0.066536
vt 0.326601 0.044841
vt 0.330209 0.043760
vt 0.330209 0.065968
vt 0.334208 0.043388
vt 0.334208 0.065772
vt 0.326601 0.131312
vt 0.330209 0.131312
vt 0.338208 0.043760
vt 0.338208 0.065968
vt 0.334208 0.131312
vt 0.326601 0.196270
vt 0.330209 0.196838
vt 0.341816 0.044841
vt 0.341816 0.066536
vt 0.338208 0.131312
vt 0.334208 0.197033
vt 0.326601 0.217965
vt 0.330209 0.219045
vt 0.341816 0.131312
vt 0.338208 0.196838
vt 0.334208 0.219417
vt 0.341816 0.196270
vt 0.338208 0.219045
vt 0.341816 0.217965
vt 0.359661 0.196270
vt 0.359661 0.217965
vt 0.356053 0.219045
vt 0.356053 0.196838
vt 0.352054 0.219417
vt 0.352054 0.197033
vt 0.359661 0.131312
vt 0.356053 0.131312
vt 0.348055 0.219045
vt 0.348055 0.196838
vt 0.352054 0.131312
vt 0.359661 0.066536
vt 0.356053 0.065968
vt 0.344447 0.217965
vt 0.344447 0.196270
vt 0.348055 0.131312
vt 0.352054 0.065772
vt 0.359661 0.044841
vt 0.356053 0.043760
vt 0.344447 0.131312
vt 0.348055 0.065968
vt 0.352054 0.043388
vt 0.344447 0.066536
vt 0.348055 0.043760
vt 0.344447 0.044841
vn -0.341008 0.058087 0.938264
vn -0.614648 0.038300 0.787871
vn -0.588974 0.374269 0.716263
vn -0.331569 0.392882 0.857733
vn -0.033988 0.072189 0.996812
vn -0.042766 0.406148 0.912806
vn 0.462753 0.079668 0.882900
vn 0.423188 0.414851 0.805488
vn 0.559650 0.078504 0.825002
vn 0.518519 0.399982 0.755746
vn 0.649206 0.076346 0.756772
vn 0.600271 0.411686 0.685704
vn 0.939522 0.054833 0.338070
vn 0.872984 0.389824 0.293148
vn 0.998916 0.034199 0.031584
vn 0.928854 0.370415 0.004847
vn 0.960529 0.010217 -0.277994
vn 0.892744 0.347856 -0.286364
vn 0.828118 -0.014764 -0.560359
vn 0.768190 0.324356 -0.551975
vn 0.614646 -0.038301 -0.787873
vn 0.567384 0.302217 -0.765990
vn 0.341007 -0.058087 -0.938265
vn 0.309980 0.283604 -0.907459
vn 0.033989 -0.072188 -0.996812
vn 0.021178 0.270340 -0.962532
vn -0.470841 -0.079609 -0.878619
vn -0.452428 0.265218 -0.851451
vn -0.559650 -0.078502 -0.825002
vn -0.539450 0.250722 -0.803824
vn -0.642633 -0.076544 -0.762341
vn -0.615815 0.268144 -0.740858
vn -0.939522 -0.054829 -0.338071
vn -0.894573 0.286663 -0.342875
vn -0.998916 -0.034197 -0.031584
vn -0.950443 0.306071 -0.054573
vn -0.960528 -0.010217 0.277996
vn -0.914333 0.328630 0.236638
vn -0.828118 0.014764 0.560359
vn -0.789779 0.352130 0.502249
vn -0.497708 0.657034 0.566209
vn -0.285041 0.672412 0.683091
vn -0.046431 0.683370 0.728594
vn 0.335323 0.691918 0.639381
vn 0.423107 0.672188 0.607572
vn 0.485570 0.689230 0.537758
vn 0.710162 0.669881 0.216632
vn 0.756320 0.653846 -0.021563
vn 0.726487 0.635208 -0.262160
vn 0.623579 0.615794 -0.481609
vn 0.457674 0.597500 -0.658429
vn 0.245007 0.582123 -0.775309
vn 0.006399 0.571163 -0.820811
vn -0.381590 0.568686 -0.728687
vn -0.462524 0.546765 -0.697939
vn -0.520743 0.571184 -0.634488
vn -0.750196 0.584651 -0.308851
vn -0.796355 0.600688 -0.070655
vn -0.766520 0.619327 0.169943
vn -0.663613 0.638744 0.389390
vn -0.360119 0.858199 0.365799
vn -0.211693 0.868932 0.447374
vn -0.045160 0.876581 0.479131
vn 0.217353 0.883296 0.415386
vn 0.288613 0.868201 0.403646
vn 0.326245 0.881350 0.341740
vn 0.482891 0.867166 0.121819
vn 0.515108 0.855973 -0.044426
vn 0.494285 0.842966 -0.212345
vn 0.422461 0.829417 -0.365505
vn 0.306671 0.816649 -0.488914
vn 0.158246 0.805916 -0.570489
vn -0.008287 0.798267 -0.602246
vn -0.274943 0.797864 -0.536488
vn -0.341945 0.778812 -0.525858
vn -0.376342 0.799683 -0.467840
vn -0.536338 0.807682 -0.244932
vn -0.568553 0.818874 -0.078689
vn -0.547731 0.831883 0.089232
vn -0.475909 0.845433 0.242391
vn -0.196060 0.970333 0.141476
vn -0.122413 0.975658 0.181951
vn -0.039783 0.979453 0.197709
vn 0.086824 0.982785 0.163083
vn 0.131658 0.976812 0.168833
vn 0.143072 0.981782 0.125039
vn 0.222223 0.974782 0.020417
vn 0.238208 0.969229 -0.062068
vn 0.227878 0.962774 -0.145387
vn 0.192242 0.956051 -0.221383
vn 0.134788 0.949716 -0.282615
vn 0.061141 0.944391 -0.323090
vn -0.021488 0.940596 -0.338846
vn -0.149848 0.941139 -0.302990
vn -0.193307 0.930811 -0.310200
vn -0.202561 0.942081 -0.267304
vn -0.283495 0.945267 -0.161556
vn -0.299481 0.950820 -0.079069
vn -0.289150 0.957274 0.004250
vn -0.253513 0.963998 0.080245
vn -0.020326 0.995916 -0.087972
vn -0.025436 0.995546 -0.090781
vn -0.031169 0.995283 -0.091874
vn -0.043994 0.994392 -0.096175
vn -0.033663 0.996539 -0.076005
vn -0.048597 0.994473 -0.093070
vn -0.049348 0.995607 -0.079573
vn -0.050457 0.995992 -0.073850
vn -0.049740 0.996440 -0.068069
vn -0.047268 0.996906 -0.062796
vn -0.043282 0.997346 -0.058548
vn -0.038172 0.997715 -0.055739
vn -0.032439 0.997979 -0.054646
vn -0.018998 0.998578 -0.049804
vn -0.030504 0.996985 -0.071349
vn -0.014744 0.998502 -0.052690
vn -0.014260 0.997655 -0.066947
vn -0.013151 0.997269 -0.072670
vn -0.013867 0.996822 -0.078451
vn -0.016340 0.996355 -0.083723
vn 0.156359 0.938092 -0.309086
vn 0.073256 0.932083 -0.354759
vn -0.019985 0.927801 -0.372540
vn -0.167212 0.922832 -0.347019
vn -0.195773 0.929087 -0.313799
vn -0.237310 0.924074 -0.299619
vn -0.315637 0.933072 -0.172483
vn -0.333677 0.939338 -0.079403
vn -0.322017 0.946621 0.014614
vn -0.281803 0.954208 0.100367
vn -0.216973 0.961356 0.169463
vn -0.133871 0.967365 0.215138
vn -0.040629 0.971648 0.232917
vn 0.109339 0.972164 0.207227
vn 0.134740 0.975588 0.173418
vn 0.175526 0.970986 0.162409
vn 0.255022 0.966377 0.032859
vn 0.273060 0.960110 -0.060220
vn 0.261402 0.952827 -0.154238
vn 0.221190 0.945240 -0.239991
vn 0.323583 0.797909 -0.508562
vn 0.167880 0.786650 -0.594136
vn -0.006819 0.778628 -0.627449
vn -0.276239 0.770601 -0.574340
vn -0.343340 0.776835 -0.527868
vn -0.411439 0.772995 -0.482904
vn -0.560753 0.788505 -0.252618
vn -0.594549 0.800245 -0.078226
vn -0.572706 0.813891 0.097925
vn -0.497362 0.828106 0.258593
vn -0.375895 0.841498 0.388051
vn -0.220194 0.852757 0.473625
vn -0.045498 0.860780 0.506939
vn 0.228415 0.861827 0.452858
vn 0.290896 0.865830 0.407084
vn 0.356607 0.859550 0.366067
vn 0.508438 0.850904 0.132110
vn 0.542235 0.839162 -0.042283
vn 0.520394 0.825515 -0.218437
vn 0.445051 0.811301 -0.379104
vn 0.467626 0.577736 -0.668989
vn 0.250802 0.562054 -0.788159
vn 0.007528 0.550882 -0.834549
vn -0.362993 0.541370 -0.758389
vn -0.463031 0.545423 -0.698653
vn -0.555570 0.544785 -0.628133
vn -0.763858 0.564638 -0.312576
vn -0.810921 0.580988 -0.069724
vn -0.780505 0.599987 0.175576
vn -0.675587 0.619781 0.399317
vn -0.506435 0.638432 0.579593
vn -0.289611 0.654114 0.698757
vn -0.046337 0.665287 0.745149
vn 0.329959 0.667873 0.667138
vn 0.424310 0.669759 0.609413
vn 0.513056 0.664620 0.543189
vn 0.725051 0.651531 0.223179
vn 0.772113 0.635180 -0.019673
vn 0.741694 0.616181 -0.264974
vn 0.636773 0.596390 -0.488711
vn 0.570548 0.289369 -0.768597
vn 0.311918 0.270661 -0.910741
vn 0.021736 0.257331 -0.966079
vn -0.417209 0.248050 -0.874304
vn -0.539534 0.250187 -0.803934
vn -0.650138 0.252188 -0.716743
vn -0.898389 0.273736 -0.343460
vn -0.954525 0.293240 -0.053782
vn -0.918242 0.315908 0.238816
vn -0.793093 0.339519 0.505698
vn -0.591327 0.361765 0.720735
vn -0.332697 0.380465 0.862878
vn -0.042516 0.393791 0.918216
vn 0.402948 0.398790 0.823771
vn 0.518863 0.398497 0.756294
vn 0.624763 0.394843 0.673625
vn 0.877611 0.377386 0.295599
vn 0.933747 0.357884 0.005920
vn 0.897464 0.335223 -0.286679
vn 0.772314 0.311615 -0.553559
vn 0.614646 -0.038302 -0.787873
vn 0.341007 -0.058087 -0.938264
vn 0.033989 -0.072189 -0.996812
vn -0.429439 -0.079828 -0.899561
vn -0.559650 -0.078503 -0.825002
vn -0.677038 -0.075418 -0.732073
vn -0.939522 -0.054832 -0.338071
vn -0.998916 -0.034198 -0.031582
vn -0.960529 -0.010217 0.277993
vn -0.828118 0.014764 0.560359
vn -0.614646 0.038300 0.787873
vn -0.341009 0.058087 0.938264
vn -0.033986 0.072189 0.996812
vn 0.436109 0.079805 0.896348
vn 0.559650 0.078503 0.825002
vn 0.672015 0.075596 0.736669
vn 0.939522 0.054832 0.338070
vn 0.998916 0.034198 0.031584
vn 0.960529 0.010215 -0.277993
vn 0.828119 -0.014767 -0.560358
vn 0.591327 -0.361769 -0.720733
vn 0.332696 -0.380465 -0.862879
vn 0.042514 -0.393791 -0.918216
vn -0.396559 -0.399058 -0.826737
vn -0.518829 -0.398645 -0.756240
vn -0.629489 -0.394898 -0.669178
vn -0.877611 -0.377386 -0.295598
vn -0.933746 -0.357886 -0.005919
vn -0.897464 -0.335222 0.286679
vn -0.772315 -0.311610 0.553560
vn -0.570548 -0.289365 0.768598
vn -0.311918 -0.270662 0.910741
vn -0.021737 -0.257331 0.966079
vn 0.423583 -0.247814 0.871301
vn 0.539559 -0.250031 0.803966
vn 0.645398 -0.251783 0.721157
vn 0.898389 -0.273736 0.343461
vn 0.954525 -0.293238 0.053782
vn 0.918242 -0.315909 -0.238817
vn 0.793092 -0.339524 -0.505695
vn 0.506436 -0.638432 -0.579592
vn 0.289611 -0.654108 -0.698762
vn 0.046338 -0.665283 -0.745152
vn -0.324392 -0.668264 -0.669472
vn -0.424248 -0.669883 -0.609319
vn -0.516970 -0.664820 -0.539218
vn -0.725049 -0.651533 -0.223179
vn -0.772111 -0.635183 0.019674
vn -0.741696 -0.616179 0.264974
vn -0.636777 -0.596383 0.488715
vn -0.467625 -0.577735 0.668991
vn -0.250801 -0.562060 0.788155
vn -0.007527 -0.550886 0.834547
vn 0.368535 -0.540971 0.755997
vn 0.463083 -0.545283 0.698728
vn 0.551633 -0.544255 0.632050
vn 0.763860 -0.564636 0.312576
vn 0.810923 -0.580984 0.069724
vn 0.780505 -0.599988 -0.175577
vn 0.675585 -0.619785 -0.399315
vn 0.375899 -0.841495 -0.388053
vn 0.220196 -0.852755 -0.473628
vn 0.045497 -0.860780 -0.506940
vn -0.224135 -0.862182 -0.454318
vn -0.290922 -0.865804 -0.407122
vn -0.359335 -0.859763 -0.362884
vn -0.508437 -0.850905 -0.132109
vn -0.542233 -0.839164 0.042283
vn -0.520390 -0.825518 0.218434
vn -0.445047 -0.811305 0.379102
vn -0.323579 -0.797912 0.508560
vn -0.167878 -0.786652 0.594134
vn 0.006818 -0.778628 0.627448
vn 0.280495 -0.770192 0.572824
vn 0.343317 -0.776868 0.527835
vn 0.408688 -0.772493 0.486035
vn 0.560754 -0.788504 0.252619
vn 0.594551 -0.800243 0.078225
vn 0.572710 -0.813888 -0.097928
vn 0.497367 -0.828103 -0.258596
vn 0.216974 -0.961356 -0.169462
vn 0.133870 -0.967365 -0.215136
vn 0.040629 -0.971648 -0.232916
vn -0.106734 -0.972350 -0.207709
vn -0.134995 -0.975485 -0.173799
vn -0.176833 -0.971098 -0.160309
vn -0.255023 -0.966377 -0.032859
vn -0.273062 -0.960110 0.060220
vn -0.261403 -0.952827 0.154238
vn -0.221189 -0.945241 0.239991
vn -0.156359 -0.938092 0.309087
vn -0.073257 -0.932082 0.354761
vn 0.019985 -0.927801 0.372541
vn 0.169803 -0.922553 0.346503
vn 0.195526 -0.929261 0.313439
vn 0.235989 -0.923740 0.301686
vn 0.315636 -0.933072 0.172483
vn 0.333674 -0.939338 0.079403
vn 0.322016 -0.946621 -0.014614
vn 0.281805 -0.954208 -0.100368
vn 0.043282 -0.997346 0.058548
vn 0.038172 -0.997715 0.055739
vn 0.032439 -0.997979 0.054646
vn 0.019604 -0.998541 0.050320
vn 0.029955 -0.997059 0.070539
vn 0.015001 -0.998459 0.053425
vn 0.014260 -0.997655 0.066947
vn 0.013150 -0.997269 0.072670
vn 0.013868 -0.996821 0.078451
vn 0.016340 -0.996355 0.083724
vn 0.020326 -0.995916 0.087972
vn 0.025436 -0.995546 0.090781
vn 0.031169 -0.995283 0.091874
vn 0.044598 -0.994315 0.096689
vn 0.033115 -0.996619 0.075196
vn 0.048852 -0.994392 0.093803
vn 0.049348 -0.995607 0.079573
vn 0.050457 -0.995992 0.073850
vn 0.049740 -0.996440 0.068069
vn 0.047268 -0.996906 0.062796
vn -0.134788 -0.949717 0.282614
vn -0.061141 -0.944391 0.323089
vn 0.021488 -0.940596 0.338847
vn 0.148212 -0.940914 0.304489
vn 0.192550 -0.931335 0.309095
vn 0.204459 -0.941915 0.266445
vn 0.283494 -0.945268 0.161555
vn 0.299479 -0.950821 0.079070
vn 0.289149 -0.957275 -0.004249
vn 0.253514 -0.963998 -0.080245
vn 0.196059 -0.970333 -0.141477
vn 0.122413 -0.975658 -0.181951
vn 0.039783 -0.979453 -0.197708
vn -0.088449 -0.982891 -0.161559
vn -0.132441 -0.976504 -0.169998
vn -0.141162 -0.981952 -0.125873
vn -0.222224 -0.974782 -0.020418
vn -0.238209 -0.969229 0.062069
vn -0.227878 -0.962774 0.145388
vn -0.192242 -0.956051 0.221382
vn -0.306672 -0.816649 0.488914
vn -0.158246 -0.805917 0.570488
vn 0.008287 -0.798268 0.602245
vn 0.270991 -0.797562 0.538942
vn 0.341204 -0.779855 0.524791
vn 0.379884 -0.799493 0.465295
vn 0.536338 -0.807682 0.244933
vn 0.568554 -0.818874 0.078688
vn 0.547732 -0.831882 -0.089231
vn 0.475909 -0.845433 -0.242391
vn 0.360118 -0.858199 -0.365800
vn 0.211693 -0.868931 -0.447375
vn 0.045159 -0.876580 -0.479132
vn -0.221288 -0.883487 -0.412896
vn -0.289413 -0.867373 -0.404850
vn -0.322687 -0.881684 -0.344247
vn -0.482891 -0.867166 -0.121818
vn -0.515106 -0.855974 0.044425
vn -0.494284 -0.842967 0.212346
vn -0.422462 -0.829417 0.365505
vn -0.457675 -0.597501 0.658427
vn -0.245007 -0.582122 0.775310
vn -0.006397 -0.571163 0.820812
vn 0.375542 -0.568425 0.732025
vn 0.462046 -0.548026 0.697267
vn 0.525788 -0.571088 0.630401
vn 0.750196 -0.584652 0.308850
vn 0.796355 -0.600688 0.070655
vn 0.766521 -0.619327 -0.169942
vn 0.663613 -0.638743 -0.389390
vn 0.497707 -0.657034 -0.566211
vn 0.285041 -0.672412 -0.683091
vn 0.046432 -0.683371 -0.728594
vn -0.341358 -0.692073 -0.636012
vn -0.423661 -0.671072 -0.608419
vn -0.480509 -0.689603 -0.541810
vn -0.710161 -0.669881 -0.216633
vn -0.756321 -0.653845 0.021562
vn -0.726487 -0.635208 0.262161
vn -0.623579 -0.615795 0.481608
vn -0.567386 -0.302213 0.765989
vn -0.309981 -0.283600 0.907460
vn -0.021179 -0.270336 0.962533
vn 0.444885 -0.265056 0.855466
vn 0.539312 -0.251598 0.803643
vn 0.621967 -0.268200 0.735681
vn 0.894572 -0.286665 0.342875
vn 0.950442 -0.306074 0.054573
vn 0.914332 -0.328633 -0.236637
vn 0.789778 -0.352132 -0.502249
vn 0.588972 -0.374272 -0.716263
vn 0.331568 -0.392885 -0.857732
vn 0.042766 -0.406150 -0.912805
vn -0.430725 -0.414901 -0.801457
vn -0.518712 -0.399151 -0.756053
vn -0.594110 -0.411997 -0.690863
vn -0.872985 -0.389821 -0.293149
vn -0.928856 -0.370410 -0.004848
vn -0.892745 -0.347852 0.286365
vn -0.768191 -0.324353 0.551975
s 1
g pTorus2
usemtl initialShadingGroup
f 552/845/701 551/846/702 571/847/703 572/848/704
f 553/855/705 552/845/701 572/848/704 573/856/706
f 554/1281/707 553/1282/705 573/1283/706 574/1284/708
f 555/1289/709 554/1281/707 574/1284/708 575/1290/710
f 556/1295/711 555/1289/709 575/1290/710 576/1296/712
f 557/1300/713 556/1295/711 576/1296/712 577/1301/714
f 558/895/715 557/900/713 577/901/714 578/896/716
f 559/894/717 558/895/715 578/896/716 579/897/718
f 560/904/719 559/894/717 579/897/718 580/905/720
f 561/914/721 560/904/719 580/905/720 581/915/722
f 562/924/723 561/914/721 581/915/722 582/925/724
f 563/932/725 562/924/723 582/925/724 583/933/726
f 564/1306/727 563/1307/725 583/1308/726 584/1309/728
f 565/1314/729 564/1306/727 584/1309/728 585/1315/730
f 566/1320/731 565/1314/729 585/1315/730 586/1321/732
f 567/1325/733 566/1320/731 586/1321/732 587/1326/734
f 568/872/735 567/881/733 587/882/734 588/873/736
f 569/861/737 568/872/735 588/873/736 589/862/738
f 570/851/739 569/861/737 589/862/738 590/852/740
f 551/846/702 570/851/739 590/852/740 571/847/703
f 572/848/704 571/847/703 591/853/741 592/854/742
f 573/856/706 572/848/704 592/854/742 593/866/743
f 574/1284/708 573/1283/706 593/1287/743 594/1288/744
f 575/1290/710 574/1284/708 594/1288/744 595/1294/745
f 576/1296/712 575/1290/710 595/1294/745 596/1299/746
f 577/1301/714 576/1296/712 596/1299/746 597/1304/747
f 578/896/716 577/901/714 597/910/747 598/902/748
f 579/897/718 578/896/716 598/902/748 599/903/749
f 580/905/720 579/897/718 599/903/749 600/913/750
f 581/915/722 580/905/720 600/913/750 601/923/751
f 582/925/724 581/915/722 601/923/751 602/931/752
f 583/933/726 582/925/724 602/931/752 603/938/753
f 584/1309/728 583/1308/726 603/1312/753 604/1313/754
f 585/1315/730 584/1309/728 604/1313/754 605/1319/755
f 586/1321/732 585/1315/730 605/1319/755 606/1324/756
f 587/1326/734 586/1321/732 606/1324/756 607/1329/757
f 588/873/736 587/882/734 607/888/757 608/883/758
f 589/862/738 588/873/736 608/883/758 609/874/759
f 590/852/740 589/862/738 609/874/759 610/863/760
f 571/847/703 590/852/740 610/863/760 591/853/741
f 592/854/742 591/853/741 611/864/761 612/865/762
f 593/866/743 592/854/742 612/865/762 613/876/763
f 594/1067/744 593/1068/743 613/1049/763 614/1057/764
f 595/1079/745 594/1067/744 614/1057/764 615/1069/765
f 596/1090/746 595/1079/745 615/1069/765 616/1080/766
f 597/1105/747 596/1090/746 616/1080/766 617/1091/767
f 598/902/748 597/910/747 617/921/767 618/911/768
f 599/903/749 598/902/748 618/911/768 619/912/769
f 600/913/750 599/903/749 619/912/769 620/922/770
f 601/923/751 600/913/750 620/922/770 621/930/771
f 602/931/752 601/923/751 621/930/771 622/937/772
f 603/938/753 602/931/752 622/937/772 623/941/773
f 604/1120/754 603/1132/753 623/1121/773 624/1109/774
f 605/1108/755 604/1120/754 624/1109/774 625/1095/775
f 606/1094/756 605/1108/755 625/1095/775 626/1082/776
f 607/1093/757 606/1094/756 626/1082/776 627/1071/777
f 608/883/758 607/888/757 627/892/777 628/889/778
f 609/874/759 608/883/758 628/889/778 629/884/779
f 610/863/760 609/874/759 629/884/779 630/875/780
f 591/853/741 610/863/760 630/875/780 611/864/761
f 612/1041/762 611/1042/761 631/1043/781 632/1044/782
f 613/1049/763 612/1041/762 632/1044/782 633/1050/783
f 614/1057/764 613/1049/763 633/1050/783 634/1058/784
f 615/1069/765 614/1057/764 634/1058/784 635/1070/785
f 616/1080/766 615/1069/765 635/1070/785 636/1081/786
f 617/1091/767 616/1080/766 636/1081/786 637/1092/787
f 618/1106/768 617/1091/767 637/1092/787 638/1107/788
f 619/1118/769 618/1106/768 638/1107/788 639/1119/789
f 620/1130/770 619/1118/769 639/1119/789 640/1131/790
f 621/1144/771 620/1130/770 640/1131/790 641/1145/791
f 622/1133/772 621/1144/771 641/1145/791 642/1134/792
f 623/1121/773 622/1133/772 642/1134/792 643/1122/793
f 624/1109/774 623/1121/773 643/1122/793 644/1110/794
f 625/1095/775 624/1109/774 644/1110/794 645/1096/795
f 626/1082/776 625/1095/775 645/1096/795 646/1083/796
f 627/1071/777 626/1082/776 646/1083/796 647/1072/797
f 628/1059/778 627/1071/777 647/1072/797 648/1060/798
f 629/1051/779 628/1059/778 648/1060/798 649/1052/799
f 630/1045/780 629/1051/779 649/1052/799 650/1046/800
f 611/1042/761 630/1045/780 650/1046/800 631/1043/781
f 632/1044/782 631/1043/781 651/1047/801 652/1048/802
f 633/1050/783 632/1044/782 652/1048/802 653/1056/803
f 634/1058/784 633/1050/783 653/1056/803 654/1066/804
f 635/1070/785 634/1058/784 654/1066/804 655/1078/805
f 636/1081/786 635/1070/785 655/1078/805 656/1089/806
f 637/1092/787 636/1081/786 656/1089/806 657/1104/807
f 638/1107/788 637/1092/787 657/1104/807 658/1117/808
f 639/1119/789 638/1107/788 658/1117/808 659/1129/809
f 640/1131/790 639/1119/789 659/1129/809 660/1143/810
f 641/1145/791 640/1131/790 660/1143/810 661/1152/811
f 642/1134/792 641/1145/791 661/1152/811 662/1146/812
f 643/1122/793 642/1134/792 662/1146/812 663/1135/813
f 644/1110/794 643/1122/793 663/1135/813 664/1123/814
f 645/1096/795 644/1110/794 664/1123/814 665/1111/815
f 646/1083/796 645/1096/795 665/1111/815 666/1097/816
f 647/1072/797 646/1083/796 666/1097/816 667/1084/817
f 648/1060/798 647/1072/797 667/1084/817 668/1073/818
f 649/1052/799 648/1060/798 668/1073/818 669/1061/819
f 650/1046/800 649/1052/799 669/1061/819 670/1053/820
f 631/1043/781 650/1046/800 670/1053/820 651/1047/801
f 652/1048/802 651/1047/801 671/1054/821 672/1055/822
f 653/1056/803 652/1048/802 672/1055/822 673/1065/823
f 654/1066/804 653/1056/803 673/1065/823 674/1077/824
f 655/1078/805 654/1066/804 674/1077/824 675/1088/825
f 656/1089/806 655/1078/805 675/1088/825 676/1103/826
f 657/1104/807 656/1089/806 676/1103/826 677/1116/827
f 658/1117/808 657/1104/807 677/1116/827 678/1128/828
f 659/1129/809 658/1117/808 678/1128/828 679/1142/829
f 660/1143/810 659/1129/809 679/1142/829 680/1151/830
f 661/1152/811 660/1143/810 680/1151/830 681/1157/831
f 662/1146/812 661/1152/811 681/1157/831 682/1153/832
f 663/1135/813 662/1146/812 682/1153/832 683/1147/833
f 664/1123/814 663/1135/813 683/1147/833 684/1136/834
f 665/1111/815 664/1123/814 684/1136/834 685/1124/835
f 666/1097/816 665/1111/815 685/1124/835 686/1112/836
f 667/1084/817 666/1097/816 686/1112/836 687/1098/837
f 668/1073/818 667/1084/817 687/1098/837 688/1085/838
f 669/1061/819 668/1073/818 688/1085/838 689/1074/839
f 670/1053/820 669/1061/819 689/1074/839 690/1062/840
f 651/1047/801 670/1053/820 690/1062/840 671/1054/821
f 672/1055/822 671/1054/821 691/1063/841 692/1064/842
f 673/1065/823 672/1055/822 692/1064/842 693/1076/843
f 674/1077/824 673/1065/823 693/1076/843 694/1087/844
f 675/1088/825 674/1077/824 694/1087/844 695/1102/845
f 676/1103/826 675/1088/825 695/1102/845 696/1115/846
f 677/1116/827 676/1103/826 696/1115/846 697/1127/847
f 678/1128/828 677/1116/827 697/1127/847 698/1141/848
f 679/1142/829 678/1128/828 698/1141/848 699/1150/849
f 680/1151/830 679/1142/829 699/1150/849 700/1156/850
f 681/1157/831 680/1151/830 700/1156/850 701/1160/851
f 682/1153/832 681/1157/831 701/1160/851 702/1158/852
f 683/1147/833 682/1153/832 702/1158/852 703/1154/853
f 684/1136/834 683/1147/833 703/1154/853 704/1148/854
f 685/1124/835 684/1136/834 704/1148/854 705/1137/855
f 686/1112/836 685/1124/835 705/1137/855 706/1125/856
f 687/1098/837 686/1112/836 706/1125/856 707/1113/857
f 688/1085/838 687/1098/837 707/1113/857 708/1099/858
f 689/1074/839 688/1085/838 708/1099/858 709/1086/859
f 690/1062/840 689/1074/839 709/1086/859 710/1075/860
f 671/1054/821 690/1062/840 710/1075/860 691/1063/841
f 692/947/842 691/948/841 711/944/861 712/943/862
f 693/956/843 692/947/842 712/943/862 713/953/863
f 694/1087/844 693/1076/843 713/1100/863 714/1101/864
f 695/1102/845 694/1087/844 714/1101/864 715/1114/865
f 696/1115/846 695/1102/845 715/1114/865 716/1126/866
f 697/1127/847 696/1115/846 716/1126/866 717/1140/867
f 698/997/848 697/1004/847 717/998/867 718/993/868
f 699/996/849 698/997/848 718/993/868 719/992/869
f 700/1005/850 699/996/849 719/992/869 720/1002/870
f 701/1012/851 700/1005/850 720/1002/870 721/1010/871
f 702/1020/852 701/1012/851 721/1010/871 722/1018/872
f 703/1029/853 702/1020/852 722/1018/872 723/1027/873
f 704/1148/854 703/1154/853 723/1159/873 724/1155/874
f 705/1137/855 704/1148/854 724/1155/874 725/1149/875
f 706/1125/856 705/1137/855 725/1149/875 726/1138/876
f 707/1113/857 706/1125/856 726/1138/876 727/1139/877
f 708/971/858 707/980/857 727/972/877 728/964/878
f 709/963/859 708/971/858 728/964/878 729/957/879
f 710/955/860 709/963/859 729/957/879 730/949/880
f 691/948/841 710/955/860 730/949/880 711/944/861
f 712/943/862 711/944/861 731/945/881 732/946/882
f 713/953/863 712/943/862 732/946/882 733/954/883
f 714/1331/864 713/1332/863 733/1333/883 734/1334/884
f 715/1337/865 714/1331/864 734/1334/884 735/1338/885
f 716/1342/866 715/1337/865 735/1338/885 736/1343/886
f 717/1348/867 716/1342/866 736/1343/886 737/1349/887
f 718/993/868 717/998/867 737/999/887 738/994/888
f 719/992/869 718/993/868 738/994/888 739/995/889
f 720/1002/870 719/992/869 739/995/889 740/1003/890
f 721/1010/871 720/1002/870 740/1003/890 741/1011/891
f 722/1018/872 721/1010/871 741/1011/891 742/1019/892
f 723/1027/873 722/1018/872 742/1019/892 743/1028/893
f 724/1356/874 723/1357/873 743/1358/893 744/1359/894
f 725/1362/875 724/1356/874 744/1359/894 745/1363/895
f 726/1367/876 725/1362/875 745/1363/895 746/1368/896
f 727/1373/877 726/1367/876 746/1368/896 747/1374/897
f 728/964/878 727/972/877 747/973/897 748/965/898
f 729/957/879 728/964/878 748/965/898 749/958/899
f 730/949/880 729/957/879 749/958/899 750/950/900
f 711/944/861 730/949/880 750/950/900 731/945/881
f 732/946/882 731/945/881 751/951/901 752/952/902
f 733/954/883 732/946/882 752/952/902 753/962/903
f 734/1334/884 733/1333/883 753/1335/903 754/1336/904
f 735/1338/885 734/1334/884 754/1336/904 755/1341/905
f 736/1343/886 735/1338/885 755/1341/905 756/1347/906
f 737/1349/887 736/1343/886 756/1347/906 757/1352/907
f 738/994/888 737/999/887 757/1006/907 758/1000/908
f 739/995/889 738/994/888 758/1000/908 759/1001/909
f 740/1003/890 739/995/889 759/1001/909 760/1009/910
f 741/1011/891 740/1003/890 760/1009/910 761/1017/911
f 742/1019/892 741/1011/891 761/1017/911 762/1026/912
f 743/1028/893 742/1019/892 762/1026/912 763/1034/913
f 744/1359/894 743/1358/893 763/1360/913 764/1361/914
f 745/1363/895 744/1359/894 764/1361/914 765/1366/915
f 746/1368/896 745/1363/895 765/1366/915 766/1372/916
f 747/1374/897 746/1368/896 766/1372/916 767/1377/917
f 748/965/898 747/973/897 767/981/917 768/974/918
f 749/958/899 748/965/898 768/974/918 769/966/919
f 750/950/900 749/958/899 769/966/919 770/959/920
f 731/945/881 750/950/900 770/959/920 751/951/901
f 752/952/902 751/951/901 771/960/921 772/961/922
f 753/962/903 752/952/902 772/961/922 773/970/923
f 754/1336/904 753/1335/903 773/1339/923 774/1340/924
f 755/1341/905 754/1336/904 774/1340/924 775/1346/925
f 756/1347/906 755/1341/905 775/1346/925 776/1351/926
f 757/1352/907 756/1347/906 776/1351/926 777/1354/927
f 758/1000/908 757/1006/907 777/1013/927 778/1007/928
f 759/1001/909 758/1000/908 778/1007/928 779/1008/929
f 760/1009/910 759/1001/909 779/1008/929 780/1016/930
f 761/1017/911 760/1009/910 780/1016/930 781/1025/931
f 762/1026/912 761/1017/911 781/1025/931 782/1033/932
f 763/1034/913 762/1026/912 782/1033/932 783/1037/933
f 764/1361/914 763/1360/913 783/1364/933 784/1365/934
f 765/1366/915 764/1361/914 784/1365/934 785/1371/935
f 766/1372/916 765/1366/915 785/1371/935 786/1376/936
f 767/1377/917 766/1372/916 786/1376/936 787/1379/937
f 768/974/918 767/981/917 787/986/937 788/982/938
f 769/966/919 768/974/918 788/982/938 789/975/939
f 770/959/920 769/966/919 789/975/939 790/967/940
f 751/951/901 770/959/920 790/967/940 771/960/921
f 772/961/922 771/960/921 791/968/941 792/969/942
f 773/970/923 772/961/922 792/969/942 793/979/943
f 774/1340/924 773/1339/923 793/1344/943 794/1345/944
f 775/1346/925 774/1340/924 794/1345/944 795/1350/945
f 776/1351/926 775/1346/925 795/1350/945 796/1353/946
f 777/1354/927 776/1351/926 796/1353/946 797/1355/947
f 778/1007/928 777/1013/927 797/1021/947 798/1014/948
f 779/1008/929 778/1007/928 798/1014/948 799/1015/949
f 780/1016/930 779/1008/929 799/1015/949 800/1024/950
f 781/1025/931 780/1016/930 800/1024/950 801/1032/951
f 782/1033/932 781/1025/931 801/1032/951 802/1036/952
f 783/1037/933 782/1033/932 802/1036/952 803/1039/953
f 784/1365/934 783/1364/933 803/1369/953 804/1370/954
f 785/1371/935 784/1365/934 804/1370/954 805/1375/955
f 786/1376/936 785/1371/935 805/1375/955 806/1378/956
f 787/1379/937 786/1376/936 806/1378/956 807/1380/957
f 788/982/938 787/986/937 807/989/957 808/987/958
f 789/975/939 788/982/938 808/987/958 809/983/959
f 790/967/940 789/975/939 809/983/959 810/976/960
f 771/960/921 790/967/940 810/976/960 791/968/941
f 792/969/942 791/968/941 811/977/961 812/978/962
f 793/979/943 792/969/942 812/978/962 813/985/963
f 794/1187/944 793/1188/943 813/1169/963 814/1177/964
f 795/1199/945 794/1187/944 814/1177/964 815/1189/965
f 796/1210/946 795/1199/945 815/1189/965 816/1200/966
f 797/1225/947 796/1210/946 816/1200/966 817/1211/967
f 798/1014/948 797/1021/947 817/1030/967 818/1022/968
f 799/1015/949 798/1014/948 818/1022/968 819/1023/969
f 800/1024/950 799/1015/949 819/1023/969 820/1031/970
f 801/1032/951 800/1024/950 820/1031/970 821/1035/971
f 802/1036/952 801/1032/951 821/1035/971 822/1038/972
f 803/1039/953 802/1036/952 822/1038/972 823/1040/973
f 804/1240/954 803/1252/953 823/1241/973 824/1229/974
f 805/1228/955 804/1240/954 824/1229/974 825/1215/975
f 806/1214/956 805/1228/955 825/1215/975 826/1202/976
f 807/1213/957 806/1214/956 826/1202/976 827/1191/977
f 808/987/958 807/989/957 827/991/977 828/990/978
f 809/983/959 808/987/958 828/990/978 829/988/979
f 810/976/960 809/983/959 829/988/979 830/984/980
f 791/968/941 810/976/960 830/984/980 811/977/961
f 812/1161/962 811/1162/961 831/1163/981 832/1164/982
f 813/1169/963 812/1161/962 832/1164/982 833/1170/983
f 814/1177/964 813/1169/963 833/1170/983 834/1178/984
f 815/1189/965 814/1177/964 834/1178/984 835/1190/985
f 816/1200/966 815/1189/965 835/1190/985 836/1201/986
f 817/1211/967 816/1200/966 836/1201/986 837/1212/987
f 818/1226/968 817/1211/967 837/1212/987 838/1227/988
f 819/1238/969 818/1226/968 838/1227/988 839/1239/989
f 820/1250/970 819/1238/969 839/1239/989 840/1251/990
f 821/1264/971 820/1250/970 840/1251/990 841/1265/991
f 822/1253/972 821/1264/971 841/1265/991 842/1254/992
f 823/1241/973 822/1253/972 842/1254/992 843/1242/993
f 824/1229/974 823/1241/973 843/1242/993 844/1230/994
f 825/1215/975 824/1229/974 844/1230/994 845/1216/995
f 826/1202/976 825/1215/975 845/1216/995 846/1203/996
f 827/1191/977 826/1202/976 846/1203/996 847/1192/997
f 828/1179/978 827/1191/977 847/1192/997 848/1180/998
f 829/1171/979 828/1179/978 848/1180/998 849/1172/999
f 830/1165/980 829/1171/979 849/1172/999 850/1166/1000
f 811/1162/961 830/1165/980 850/1166/1000 831/1163/981
f 832/1164/982 831/1163/981 851/1167/1001 852/1168/1002
f 833/1170/983 832/1164/982 852/1168/1002 853/1176/1003
f 834/1178/984 833/1170/983 853/1176/1003 854/1186/1004
f 835/1190/985 834/1178/984 854/1186/1004 855/1198/1005
f 836/1201/986 835/1190/985 855/1198/1005 856/1209/1006
f 837/1212/987 836/1201/986 856/1209/1006 857/1224/1007
f 838/1227/988 837/1212/987 857/1224/1007 858/1237/1008
f 839/1239/989 838/1227/988 858/1237/1008 859/1249/1009
f 840/1251/990 839/1239/989 859/1249/1009 860/1263/1010
f 841/1265/991 840/1251/990 860/1263/1010 861/1272/1011
f 842/1254/992 841/1265/991 861/1272/1011 862/1266/1012
f 843/1242/993 842/1254/992 862/1266/1012 863/1255/1013
f 844/1230/994 843/1242/993 863/1255/1013 864/1243/1014
f 845/1216/995 844/1230/994 864/1243/1014 865/1231/1015
f 846/1203/996 845/1216/995 865/1231/1015 866/1217/1016
f 847/1192/997 846/1203/996 866/1217/1016 867/1204/1017
f 848/1180/998 847/1192/997 867/1204/1017 868/1193/1018
f 849/1172/999 848/1180/998 868/1193/1018 869/1181/1019
f 850/1166/1000 849/1172/999 869/1181/1019 870/1173/1020
f 831/1163/981 850/1166/1000 870/1173/1020 851/1167/1001
f 852/1168/1002 851/1167/1001 871/1174/1021 872/1175/1022
f 853/1176/1003 852/1168/1002 872/1175/1022 873/1185/1023
f 854/1186/1004 853/1176/1003 873/1185/1023 874/1197/1024
f 855/1198/1005 854/1186/1004 874/1197/1024 875/1208/1025
f 856/1209/1006 855/1198/1005 875/1208/1025 876/1223/1026
f 857/1224/1007 856/1209/1006 876/1223/1026 877/1236/1027
f 858/1237/1008 857/1224/1007 877/1236/1027 878/1248/1028
f 859/1249/1009 858/1237/1008 878/1248/1028 879/1262/1029
f 860/1263/1010 859/1249/1009 879/1262/1029 880/1271/1030
f 861/1272/1011 860/1263/1010 880/1271/1030 881/1277/1031
f 862/1266/1012 861/1272/1011 881/1277/1031 882/1273/1032
f 863/1255/1013 862/1266/1012 882/1273/1032 883/1267/1033
f 864/1243/1014 863/1255/1013 883/1267/1033 884/1256/1034
f 865/1231/1015 864/1243/1014 884/1256/1034 885/1244/1035
f 866/1217/1016 865/1231/1015 885/1244/1035 886/1232/1036
f 867/1204/1017 866/1217/1016 886/1232/1036 887/1218/1037
f 868/1193/1018 867/1204/1017 887/1218/1037 888/1205/1038
f 869/1181/1019 868/1193/1018 888/1205/1038 889/1194/1039
f 870/1173/1020 869/1181/1019 889/1194/1039 890/1182/1040
f 851/1167/1001 870/1173/1020 890/1182/1040 871/1174/1021
f 872/1175/1022 871/1174/1021 891/1183/1041 892/1184/1042
f 873/1185/1023 872/1175/1022 892/1184/1042 893/1196/1043
f 874/1197/1024 873/1185/1023 893/1196/1043 894/1207/1044
f 875/1208/1025 874/1197/1024 894/1207/1044 895/1222/1045
f 876/1223/1026 875/1208/1025 895/1222/1045 896/1235/1046
f 877/1236/1027 876/1223/1026 896/1235/1046 897/1247/1047
f 878/1248/1028 877/1236/1027 897/1247/1047 898/1261/1048
f 879/1262/1029 878/1248/1028 898/1261/1048 899/1270/1049
f 880/1271/1030 879/1262/1029 899/1270/1049 900/1276/1050
f 881/1277/1031 880/1271/1030 900/1276/1050 901/1280/1051
f 882/1273/1032 881/1277/1031 901/1280/1051 902/1278/1052
f 883/1267/1033 882/1273/1032 902/1278/1052 903/1274/1053
f 884/1256/1034 883/1267/1033 903/1274/1053 904/1268/1054
f 885/1244/1035 884/1256/1034 904/1268/1054 905/1257/1055
f 886/1232/1036 885/1244/1035 905/1257/1055 906/1245/1056
f 887/1218/1037 886/1232/1036 906/1245/1056 907/1233/1057
f 888/1205/1038 887/1218/1037 907/1233/1057 908/1219/1058
f 889/1194/1039 888/1205/1038 908/1219/1058 909/1206/1059
f 890/1182/1040 889/1194/1039 909/1206/1059 910/1195/1060
f 871/1174/1021 890/1182/1040 910/1195/1060 891/1183/1041
f 892/867/1042 891/868/1041 911/858/1061 912/857/1062
f 893/878/1043 892/867/1042 912/857/1062 913/870/1063
f 894/1207/1044 893/1196/1043 913/1220/1063 914/1221/1064
f 895/1222/1045 894/1207/1044 914/1221/1064 915/1234/1065
f 896/1235/1046 895/1222/1045 915/1234/1065 916/1246/1066
f 897/1247/1047 896/1235/1046 916/1246/1066 917/1260/1067
f 898/917/1048 897/926/1047 917/918/1067 918/907/1068
f 899/916/1049 898/917/1048 918/907/1068 919/906/1069
f 900/927/1050 899/916/1049 919/906/1069 920/919/1070
f 901/934/1051 900/927/1050 920/919/1070 921/928/1071
f 902/939/1052 901/934/1051 921/928/1071 922/935/1072
f 903/942/1053 902/939/1052 922/935/1072 923/940/1073
f 904/1268/1054 903/1274/1053 923/1279/1073 924/1275/1074
f 905/1257/1055 904/1268/1054 924/1275/1074 925/1269/1075
f 906/1245/1056 905/1257/1055 925/1269/1075 926/1258/1076
f 907/1233/1057 906/1245/1056 926/1258/1076 927/1259/1077
f 908/890/1058 907/893/1057 927/891/1077 928/886/1078
f 909/885/1059 908/890/1058 928/886/1078 929/879/1079
f 910/877/1060 909/885/1059 929/879/1079 930/869/1080
f 891/868/1041 910/877/1060 930/869/1080 911/858/1061
f 912/857/1062 911/858/1061 931/850/1081 932/849/1082
f 913/870/1063 912/857/1062 932/849/1082 933/860/1083
f 914/1291/1064 913/1292/1063 933/1286/1083 934/1285/1084
f 915/1297/1065 914/1291/1064 934/1285/1084 935/1293/1085
f 916/1302/1066 915/1297/1065 935/1293/1085 936/1298/1086
f 917/1305/1067 916/1302/1066 936/1298/1086 937/1303/1087
f 918/907/1068 917/918/1067 937/908/1087 938/899/1088
f 919/906/1069 918/907/1068 938/899/1088 939/898/1089
f 920/919/1070 919/906/1069 939/898/1089 940/909/1090
f 921/928/1071 920/919/1070 940/909/1090 941/920/1091
f 922/935/1072 921/928/1071 941/920/1091 942/929/1092
f 923/940/1073 922/935/1072 942/929/1092 943/936/1093
f 924/1316/1074 923/1317/1073 943/1311/1093 944/1310/1094
f 925/1322/1075 924/1316/1074 944/1310/1094 945/1318/1095
f 926/1327/1076 925/1322/1075 945/1318/1095 946/1323/1096
f 927/1330/1077 926/1327/1076 946/1323/1096 947/1328/1097
f 928/886/1078 927/891/1077 947/887/1097 948/880/1098
f 929/879/1079 928/886/1078 948/880/1098 949/871/1099
f 930/869/1080 929/879/1079 949/871/1099 950/859/1100
f 911/858/1061 930/869/1080 950/859/1100 931/850/1081
f 932/849/1082 931/850/1081 551/846/702 552/845/701
f 933/860/1083 932/849/1082 552/845/701 553/855/705
f 934/1285/1084 933/1286/1083 553/1282/705 554/1281/707
f 935/1293/1085 934/1285/1084 554/1281/707 555/1289/709
f 936/1298/1086 935/1293/1085 555/1289/709 556/1295/711
f 937/1303/1087 936/1298/1086 556/1295/711 557/1300/713
f 938/899/1088 937/908/1087 557/900/713 558/895/715
f 939/898/1089 938/899/1088 558/895/715 559/894/717
f 940/909/1090 939/898/1089 559/894/717 560/904/719
f 941/920/1091 940/909/1090 560/904/719 561/914/721
f 942/929/1092 941/920/1091 561/914/721 562/924/723
f 943/936/1093 942/929/1092 562/924/723 563/932/725
f 944/1310/1094 943/1311/1093 563/1307/725 564/1306/727
f 945/1318/1095 944/1310/1094 564/1306/727 565/1314/729
f 946/1323/1096 945/1318/1095 565/1314/729 566/1320/731
f 947/1328/1097 946/1323/1096 566/1320/731 567/1325/733
f 948/880/1098 947/887/1097 567/881/733 568/872/735
f 949/871/1099 948/880/1098 568/872/735 569/861/737
f 950/859/1100 949/871/1099 569/861/737 570/851/739
f 931/850/1081 950/859/1100 570/851/739 551/846/702
g default
v 3.540543 0.007351 -0.875212
v 3.524841 -0.016269 -0.877703
v 3.502761 -0.033823 -0.881565
v 3.476464 -0.043595 -0.886422
v 3.382599 -0.032933 -0.904803
v 3.288669 -0.020367 -0.923240
v 3.265541 -0.004482 -0.928074
v 3.248397 0.017924 -0.931901
v 3.238915 0.044659 -0.934348
v 3.238023 0.073104 -0.935174
v 3.245809 0.100476 -0.934298
v 3.261510 0.124095 -0.931807
v 3.283590 0.141650 -0.927945
v 3.309888 0.151421 -0.923088
v 3.403915 0.139648 -0.904650
v 3.497682 0.128193 -0.886270
v 3.520810 0.112308 -0.881436
v 3.537955 0.089902 -0.877609
v 3.547437 0.063168 -0.875162
v 3.548328 0.034723 -0.874336
v 3.542652 0.006766 -0.881065
v 3.526768 -0.017129 -0.883585
v 3.504431 -0.034888 -0.887493
v 3.477827 -0.044773 -0.892406
v 3.383637 -0.034124 -0.910849
v 3.289395 -0.021466 -0.929349
v 3.265997 -0.005396 -0.934239
v 3.248654 0.017271 -0.938111
v 3.239061 0.044316 -0.940586
v 3.238159 0.073093 -0.941421
v 3.246036 0.100783 -0.940536
v 3.261920 0.124677 -0.938016
v 3.284257 0.142436 -0.934108
v 3.310860 0.152322 -0.929195
v 3.405213 0.140561 -0.910694
v 3.499293 0.129015 -0.892252
v 3.522690 0.112945 -0.887362
v 3.540034 0.090278 -0.883490
v 3.549626 0.063233 -0.881015
v 3.550528 0.034456 -0.880179
v 3.546438 0.005345 -0.885961
v 3.530023 -0.019347 -0.888565
v 3.506940 -0.037699 -0.892603
v 3.479448 -0.047915 -0.897680
v 3.384313 -0.037300 -0.916305
v 3.289165 -0.024379 -0.934986
v 3.264986 -0.007772 -0.940040
v 3.247063 0.015652 -0.944041
v 3.237150 0.043600 -0.946599
v 3.236218 0.073338 -0.947462
v 3.244357 0.101953 -0.946547
v 3.260772 0.126645 -0.943943
v 3.283855 0.144997 -0.939904
v 3.311347 0.155213 -0.934827
v 3.406643 0.143487 -0.916145
v 3.501630 0.131677 -0.897521
v 3.525809 0.115070 -0.892468
v 3.543732 0.091646 -0.888466
v 3.553645 0.063698 -0.885909
v 3.554577 0.033960 -0.885045
v 3.551529 0.003228 -0.889420
v 3.534288 -0.022707 -0.892155
v 3.510043 -0.041983 -0.896397
v 3.481167 -0.052712 -0.901729
v 3.384563 -0.042152 -0.920638
v 3.288001 -0.028820 -0.939601
v 3.262605 -0.011378 -0.944909
v 3.243780 0.013226 -0.949111
v 3.233368 0.042581 -0.951798
v 3.232389 0.073815 -0.952705
v 3.240938 0.103871 -0.951743
v 3.258179 0.129806 -0.949008
v 3.282424 0.149082 -0.944767
v 3.311300 0.159812 -0.939434
v 3.408067 0.148140 -0.920469
v 3.504466 0.135919 -0.901562
v 3.529862 0.118477 -0.896255
v 3.548688 0.093874 -0.892052
v 3.559099 0.064518 -0.889366
v 3.560079 0.033284 -0.888459
v 3.557428 0.000622 -0.891104
v 3.539146 -0.026879 -0.894005
v 3.513437 -0.047319 -0.898502
v 3.482817 -0.058696 -0.904157
v 3.384360 -0.048205 -0.923422
v 3.286018 -0.034355 -0.942741
v 3.259088 -0.015859 -0.948369
v 3.239126 0.010230 -0.952826
v 3.228086 0.041358 -0.955674
v 3.227047 0.074479 -0.956636
v 3.236113 0.106349 -0.955616
v 3.254395 0.133851 -0.952716
v 3.280104 0.154290 -0.948218
v 3.310724 0.165668 -0.942564
v 3.409343 0.154064 -0.923242
v 3.507523 0.141326 -0.903980
v 3.534453 0.122830 -0.898352
v 3.554415 0.096742 -0.893895
v 3.565455 0.065613 -0.891047
v 3.566494 0.032493 -0.890085
v 3.563557 -0.002218 -0.890849
v 3.544121 -0.031455 -0.893932
v 3.516788 -0.053185 -0.898714
v 3.484236 -0.065281 -0.904725
v 3.383725 -0.054865 -0.924385
v 3.283410 -0.040441 -0.944099
v 3.254780 -0.020778 -0.950082
v 3.233558 0.006958 -0.954820
v 3.221820 0.040051 -0.957848
v 3.220716 0.075262 -0.958871
v 3.230354 0.109145 -0.957787
v 3.249790 0.138383 -0.954704
v 3.277123 0.160113 -0.949922
v 3.309675 0.172208 -0.943910
v 3.410348 0.160681 -0.924194
v 3.510501 0.147368 -0.904537
v 3.539131 0.127705 -0.898553
v 3.560353 0.099970 -0.893816
v 3.572091 0.066876 -0.890787
v 3.573195 0.031665 -0.889765
v 3.569315 -0.005014 -0.888678
v 3.548725 -0.035987 -0.891945
v 3.519770 -0.059007 -0.897010
v 3.485285 -0.071821 -0.903379
v 3.382720 -0.061482 -0.923433
v 3.280431 -0.046483 -0.943542
v 3.250102 -0.025653 -0.949880
v 3.227619 0.003730 -0.954900
v 3.215185 0.038788 -0.958108
v 3.214015 0.076090 -0.959191
v 3.224226 0.111985 -0.958043
v 3.244816 0.142959 -0.954776
v 3.273771 0.165979 -0.949711
v 3.308256 0.178793 -0.943342
v 3.410983 0.167341 -0.923231
v 3.513110 0.153455 -0.903179
v 3.543439 0.132624 -0.896840
v 3.565922 0.103241 -0.891821
v 3.578356 0.068183 -0.888613
v 3.579526 0.030881 -0.887530
v 3.574140 -0.007492 -0.884805
v 3.552509 -0.040031 -0.888237
v 3.522090 -0.064216 -0.893558
v 3.485861 -0.077678 -0.900249
v 3.381443 -0.067406 -0.920660
v 3.277374 -0.051890 -0.941124
v 3.245511 -0.030006 -0.947783
v 3.221892 0.000862 -0.953056
v 3.208829 0.037693 -0.956427
v 3.207600 0.076881 -0.957564
v 3.218327 0.114591 -0.956358
v 3.239958 0.147131 -0.952927
v 3.270377 0.171315 -0.947605
v 3.306606 0.184777 -0.940914
v 3.411186 0.173394 -0.920447
v 3.515093 0.158990 -0.900039
v 3.546956 0.137105 -0.893380
v 3.570575 0.106237 -0.888107
v 3.583638 0.069406 -0.884737
v 3.584867 0.030218 -0.883599
v 3.577559 -0.009410 -0.879608
v 3.555102 -0.043192 -0.883171
v 3.523521 -0.068300 -0.888696
v 3.485908 -0.082277 -0.895642
v 3.380020 -0.072059 -0.916336
v 3.274538 -0.056133 -0.937083
v 3.241458 -0.033413 -0.943997
v 3.216937 -0.001365 -0.949471
v 3.203375 0.036873 -0.952970
v 3.202099 0.077558 -0.954151
v 3.213235 0.116708 -0.952899
v 3.235693 0.150490 -0.949336
v 3.267274 0.175599 -0.943811
v 3.304887 0.189575 -0.936865
v 3.410937 0.178246 -0.916114
v 3.516257 0.163431 -0.895425
v 3.549337 0.140711 -0.888511
v 3.573858 0.108663 -0.883037
v 3.587420 0.070425 -0.879538
v 3.588696 0.029740 -0.878356
v 3.579238 -0.010580 -0.873597
v 3.556250 -0.045160 -0.877244
v 3.523923 -0.070861 -0.882900
v 3.485421 -0.085168 -0.890010
v 3.378590 -0.074985 -0.910885
v 3.272201 -0.058795 -0.931813
v 3.238339 -0.035538 -0.938890
v 3.213238 -0.002734 -0.944494
v 3.199356 0.036407 -0.948076
v 3.198050 0.078054 -0.949285
v 3.209450 0.118128 -0.948003
v 3.232438 0.152709 -0.944356
v 3.264765 0.178410 -0.938701
v 3.303266 0.192716 -0.931590
v 3.410260 0.181422 -0.910658
v 3.516487 0.166343 -0.889787
v 3.550348 0.143087 -0.882710
v 3.575449 0.110282 -0.877107
v 3.589332 0.071141 -0.873525
v 3.590637 0.029495 -0.872316
v 3.579011 -0.010887 -0.867360
v 3.555840 -0.045743 -0.871036
v 3.523256 -0.071648 -0.876736
v 3.484449 -0.086068 -0.883903
v 3.377292 -0.075898 -0.904841
v 3.270590 -0.059616 -0.925832
v 3.236459 -0.036175 -0.932965
v 3.211159 -0.003109 -0.938613
v 3.197166 0.036343 -0.942223
v 3.195850 0.078320 -0.943442
v 3.207340 0.118714 -0.942150
v 3.230511 0.153569 -0.938474
v 3.263095 0.179475 -0.932774
v 3.301903 0.193895 -0.925607
v 3.409222 0.182613 -0.904612
v 3.515761 0.167443 -0.883678
v 3.549892 0.144001 -0.876545
v 3.575192 0.110936 -0.870897
v 3.589185 0.071484 -0.867287
v 3.590501 0.029506 -0.866068
v 3.576902 -0.010302 -0.861507
v 3.553914 -0.044882 -0.865154
v 3.521587 -0.070584 -0.870809
v 3.483085 -0.084890 -0.877920
v 3.376254 -0.074708 -0.898795
v 3.269865 -0.058517 -0.919723
v 3.236003 -0.035260 -0.926800
v 3.210902 -0.002456 -0.932403
v 3.197020 0.036685 -0.935985
v 3.195714 0.078331 -0.937194
v 3.207114 0.118406 -0.935913
v 3.230102 0.152987 -0.932266
v 3.262429 0.178688 -0.926610
v 3.300930 0.192994 -0.919500
v 3.407924 0.181700 -0.898568
v 3.514151 0.166621 -0.877697
v 3.548012 0.143365 -0.870620
v 3.573113 0.110560 -0.865016
v 3.586995 0.071419 -0.861434
v 3.588301 0.029773 -0.860225
v 3.573116 -0.008881 -0.856611
v 3.550658 -0.042664 -0.860174
v 3.519077 -0.067772 -0.865699
v 3.481465 -0.081748 -0.872645
v 3.375577 -0.071531 -0.893339
v 3.270095 -0.055604 -0.914085
v 3.237015 -0.032884 -0.920999
v 3.212493 -0.000837 -0.926473
v 3.198931 0.037401 -0.929972
v 3.197656 0.078086 -0.931154
v 3.208792 0.117236 -0.929902
v 3.231250 0.151019 -0.926339
v 3.262831 0.176127 -0.920814
v 3.300443 0.190103 -0.913868
v 3.406493 0.178774 -0.893117
v 3.511813 0.163959 -0.872427
v 3.544893 0.141239 -0.865514
v 3.569415 0.109192 -0.860039
v 3.582977 0.070954 -0.856540
v 3.584252 0.030269 -0.855359
v 3.568025 -0.006764 -0.853152
v 3.546393 -0.039304 -0.856583
v 3.515974 -0.063488 -0.861905
v 3.479745 -0.076950 -0.868596
v 3.375328 -0.066679 -0.889007
v 3.271259 -0.051163 -0.909471
v 3.239395 -0.029279 -0.916130
v 3.215776 0.001589 -0.921403
v 3.202713 0.038420 -0.924773
v 3.201484 0.077609 -0.925911
v 3.212211 0.115318 -0.924705
v 3.233843 0.147858 -0.921273
v 3.264261 0.172042 -0.915952
v 3.300490 0.185504 -0.909261
v 3.405070 0.174121 -0.888793
v 3.508977 0.159717 -0.868386
v 3.540840 0.137833 -0.861727
v 3.564459 0.106964 -0.856454
v 3.577523 0.070133 -0.853083
v 3.578751 0.030945 -0.851946
v 3.562126 -0.004159 -0.851467
v 3.541536 -0.035132 -0.854734
v 3.512581 -0.058152 -0.859799
v 3.478095 -0.070966 -0.866168
v 3.375530 -0.060627 -0.886223
v 3.273242 -0.045628 -0.906331
v 3.242912 -0.024798 -0.912670
v 3.220430 0.004585 -0.917689
v 3.207995 0.039643 -0.920897
v 3.206826 0.076945 -0.921980
v 3.217036 0.112840 -0.920832
v 3.237626 0.143814 -0.917565
v 3.266581 0.166834 -0.912500
v 3.301067 0.179648 -0.906131
v 3.403793 0.168196 -0.886020
v 3.505920 0.154310 -0.865968
v 3.536250 0.133479 -0.859630
v 3.558732 0.104096 -0.854611
v 3.571167 0.069038 -0.851402
v 3.572336 0.031736 -0.850319
v 3.555997 -0.001319 -0.851723
v 3.536561 -0.030556 -0.854806
v 3.509229 -0.052286 -0.859588
v 3.476676 -0.064382 -0.865600
v 3.376165 -0.053966 -0.885259
v 3.275850 -0.039542 -0.904973
v 3.247220 -0.019879 -0.910957
v 3.225998 0.007857 -0.915694
v 3.214261 0.040950 -0.918723
v 3.213157 0.076162 -0.919745
v 3.222795 0.110044 -0.918661
v 3.242231 0.139282 -0.915578
v 3.269563 0.161012 -0.910796
v 3.302115 0.173107 -0.904785
v 3.402788 0.161580 -0.885068
v 3.502942 0.148268 -0.865411
v 3.531571 0.128604 -0.859428
v 3.552794 0.100869 -0.854690
v 3.564531 0.067775 -0.851662
v 3.565635 0.032564 -0.850639
v 3.550238 0.001477 -0.853894
v 3.531956 -0.026024 -0.856794
v 3.506247 -0.046464 -0.861292
v 3.475628 -0.057841 -0.866946
v 3.377170 -0.047350 -0.886211
v 3.278828 -0.033500 -0.905530
v 3.251899 -0.015004 -0.911158
v 3.231937 0.011085 -0.915615
v 3.220896 0.042213 -0.918463
v 3.219858 0.075334 -0.919425
v 3.228923 0.107204 -0.918406
v 3.247206 0.134706 -0.915505
v 3.272915 0.155145 -0.911008
v 3.303534 0.166523 -0.905353
v 3.402153 0.154920 -0.886032
v 3.500333 0.142181 -0.866769
v 3.527263 0.123685 -0.861141
v 3.547225 0.097597 -0.856684
v 3.558266 0.066469 -0.853836
v 3.559304 0.033348 -0.852874
v 3.545413 0.003955 -0.857767
v 3.528172 -0.021980 -0.860502
v 3.503927 -0.041255 -0.864744
v 3.475052 -0.051985 -0.870076
v 3.378447 -0.041425 -0.888984
v 3.281885 -0.028093 -0.907948
v 3.256489 -0.010650 -0.913255
v 3.237664 0.013953 -0.917458
v 3.227252 0.043308 -0.920144
v 3.226273 0.074543 -0.921051
v 3.234822 0.104598 -0.920090
v 3.252063 0.130534 -0.917355
v 3.276308 0.149809 -0.913113
v 3.305184 0.160539 -0.907781
v 3.401951 0.148867 -0.888816
v 3.498350 0.136646 -0.869909
v 3.523746 0.119204 -0.864601
v 3.542572 0.094601 -0.860399
v 3.552983 0.065246 -0.857712
v 3.553963 0.034011 -0.856805
v 3.541994 0.005873 -0.862963
v 3.525579 -0.018819 -0.865567
v 3.502496 -0.037171 -0.869606
v 3.475005 -0.047386 -0.874683
v 3.379870 -0.036772 -0.893308
v 3.284721 -0.023850 -0.911989
v 3.260542 -0.007244 -0.917042
v 3.242619 0.016180 -0.921044
v 3.232706 0.044129 -0.923601
v 3.231774 0.073866 -0.924465
v 3.239914 0.102482 -0.923549
v 3.256329 0.127174 -0.920945
v 3.279412 0.145526 -0.916907
v 3.306903 0.155741 -0.911830
v 3.402200 0.144015 -0.893148
v 3.497187 0.132205 -0.874524
v 3.521366 0.115599 -0.869470
v 3.539289 0.092175 -0.865469
v 3.549202 0.064226 -0.862911
v 3.550134 0.034489 -0.862048
v 3.540316 0.007043 -0.868974
v 3.524432 -0.016851 -0.871494
v 3.502095 -0.034610 -0.875402
v 3.475491 -0.044495 -0.880315
v 3.381301 -0.033846 -0.898759
v 3.287059 -0.021188 -0.917258
v 3.263661 -0.005118 -0.922148
v 3.246318 0.017549 -0.926020
v 3.236725 0.044594 -0.928495
v 3.235823 0.073370 -0.929331
v 3.243699 0.101061 -0.928445
v 3.259584 0.124955 -0.925925
v 3.281921 0.142714 -0.922017
v 3.308524 0.152599 -0.917104
v 3.402877 0.140838 -0.898604
v 3.496956 0.129293 -0.880161
v 3.520354 0.113223 -0.875271
v 3.537698 0.090556 -0.871399
v 3.547290 0.063510 -0.868924
v 3.548192 0.034734 -0.868089
vt 0.279757 0.356669
vt 0.279757 0.341501
vt 0.283757 0.341697
vt 0.283757 0.357041
vt 0.275758 0.357041
vt 0.275758 0.341697
vt 0.279757 0.324687
vt 0.283757 0.324687
vt 0.287365 0.342265
vt 0.287365 0.358122
vt 0.279757 0.368707
vt 0.283757 0.369219
vt 0.272150 0.358122
vt 0.272150 0.342265
vt 0.275758 0.324687
vt 0.275758 0.369219
vt 0.279757 0.307873
vt 0.283757 0.307677
vt 0.287365 0.324687
vt 0.290228 0.343150
vt 0.290228 0.359805
vt 0.287365 0.370706
vt 0.269287 0.359805
vt 0.269287 0.343150
vt 0.272150 0.324687
vt 0.272150 0.370706
vt 0.275758 0.307677
vt 0.279757 0.292705
vt 0.283757 0.292333
vt 0.287365 0.307109
vt 0.290228 0.324687
vt 0.290228 0.373023
vt 0.269287 0.324687
vt 0.269287 0.373023
vt 0.272150 0.307109
vt 0.275758 0.292333
vt 0.279757 0.280667
vt 0.283757 0.280155
vt 0.287365 0.291252
vt 0.290228 0.306224
vt 0.269287 0.306224
vt 0.272150 0.291252
vt 0.275758 0.280155
vt 0.287365 0.278668
vt 0.290228 0.289569
vt 0.269287 0.289569
vt 0.272150 0.278668
vt 0.290228 0.276351
vt 0.269287 0.276351
vt 0.256656 0.307873
vt 0.256656 0.292705
vt 0.260655 0.292333
vt 0.260655 0.307677
vt 0.252656 0.307677
vt 0.252656 0.292333
vt 0.256656 0.280667
vt 0.260655 0.280155
vt 0.264263 0.291252
vt 0.264263 0.307109
vt 0.256656 0.324687
vt 0.260655 0.324687
vt 0.249048 0.307109
vt 0.249048 0.291252
vt 0.252656 0.280155
vt 0.252656 0.324687
vt 0.264263 0.278668
vt 0.267126 0.289569
vt 0.267126 0.306224
vt 0.264263 0.324687
vt 0.256656 0.341501
vt 0.260655 0.341697
vt 0.246185 0.306224
vt 0.246185 0.289569
vt 0.249048 0.278668
vt 0.249048 0.324687
vt 0.252656 0.341697
vt 0.267126 0.276351
vt 0.267126 0.324687
vt 0.264263 0.342265
vt 0.256656 0.356669
vt 0.260655 0.357041
vt 0.246185 0.276351
vt 0.246185 0.324687
vt 0.249048 0.342265
vt 0.252656 0.357041
vt 0.267126 0.343150
vt 0.264263 0.358122
vt 0.256656 0.368707
vt 0.260655 0.369219
vt 0.246185 0.343150
vt 0.249048 0.358122
vt 0.252656 0.369219
vt 0.267126 0.359805
vt 0.264263 0.370706
vt 0.246185 0.359805
vt 0.249048 0.370706
vt 0.267126 0.373023
vt 0.246185 0.373023
vt 0.333568 0.295568
vt 0.333568 0.317263
vt 0.329961 0.316695
vt 0.329961 0.294488
vt 0.336432 0.297251
vt 0.336432 0.318148
vt 0.333568 0.341312
vt 0.329961 0.341312
vt 0.325961 0.316499
vt 0.325961 0.294115
vt 0.333568 0.278351
vt 0.329961 0.276864
vt 0.336432 0.341312
vt 0.336432 0.280667
vt 0.333568 0.365361
vt 0.329961 0.365929
vt 0.325961 0.341312
vt 0.321962 0.316695
vt 0.321962 0.294488
vt 0.325961 0.276351
vt 0.336432 0.364476
vt 0.333568 0.387056
vt 0.329961 0.388136
vt 0.325961 0.366125
vt 0.321962 0.341312
vt 0.318354 0.317263
vt 0.318354 0.295568
vt 0.321962 0.276864
vt 0.336432 0.385373
vt 0.333568 0.404273
vt 0.329961 0.405760
vt 0.325961 0.388509
vt 0.321962 0.365929
vt 0.318354 0.341312
vt 0.315491 0.318148
vt 0.315491 0.297251
vt 0.318354 0.278351
vt 0.336432 0.401957
vt 0.325961 0.406273
vt 0.321962 0.388136
vt 0.318354 0.365361
vt 0.315491 0.341312
vt 0.315491 0.280667
vt 0.321962 0.405760
vt 0.318354 0.387056
vt 0.315491 0.364476
vt 0.318354 0.404273
vt 0.315491 0.385373
vt 0.315491 0.401957
vt 0.310467 0.365361
vt 0.310467 0.387056
vt 0.306859 0.388136
vt 0.306859 0.365929
vt 0.313330 0.364476
vt 0.313330 0.385373
vt 0.310467 0.404273
vt 0.306859 0.405760
vt 0.302859 0.388509
vt 0.302859 0.366125
vt 0.310467 0.341312
vt 0.306859 0.341312
vt 0.313330 0.401957
vt 0.313330 0.341312
vt 0.302859 0.406273
vt 0.298860 0.388136
vt 0.298860 0.365929
vt 0.302859 0.341312
vt 0.310467 0.317263
vt 0.306859 0.316695
vt 0.313330 0.318148
vt 0.298860 0.405760
vt 0.295252 0.387056
vt 0.295252 0.365361
vt 0.298860 0.341312
vt 0.302859 0.316499
vt 0.310467 0.295568
vt 0.306859 0.294488
vt 0.313330 0.297251
vt 0.295252 0.404273
vt 0.292389 0.385373
vt 0.292389 0.364476
vt 0.295252 0.341312
vt 0.298860 0.316695
vt 0.302859 0.294115
vt 0.310467 0.278351
vt 0.306859 0.276864
vt 0.313330 0.280667
vt 0.292389 0.401957
vt 0.292389 0.341312
vt 0.295252 0.317263
vt 0.298860 0.294488
vt 0.302859 0.276351
vt 0.292389 0.318148
vt 0.295252 0.295568
vt 0.298860 0.276864
vt 0.292389 0.297251
vt 0.295252 0.278351
vt 0.292389 0.280667
vt 0.130603 0.070013
vt 0.113948 0.061527
vt 0.115063 0.058096
vt 0.132724 0.067094
vt 0.095485 0.058603
vt 0.095485 0.054995
vt 0.116299 0.054292
vt 0.135075 0.063859
vt 0.143821 0.083231
vt 0.146740 0.081110
vt 0.077023 0.061527
vt 0.075908 0.058096
vt 0.095485 0.050995
vt 0.117534 0.050488
vt 0.137425 0.060623
vt 0.149975 0.078759
vt 0.152307 0.099886
vt 0.155738 0.098771
vt 0.060367 0.070013
vt 0.058247 0.067094
vt 0.074672 0.054292
vt 0.095485 0.046996
vt 0.118649 0.047057
vt 0.139546 0.057704
vt 0.153211 0.076409
vt 0.159542 0.097535
vt 0.149584 0.100771
vt 0.141504 0.084914
vt 0.153131 0.159076
vt 0.156739 0.159076
vt 0.047149 0.083231
vt 0.044231 0.081110
vt 0.055896 0.063859
vt 0.073436 0.050488
vt 0.095485 0.043388
vt 0.156130 0.074288
vt 0.163346 0.096300
vt 0.160739 0.159076
vt 0.150268 0.159076
vt 0.152307 0.218447
vt 0.155738 0.219562
vt 0.038663 0.099886
vt 0.035232 0.098771
vt 0.040995 0.078759
vt 0.053545 0.060623
vt 0.072321 0.047057
vt 0.166777 0.095185
vt 0.164738 0.159076
vt 0.159542 0.220798
vt 0.149584 0.217563
vt 0.143821 0.235103
vt 0.146740 0.237223
vt 0.049466 0.084914
vt 0.041386 0.100771
vt 0.038487 0.159076
vt 0.034879 0.159076
vt 0.031428 0.097535
vt 0.037759 0.076409
vt 0.051424 0.057704
vt 0.158446 0.072605
vt 0.169500 0.094300
vt 0.168346 0.159076
vt 0.163346 0.222034
vt 0.149975 0.239574
vt 0.141504 0.233420
vt 0.130603 0.248320
vt 0.132724 0.251239
vt 0.041350 0.159076
vt 0.038663 0.218447
vt 0.035232 0.219562
vt 0.030880 0.159076
vt 0.027624 0.096300
vt 0.034841 0.074288
vt 0.171209 0.159076
vt 0.166777 0.223149
vt 0.153211 0.241925
vt 0.135075 0.254475
vt 0.113948 0.256807
vt 0.115063 0.260238
vt 0.041386 0.217563
vt 0.047149 0.235103
vt 0.044231 0.237223
vt 0.031428 0.220798
vt 0.026880 0.159076
vt 0.024193 0.095185
vt 0.169500 0.224034
vt 0.156130 0.244046
vt 0.137425 0.257710
vt 0.116299 0.264042
vt 0.095485 0.259731
vt 0.095485 0.263339
vt 0.049466 0.233420
vt 0.060367 0.248320
vt 0.058247 0.251239
vt 0.040995 0.239574
vt 0.027624 0.222034
vt 0.023272 0.159076
vt 0.021470 0.094300
vt 0.032524 0.072605
vt 0.158446 0.245729
vt 0.139546 0.260629
vt 0.117534 0.267845
vt 0.095485 0.267338
vt 0.077023 0.256807
vt 0.075908 0.260238
vt 0.055896 0.254475
vt 0.037759 0.241925
vt 0.024193 0.223149
vt 0.020409 0.159076
vt 0.118649 0.271277
vt 0.095485 0.271338
vt 0.074672 0.264042
vt 0.053545 0.257710
vt 0.034841 0.244046
vt 0.021470 0.224034
vt 0.095485 0.274946
vt 0.073436 0.267845
vt 0.051424 0.260629
vt 0.032524 0.245729
vt 0.072321 0.271277
vt 0.205202 0.057704
vt 0.226099 0.047057
vt 0.227214 0.050488
vt 0.207323 0.060623
vt 0.249263 0.043388
vt 0.249263 0.046996
vt 0.228450 0.054292
vt 0.209674 0.063859
vt 0.188619 0.074288
vt 0.191538 0.076409
vt 0.272427 0.047057
vt 0.271313 0.050488
vt 0.249263 0.050995
vt 0.229686 0.058095
vt 0.212025 0.067094
vt 0.194773 0.078759
vt 0.177971 0.095185
vt 0.181403 0.096300
vt 0.293324 0.057704
vt 0.291203 0.060623
vt 0.270077 0.054292
vt 0.249263 0.054995
vt 0.230801 0.061527
vt 0.214145 0.070013
vt 0.198009 0.081110
vt 0.185206 0.097536
vt 0.175248 0.094300
vt 0.186302 0.072605
vt 0.176403 0.159076
vt 0.180010 0.159076
vt 0.309908 0.074288
vt 0.306989 0.076409
vt 0.288853 0.063859
vt 0.268841 0.058095
vt 0.249263 0.058603
vt 0.200928 0.083231
vt 0.189010 0.098771
vt 0.184010 0.159076
vt 0.173539 0.159076
vt 0.177971 0.223149
vt 0.181403 0.222034
vt 0.320555 0.095185
vt 0.317124 0.096300
vt 0.303753 0.078759
vt 0.286502 0.067094
vt 0.267726 0.061527
vt 0.192441 0.099886
vt 0.188009 0.159076
vt 0.185206 0.220798
vt 0.175248 0.224034
vt 0.188619 0.244046
vt 0.191538 0.241925
vt 0.312224 0.072605
vt 0.323278 0.094300
vt 0.321476 0.159076
vt 0.317868 0.159076
vt 0.313320 0.097536
vt 0.300518 0.081110
vt 0.284381 0.070013
vt 0.203244 0.084914
vt 0.195164 0.100771
vt 0.191617 0.159076
vt 0.189010 0.219562
vt 0.194773 0.239574
vt 0.186302 0.245729
vt 0.205202 0.260629
vt 0.207323 0.257710
vt 0.324340 0.159076
vt 0.320555 0.223149
vt 0.317124 0.222034
vt 0.313869 0.159076
vt 0.309517 0.098771
vt 0.297599 0.083231
vt 0.194480 0.159076
vt 0.192441 0.218447
vt 0.198009 0.237223
vt 0.209674 0.254475
vt 0.226099 0.271277
vt 0.227214 0.267845
vt 0.323278 0.224034
vt 0.309908 0.244046
vt 0.306989 0.241925
vt 0.313320 0.220798
vt 0.309870 0.159076
vt 0.306085 0.099886
vt 0.195164 0.217563
vt 0.200928 0.235103
vt 0.212025 0.251239
vt 0.228450 0.264042
vt 0.249263 0.274946
vt 0.249263 0.271338
vt 0.312224 0.245729
vt 0.293324 0.260629
vt 0.291203 0.257710
vt 0.303753 0.239574
vt 0.309517 0.219562
vt 0.306262 0.159076
vt 0.303362 0.100771
vt 0.295283 0.084914
vt 0.203244 0.233420
vt 0.214145 0.248320
vt 0.229686 0.260238
vt 0.249263 0.267338
vt 0.272428 0.271277
vt 0.271313 0.267845
vt 0.288853 0.254475
vt 0.300518 0.237223
vt 0.306085 0.218447
vt 0.303398 0.159076
vt 0.230801 0.256807
vt 0.249263 0.263339
vt 0.270077 0.264042
vt 0.286502 0.251239
vt 0.297599 0.235103
vt 0.303362 0.217563
vt 0.249263 0.259731
vt 0.268841 0.260238
vt 0.284381 0.248320
vt 0.295283 0.233420
vt 0.267726 0.256807
vt 0.363575 0.237444
vt 0.363575 0.222276
vt 0.367574 0.221904
vt 0.367574 0.237248
vt 0.359576 0.237248
vt 0.359576 0.221904
vt 0.371182 0.220823
vt 0.371182 0.236680
vt 0.363575 0.294986
vt 0.367574 0.294986
vt 0.355968 0.236680
vt 0.355968 0.220823
vt 0.359576 0.294986
vt 0.371182 0.294986
vt 0.363575 0.352708
vt 0.367574 0.352904
vt 0.355968 0.294986
vt 0.359576 0.352904
vt 0.371182 0.353472
vt 0.363575 0.367876
vt 0.367574 0.368248
vt 0.355968 0.353472
vt 0.359576 0.368248
vt 0.371182 0.369329
vt 0.355968 0.369329
vt 0.346200 0.352708
vt 0.346200 0.367876
vt 0.342200 0.368248
vt 0.342200 0.352904
vt 0.350199 0.352904
vt 0.350199 0.368248
vt 0.338592 0.369329
vt 0.338592 0.353472
vt 0.346200 0.294986
vt 0.342200 0.294986
vt 0.353807 0.353472
vt 0.353807 0.369329
vt 0.350199 0.294986
vt 0.338592 0.294986
vt 0.346200 0.237444
vt 0.342200 0.237248
vt 0.353807 0.294986
vt 0.350199 0.237248
vt 0.338592 0.236680
vt 0.346200 0.222276
vt 0.342200 0.221904
vt 0.353807 0.236680
vt 0.350199 0.221904
vt 0.338592 0.220823
vt 0.353807 0.220823
vt 0.326601 0.066536
vt 0.326601 0.044841
vt 0.330209 0.043760
vt 0.330209 0.065968
vt 0.334208 0.043388
vt 0.334208 0.065772
vt 0.326601 0.131312
vt 0.330209 0.131312
vt 0.338208 0.043760
vt 0.338208 0.065968
vt 0.334208 0.131312
vt 0.326601 0.196270
vt 0.330209 0.196838
vt 0.341816 0.044841
vt 0.341816 0.066536
vt 0.338208 0.131312
vt 0.334208 0.197033
vt 0.326601 0.217965
vt 0.330209 0.219045
vt 0.341816 0.131312
vt 0.338208 0.196838
vt 0.334208 0.219417
vt 0.341816 0.196270
vt 0.338208 0.219045
vt 0.341816 0.217965
vt 0.359661 0.196270
vt 0.359661 0.217965
vt 0.356053 0.219045
vt 0.356053 0.196838
vt 0.352054 0.219417
vt 0.352054 0.197033
vt 0.359661 0.131312
vt 0.356053 0.131312
vt 0.348055 0.219045
vt 0.348055 0.196838
vt 0.352054 0.131312
vt 0.359661 0.066536
vt 0.356053 0.065968
vt 0.344447 0.217965
vt 0.344447 0.196270
vt 0.348055 0.131312
vt 0.352054 0.065772
vt 0.359661 0.044841
vt 0.356053 0.043760
vt 0.344447 0.131312
vt 0.348055 0.065968
vt 0.352054 0.043388
vt 0.344447 0.066536
vt 0.348055 0.043760
vt 0.344447 0.044841
vn -0.716066 0.680833 -0.153999
vn -0.888610 0.421279 -0.181373
vn -0.771532 0.388631 -0.503691
vn -0.609225 0.632785 -0.477941
vn -0.473429 0.873740 -0.111551
vn -0.380984 0.814246 -0.438013
vn 0.012010 0.999714 -0.020653
vn 0.074893 0.932095 -0.354387
vn 0.122583 0.992458 0.000879
vn 0.177838 0.930582 -0.319987
vn 0.231330 0.972619 0.022346
vn 0.283186 0.906365 -0.313540
vn 0.671774 0.732091 0.112973
vn 0.696272 0.681000 -0.226812
vn 0.860171 0.485871 0.155032
vn 0.873491 0.449389 -0.187248
vn 0.964369 0.192090 0.181916
vn 0.971507 0.173039 -0.161960
vn 0.974168 -0.120493 0.190992
vn 0.980725 -0.120998 -0.153422
vn 0.888609 -0.421282 0.181373
vn 0.900242 -0.403940 -0.162471
vn 0.716065 -0.680834 0.153998
vn 0.737936 -0.648092 -0.188221
vn 0.473430 -0.873740 0.111550
vn 0.509696 -0.829552 -0.228151
vn -0.020994 -0.999601 0.018912
vn 0.046100 -0.947347 -0.316872
vn -0.122583 -0.992458 -0.000881
vn -0.054063 -0.945600 -0.320809
vn -0.223098 -0.974576 -0.020713
vn -0.146115 -0.923543 -0.354569
vn -0.671772 -0.732092 -0.112977
vn -0.567560 -0.696309 -0.439351
vn -0.860171 -0.485871 -0.155034
vn -0.744781 -0.464698 -0.478913
vn -0.964370 -0.192088 -0.181916
vn -0.842797 -0.188345 -0.504202
vn -0.974168 0.120493 -0.190992
vn -0.852014 0.105690 -0.512740
vn -0.571262 0.313217 -0.758654
vn -0.437165 0.514936 -0.737379
vn -0.248592 0.664860 -0.704388
vn 0.125759 0.760351 -0.637222
vn 0.213022 0.771039 -0.600100
vn 0.302481 0.738529 -0.602562
vn 0.641437 0.554773 -0.529892
vn 0.787855 0.363415 -0.497206
vn 0.868836 0.135095 -0.476312
vn 0.876451 -0.107839 -0.469259
vn 0.809957 -0.341606 -0.476734
vn 0.675860 -0.543324 -0.498009
vn 0.487288 -0.693247 -0.530998
vn 0.107301 -0.788651 -0.605406
vn 0.018804 -0.799538 -0.600322
vn -0.056408 -0.768368 -0.637518
vn -0.402742 -0.583162 -0.705494
vn -0.549161 -0.391803 -0.738182
vn -0.630141 -0.163482 -0.759076
vn -0.637755 0.079451 -0.766131
vn -0.322665 0.209561 -0.923023
vn -0.229074 0.350346 -0.908175
vn -0.097464 0.454982 -0.885151
vn 0.161212 0.518565 -0.839703
vn 0.225760 0.539798 -0.810957
vn 0.289291 0.502754 -0.814585
vn 0.523715 0.378151 -0.763364
vn 0.625907 0.244596 -0.740550
vn 0.682424 0.085244 -0.725968
vn 0.687738 -0.084307 -0.721047
vn 0.641330 -0.247461 -0.726263
vn 0.547741 -0.388245 -0.741111
vn 0.416130 -0.492882 -0.764136
vn 0.154093 -0.556207 -0.816633
vn 0.087462 -0.578435 -0.811026
vn 0.034797 -0.541421 -0.840031
vn -0.205050 -0.416049 -0.885922
vn -0.307239 -0.282494 -0.908736
vn -0.363758 -0.123142 -0.923318
vn -0.369072 0.046408 -0.928241
vn -0.056497 0.091659 -0.994187
vn -0.010059 0.161513 -0.986819
vn 0.055243 0.213431 -0.975395
vn 0.181797 0.240655 -0.953433
vn 0.217034 0.265879 -0.939257
vn 0.247957 0.232486 -0.940461
vn 0.363458 0.175308 -0.914967
vn 0.414162 0.109042 -0.903648
vn 0.442207 0.029975 -0.896412
vn 0.444845 -0.054153 -0.893969
vn 0.421817 -0.135106 -0.896558
vn 0.375378 -0.204960 -0.903926
vn 0.310076 -0.256878 -0.915350
vn 0.182148 -0.283587 -0.941489
vn 0.145773 -0.310413 -0.939358
vn 0.120131 -0.275902 -0.953649
vn 0.001861 -0.218756 -0.975778
vn -0.048844 -0.152489 -0.987097
vn -0.076888 -0.073422 -0.994333
vn -0.079526 0.010706 -0.996775
vn 0.206218 -0.030418 -0.978033
vn 0.202996 -0.035265 -0.978544
vn 0.198465 -0.038867 -0.979337
vn 0.189126 -0.048591 -0.980750
vn 0.189251 -0.025843 -0.981589
vn 0.183715 -0.047930 -0.981810
vn 0.177080 -0.036222 -0.983530
vn 0.173562 -0.031625 -0.984315
vn 0.171617 -0.026138 -0.984817
vn 0.171433 -0.020302 -0.984986
vn 0.173031 -0.014685 -0.984807
vn 0.176253 -0.009838 -0.984296
vn 0.180784 -0.006236 -0.983503
vn 0.190357 0.004232 -0.981706
vn 0.189943 -0.020241 -0.981587
vn 0.195365 0.003606 -0.980724
vn 0.202169 -0.008881 -0.979310
vn 0.205687 -0.013479 -0.978525
vn 0.207633 -0.018965 -0.978023
vn 0.207815 -0.024802 -0.977854
vn 0.450568 -0.149432 -0.880147
vn 0.398167 -0.228257 -0.888460
vn 0.324479 -0.286842 -0.901352
vn 0.183873 -0.331654 -0.925309
vn 0.144962 -0.314832 -0.938012
vn 0.101426 -0.321484 -0.941467
vn -0.023315 -0.243824 -0.969539
vn -0.080533 -0.169048 -0.982312
vn -0.112176 -0.079828 -0.990477
vn -0.115150 0.015103 -0.993233
vn -0.089168 0.106452 -0.990312
vn -0.036769 0.185277 -0.981998
vn 0.036921 0.243862 -0.969107
vn 0.179166 0.289520 -0.940254
vn 0.217384 0.271288 -0.937629
vn 0.257040 0.279862 -0.924991
vn 0.384715 0.200843 -0.900920
vn 0.441931 0.126066 -0.888147
vn 0.473575 0.036846 -0.879982
vn 0.476552 -0.058084 -0.877225
vn 0.661590 -0.258261 -0.703989
vn 0.563411 -0.405949 -0.719565
vn 0.425346 -0.515714 -0.743720
vn 0.165302 -0.591969 -0.788827
vn 0.086806 -0.580970 -0.809283
vn 0.006278 -0.572342 -0.819991
vn -0.226283 -0.435113 -0.871477
vn -0.333482 -0.295012 -0.895409
vn -0.392771 -0.127850 -0.910706
vn -0.398346 0.050013 -0.915871
vn -0.349662 0.221165 -0.910397
vn -0.251486 0.368851 -0.894821
vn -0.113424 0.478616 -0.870667
vn 0.149685 0.555659 -0.817825
vn 0.225732 0.543757 -0.808315
vn 0.300509 0.536964 -0.788266
vn 0.538206 0.398018 -0.742911
vn 0.645408 0.257917 -0.718977
vn 0.704699 0.090753 -0.703679
vn 0.710274 -0.087110 -0.698515
vn 0.819809 -0.347573 -0.455089
vn 0.683092 -0.553237 -0.476775
vn 0.490833 -0.706090 -0.510411
vn 0.132056 -0.808100 -0.574051
vn 0.018443 -0.800479 -0.599077
vn -0.094463 -0.780130 -0.618445
vn -0.416599 -0.593850 -0.688323
vn -0.565881 -0.398750 -0.721649
vn -0.648446 -0.165968 -0.742948
vn -0.656212 0.081716 -0.750139
vn -0.588414 0.320055 -0.742518
vn -0.451694 0.525714 -0.720831
vn -0.259435 0.678569 -0.687196
vn 0.103933 0.781175 -0.615601
vn 0.212776 0.773084 -0.597552
vn 0.319349 0.754487 -0.573381
vn 0.647995 0.566331 -0.509285
vn 0.797277 0.371233 -0.475957
vn 0.879840 0.138448 -0.454658
vn 0.887602 -0.109234 -0.447471
vn 0.901820 -0.405546 -0.149174
vn 0.738741 -0.650863 -0.175041
vn 0.509411 -0.833191 -0.215158
vn 0.084034 -0.952549 -0.292554
vn -0.054184 -0.945767 -0.320296
vn -0.189953 -0.918707 -0.346258
vn -0.572992 -0.699310 -0.427371
vn -0.751057 -0.466592 -0.467125
vn -0.849539 -0.188924 -0.492536
vn -0.858801 0.106519 -0.501114
vn -0.777933 0.390813 -0.492022
vn -0.614854 0.636129 -0.466149
vn -0.385526 0.818457 -0.426026
vn 0.045954 0.938174 -0.343100
vn 0.177612 0.931140 -0.318483
vn 0.306913 0.905853 -0.291948
vn 0.696877 0.684577 -0.213814
vn 0.874944 0.451858 -0.174061
vn 0.973426 0.174190 -0.148657
vn 0.982688 -0.121251 -0.140083
vn 0.888608 -0.421282 0.181374
vn 0.716066 -0.680834 0.153999
vn 0.473430 -0.873739 0.111551
vn 0.024561 -0.999314 0.027709
vn -0.122583 -0.992458 -0.000879
vn -0.266681 -0.963337 -0.029390
vn -0.671772 -0.732092 -0.112974
vn -0.860172 -0.485869 -0.155033
vn -0.964369 -0.192091 -0.181916
vn -0.974168 0.120493 -0.190992
vn -0.888609 0.421282 -0.181373
vn -0.716067 0.680832 -0.153999
vn -0.473427 0.873741 -0.111550
vn -0.017294 0.999504 -0.026309
vn 0.122583 0.992458 0.000879
vn 0.260240 0.965135 0.028105
vn 0.671774 0.732091 0.112974
vn 0.860171 0.485871 0.155033
vn 0.964369 0.192091 0.181918
vn 0.974168 -0.120492 0.190995
vn 0.777931 -0.390812 0.492026
vn 0.614854 -0.636129 0.466148
vn 0.385525 -0.818458 0.426026
vn -0.039089 -0.937907 0.344678
vn -0.177635 -0.931085 0.318633
vn -0.313071 -0.904065 0.290952
vn -0.696878 -0.684576 0.213814
vn -0.874944 -0.451858 0.174063
vn -0.973427 -0.174190 0.148656
vn -0.982688 0.121252 0.140078
vn -0.901821 0.405547 0.149170
vn -0.738741 0.650863 0.175041
vn -0.509412 0.833190 0.215159
vn -0.077073 0.952805 0.293635
vn 0.054219 0.945815 0.320147
vn 0.183883 0.920485 0.344810
vn 0.572991 0.699311 0.427371
vn 0.751058 0.466592 0.467124
vn 0.849539 0.188923 0.492537
vn 0.858798 -0.106517 0.501119
vn 0.588415 -0.320053 0.742518
vn 0.451698 -0.525718 0.720826
vn 0.259439 -0.678571 0.687192
vn -0.098096 -0.780729 0.617122
vn -0.212788 -0.772980 0.597682
vn -0.324609 -0.752759 0.572698
vn -0.647994 -0.566330 0.509287
vn -0.797276 -0.371231 0.475960
vn -0.879841 -0.138449 0.454656
vn -0.887606 0.109236 0.447463
vn -0.819809 0.347574 0.455088
vn -0.683090 0.553233 0.476781
vn -0.490831 0.706088 0.510415
vn -0.126069 0.808528 0.574794
vn -0.018405 0.800578 0.598946
vn 0.089342 0.781841 0.617043
vn 0.416601 0.593851 0.688321
vn 0.565883 0.398752 0.721646
vn 0.648446 0.165967 0.742949
vn 0.656208 -0.081715 0.750143
vn 0.349667 -0.221165 0.910395
vn 0.251489 -0.368853 0.894819
vn 0.113424 -0.478617 0.870667
vn -0.145360 -0.555022 0.819036
vn -0.225732 -0.543800 0.808286
vn -0.304380 -0.535396 0.787848
vn -0.538206 -0.398017 0.742911
vn -0.645406 -0.257916 0.718979
vn -0.704695 -0.090753 0.703683
vn -0.710270 0.087110 0.698519
vn -0.661586 0.258261 0.703992
vn -0.563409 0.405948 0.719567
vn -0.425347 0.515713 0.743720
vn -0.160832 0.592588 0.789286
vn -0.086817 0.580928 0.809312
vn -0.010013 0.573894 0.818868
vn 0.226283 0.435114 0.871477
vn 0.333485 0.295013 0.895407
vn 0.392777 0.127849 0.910704
vn 0.398352 -0.050013 0.915868
vn 0.089168 -0.106451 0.990312
vn 0.036767 -0.185276 0.981998
vn -0.036921 -0.243861 0.969107
vn -0.176715 -0.288770 0.940949
vn -0.217412 -0.271736 0.937492
vn -0.259160 -0.278600 0.924780
vn -0.384715 -0.200843 0.900920
vn -0.441933 -0.126068 0.888145
vn -0.473576 -0.036847 0.879982
vn -0.476550 0.058084 0.877226
vn -0.450568 0.149433 0.880147
vn -0.398168 0.228258 0.888459
vn -0.324479 0.286842 0.901352
vn -0.181333 0.332394 0.925545
vn -0.145044 0.314391 0.938148
vn -0.103461 0.322735 0.940818
vn 0.023315 0.243824 0.969539
vn 0.080531 0.169047 0.982312
vn 0.112176 0.079827 0.990477
vn 0.115153 -0.015103 0.993233
vn -0.173031 0.014685 0.984807
vn -0.176253 0.009838 0.984296
vn -0.180784 0.006236 0.983503
vn -0.190061 -0.003495 0.981766
vn -0.190063 0.019268 0.981583
vn -0.195471 -0.002834 0.980705
vn -0.202169 0.008881 0.979310
vn -0.205687 0.013479 0.978525
vn -0.207633 0.018965 0.978023
vn -0.207816 0.024802 0.977853
vn -0.206218 0.030418 0.978033
vn -0.202996 0.035265 0.978544
vn -0.198465 0.038868 0.979337
vn -0.188822 0.049327 0.980772
vn -0.189371 0.024870 0.981591
vn -0.183814 0.048701 0.981754
vn -0.177080 0.036223 0.983530
vn -0.173562 0.031625 0.984315
vn -0.171616 0.026139 0.984817
vn -0.171434 0.020302 0.984986
vn -0.421816 0.135105 0.896559
vn -0.375378 0.204959 0.903926
vn -0.310076 0.256878 0.915350
vn -0.184217 0.284184 0.940906
vn -0.146021 0.309056 0.939767
vn -0.118056 0.276015 0.953876
vn -0.001862 0.218755 0.975778
vn 0.048842 0.152489 0.987098
vn 0.076887 0.073422 0.994333
vn 0.079526 -0.010706 0.996775
vn 0.056497 -0.091659 0.994186
vn 0.010059 -0.161513 0.986819
vn -0.055243 -0.213431 0.975395
vn -0.183929 -0.240050 0.953177
vn -0.217123 -0.267254 0.938847
vn -0.245946 -0.232364 0.941019
vn -0.363458 -0.175309 0.914967
vn -0.414163 -0.109042 0.903648
vn -0.442207 -0.029975 0.896412
vn -0.444844 0.054153 0.893969
vn -0.641331 0.247460 0.726263
vn -0.547741 0.388245 0.741111
vn -0.416130 0.492881 0.764136
vn -0.158598 0.556600 0.815502
vn -0.087808 0.577090 0.811946
vn -0.030516 0.540788 0.840605
vn 0.205049 0.416049 0.885922
vn 0.307240 0.282494 0.908736
vn 0.363758 0.123143 0.923318
vn 0.369072 -0.046408 0.928241
vn 0.322665 -0.209562 0.923023
vn 0.229075 -0.350347 0.908175
vn 0.097464 -0.454984 0.885150
vn -0.165810 -0.518161 0.839057
vn -0.225751 -0.541185 0.810034
vn -0.285110 -0.503375 0.815675
vn -0.523716 -0.378151 0.763364
vn -0.625905 -0.244596 0.740551
vn -0.682424 -0.085244 0.725969
vn -0.687738 0.084307 0.721047
vn -0.809957 0.341604 0.476735
vn -0.675860 0.543324 0.498008
vn -0.487287 0.693248 0.530998
vn -0.114041 0.788870 0.603886
vn -0.019143 0.798650 0.601491
vn 0.062686 0.767047 0.638521
vn 0.402742 0.583161 0.705494
vn 0.549161 0.391803 0.738182
vn 0.630141 0.163483 0.759076
vn 0.637755 -0.079451 0.766130
vn 0.571261 -0.313219 0.758653
vn 0.437165 -0.514936 0.737379
vn 0.248593 -0.664859 0.704389
vn -0.132578 -0.760122 0.636111
vn -0.212909 -0.771980 0.598929
vn -0.296293 -0.739839 0.604028
vn -0.641436 -0.554773 0.529892
vn -0.787856 -0.363416 0.497204
vn -0.868836 -0.135094 0.476312
vn -0.876450 0.107838 0.469261
vn -0.900243 0.403939 0.162467
vn -0.737937 0.648093 0.188216
vn -0.509697 0.829553 0.228147
vn -0.054470 0.947480 0.315142
vn 0.053864 0.945326 0.321649
vn 0.153827 0.921750 0.355969
vn 0.567560 0.696308 0.439353
vn 0.744779 0.464697 0.478916
vn 0.842795 0.188347 0.504204
vn 0.852013 -0.105690 0.512742
vn 0.771530 -0.388633 0.503693
vn 0.609224 -0.632784 0.477944
vn 0.380984 -0.814245 0.438015
vn -0.083303 -0.931958 0.352867
vn -0.177712 -0.930895 0.319145
vn -0.275522 -0.908153 0.315192
vn -0.696271 -0.681002 0.226808
vn -0.873492 -0.449391 0.187244
vn -0.971508 -0.173038 0.161955
vn -0.980725 0.120997 0.153419
s 1
g pTorus3
usemtl initialShadingGroup
f 952/1381/1101 951/1382/1102 971/1383/1103 972/1384/1104
f 953/1391/1105 952/1381/1101 972/1384/1104 973/1392/1106
f 954/1817/1107 953/1818/1105 973/1819/1106 974/1820/1108
f 955/1825/1109 954/1817/1107 974/1820/1108 975/1826/1110
f 956/1831/1111 955/1825/1109 975/1826/1110 976/1832/1112
f 957/1836/1113 956/1831/1111 976/1832/1112 977/1837/1114
f 958/1431/1115 957/1436/1113 977/1437/1114 978/1432/1116
f 959/1430/1117 958/1431/1115 978/1432/1116 979/1433/1118
f 960/1440/1119 959/1430/1117 979/1433/1118 980/1441/1120
f 961/1450/1121 960/1440/1119 980/1441/1120 981/1451/1122
f 962/1460/1123 961/1450/1121 981/1451/1122 982/1461/1124
f 963/1468/1125 962/1460/1123 982/1461/1124 983/1469/1126
f 964/1842/1127 963/1843/1125 983/1844/1126 984/1845/1128
f 965/1850/1129 964/1842/1127 984/1845/1128 985/1851/1130
f 966/1856/1131 965/1850/1129 985/1851/1130 986/1857/1132
f 967/1861/1133 966/1856/1131 986/1857/1132 987/1862/1134
f 968/1408/1135 967/1417/1133 987/1418/1134 988/1409/1136
f 969/1397/1137 968/1408/1135 988/1409/1136 989/1398/1138
f 970/1387/1139 969/1397/1137 989/1398/1138 990/1388/1140
f 951/1382/1102 970/1387/1139 990/1388/1140 971/1383/1103
f 972/1384/1104 971/1383/1103 991/1389/1141 992/1390/1142
f 973/1392/1106 972/1384/1104 992/1390/1142 993/1402/1143
f 974/1820/1108 973/1819/1106 993/1823/1143 994/1824/1144
f 975/1826/1110 974/1820/1108 994/1824/1144 995/1830/1145
f 976/1832/1112 975/1826/1110 995/1830/1145 996/1835/1146
f 977/1837/1114 976/1832/1112 996/1835/1146 997/1840/1147
f 978/1432/1116 977/1437/1114 997/1446/1147 998/1438/1148
f 979/1433/1118 978/1432/1116 998/1438/1148 999/1439/1149
f 980/1441/1120 979/1433/1118 999/1439/1149 1000/1449/1150
f 981/1451/1122 980/1441/1120 1000/1449/1150 1001/1459/1151
f 982/1461/1124 981/1451/1122 1001/1459/1151 1002/1467/1152
f 983/1469/1126 982/1461/1124 1002/1467/1152 1003/1474/1153
f 984/1845/1128 983/1844/1126 1003/1848/1153 1004/1849/1154
f 985/1851/1130 984/1845/1128 1004/1849/1154 1005/1855/1155
f 986/1857/1132 985/1851/1130 1005/1855/1155 1006/1860/1156
f 987/1862/1134 986/1857/1132 1006/1860/1156 1007/1865/1157
f 988/1409/1136 987/1418/1134 1007/1424/1157 1008/1419/1158
f 989/1398/1138 988/1409/1136 1008/1419/1158 1009/1410/1159
f 990/1388/1140 989/1398/1138 1009/1410/1159 1010/1399/1160
f 971/1383/1103 990/1388/1140 1010/1399/1160 991/1389/1141
f 992/1390/1142 991/1389/1141 1011/1400/1161 1012/1401/1162
f 993/1402/1143 992/1390/1142 1012/1401/1162 1013/1412/1163
f 994/1603/1144 993/1604/1143 1013/1585/1163 1014/1593/1164
f 995/1615/1145 994/1603/1144 1014/1593/1164 1015/1605/1165
f 996/1626/1146 995/1615/1145 1015/1605/1165 1016/1616/1166
f 997/1641/1147 996/1626/1146 1016/1616/1166 1017/1627/1167
f 998/1438/1148 997/1446/1147 1017/1457/1167 1018/1447/1168
f 999/1439/1149 998/1438/1148 1018/1447/1168 1019/1448/1169
f 1000/1449/1150 999/1439/1149 1019/1448/1169 1020/1458/1170
f 1001/1459/1151 1000/1449/1150 1020/1458/1170 1021/1466/1171
f 1002/1467/1152 1001/1459/1151 1021/1466/1171 1022/1473/1172
f 1003/1474/1153 1002/1467/1152 1022/1473/1172 1023/1477/1173
f 1004/1656/1154 1003/1668/1153 1023/1657/1173 1024/1645/1174
f 1005/1644/1155 1004/1656/1154 1024/1645/1174 1025/1631/1175
f 1006/1630/1156 1005/1644/1155 1025/1631/1175 1026/1618/1176
f 1007/1629/1157 1006/1630/1156 1026/1618/1176 1027/1607/1177
f 1008/1419/1158 1007/1424/1157 1027/1428/1177 1028/1425/1178
f 1009/1410/1159 1008/1419/1158 1028/1425/1178 1029/1420/1179
f 1010/1399/1160 1009/1410/1159 1029/1420/1179 1030/1411/1180
f 991/1389/1141 1010/1399/1160 1030/1411/1180 1011/1400/1161
f 1012/1577/1162 1011/1578/1161 1031/1579/1181 1032/1580/1182
f 1013/1585/1163 1012/1577/1162 1032/1580/1182 1033/1586/1183
f 1014/1593/1164 1013/1585/1163 1033/1586/1183 1034/1594/1184
f 1015/1605/1165 1014/1593/1164 1034/1594/1184 1035/1606/1185
f 1016/1616/1166 1015/1605/1165 1035/1606/1185 1036/1617/1186
f 1017/1627/1167 1016/1616/1166 1036/1617/1186 1037/1628/1187
f 1018/1642/1168 1017/1627/1167 1037/1628/1187 1038/1643/1188
f 1019/1654/1169 1018/1642/1168 1038/1643/1188 1039/1655/1189
f 1020/1666/1170 1019/1654/1169 1039/1655/1189 1040/1667/1190
f 1021/1680/1171 1020/1666/1170 1040/1667/1190 1041/1681/1191
f 1022/1669/1172 1021/1680/1171 1041/1681/1191 1042/1670/1192
f 1023/1657/1173 1022/1669/1172 1042/1670/1192 1043/1658/1193
f 1024/1645/1174 1023/1657/1173 1043/1658/1193 1044/1646/1194
f 1025/1631/1175 1024/1645/1174 1044/1646/1194 1045/1632/1195
f 1026/1618/1176 1025/1631/1175 1045/1632/1195 1046/1619/1196
f 1027/1607/1177 1026/1618/1176 1046/1619/1196 1047/1608/1197
f 1028/1595/1178 1027/1607/1177 1047/1608/1197 1048/1596/1198
f 1029/1587/1179 1028/1595/1178 1048/1596/1198 1049/1588/1199
f 1030/1581/1180 1029/1587/1179 1049/1588/1199 1050/1582/1200
f 1011/1578/1161 1030/1581/1180 1050/1582/1200 1031/1579/1181
f 1032/1580/1182 1031/1579/1181 1051/1583/1201 1052/1584/1202
f 1033/1586/1183 1032/1580/1182 1052/1584/1202 1053/1592/1203
f 1034/1594/1184 1033/1586/1183 1053/1592/1203 1054/1602/1204
f 1035/1606/1185 1034/1594/1184 1054/1602/1204 1055/1614/1205
f 1036/1617/1186 1035/1606/1185 1055/1614/1205 1056/1625/1206
f 1037/1628/1187 1036/1617/1186 1056/1625/1206 1057/1640/1207
f 1038/1643/1188 1037/1628/1187 1057/1640/1207 1058/1653/1208
f 1039/1655/1189 1038/1643/1188 1058/1653/1208 1059/1665/1209
f 1040/1667/1190 1039/1655/1189 1059/1665/1209 1060/1679/1210
f 1041/1681/1191 1040/1667/1190 1060/1679/1210 1061/1688/1211
f 1042/1670/1192 1041/1681/1191 1061/1688/1211 1062/1682/1212
f 1043/1658/1193 1042/1670/1192 1062/1682/1212 1063/1671/1213
f 1044/1646/1194 1043/1658/1193 1063/1671/1213 1064/1659/1214
f 1045/1632/1195 1044/1646/1194 1064/1659/1214 1065/1647/1215
f 1046/1619/1196 1045/1632/1195 1065/1647/1215 1066/1633/1216
f 1047/1608/1197 1046/1619/1196 1066/1633/1216 1067/1620/1217
f 1048/1596/1198 1047/1608/1197 1067/1620/1217 1068/1609/1218
f 1049/1588/1199 1048/1596/1198 1068/1609/1218 1069/1597/1219
f 1050/1582/1200 1049/1588/1199 1069/1597/1219 1070/1589/1220
f 1031/1579/1181 1050/1582/1200 1070/1589/1220 1051/1583/1201
f 1052/1584/1202 1051/1583/1201 1071/1590/1221 1072/1591/1222
f 1053/1592/1203 1052/1584/1202 1072/1591/1222 1073/1601/1223
f 1054/1602/1204 1053/1592/1203 1073/1601/1223 1074/1613/1224
f 1055/1614/1205 1054/1602/1204 1074/1613/1224 1075/1624/1225
f 1056/1625/1206 1055/1614/1205 1075/1624/1225 1076/1639/1226
f 1057/1640/1207 1056/1625/1206 1076/1639/1226 1077/1652/1227
f 1058/1653/1208 1057/1640/1207 1077/1652/1227 1078/1664/1228
f 1059/1665/1209 1058/1653/1208 1078/1664/1228 1079/1678/1229
f 1060/1679/1210 1059/1665/1209 1079/1678/1229 1080/1687/1230
f 1061/1688/1211 1060/1679/1210 1080/1687/1230 1081/1693/1231
f 1062/1682/1212 1061/1688/1211 1081/1693/1231 1082/1689/1232
f 1063/1671/1213 1062/1682/1212 1082/1689/1232 1083/1683/1233
f 1064/1659/1214 1063/1671/1213 1083/1683/1233 1084/1672/1234
f 1065/1647/1215 1064/1659/1214 1084/1672/1234 1085/1660/1235
f 1066/1633/1216 1065/1647/1215 1085/1660/1235 1086/1648/1236
f 1067/1620/1217 1066/1633/1216 1086/1648/1236 1087/1634/1237
f 1068/1609/1218 1067/1620/1217 1087/1634/1237 1088/1621/1238
f 1069/1597/1219 1068/1609/1218 1088/1621/1238 1089/1610/1239
f 1070/1589/1220 1069/1597/1219 1089/1610/1239 1090/1598/1240
f 1051/1583/1201 1070/1589/1220 1090/1598/1240 1071/1590/1221
f 1072/1591/1222 1071/1590/1221 1091/1599/1241 1092/1600/1242
f 1073/1601/1223 1072/1591/1222 1092/1600/1242 1093/1612/1243
f 1074/1613/1224 1073/1601/1223 1093/1612/1243 1094/1623/1244
f 1075/1624/1225 1074/1613/1224 1094/1623/1244 1095/1638/1245
f 1076/1639/1226 1075/1624/1225 1095/1638/1245 1096/1651/1246
f 1077/1652/1227 1076/1639/1226 1096/1651/1246 1097/1663/1247
f 1078/1664/1228 1077/1652/1227 1097/1663/1247 1098/1677/1248
f 1079/1678/1229 1078/1664/1228 1098/1677/1248 1099/1686/1249
f 1080/1687/1230 1079/1678/1229 1099/1686/1249 1100/1692/1250
f 1081/1693/1231 1080/1687/1230 1100/1692/1250 1101/1696/1251
f 1082/1689/1232 1081/1693/1231 1101/1696/1251 1102/1694/1252
f 1083/1683/1233 1082/1689/1232 1102/1694/1252 1103/1690/1253
f 1084/1672/1234 1083/1683/1233 1103/1690/1253 1104/1684/1254
f 1085/1660/1235 1084/1672/1234 1104/1684/1254 1105/1673/1255
f 1086/1648/1236 1085/1660/1235 1105/1673/1255 1106/1661/1256
f 1087/1634/1237 1086/1648/1236 1106/1661/1256 1107/1649/1257
f 1088/1621/1238 1087/1634/1237 1107/1649/1257 1108/1635/1258
f 1089/1610/1239 1088/1621/1238 1108/1635/1258 1109/1622/1259
f 1090/1598/1240 1089/1610/1239 1109/1622/1259 1110/1611/1260
f 1071/1590/1221 1090/1598/1240 1110/1611/1260 1091/1599/1241
f 1092/1483/1242 1091/1484/1241 1111/1480/1261 1112/1479/1262
f 1093/1492/1243 1092/1483/1242 1112/1479/1262 1113/1489/1263
f 1094/1623/1244 1093/1612/1243 1113/1636/1263 1114/1637/1264
f 1095/1638/1245 1094/1623/1244 1114/1637/1264 1115/1650/1265
f 1096/1651/1246 1095/1638/1245 1115/1650/1265 1116/1662/1266
f 1097/1663/1247 1096/1651/1246 1116/1662/1266 1117/1676/1267
f 1098/1533/1248 1097/1540/1247 1117/1534/1267 1118/1529/1268
f 1099/1532/1249 1098/1533/1248 1118/1529/1268 1119/1528/1269
f 1100/1541/1250 1099/1532/1249 1119/1528/1269 1120/1538/1270
f 1101/1548/1251 1100/1541/1250 1120/1538/1270 1121/1546/1271
f 1102/1556/1252 1101/1548/1251 1121/1546/1271 1122/1554/1272
f 1103/1565/1253 1102/1556/1252 1122/1554/1272 1123/1563/1273
f 1104/1684/1254 1103/1690/1253 1123/1695/1273 1124/1691/1274
f 1105/1673/1255 1104/1684/1254 1124/1691/1274 1125/1685/1275
f 1106/1661/1256 1105/1673/1255 1125/1685/1275 1126/1674/1276
f 1107/1649/1257 1106/1661/1256 1126/1674/1276 1127/1675/1277
f 1108/1507/1258 1107/1516/1257 1127/1508/1277 1128/1500/1278
f 1109/1499/1259 1108/1507/1258 1128/1500/1278 1129/1493/1279
f 1110/1491/1260 1109/1499/1259 1129/1493/1279 1130/1485/1280
f 1091/1484/1241 1110/1491/1260 1130/1485/1280 1111/1480/1261
f 1112/1479/1262 1111/1480/1261 1131/1481/1281 1132/1482/1282
f 1113/1489/1263 1112/1479/1262 1132/1482/1282 1133/1490/1283
f 1114/1867/1264 1113/1868/1263 1133/1869/1283 1134/1870/1284
f 1115/1873/1265 1114/1867/1264 1134/1870/1284 1135/1874/1285
f 1116/1878/1266 1115/1873/1265 1135/1874/1285 1136/1879/1286
f 1117/1884/1267 1116/1878/1266 1136/1879/1286 1137/1885/1287
f 1118/1529/1268 1117/1534/1267 1137/1535/1287 1138/1530/1288
f 1119/1528/1269 1118/1529/1268 1138/1530/1288 1139/1531/1289
f 1120/1538/1270 1119/1528/1269 1139/1531/1289 1140/1539/1290
f 1121/1546/1271 1120/1538/1270 1140/1539/1290 1141/1547/1291
f 1122/1554/1272 1121/1546/1271 1141/1547/1291 1142/1555/1292
f 1123/1563/1273 1122/1554/1272 1142/1555/1292 1143/1564/1293
f 1124/1892/1274 1123/1893/1273 1143/1894/1293 1144/1895/1294
f 1125/1898/1275 1124/1892/1274 1144/1895/1294 1145/1899/1295
f 1126/1903/1276 1125/1898/1275 1145/1899/1295 1146/1904/1296
f 1127/1909/1277 1126/1903/1276 1146/1904/1296 1147/1910/1297
f 1128/1500/1278 1127/1508/1277 1147/1509/1297 1148/1501/1298
f 1129/1493/1279 1128/1500/1278 1148/1501/1298 1149/1494/1299
f 1130/1485/1280 1129/1493/1279 1149/1494/1299 1150/1486/1300
f 1111/1480/1261 1130/1485/1280 1150/1486/1300 1131/1481/1281
f 1132/1482/1282 1131/1481/1281 1151/1487/1301 1152/1488/1302
f 1133/1490/1283 1132/1482/1282 1152/1488/1302 1153/1498/1303
f 1134/1870/1284 1133/1869/1283 1153/1871/1303 1154/1872/1304
f 1135/1874/1285 1134/1870/1284 1154/1872/1304 1155/1877/1305
f 1136/1879/1286 1135/1874/1285 1155/1877/1305 1156/1883/1306
f 1137/1885/1287 1136/1879/1286 1156/1883/1306 1157/1888/1307
f 1138/1530/1288 1137/1535/1287 1157/1542/1307 1158/1536/1308
f 1139/1531/1289 1138/1530/1288 1158/1536/1308 1159/1537/1309
f 1140/1539/1290 1139/1531/1289 1159/1537/1309 1160/1545/1310
f 1141/1547/1291 1140/1539/1290 1160/1545/1310 1161/1553/1311
f 1142/1555/1292 1141/1547/1291 1161/1553/1311 1162/1562/1312
f 1143/1564/1293 1142/1555/1292 1162/1562/1312 1163/1570/1313
f 1144/1895/1294 1143/1894/1293 1163/1896/1313 1164/1897/1314
f 1145/1899/1295 1144/1895/1294 1164/1897/1314 1165/1902/1315
f 1146/1904/1296 1145/1899/1295 1165/1902/1315 1166/1908/1316
f 1147/1910/1297 1146/1904/1296 1166/1908/1316 1167/1913/1317
f 1148/1501/1298 1147/1509/1297 1167/1517/1317 1168/1510/1318
f 1149/1494/1299 1148/1501/1298 1168/1510/1318 1169/1502/1319
f 1150/1486/1300 1149/1494/1299 1169/1502/1319 1170/1495/1320
f 1131/1481/1281 1150/1486/1300 1170/1495/1320 1151/1487/1301
f 1152/1488/1302 1151/1487/1301 1171/1496/1321 1172/1497/1322
f 1153/1498/1303 1152/1488/1302 1172/1497/1322 1173/1506/1323
f 1154/1872/1304 1153/1871/1303 1173/1875/1323 1174/1876/1324
f 1155/1877/1305 1154/1872/1304 1174/1876/1324 1175/1882/1325
f 1156/1883/1306 1155/1877/1305 1175/1882/1325 1176/1887/1326
f 1157/1888/1307 1156/1883/1306 1176/1887/1326 1177/1890/1327
f 1158/1536/1308 1157/1542/1307 1177/1549/1327 1178/1543/1328
f 1159/1537/1309 1158/1536/1308 1178/1543/1328 1179/1544/1329
f 1160/1545/1310 1159/1537/1309 1179/1544/1329 1180/1552/1330
f 1161/1553/1311 1160/1545/1310 1180/1552/1330 1181/1561/1331
f 1162/1562/1312 1161/1553/1311 1181/1561/1331 1182/1569/1332
f 1163/1570/1313 1162/1562/1312 1182/1569/1332 1183/1573/1333
f 1164/1897/1314 1163/1896/1313 1183/1900/1333 1184/1901/1334
f 1165/1902/1315 1164/1897/1314 1184/1901/1334 1185/1907/1335
f 1166/1908/1316 1165/1902/1315 1185/1907/1335 1186/1912/1336
f 1167/1913/1317 1166/1908/1316 1186/1912/1336 1187/1915/1337
f 1168/1510/1318 1167/1517/1317 1187/1522/1337 1188/1518/1338
f 1169/1502/1319 1168/1510/1318 1188/1518/1338 1189/1511/1339
f 1170/1495/1320 1169/1502/1319 1189/1511/1339 1190/1503/1340
f 1151/1487/1301 1170/1495/1320 1190/1503/1340 1171/1496/1321
f 1172/1497/1322 1171/1496/1321 1191/1504/1341 1192/1505/1342
f 1173/1506/1323 1172/1497/1322 1192/1505/1342 1193/1515/1343
f 1174/1876/1324 1173/1875/1323 1193/1880/1343 1194/1881/1344
f 1175/1882/1325 1174/1876/1324 1194/1881/1344 1195/1886/1345
f 1176/1887/1326 1175/1882/1325 1195/1886/1345 1196/1889/1346
f 1177/1890/1327 1176/1887/1326 1196/1889/1346 1197/1891/1347
f 1178/1543/1328 1177/1549/1327 1197/1557/1347 1198/1550/1348
f 1179/1544/1329 1178/1543/1328 1198/1550/1348 1199/1551/1349
f 1180/1552/1330 1179/1544/1329 1199/1551/1349 1200/1560/1350
f 1181/1561/1331 1180/1552/1330 1200/1560/1350 1201/1568/1351
f 1182/1569/1332 1181/1561/1331 1201/1568/1351 1202/1572/1352
f 1183/1573/1333 1182/1569/1332 1202/1572/1352 1203/1575/1353
f 1184/1901/1334 1183/1900/1333 1203/1905/1353 1204/1906/1354
f 1185/1907/1335 1184/1901/1334 1204/1906/1354 1205/1911/1355
f 1186/1912/1336 1185/1907/1335 1205/1911/1355 1206/1914/1356
f 1187/1915/1337 1186/1912/1336 1206/1914/1356 1207/1916/1357
f 1188/1518/1338 1187/1522/1337 1207/1525/1357 1208/1523/1358
f 1189/1511/1339 1188/1518/1338 1208/1523/1358 1209/1519/1359
f 1190/1503/1340 1189/1511/1339 1209/1519/1359 1210/1512/1360
f 1171/1496/1321 1190/1503/1340 1210/1512/1360 1191/1504/1341
f 1192/1505/1342 1191/1504/1341 1211/1513/1361 1212/1514/1362
f 1193/1515/1343 1192/1505/1342 1212/1514/1362 1213/1521/1363
f 1194/1723/1344 1193/1724/1343 1213/1705/1363 1214/1713/1364
f 1195/1735/1345 1194/1723/1344 1214/1713/1364 1215/1725/1365
f 1196/1746/1346 1195/1735/1345 1215/1725/1365 1216/1736/1366
f 1197/1761/1347 1196/1746/1346 1216/1736/1366 1217/1747/1367
f 1198/1550/1348 1197/1557/1347 1217/1566/1367 1218/1558/1368
f 1199/1551/1349 1198/1550/1348 1218/1558/1368 1219/1559/1369
f 1200/1560/1350 1199/1551/1349 1219/1559/1369 1220/1567/1370
f 1201/1568/1351 1200/1560/1350 1220/1567/1370 1221/1571/1371
f 1202/1572/1352 1201/1568/1351 1221/1571/1371 1222/1574/1372
f 1203/1575/1353 1202/1572/1352 1222/1574/1372 1223/1576/1373
f 1204/1776/1354 1203/1788/1353 1223/1777/1373 1224/1765/1374
f 1205/1764/1355 1204/1776/1354 1224/1765/1374 1225/1751/1375
f 1206/1750/1356 1205/1764/1355 1225/1751/1375 1226/1738/1376
f 1207/1749/1357 1206/1750/1356 1226/1738/1376 1227/1727/1377
f 1208/1523/1358 1207/1525/1357 1227/1527/1377 1228/1526/1378
f 1209/1519/1359 1208/1523/1358 1228/1526/1378 1229/1524/1379
f 1210/1512/1360 1209/1519/1359 1229/1524/1379 1230/1520/1380
f 1191/1504/1341 1210/1512/1360 1230/1520/1380 1211/1513/1361
f 1212/1697/1362 1211/1698/1361 1231/1699/1381 1232/1700/1382
f 1213/1705/1363 1212/1697/1362 1232/1700/1382 1233/1706/1383
f 1214/1713/1364 1213/1705/1363 1233/1706/1383 1234/1714/1384
f 1215/1725/1365 1214/1713/1364 1234/1714/1384 1235/1726/1385
f 1216/1736/1366 1215/1725/1365 1235/1726/1385 1236/1737/1386
f 1217/1747/1367 1216/1736/1366 1236/1737/1386 1237/1748/1387
f 1218/1762/1368 1217/1747/1367 1237/1748/1387 1238/1763/1388
f 1219/1774/1369 1218/1762/1368 1238/1763/1388 1239/1775/1389
f 1220/1786/1370 1219/1774/1369 1239/1775/1389 1240/1787/1390
f 1221/1800/1371 1220/1786/1370 1240/1787/1390 1241/1801/1391
f 1222/1789/1372 1221/1800/1371 1241/1801/1391 1242/1790/1392
f 1223/1777/1373 1222/1789/1372 1242/1790/1392 1243/1778/1393
f 1224/1765/1374 1223/1777/1373 1243/1778/1393 1244/1766/1394
f 1225/1751/1375 1224/1765/1374 1244/1766/1394 1245/1752/1395
f 1226/1738/1376 1225/1751/1375 1245/1752/1395 1246/1739/1396
f 1227/1727/1377 1226/1738/1376 1246/1739/1396 1247/1728/1397
f 1228/1715/1378 1227/1727/1377 1247/1728/1397 1248/1716/1398
f 1229/1707/1379 1228/1715/1378 1248/1716/1398 1249/1708/1399
f 1230/1701/1380 1229/1707/1379 1249/1708/1399 1250/1702/1400
f 1211/1698/1361 1230/1701/1380 1250/1702/1400 1231/1699/1381
f 1232/1700/1382 1231/1699/1381 1251/1703/1401 1252/1704/1402
f 1233/1706/1383 1232/1700/1382 1252/1704/1402 1253/1712/1403
f 1234/1714/1384 1233/1706/1383 1253/1712/1403 1254/1722/1404
f 1235/1726/1385 1234/1714/1384 1254/1722/1404 1255/1734/1405
f 1236/1737/1386 1235/1726/1385 1255/1734/1405 1256/1745/1406
f 1237/1748/1387 1236/1737/1386 1256/1745/1406 1257/1760/1407
f 1238/1763/1388 1237/1748/1387 1257/1760/1407 1258/1773/1408
f 1239/1775/1389 1238/1763/1388 1258/1773/1408 1259/1785/1409
f 1240/1787/1390 1239/1775/1389 1259/1785/1409 1260/1799/1410
f 1241/1801/1391 1240/1787/1390 1260/1799/1410 1261/1808/1411
f 1242/1790/1392 1241/1801/1391 1261/1808/1411 1262/1802/1412
f 1243/1778/1393 1242/1790/1392 1262/1802/1412 1263/1791/1413
f 1244/1766/1394 1243/1778/1393 1263/1791/1413 1264/1779/1414
f 1245/1752/1395 1244/1766/1394 1264/1779/1414 1265/1767/1415
f 1246/1739/1396 1245/1752/1395 1265/1767/1415 1266/1753/1416
f 1247/1728/1397 1246/1739/1396 1266/1753/1416 1267/1740/1417
f 1248/1716/1398 1247/1728/1397 1267/1740/1417 1268/1729/1418
f 1249/1708/1399 1248/1716/1398 1268/1729/1418 1269/1717/1419
f 1250/1702/1400 1249/1708/1399 1269/1717/1419 1270/1709/1420
f 1231/1699/1381 1250/1702/1400 1270/1709/1420 1251/1703/1401
f 1252/1704/1402 1251/1703/1401 1271/1710/1421 1272/1711/1422
f 1253/1712/1403 1252/1704/1402 1272/1711/1422 1273/1721/1423
f 1254/1722/1404 1253/1712/1403 1273/1721/1423 1274/1733/1424
f 1255/1734/1405 1254/1722/1404 1274/1733/1424 1275/1744/1425
f 1256/1745/1406 1255/1734/1405 1275/1744/1425 1276/1759/1426
f 1257/1760/1407 1256/1745/1406 1276/1759/1426 1277/1772/1427
f 1258/1773/1408 1257/1760/1407 1277/1772/1427 1278/1784/1428
f 1259/1785/1409 1258/1773/1408 1278/1784/1428 1279/1798/1429
f 1260/1799/1410 1259/1785/1409 1279/1798/1429 1280/1807/1430
f 1261/1808/1411 1260/1799/1410 1280/1807/1430 1281/1813/1431
f 1262/1802/1412 1261/1808/1411 1281/1813/1431 1282/1809/1432
f 1263/1791/1413 1262/1802/1412 1282/1809/1432 1283/1803/1433
f 1264/1779/1414 1263/1791/1413 1283/1803/1433 1284/1792/1434
f 1265/1767/1415 1264/1779/1414 1284/1792/1434 1285/1780/1435
f 1266/1753/1416 1265/1767/1415 1285/1780/1435 1286/1768/1436
f 1267/1740/1417 1266/1753/1416 1286/1768/1436 1287/1754/1437
f 1268/1729/1418 1267/1740/1417 1287/1754/1437 1288/1741/1438
f 1269/1717/1419 1268/1729/1418 1288/1741/1438 1289/1730/1439
f 1270/1709/1420 1269/1717/1419 1289/1730/1439 1290/1718/1440
f 1251/1703/1401 1270/1709/1420 1290/1718/1440 1271/1710/1421
f 1272/1711/1422 1271/1710/1421 1291/1719/1441 1292/1720/1442
f 1273/1721/1423 1272/1711/1422 1292/1720/1442 1293/1732/1443
f 1274/1733/1424 1273/1721/1423 1293/1732/1443 1294/1743/1444
f 1275/1744/1425 1274/1733/1424 1294/1743/1444 1295/1758/1445
f 1276/1759/1426 1275/1744/1425 1295/1758/1445 1296/1771/1446
f 1277/1772/1427 1276/1759/1426 1296/1771/1446 1297/1783/1447
f 1278/1784/1428 1277/1772/1427 1297/1783/1447 1298/1797/1448
f 1279/1798/1429 1278/1784/1428 1298/1797/1448 1299/1806/1449
f 1280/1807/1430 1279/1798/1429 1299/1806/1449 1300/1812/1450
f 1281/1813/1431 1280/1807/1430 1300/1812/1450 1301/1816/1451
f 1282/1809/1432 1281/1813/1431 1301/1816/1451 1302/1814/1452
f 1283/1803/1433 1282/1809/1432 1302/1814/1452 1303/1810/1453
f 1284/1792/1434 1283/1803/1433 1303/1810/1453 1304/1804/1454
f 1285/1780/1435 1284/1792/1434 1304/1804/1454 1305/1793/1455
f 1286/1768/1436 1285/1780/1435 1305/1793/1455 1306/1781/1456
f 1287/1754/1437 1286/1768/1436 1306/1781/1456 1307/1769/1457
f 1288/1741/1438 1287/1754/1437 1307/1769/1457 1308/1755/1458
f 1289/1730/1439 1288/1741/1438 1308/1755/1458 1309/1742/1459
f 1290/1718/1440 1289/1730/1439 1309/1742/1459 1310/1731/1460
f 1271/1710/1421 1290/1718/1440 1310/1731/1460 1291/1719/1441
f 1292/1403/1442 1291/1404/1441 1311/1394/1461 1312/1393/1462
f 1293/1414/1443 1292/1403/1442 1312/1393/1462 1313/1406/1463
f 1294/1743/1444 1293/1732/1443 1313/1756/1463 1314/1757/1464
f 1295/1758/1445 1294/1743/1444 1314/1757/1464 1315/1770/1465
f 1296/1771/1446 1295/1758/1445 1315/1770/1465 1316/1782/1466
f 1297/1783/1447 1296/1771/1446 1316/1782/1466 1317/1796/1467
f 1298/1453/1448 1297/1462/1447 1317/1454/1467 1318/1443/1468
f 1299/1452/1449 1298/1453/1448 1318/1443/1468 1319/1442/1469
f 1300/1463/1450 1299/1452/1449 1319/1442/1469 1320/1455/1470
f 1301/1470/1451 1300/1463/1450 1320/1455/1470 1321/1464/1471
f 1302/1475/1452 1301/1470/1451 1321/1464/1471 1322/1471/1472
f 1303/1478/1453 1302/1475/1452 1322/1471/1472 1323/1476/1473
f 1304/1804/1454 1303/1810/1453 1323/1815/1473 1324/1811/1474
f 1305/1793/1455 1304/1804/1454 1324/1811/1474 1325/1805/1475
f 1306/1781/1456 1305/1793/1455 1325/1805/1475 1326/1794/1476
f 1307/1769/1457 1306/1781/1456 1326/1794/1476 1327/1795/1477
f 1308/1426/1458 1307/1429/1457 1327/1427/1477 1328/1422/1478
f 1309/1421/1459 1308/1426/1458 1328/1422/1478 1329/1415/1479
f 1310/1413/1460 1309/1421/1459 1329/1415/1479 1330/1405/1480
f 1291/1404/1441 1310/1413/1460 1330/1405/1480 1311/1394/1461
f 1312/1393/1462 1311/1394/1461 1331/1386/1481 1332/1385/1482
f 1313/1406/1463 1312/1393/1462 1332/1385/1482 1333/1396/1483
f 1314/1827/1464 1313/1828/1463 1333/1822/1483 1334/1821/1484
f 1315/1833/1465 1314/1827/1464 1334/1821/1484 1335/1829/1485
f 1316/1838/1466 1315/1833/1465 1335/1829/1485 1336/1834/1486
f 1317/1841/1467 1316/1838/1466 1336/1834/1486 1337/1839/1487
f 1318/1443/1468 1317/1454/1467 1337/1444/1487 1338/1435/1488
f 1319/1442/1469 1318/1443/1468 1338/1435/1488 1339/1434/1489
f 1320/1455/1470 1319/1442/1469 1339/1434/1489 1340/1445/1490
f 1321/1464/1471 1320/1455/1470 1340/1445/1490 1341/1456/1491
f 1322/1471/1472 1321/1464/1471 1341/1456/1491 1342/1465/1492
f 1323/1476/1473 1322/1471/1472 1342/1465/1492 1343/1472/1493
f 1324/1852/1474 1323/1853/1473 1343/1847/1493 1344/1846/1494
f 1325/1858/1475 1324/1852/1474 1344/1846/1494 1345/1854/1495
f 1326/1863/1476 1325/1858/1475 1345/1854/1495 1346/1859/1496
f 1327/1866/1477 1326/1863/1476 1346/1859/1496 1347/1864/1497
f 1328/1422/1478 1327/1427/1477 1347/1423/1497 1348/1416/1498
f 1329/1415/1479 1328/1422/1478 1348/1416/1498 1349/1407/1499
f 1330/1405/1480 1329/1415/1479 1349/1407/1499 1350/1395/1500
f 1311/1394/1461 1330/1405/1480 1350/1395/1500 1331/1386/1481
f 1332/1385/1482 1331/1386/1481 951/1382/1102 952/1381/1101
f 1333/1396/1483 1332/1385/1482 952/1381/1101 953/1391/1105
f 1334/1821/1484 1333/1822/1483 953/1818/1105 954/1817/1107
f 1335/1829/1485 1334/1821/1484 954/1817/1107 955/1825/1109
f 1336/1834/1486 1335/1829/1485 955/1825/1109 956/1831/1111
f 1337/1839/1487 1336/1834/1486 956/1831/1111 957/1836/1113
f 1338/1435/1488 1337/1444/1487 957/1436/1113 958/1431/1115
f 1339/1434/1489 1338/1435/1488 958/1431/1115 959/1430/1117
f 1340/1445/1490 1339/1434/1489 959/1430/1117 960/1440/1119
f 1341/1456/1491 1340/1445/1490 960/1440/1119 961/1450/1121
f 1342/1465/1492 1341/1456/1491 961/1450/1121 962/1460/1123
f 1343/1472/1493 1342/1465/1492 962/1460/1123 963/1468/1125
f 1344/1846/1494 1343/1847/1493 963/1843/1125 964/1842/1127
f 1345/1854/1495 1344/1846/1494 964/1842/1127 965/1850/1129
f 1346/1859/1496 1345/1854/1495 965/1850/1129 966/1856/1131
f 1347/1864/1497 1346/1859/1496 966/1856/1131 967/1861/1133
f 1348/1416/1498 1347/1423/1497 967/1417/1133 968/1408/1135
f 1349/1407/1499 1348/1416/1498 968/1408/1135 969/1397/1137
f 1350/1395/1500 1349/1407/1499 969/1397/1137 970/1387/1139
f 1331/1386/1481 1350/1395/1500 970/1387/1139 951/1382/1102
g default
v 3.260307 0.111111 -0.968949
v 3.238953 0.109198 -0.987683
v 3.212828 0.107774 -0.998912
v 3.184489 0.106978 -1.001535
v 3.094687 0.107818 -0.966936
v 3.005297 0.108812 -0.930481
v 2.986474 0.110090 -0.909158
v 2.975171 0.111898 -0.883089
v 2.972495 0.114056 -0.854826
v 2.978707 0.116356 -0.827136
v 2.993198 0.118570 -0.802729
v 3.014552 0.120483 -0.783995
v 3.040677 0.121907 -0.772767
v 3.069016 0.122703 -0.770144
v 3.158700 0.121773 -0.805858
v 3.248208 0.120869 -0.841197
v 3.267031 0.119590 -0.862520
v 3.278334 0.117783 -0.888589
v 3.281010 0.115624 -0.916852
v 3.274798 0.113325 -0.944542
v 3.260995 0.117213 -0.970105
v 3.239393 0.115278 -0.989057
v 3.212964 0.113837 -1.000416
v 3.184295 0.113032 -1.003070
v 3.094169 0.113871 -0.968398
v 3.004494 0.114872 -0.931775
v 2.985452 0.116166 -0.910203
v 2.974018 0.117994 -0.883831
v 2.971310 0.120178 -0.855239
v 2.977594 0.122504 -0.827227
v 2.992254 0.124744 -0.802536
v 3.013857 0.126680 -0.783583
v 3.040286 0.128120 -0.772224
v 3.068954 0.128926 -0.769571
v 3.158963 0.127997 -0.805357
v 3.248756 0.127085 -0.840865
v 3.267797 0.125792 -0.862437
v 3.279232 0.123964 -0.888809
v 3.281939 0.121780 -0.917401
v 3.275655 0.119454 -0.945414
v 3.263248 0.122647 -0.972496
v 3.240924 0.120647 -0.992082
v 3.213612 0.119158 -1.003820
v 3.183986 0.118326 -1.006562
v 3.092922 0.119162 -0.971680
v 3.002419 0.120184 -0.934567
v 2.982741 0.121521 -0.912275
v 2.970925 0.123410 -0.885022
v 2.968127 0.125667 -0.855475
v 2.974621 0.128071 -0.826527
v 2.989771 0.130386 -0.801012
v 3.012094 0.132386 -0.781426
v 3.039406 0.133875 -0.769688
v 3.069032 0.134707 -0.766946
v 3.159979 0.133781 -0.802943
v 3.250600 0.132849 -0.838941
v 3.270277 0.131512 -0.861233
v 3.282094 0.129622 -0.888486
v 3.284892 0.127366 -0.918033
v 3.278398 0.124962 -0.946981
v 3.266845 0.126879 -0.975890
v 3.243398 0.124779 -0.996462
v 3.214711 0.123215 -1.008791
v 3.183594 0.122341 -1.011671
v 3.091068 0.123172 -0.976460
v 2.999275 0.124227 -0.938585
v 2.978607 0.125632 -0.915171
v 2.966196 0.127616 -0.886546
v 2.963257 0.129987 -0.855512
v 2.970078 0.132511 -0.825107
v 2.985991 0.134943 -0.798307
v 3.009438 0.137043 -0.777736
v 3.038124 0.138607 -0.765406
v 3.069242 0.139481 -0.762526
v 3.161650 0.138560 -0.798852
v 3.253560 0.137595 -0.835612
v 3.274228 0.136191 -0.859026
v 3.286639 0.134206 -0.887651
v 3.289578 0.131836 -0.918685
v 3.282758 0.129311 -0.949090
v 3.271434 0.129497 -0.979954
v 3.246571 0.127269 -1.001767
v 3.216152 0.125611 -1.014841
v 3.183155 0.124684 -1.017895
v 3.088787 0.125509 -0.982271
v 2.995370 0.126606 -0.943435
v 2.973454 0.128095 -0.918607
v 2.960294 0.130199 -0.888253
v 2.957177 0.132713 -0.855345
v 2.964410 0.135390 -0.823104
v 2.981284 0.137969 -0.794686
v 3.006147 0.140196 -0.772872
v 3.036565 0.141854 -0.759798
v 3.069562 0.142781 -0.756744
v 3.163813 0.141866 -0.793483
v 3.257347 0.140859 -0.831204
v 3.279263 0.139370 -0.856033
v 3.292424 0.137266 -0.886386
v 3.295540 0.134752 -0.919294
v 3.288308 0.132075 -0.951535
v 3.276566 0.130243 -0.984289
v 3.250134 0.127875 -1.007480
v 3.217794 0.126112 -1.021379
v 3.182715 0.125126 -1.024626
v 3.086305 0.125945 -0.988543
v 2.991087 0.127088 -0.948642
v 2.967787 0.128670 -0.922246
v 2.953796 0.130908 -0.889976
v 2.950483 0.133580 -0.854991
v 2.958172 0.136426 -0.820715
v 2.976111 0.139167 -0.790502
v 3.002544 0.141535 -0.767312
v 3.034883 0.143298 -0.753413
v 3.069962 0.144283 -0.750166
v 3.166255 0.143375 -0.787364
v 3.261590 0.142322 -0.826150
v 3.284890 0.140739 -0.852545
v 3.298881 0.138502 -0.884815
v 3.302194 0.135830 -0.919800
v 3.294505 0.132984 -0.954077
v 3.281739 0.129044 -0.988472
v 3.253737 0.126535 -1.013040
v 3.219477 0.124668 -1.027764
v 3.182315 0.123624 -1.031204
v 3.083863 0.124436 -0.994663
v 2.986844 0.125624 -0.953696
v 2.962161 0.127301 -0.925734
v 2.947339 0.129671 -0.891548
v 2.943829 0.132502 -0.854485
v 2.951975 0.135517 -0.818173
v 2.970979 0.138421 -0.786167
v 2.998981 0.140930 -0.761599
v 3.033240 0.142798 -0.746875
v 3.070403 0.143841 -0.743435
v 3.168737 0.142940 -0.781092
v 3.265873 0.141841 -0.820943
v 3.290557 0.140164 -0.848906
v 3.305379 0.137794 -0.883092
v 3.308889 0.134963 -0.920154
v 3.300743 0.131948 -0.956466
v 3.286446 0.126018 -0.992094
v 3.257028 0.123383 -1.017904
v 3.221036 0.121421 -1.033373
v 3.181994 0.120324 -1.036986
v 3.081700 0.121130 -1.000031
v 2.983057 0.122360 -0.958104
v 2.957126 0.124122 -0.928727
v 2.941554 0.126611 -0.892813
v 2.937867 0.129586 -0.853876
v 2.946425 0.132753 -0.815728
v 2.966390 0.135804 -0.782103
v 2.995808 0.138439 -0.756293
v 3.031799 0.140402 -0.740825
v 3.070841 0.141498 -0.737211
v 3.171017 0.140602 -0.775281
v 3.269778 0.139462 -0.816093
v 3.295709 0.137700 -0.845470
v 3.311281 0.135211 -0.881384
v 3.314968 0.132236 -0.920321
v 3.306411 0.129069 -0.958469
v 3.290226 0.121461 -0.994799
v 3.259684 0.118725 -1.021595
v 3.222318 0.116688 -1.037654
v 3.181785 0.115550 -1.041406
v 3.080029 0.116351 -1.004123
v 2.980097 0.117614 -0.961433
v 2.953175 0.119443 -0.930934
v 2.937009 0.122028 -0.893648
v 2.933180 0.125116 -0.853224
v 2.942065 0.128404 -0.813619
v 2.962793 0.131572 -0.778710
v 2.993334 0.134308 -0.751914
v 3.030701 0.136345 -0.735854
v 3.071234 0.137483 -0.732102
v 3.172872 0.136592 -0.770501
v 3.272922 0.135419 -0.812076
v 3.299844 0.133590 -0.842574
v 3.316010 0.131005 -0.879861
v 3.319838 0.127917 -0.920285
v 3.310953 0.124629 -0.959890
v 3.292709 0.115820 -0.996323
v 3.261446 0.113019 -1.023751
v 3.223197 0.110934 -1.040190
v 3.181707 0.109768 -1.044031
v 3.079013 0.110567 -1.006537
v 2.978253 0.111851 -0.963357
v 2.950695 0.113723 -0.932138
v 2.934147 0.116369 -0.893971
v 2.930228 0.119530 -0.852592
v 2.939322 0.122896 -0.812051
v 2.960540 0.126138 -0.776318
v 2.991803 0.128939 -0.748889
v 3.030052 0.131024 -0.732450
v 3.071542 0.132189 -0.728610
v 3.174119 0.131301 -0.767219
v 3.274997 0.130107 -0.809283
v 3.302554 0.128235 -0.840502
v 3.319103 0.125589 -0.878669
v 3.323021 0.122428 -0.920048
v 3.313927 0.119062 -0.960589
v 3.293654 0.109645 -0.996516
v 3.262142 0.106822 -1.024163
v 3.223588 0.104721 -1.040733
v 3.181768 0.103546 -1.044604
v 3.078751 0.104343 -1.007037
v 2.977705 0.105635 -0.963689
v 2.949928 0.107522 -0.932221
v 2.933249 0.110189 -0.893751
v 2.929299 0.113374 -0.852043
v 2.938465 0.116767 -0.811180
v 2.959852 0.120035 -0.775162
v 2.991363 0.122858 -0.747515
v 3.029917 0.124960 -0.730946
v 3.071737 0.126135 -0.727075
v 3.174637 0.125248 -0.765757
v 3.275800 0.124046 -0.807990
v 3.303577 0.122159 -0.839457
v 3.320256 0.119492 -0.877928
v 3.324206 0.116306 -0.919636
v 3.315039 0.112913 -0.960498
v 3.292965 0.103543 -0.995361
v 3.261702 0.100742 -1.022789
v 3.223453 0.098657 -1.039228
v 3.181963 0.097492 -1.043069
v 3.079269 0.098290 -1.005575
v 2.978508 0.099574 -0.962395
v 2.950950 0.101446 -0.931176
v 2.934402 0.104092 -0.893009
v 2.930484 0.107253 -0.851630
v 2.939578 0.110619 -0.811089
v 2.960796 0.113861 -0.775356
v 2.992059 0.116662 -0.747927
v 3.030308 0.118747 -0.731488
v 3.071798 0.119912 -0.727648
v 3.174375 0.119024 -0.766257
v 3.275252 0.117830 -0.808321
v 3.302810 0.115958 -0.839540
v 3.319358 0.113312 -0.877707
v 3.323277 0.110151 -0.919086
v 3.314183 0.106785 -0.959627
v 3.290712 0.098109 -0.992969
v 3.260171 0.095373 -1.019765
v 3.222804 0.093336 -1.035824
v 3.182271 0.092198 -1.039576
v 3.080516 0.092999 -1.002293
v 2.980583 0.094262 -0.959603
v 2.953661 0.096091 -0.929104
v 2.937495 0.098676 -0.891818
v 2.933667 0.101764 -0.851394
v 2.942551 0.105052 -0.811789
v 2.963279 0.108219 -0.776880
v 2.993821 0.110956 -0.750084
v 3.031187 0.112992 -0.734024
v 3.071720 0.114131 -0.730273
v 3.173358 0.113240 -0.768671
v 3.273408 0.112067 -0.810246
v 3.300330 0.110238 -0.840744
v 3.316496 0.107653 -0.878031
v 3.320324 0.104565 -0.918455
v 3.311440 0.101277 -0.958060
v 3.287115 0.093877 -0.989575
v 3.257697 0.091241 -1.015385
v 3.221706 0.089279 -1.030854
v 3.182664 0.088183 -1.034467
v 3.082370 0.088989 -0.997513
v 2.983727 0.090219 -0.955585
v 2.957796 0.091980 -0.926209
v 2.942224 0.094470 -0.890294
v 2.938537 0.097444 -0.851357
v 2.947094 0.100612 -0.813209
v 2.967059 0.103663 -0.779585
v 2.996478 0.106298 -0.753775
v 3.032469 0.108260 -0.738306
v 3.071511 0.109357 -0.734692
v 3.171687 0.108461 -0.772762
v 3.270448 0.107321 -0.813575
v 3.296379 0.105559 -0.842951
v 3.311951 0.103069 -0.878866
v 3.315638 0.100095 -0.917803
v 3.307080 0.096927 -0.955950
v 3.282526 0.091259 -0.985512
v 3.254524 0.088751 -1.010079
v 3.220265 0.086883 -1.024804
v 3.183102 0.085839 -1.028243
v 3.084650 0.086651 -0.991702
v 2.987631 0.087840 -0.950736
v 2.962948 0.089517 -0.922773
v 2.948126 0.091887 -0.888587
v 2.944616 0.094718 -0.851524
v 2.952762 0.097733 -0.815212
v 2.971766 0.100637 -0.783206
v 2.999768 0.103145 -0.758638
v 3.034028 0.105013 -0.743914
v 3.071190 0.106057 -0.740474
v 3.169524 0.105155 -0.778131
v 3.266661 0.104056 -0.817982
v 3.291344 0.102379 -0.845945
v 3.306166 0.100010 -0.880131
v 3.309676 0.097178 -0.917194
v 3.301530 0.094163 -0.953505
v 3.277394 0.090514 -0.981176
v 3.250961 0.088146 -1.004367
v 3.218622 0.086383 -1.018266
v 3.183542 0.085397 -1.021513
v 3.087133 0.086216 -0.985430
v 2.991915 0.087359 -0.945529
v 2.968615 0.088941 -0.919133
v 2.954624 0.091179 -0.886863
v 2.951311 0.093851 -0.851878
v 2.959000 0.096697 -0.817602
v 2.976939 0.099438 -0.787389
v 3.003371 0.101806 -0.764199
v 3.035710 0.103569 -0.750300
v 3.070790 0.104554 -0.747053
v 3.167082 0.103646 -0.784251
v 3.262418 0.102593 -0.823037
v 3.285718 0.101010 -0.849432
v 3.299709 0.098773 -0.881702
v 3.303022 0.096101 -0.916687
v 3.295333 0.093255 -0.950964
v 3.272221 0.091712 -0.976993
v 3.247358 0.089485 -0.998806
v 3.216939 0.087827 -1.011880
v 3.183943 0.086900 -1.014934
v 3.089575 0.087725 -0.979310
v 2.996158 0.088822 -0.940474
v 2.974241 0.090311 -0.915646
v 2.961081 0.092415 -0.885292
v 2.957965 0.094929 -0.852384
v 2.965197 0.097606 -0.820143
v 2.982071 0.100184 -0.791725
v 3.006934 0.102411 -0.769911
v 3.037353 0.104070 -0.756837
v 3.070350 0.104997 -0.753783
v 3.164600 0.104081 -0.790523
v 3.258134 0.103075 -0.828244
v 3.280051 0.101586 -0.853072
v 3.293211 0.099481 -0.883425
v 3.296328 0.096968 -0.916333
v 3.289095 0.094291 -0.948575
v 3.267514 0.094738 -0.973371
v 3.244067 0.092637 -0.993943
v 3.215381 0.091074 -1.006272
v 3.184263 0.090200 -1.009152
v 3.091737 0.091031 -0.973942
v 2.999945 0.092086 -0.936066
v 2.979277 0.093490 -0.912652
v 2.966866 0.095475 -0.884027
v 2.963927 0.097845 -0.852993
v 2.970747 0.100370 -0.822588
v 2.986660 0.102801 -0.795788
v 3.010107 0.104902 -0.775217
v 3.038794 0.106466 -0.762888
v 3.069911 0.107340 -0.760008
v 3.162320 0.106419 -0.796333
v 3.254230 0.105453 -0.833093
v 3.274898 0.104049 -0.856508
v 3.287309 0.102065 -0.885133
v 3.290248 0.099694 -0.916167
v 3.283427 0.097170 -0.946572
v 3.263734 0.099295 -0.970666
v 3.241411 0.097295 -0.990252
v 3.214099 0.095806 -1.001990
v 3.184473 0.094974 -1.004732
v 3.093408 0.095810 -0.969850
v 3.002905 0.096832 -0.932738
v 2.983228 0.098169 -0.910445
v 2.971411 0.100058 -0.883192
v 2.968613 0.102315 -0.853646
v 2.975107 0.104719 -0.824698
v 2.990257 0.107034 -0.799182
v 3.012581 0.109034 -0.779597
v 3.039892 0.110523 -0.767858
v 3.069519 0.111355 -0.765116
v 3.160465 0.110429 -0.801113
v 3.251086 0.109497 -0.837111
v 3.270764 0.108160 -0.859403
v 3.282580 0.106270 -0.886656
v 3.285378 0.104013 -0.916203
v 3.278884 0.101610 -0.945151
v 3.261251 0.104936 -0.969143
v 3.239648 0.103001 -0.988095
v 3.213219 0.101560 -0.999454
v 3.184551 0.100755 -1.002108
v 3.094425 0.101594 -0.967436
v 3.004749 0.102595 -0.930813
v 2.985708 0.103889 -0.909241
v 2.974273 0.105717 -0.882869
v 2.971566 0.107901 -0.854277
v 2.977850 0.110227 -0.826265
v 2.992510 0.112467 -0.801574
v 3.014112 0.114403 -0.782621
v 3.040541 0.115843 -0.771262
v 3.069210 0.116649 -0.768609
v 3.159218 0.115720 -0.804395
v 3.249011 0.114808 -0.839903
v 3.268053 0.113515 -0.861475
v 3.279487 0.111687 -0.887847
v 3.282195 0.109503 -0.916439
v 3.275911 0.107177 -0.944452
vt 0.279757 0.356669
vt 0.279757 0.341501
vt 0.283757 0.341697
vt 0.283757 0.357041
vt 0.275758 0.357041
vt 0.275758 0.341697
vt 0.279757 0.324687
vt 0.283757 0.324687
vt 0.287365 0.342265
vt 0.287365 0.358122
vt 0.279757 0.368707
vt 0.283757 0.369219
vt 0.272150 0.358122
vt 0.272150 0.342265
vt 0.275758 0.324687
vt 0.275758 0.369219
vt 0.279757 0.307873
vt 0.283757 0.307677
vt 0.287365 0.324687
vt 0.290228 0.343150
vt 0.290228 0.359805
vt 0.287365 0.370706
vt 0.269287 0.359805
vt 0.269287 0.343150
vt 0.272150 0.324687
vt 0.272150 0.370706
vt 0.275758 0.307677
vt 0.279757 0.292705
vt 0.283757 0.292333
vt 0.287365 0.307109
vt 0.290228 0.324687
vt 0.290228 0.373023
vt 0.269287 0.324687
vt 0.269287 0.373023
vt 0.272150 0.307109
vt 0.275758 0.292333
vt 0.279757 0.280667
vt 0.283757 0.280155
vt 0.287365 0.291252
vt 0.290228 0.306224
vt 0.269287 0.306224
vt 0.272150 0.291252
vt 0.275758 0.280155
vt 0.287365 0.278668
vt 0.290228 0.289569
vt 0.269287 0.289569
vt 0.272150 0.278668
vt 0.290228 0.276351
vt 0.269287 0.276351
vt 0.256656 0.307873
vt 0.256656 0.292705
vt 0.260655 0.292333
vt 0.260655 0.307677
vt 0.252656 0.307677
vt 0.252656 0.292333
vt 0.256656 0.280667
vt 0.260655 0.280155
vt 0.264263 0.291252
vt 0.264263 0.307109
vt 0.256656 0.324687
vt 0.260655 0.324687
vt 0.249048 0.307109
vt 0.249048 0.291252
vt 0.252656 0.280155
vt 0.252656 0.324687
vt 0.264263 0.278668
vt 0.267126 0.289569
vt 0.267126 0.306224
vt 0.264263 0.324687
vt 0.256656 0.341501
vt 0.260655 0.341697
vt 0.246185 0.306224
vt 0.246185 0.289569
vt 0.249048 0.278668
vt 0.249048 0.324687
vt 0.252656 0.341697
vt 0.267126 0.276351
vt 0.267126 0.324687
vt 0.264263 0.342265
vt 0.256656 0.356669
vt 0.260655 0.357041
vt 0.246185 0.276351
vt 0.246185 0.324687
vt 0.249048 0.342265
vt 0.252656 0.357041
vt 0.267126 0.343150
vt 0.264263 0.358122
vt 0.256656 0.368707
vt 0.260655 0.369219
vt 0.246185 0.343150
vt 0.249048 0.358122
vt 0.252656 0.369219
vt 0.267126 0.359805
vt 0.264263 0.370706
vt 0.246185 0.359805
vt 0.249048 0.370706
vt 0.267126 0.373023
vt 0.246185 0.373023
vt 0.333568 0.295568
vt 0.333568 0.317263
vt 0.329961 0.316695
vt 0.329961 0.294488
vt 0.336432 0.297251
vt 0.336432 0.318148
vt 0.333568 0.341312
vt 0.329961 0.341312
vt 0.325961 0.316499
vt 0.325961 0.294115
vt 0.333568 0.278351
vt 0.329961 0.276864
vt 0.336432 0.341312
vt 0.336432 0.280667
vt 0.333568 0.365361
vt 0.329961 0.365929
vt 0.325961 0.341312
vt 0.321962 0.316695
vt 0.321962 0.294488
vt 0.325961 0.276351
vt 0.336432 0.364476
vt 0.333568 0.387056
vt 0.329961 0.388136
vt 0.325961 0.366125
vt 0.321962 0.341312
vt 0.318354 0.317263
vt 0.318354 0.295568
vt 0.321962 0.276864
vt 0.336432 0.385373
vt 0.333568 0.404273
vt 0.329961 0.405760
vt 0.325961 0.388509
vt 0.321962 0.365929
vt 0.318354 0.341312
vt 0.315491 0.318148
vt 0.315491 0.297251
vt 0.318354 0.278351
vt 0.336432 0.401957
vt 0.325961 0.406273
vt 0.321962 0.388136
vt 0.318354 0.365361
vt 0.315491 0.341312
vt 0.315491 0.280667
vt 0.321962 0.405760
vt 0.318354 0.387056
vt 0.315491 0.364476
vt 0.318354 0.404273
vt 0.315491 0.385373
vt 0.315491 0.401957
vt 0.310467 0.365361
vt 0.310467 0.387056
vt 0.306859 0.388136
vt 0.306859 0.365929
vt 0.313330 0.364476
vt 0.313330 0.385373
vt 0.310467 0.404273
vt 0.306859 0.405760
vt 0.302859 0.388509
vt 0.302859 0.366125
vt 0.310467 0.341312
vt 0.306859 0.341312
vt 0.313330 0.401957
vt 0.313330 0.341312
vt 0.302859 0.406273
vt 0.298860 0.388136
vt 0.298860 0.365929
vt 0.302859 0.341312
vt 0.310467 0.317263
vt 0.306859 0.316695
vt 0.313330 0.318148
vt 0.298860 0.405760
vt 0.295252 0.387056
vt 0.295252 0.365361
vt 0.298860 0.341312
vt 0.302859 0.316499
vt 0.310467 0.295568
vt 0.306859 0.294488
vt 0.313330 0.297251
vt 0.295252 0.404273
vt 0.292389 0.385373
vt 0.292389 0.364476
vt 0.295252 0.341312
vt 0.298860 0.316695
vt 0.302859 0.294115
vt 0.310467 0.278351
vt 0.306859 0.276864
vt 0.313330 0.280667
vt 0.292389 0.401957
vt 0.292389 0.341312
vt 0.295252 0.317263
vt 0.298860 0.294488
vt 0.302859 0.276351
vt 0.292389 0.318148
vt 0.295252 0.295568
vt 0.298860 0.276864
vt 0.292389 0.297251
vt 0.295252 0.278351
vt 0.292389 0.280667
vt 0.130603 0.070013
vt 0.113948 0.061527
vt 0.115063 0.058096
vt 0.132724 0.067094
vt 0.095485 0.058603
vt 0.095485 0.054995
vt 0.116299 0.054292
vt 0.135075 0.063859
vt 0.143821 0.083231
vt 0.146740 0.081110
vt 0.077023 0.061527
vt 0.075908 0.058096
vt 0.095485 0.050995
vt 0.117534 0.050488
vt 0.137425 0.060623
vt 0.149975 0.078759
vt 0.152307 0.099886
vt 0.155738 0.098771
vt 0.060367 0.070013
vt 0.058247 0.067094
vt 0.074672 0.054292
vt 0.095485 0.046996
vt 0.118649 0.047057
vt 0.139546 0.057704
vt 0.153211 0.076409
vt 0.159542 0.097535
vt 0.149584 0.100771
vt 0.141504 0.084914
vt 0.153131 0.159076
vt 0.156739 0.159076
vt 0.047149 0.083231
vt 0.044231 0.081110
vt 0.055896 0.063859
vt 0.073436 0.050488
vt 0.095485 0.043388
vt 0.156130 0.074288
vt 0.163346 0.096300
vt 0.160739 0.159076
vt 0.150268 0.159076
vt 0.152307 0.218447
vt 0.155738 0.219562
vt 0.038663 0.099886
vt 0.035232 0.098771
vt 0.040995 0.078759
vt 0.053545 0.060623
vt 0.072321 0.047057
vt 0.166777 0.095185
vt 0.164738 0.159076
vt 0.159542 0.220798
vt 0.149584 0.217563
vt 0.143821 0.235103
vt 0.146740 0.237223
vt 0.049466 0.084914
vt 0.041386 0.100771
vt 0.038487 0.159076
vt 0.034879 0.159076
vt 0.031428 0.097535
vt 0.037759 0.076409
vt 0.051424 0.057704
vt 0.158446 0.072605
vt 0.169500 0.094300
vt 0.168346 0.159076
vt 0.163346 0.222034
vt 0.149975 0.239574
vt 0.141504 0.233420
vt 0.130603 0.248320
vt 0.132724 0.251239
vt 0.041350 0.159076
vt 0.038663 0.218447
vt 0.035232 0.219562
vt 0.030880 0.159076
vt 0.027624 0.096300
vt 0.034841 0.074288
vt 0.171209 0.159076
vt 0.166777 0.223149
vt 0.153211 0.241925
vt 0.135075 0.254475
vt 0.113948 0.256807
vt 0.115063 0.260238
vt 0.041386 0.217563
vt 0.047149 0.235103
vt 0.044231 0.237223
vt 0.031428 0.220798
vt 0.026880 0.159076
vt 0.024193 0.095185
vt 0.169500 0.224034
vt 0.156130 0.244046
vt 0.137425 0.257710
vt 0.116299 0.264042
vt 0.095485 0.259731
vt 0.095485 0.263339
vt 0.049466 0.233420
vt 0.060367 0.248320
vt 0.058247 0.251239
vt 0.040995 0.239574
vt 0.027624 0.222034
vt 0.023272 0.159076
vt 0.021470 0.094300
vt 0.032524 0.072605
vt 0.158446 0.245729
vt 0.139546 0.260629
vt 0.117534 0.267845
vt 0.095485 0.267338
vt 0.077023 0.256807
vt 0.075908 0.260238
vt 0.055896 0.254475
vt 0.037759 0.241925
vt 0.024193 0.223149
vt 0.020409 0.159076
vt 0.118649 0.271277
vt 0.095485 0.271338
vt 0.074672 0.264042
vt 0.053545 0.257710
vt 0.034841 0.244046
vt 0.021470 0.224034
vt 0.095485 0.274946
vt 0.073436 0.267845
vt 0.051424 0.260629
vt 0.032524 0.245729
vt 0.072321 0.271277
vt 0.205202 0.057704
vt 0.226099 0.047057
vt 0.227214 0.050488
vt 0.207323 0.060623
vt 0.249263 0.043388
vt 0.249263 0.046996
vt 0.228450 0.054292
vt 0.209674 0.063859
vt 0.188619 0.074288
vt 0.191538 0.076409
vt 0.272427 0.047057
vt 0.271313 0.050488
vt 0.249263 0.050995
vt 0.229686 0.058095
vt 0.212025 0.067094
vt 0.194773 0.078759
vt 0.177971 0.095185
vt 0.181403 0.096300
vt 0.293324 0.057704
vt 0.291203 0.060623
vt 0.270077 0.054292
vt 0.249263 0.054995
vt 0.230801 0.061527
vt 0.214145 0.070013
vt 0.198009 0.081110
vt 0.185206 0.097536
vt 0.175248 0.094300
vt 0.186302 0.072605
vt 0.176403 0.159076
vt 0.180010 0.159076
vt 0.309908 0.074288
vt 0.306989 0.076409
vt 0.288853 0.063859
vt 0.268841 0.058095
vt 0.249263 0.058603
vt 0.200928 0.083231
vt 0.189010 0.098771
vt 0.184010 0.159076
vt 0.173539 0.159076
vt 0.177971 0.223149
vt 0.181403 0.222034
vt 0.320555 0.095185
vt 0.317124 0.096300
vt 0.303753 0.078759
vt 0.286502 0.067094
vt 0.267726 0.061527
vt 0.192441 0.099886
vt 0.188009 0.159076
vt 0.185206 0.220798
vt 0.175248 0.224034
vt 0.188619 0.244046
vt 0.191538 0.241925
vt 0.312224 0.072605
vt 0.323278 0.094300
vt 0.321476 0.159076
vt 0.317868 0.159076
vt 0.313320 0.097536
vt 0.300518 0.081110
vt 0.284381 0.070013
vt 0.203244 0.084914
vt 0.195164 0.100771
vt 0.191617 0.159076
vt 0.189010 0.219562
vt 0.194773 0.239574
vt 0.186302 0.245729
vt 0.205202 0.260629
vt 0.207323 0.257710
vt 0.324340 0.159076
vt 0.320555 0.223149
vt 0.317124 0.222034
vt 0.313869 0.159076
vt 0.309517 0.098771
vt 0.297599 0.083231
vt 0.194480 0.159076
vt 0.192441 0.218447
vt 0.198009 0.237223
vt 0.209674 0.254475
vt 0.226099 0.271277
vt 0.227214 0.267845
vt 0.323278 0.224034
vt 0.309908 0.244046
vt 0.306989 0.241925
vt 0.313320 0.220798
vt 0.309870 0.159076
vt 0.306085 0.099886
vt 0.195164 0.217563
vt 0.200928 0.235103
vt 0.212025 0.251239
vt 0.228450 0.264042
vt 0.249263 0.274946
vt 0.249263 0.271338
vt 0.312224 0.245729
vt 0.293324 0.260629
vt 0.291203 0.257710
vt 0.303753 0.239574
vt 0.309517 0.219562
vt 0.306262 0.159076
vt 0.303362 0.100771
vt 0.295283 0.084914
vt 0.203244 0.233420
vt 0.214145 0.248320
vt 0.229686 0.260238
vt 0.249263 0.267338
vt 0.272428 0.271277
vt 0.271313 0.267845
vt 0.288853 0.254475
vt 0.300518 0.237223
vt 0.306085 0.218447
vt 0.303398 0.159076
vt 0.230801 0.256807
vt 0.249263 0.263339
vt 0.270077 0.264042
vt 0.286502 0.251239
vt 0.297599 0.235103
vt 0.303362 0.217563
vt 0.249263 0.259731
vt 0.268841 0.260238
vt 0.284381 0.248320
vt 0.295283 0.233420
vt 0.267726 0.256807
vt 0.363575 0.237444
vt 0.363575 0.222276
vt 0.367574 0.221904
vt 0.367574 0.237248
vt 0.359576 0.237248
vt 0.359576 0.221904
vt 0.371182 0.220823
vt 0.371182 0.236680
vt 0.363575 0.294986
vt 0.367574 0.294986
vt 0.355968 0.236680
vt 0.355968 0.220823
vt 0.359576 0.294986
vt 0.371182 0.294986
vt 0.363575 0.352708
vt 0.367574 0.352904
vt 0.355968 0.294986
vt 0.359576 0.352904
vt 0.371182 0.353472
vt 0.363575 0.367876
vt 0.367574 0.368248
vt 0.355968 0.353472
vt 0.359576 0.368248
vt 0.371182 0.369329
vt 0.355968 0.369329
vt 0.346200 0.352708
vt 0.346200 0.367876
vt 0.342200 0.368248
vt 0.342200 0.352904
vt 0.350199 0.352904
vt 0.350199 0.368248
vt 0.338592 0.369329
vt 0.338592 0.353472
vt 0.346200 0.294986
vt 0.342200 0.294986
vt 0.353807 0.353472
vt 0.353807 0.369329
vt 0.350199 0.294986
vt 0.338592 0.294986
vt 0.346200 0.237444
vt 0.342200 0.237248
vt 0.353807 0.294986
vt 0.350199 0.237248
vt 0.338592 0.236680
vt 0.346200 0.222276
vt 0.342200 0.221904
vt 0.353807 0.236680
vt 0.350199 0.221904
vt 0.338592 0.220823
vt 0.353807 0.220823
vt 0.326601 0.066536
vt 0.326601 0.044841
vt 0.330209 0.043760
vt 0.330209 0.065968
vt 0.334208 0.043388
vt 0.334208 0.065772
vt 0.326601 0.131312
vt 0.330209 0.131312
vt 0.338208 0.043760
vt 0.338208 0.065968
vt 0.334208 0.131312
vt 0.326601 0.196270
vt 0.330209 0.196838
vt 0.341816 0.044841
vt 0.341816 0.066536
vt 0.338208 0.131312
vt 0.334208 0.197033
vt 0.326601 0.217965
vt 0.330209 0.219045
vt 0.341816 0.131312
vt 0.338208 0.196838
vt 0.334208 0.219417
vt 0.341816 0.196270
vt 0.338208 0.219045
vt 0.341816 0.217965
vt 0.359661 0.196270
vt 0.359661 0.217965
vt 0.356053 0.219045
vt 0.356053 0.196838
vt 0.352054 0.219417
vt 0.352054 0.197033
vt 0.359661 0.131312
vt 0.356053 0.131312
vt 0.348055 0.219045
vt 0.348055 0.196838
vt 0.352054 0.131312
vt 0.359661 0.066536
vt 0.356053 0.065968
vt 0.344447 0.217965
vt 0.344447 0.196270
vt 0.348055 0.131312
vt 0.352054 0.065772
vt 0.359661 0.044841
vt 0.356053 0.043760
vt 0.344447 0.131312
vt 0.348055 0.065968
vt 0.352054 0.043388
vt 0.344447 0.066536
vt 0.348055 0.043760
vt 0.344447 0.044841
vn -0.535644 0.054870 0.842660
vn -0.770298 0.033848 0.636785
vn -0.731642 0.370055 0.572502
vn -0.510910 0.389830 0.766162
vn -0.248557 0.070520 0.966047
vn -0.240858 0.404553 0.882227
vn 0.261011 0.080817 0.961947
vn 0.237220 0.415899 0.877926
vn 0.368120 0.080256 0.926308
vn 0.341116 0.401613 0.849910
vn 0.470293 0.078678 0.878996
vn 0.435983 0.413857 0.799150
vn 0.844189 0.059337 0.532751
vn 0.787054 0.394035 0.474639
vn 0.968394 0.039477 0.246281
vn 0.903890 0.375353 0.205166
vn 0.997806 0.015752 -0.064298
vn 0.931557 0.353037 -0.086986
vn 0.929546 -0.009514 -0.368582
vn 0.867347 0.329270 -0.373216
vn 0.770296 -0.033849 -0.636788
vn 0.717546 0.306379 -0.625508
vn 0.535643 -0.054869 -0.842660
vn 0.496815 0.286605 -0.819166
vn 0.248558 -0.070519 -0.966047
vn 0.226763 0.271884 -0.935231
vn -0.269832 -0.080808 -0.959511
vn -0.259619 0.264071 -0.928905
vn -0.368120 -0.080254 -0.926308
vn -0.354782 0.249041 -0.901171
vn -0.462673 -0.078831 -0.883017
vn -0.443024 0.265962 -0.856151
vn -0.844189 -0.059333 -0.532752
vn -0.801149 0.282401 -0.527645
vn -0.968394 -0.039474 -0.246281
vn -0.917986 0.301081 -0.258171
vn -0.997806 -0.015752 0.064300
vn -0.945653 0.323398 0.033982
vn -0.929547 0.009514 0.368582
vn -0.881443 0.347165 0.320211
vn -0.611728 0.653527 0.445748
vn -0.429360 0.669863 0.605750
vn -0.206242 0.682026 0.701644
vn 0.185715 0.692742 0.696863
vn 0.278401 0.673528 0.684729
vn 0.354355 0.691006 0.630034
vn 0.643018 0.673334 0.364896
vn 0.739548 0.657900 0.142256
vn 0.762407 0.639462 -0.099119
vn 0.709356 0.619827 -0.335603
vn 0.585590 0.600913 -0.544048
vn 0.403223 0.584576 -0.704047
vn 0.180106 0.572413 -0.799941
vn -0.218601 0.567730 -0.793660
vn -0.304138 0.545332 -0.781097
vn -0.374805 0.569346 -0.731687
vn -0.669156 0.581104 -0.463194
vn -0.765686 0.596539 -0.240553
vn -0.788544 0.614978 0.000823
vn -0.735492 0.634616 0.237305
vn -0.435271 0.855720 0.279790
vn -0.307990 0.867123 0.391458
vn -0.152270 0.875612 0.458385
vn 0.117771 0.883822 0.452757
vn 0.189968 0.869124 0.456657
vn 0.239993 0.882566 0.404327
vn 0.440456 0.869545 0.223360
vn 0.507828 0.858772 0.067972
vn 0.523781 0.845905 -0.100491
vn 0.486754 0.832201 -0.265540
vn 0.400375 0.819001 -0.411021
vn 0.273096 0.807598 -0.522689
vn 0.117375 0.799109 -0.589616
vn -0.157180 0.797186 -0.582914
vn -0.224792 0.777761 -0.586989
vn -0.271006 0.798362 -0.537749
vn -0.475351 0.805175 -0.354590
vn -0.542722 0.815948 -0.199202
vn -0.558675 0.828817 -0.030739
vn -0.521649 0.842522 0.134310
vn -0.227316 0.969062 0.096161
vn -0.164162 0.974719 0.151568
vn -0.086897 0.978931 0.184777
vn 0.044177 0.982989 0.178272
vn 0.086749 0.977247 0.193553
vn 0.107311 0.982343 0.153253
vn 0.207199 0.975921 0.068161
vn 0.240628 0.970576 -0.008938
vn 0.248545 0.964191 -0.092526
vn 0.230174 0.957391 -0.174421
vn 0.187313 0.950842 -0.246604
vn 0.124159 0.945184 -0.302011
vn 0.046894 0.940973 -0.335219
vn -0.086179 0.940778 -0.327888
vn -0.127002 0.930228 -0.344304
vn -0.145352 0.941386 -0.304410
vn -0.247203 0.943982 -0.218605
vn -0.280632 0.949327 -0.141504
vn -0.288549 0.955712 -0.057916
vn -0.270177 0.962512 0.023978
vn -0.006380 0.995923 -0.089980
vn -0.010762 0.995530 -0.093825
vn -0.016123 0.995238 -0.096129
vn -0.027713 0.994285 -0.103095
vn -0.021987 0.996458 -0.081171
vn -0.032877 0.994337 -0.101056
vn -0.036528 0.995447 -0.088038
vn -0.038848 0.995818 -0.082688
vn -0.039397 0.996261 -0.076889
vn -0.038122 0.996733 -0.071207
vn -0.035148 0.997187 -0.066199
vn -0.030767 0.997580 -0.062354
vn -0.025406 0.997872 -0.060050
vn -0.013329 0.998536 -0.052423
vn -0.019909 0.996913 -0.075943
vn -0.008552 0.998487 -0.054324
vn -0.005000 0.997663 -0.068141
vn -0.002681 0.997292 -0.073491
vn -0.002132 0.996849 -0.079290
vn -0.003407 0.996378 -0.084972
vn 0.214150 0.939373 -0.267804
vn 0.142886 0.932989 -0.330327
vn 0.055699 0.928236 -0.367799
vn -0.093538 0.922444 -0.374631
vn -0.128624 0.928497 -0.348351
vn -0.172214 0.923241 -0.343464
vn -0.276164 0.931632 -0.236209
vn -0.313887 0.937663 -0.149209
vn -0.322818 0.944868 -0.054887
vn -0.302086 0.952542 0.037523
vn -0.253724 0.959932 0.118976
vn -0.182462 0.966315 0.181500
vn -0.095273 0.971069 0.218971
vn 0.056701 0.972423 0.226228
vn 0.088776 0.976032 0.198695
vn 0.131001 0.971665 0.196739
vn 0.236590 0.967672 0.087380
vn 0.274310 0.961641 0.000380
vn 0.283243 0.954436 -0.093942
vn 0.262514 0.946763 -0.186351
vn 0.421229 0.800380 -0.426565
vn 0.287710 0.788419 -0.543708
vn 0.124353 0.779515 -0.613915
vn -0.150132 0.769973 -0.620163
vn -0.225710 0.775780 -0.589254
vn -0.301881 0.771510 -0.560036
vn -0.497428 0.785880 -0.367366
vn -0.568102 0.797180 -0.204362
vn -0.584837 0.810680 -0.027641
vn -0.545996 0.825057 0.145499
vn -0.455381 0.838903 0.298110
vn -0.321863 0.850863 0.415253
vn -0.158510 0.859768 0.485461
vn 0.120610 0.862356 0.491726
vn 0.191470 0.866761 0.460505
vn 0.264514 0.860892 0.434623
vn 0.463272 0.853405 0.238914
vn 0.533948 0.842103 0.075909
vn 0.550685 0.828603 -0.100814
vn 0.511844 0.814227 -0.273953
vn 0.597695 0.581218 -0.552220
vn 0.411763 0.564557 -0.715350
vn 0.184284 0.552158 -0.813118
vn -0.193885 0.540558 -0.818661
vn -0.304472 0.543988 -0.781904
vn -0.410037 0.542751 -0.733001
vn -0.681583 0.561024 -0.469784
vn -0.780001 0.576760 -0.242791
vn -0.803308 0.595555 0.003302
vn -0.749221 0.615574 0.244411
vn -0.623033 0.634858 0.456930
vn -0.437100 0.651518 0.620055
vn -0.209620 0.663918 0.717824
vn 0.174624 0.668627 0.722804
vn 0.279192 0.671102 0.686785
vn 0.380159 0.666535 0.641257
vn 0.656247 0.655053 0.374493
vn 0.754665 0.639316 0.147501
vn 0.777968 0.620520 -0.098594
vn 0.723878 0.600504 -0.339700
vn 0.721268 0.293552 -0.627375
vn 0.499486 0.273678 -0.821957
vn 0.228145 0.258884 -0.938578
vn -0.220205 0.247126 -0.943630
vn -0.354837 0.248506 -0.901296
vn -0.481652 0.249787 -0.840011
vn -0.804678 0.269455 -0.529044
vn -0.922071 0.288227 -0.258283
vn -0.949870 0.310652 0.035262
vn -0.885353 0.334532 0.322860
vn -0.734835 0.357532 0.576357
vn -0.513053 0.377399 0.770939
vn -0.241712 0.392189 0.887560
vn 0.213603 0.399704 0.891409
vn 0.341342 0.400129 0.850519
vn 0.462597 0.397163 0.792632
vn 0.791112 0.381618 0.478027
vn 0.908506 0.362848 0.207265
vn 0.936303 0.340429 -0.086280
vn 0.871786 0.316553 -0.373877
vn 0.770296 -0.033850 -0.636787
vn 0.535643 -0.054870 -0.842660
vn 0.248559 -0.070520 -0.966046
vn -0.224888 -0.080775 -0.971031
vn -0.368120 -0.080255 -0.926308
vn -0.502801 -0.077935 -0.860881
vn -0.844188 -0.059336 -0.532753
vn -0.968395 -0.039476 -0.246279
vn -0.997806 -0.015752 0.064297
vn -0.929546 0.009514 0.368582
vn -0.770296 0.033848 0.636788
vn -0.535645 0.054870 0.842659
vn -0.248556 0.070520 0.966047
vn 0.232093 0.080792 0.969332
vn 0.368120 0.080255 0.926308
vn 0.496905 0.078078 0.864285
vn 0.844189 0.059336 0.532752
vn 0.968394 0.039476 0.246281
vn 0.997806 0.015750 -0.064297
vn 0.929547 -0.009517 -0.368581
vn 0.734835 -0.357536 -0.576356
vn 0.513052 -0.377399 -0.770939
vn 0.241711 -0.392189 -0.887561
vn -0.206723 -0.399933 -0.892927
vn -0.341319 -0.400277 -0.850458
vn -0.468170 -0.397250 -0.789309
vn -0.791112 -0.381618 -0.478026
vn -0.908505 -0.362850 -0.207265
vn -0.936304 -0.340428 0.086280
vn -0.871787 -0.316548 0.373878
vn -0.721269 -0.293548 0.627376
vn -0.499487 -0.273678 0.821957
vn -0.228146 -0.258884 0.938578
vn 0.227075 -0.246851 0.942073
vn 0.354854 -0.248349 0.901333
vn 0.476069 -0.249415 0.843298
vn 0.804677 -0.269455 0.529045
vn 0.922072 -0.288226 0.258283
vn 0.949869 -0.310653 -0.035262
vn 0.885352 -0.334537 -0.322858
vn 0.623034 -0.634858 -0.456929
vn 0.437101 -0.651512 -0.620060
vn 0.209622 -0.663914 -0.717827
vn -0.168683 -0.668985 -0.723882
vn -0.279152 -0.671226 -0.686680
vn -0.384835 -0.666762 -0.638225
vn -0.656245 -0.655056 -0.374493
vn -0.754662 -0.639319 -0.147500
vn -0.777969 -0.620518 0.098593
vn -0.723883 -0.600497 0.339702
vn -0.597694 -0.581217 0.552221
vn -0.411761 -0.564563 0.715347
vn -0.184282 -0.552162 0.813116
vn 0.199809 -0.540126 0.817521
vn 0.304507 -0.543848 0.781988
vn 0.405345 -0.542248 0.735977
vn 0.681585 -0.561021 0.469784
vn 0.780003 -0.576756 0.242792
vn 0.803307 -0.595556 -0.003303
vn 0.749218 -0.615578 -0.244409
vn 0.455386 -0.838900 -0.298112
vn 0.321866 -0.850861 -0.415255
vn 0.158509 -0.859768 -0.485462
vn -0.116114 -0.862687 -0.492229
vn -0.191487 -0.866735 -0.460548
vn -0.267863 -0.861125 -0.432104
vn -0.463272 -0.853405 -0.238913
vn -0.533946 -0.842104 -0.075909
vn -0.550681 -0.828606 0.100812
vn -0.511840 -0.814230 0.273952
vn -0.421225 -0.800383 0.426564
vn -0.287707 -0.788421 0.543707
vn -0.124354 -0.779516 0.613915
vn 0.154613 -0.769539 0.619601
vn 0.225695 -0.775813 0.589217
vn 0.298516 -0.771027 0.562499
vn 0.497428 -0.785879 0.367367
vn 0.568105 -0.797178 0.204362
vn 0.584842 -0.810676 0.027639
vn 0.546001 -0.825053 -0.145501
vn 0.253724 -0.959932 -0.118976
vn 0.182460 -0.966316 -0.181499
vn 0.095273 -0.971069 -0.218970
vn -0.054052 -0.972595 -0.226137
vn -0.088944 -0.975930 -0.199121
vn -0.132730 -0.971787 -0.194971
vn -0.236590 -0.967672 -0.087381
vn -0.274313 -0.961640 -0.000380
vn -0.283244 -0.954436 0.093941
vn -0.262512 -0.946763 0.186351
vn -0.214150 -0.939372 0.267805
vn -0.142888 -0.932988 0.330328
vn -0.055699 -0.928235 0.367800
vn 0.096177 -0.922150 0.374686
vn 0.128462 -0.928671 0.347946
vn 0.170477 -0.922917 0.345197
vn 0.276164 -0.931632 0.236209
vn 0.313885 -0.937664 0.149208
vn 0.322817 -0.944869 0.054887
vn 0.302088 -0.952541 -0.037523
vn 0.035148 -0.997187 0.066199
vn 0.030767 -0.997580 0.062354
vn 0.025406 -0.997872 0.060050
vn 0.013809 -0.998496 0.053058
vn 0.019548 -0.996989 0.075034
vn 0.008644 -0.998444 0.055097
vn 0.005000 -0.997663 0.068141
vn 0.002681 -0.997292 0.073490
vn 0.002132 -0.996849 0.079290
vn 0.003406 -0.996378 0.084972
vn 0.006380 -0.995923 0.089980
vn 0.010762 -0.995530 0.093825
vn 0.016123 -0.995238 0.096129
vn 0.028192 -0.994206 0.103727
vn 0.021626 -0.996539 0.080263
vn 0.032968 -0.994256 0.101826
vn 0.036528 -0.995447 0.088038
vn 0.038848 -0.995818 0.082688
vn 0.039397 -0.996261 0.076889
vn 0.038122 -0.996733 0.071207
vn -0.187313 -0.950842 0.246603
vn -0.124159 -0.945185 0.302011
vn -0.046894 -0.940973 0.335219
vn 0.084257 -0.940564 0.329000
vn 0.126504 -0.930755 0.343062
vn 0.147390 -0.941208 0.303981
vn 0.247202 -0.943983 0.218603
vn 0.280630 -0.949328 0.141504
vn 0.288548 -0.955712 0.057917
vn 0.270178 -0.962512 -0.023978
vn 0.227316 -0.969061 -0.096162
vn 0.164162 -0.974719 -0.151569
vn 0.086897 -0.978931 -0.184776
vn -0.046093 -0.983107 -0.177134
vn -0.087264 -0.976942 -0.194859
vn -0.105266 -0.982502 -0.153655
vn -0.207200 -0.975921 -0.068162
vn -0.240628 -0.970576 0.008938
vn -0.248545 -0.964191 0.092526
vn -0.230174 -0.957391 0.174420
vn -0.400376 -0.819000 0.411020
vn -0.273096 -0.807598 0.522689
vn -0.117375 -0.799110 0.589616
vn 0.152791 -0.796909 0.584458
vn 0.224305 -0.778807 0.585788
vn 0.275013 -0.798150 0.536027
vn 0.475351 -0.805176 0.354590
vn 0.542723 -0.815948 0.199202
vn 0.558676 -0.828816 0.030739
vn 0.521649 -0.842522 -0.134310
vn 0.435270 -0.855720 -0.279791
vn 0.307991 -0.867122 -0.391459
vn 0.152270 -0.875612 -0.458387
vn -0.122150 -0.884037 -0.451174
vn -0.190494 -0.868299 -0.458005
vn -0.235976 -0.882878 -0.406008
vn -0.440457 -0.869545 -0.223359
vn -0.507827 -0.858773 -0.067972
vn -0.523780 -0.845905 0.100492
vn -0.486754 -0.832201 0.265540
vn -0.585591 -0.600914 0.544046
vn -0.403223 -0.584576 0.704047
vn -0.180105 -0.572412 0.799941
vn 0.211974 -0.567506 0.795616
vn 0.303824 -0.546595 0.780337
vn 0.380613 -0.569216 0.728785
vn 0.669156 -0.581104 0.463193
vn 0.765686 -0.596539 0.240553
vn 0.788544 -0.614978 -0.000822
vn 0.735493 -0.634615 -0.237306
vn 0.611727 -0.653526 -0.445750
vn 0.429360 -0.669864 -0.605750
vn 0.206244 -0.682026 -0.701644
vn -0.192333 -0.692933 -0.694875
vn -0.278765 -0.672413 -0.685675
vn -0.348538 -0.691346 -0.632900
vn -0.643018 -0.673334 -0.364896
vn -0.739549 -0.657899 -0.142256
vn -0.762406 -0.639462 0.099120
vn -0.709355 -0.619828 0.335603
vn -0.717548 -0.306376 0.625507
vn -0.496816 -0.286601 0.819166
vn -0.226764 -0.271880 0.935232
vn 0.251386 -0.263956 0.931200
vn 0.354691 -0.249918 0.900964
vn 0.450148 -0.265977 0.852422
vn 0.801149 -0.282403 0.527645
vn 0.917985 -0.301084 0.258171
vn 0.945652 -0.323401 -0.033981
vn 0.881442 -0.347168 -0.320211
vn 0.731640 -0.370059 -0.572503
vn 0.510909 -0.389833 -0.766161
vn 0.240858 -0.404555 -0.882226
vn -0.245449 -0.415996 -0.875616
vn -0.341242 -0.400783 -0.850251
vn -0.428854 -0.414127 -0.802859
vn -0.787055 -0.394031 -0.474641
vn -0.903891 -0.375349 -0.205167
vn -0.931559 -0.353032 0.086987
vn -0.867348 -0.329267 0.373216
s 1
g pTorus4
usemtl initialShadingGroup
f 1352/1917/1501 1351/1918/1502 1371/1919/1503 1372/1920/1504
f 1353/1927/1505 1352/1917/1501 1372/1920/1504 1373/1928/1506
f 1354/2353/1507 1353/2354/1505 1373/2355/1506 1374/2356/1508
f 1355/2361/1509 1354/2353/1507 1374/2356/1508 1375/2362/1510
f 1356/2367/1511 1355/2361/1509 1375/2362/1510 1376/2368/1512
f 1357/2372/1513 1356/2367/1511 1376/2368/1512 1377/2373/1514
f 1358/1967/1515 1357/1972/1513 1377/1973/1514 1378/1968/1516
f 1359/1966/1517 1358/1967/1515 1378/1968/1516 1379/1969/1518
f 1360/1976/1519 1359/1966/1517 1379/1969/1518 1380/1977/1520
f 1361/1986/1521 1360/1976/1519 1380/1977/1520 1381/1987/1522
f 1362/1996/1523 1361/1986/1521 1381/1987/1522 1382/1997/1524
f 1363/2004/1525 1362/1996/1523 1382/1997/1524 1383/2005/1526
f 1364/2378/1527 1363/2379/1525 1383/2380/1526 1384/2381/1528
f 1365/2386/1529 1364/2378/1527 1384/2381/1528 1385/2387/1530
f 1366/2392/1531 1365/2386/1529 1385/2387/1530 1386/2393/1532
f 1367/2397/1533 1366/2392/1531 1386/2393/1532 1387/2398/1534
f 1368/1944/1535 1367/1953/1533 1387/1954/1534 1388/1945/1536
f 1369/1933/1537 1368/1944/1535 1388/1945/1536 1389/1934/1538
f 1370/1923/1539 1369/1933/1537 1389/1934/1538 1390/1924/1540
f 1351/1918/1502 1370/1923/1539 1390/1924/1540 1371/1919/1503
f 1372/1920/1504 1371/1919/1503 1391/1925/1541 1392/1926/1542
f 1373/1928/1506 1372/1920/1504 1392/1926/1542 1393/1938/1543
f 1374/2356/1508 1373/2355/1506 1393/2359/1543 1394/2360/1544
f 1375/2362/1510 1374/2356/1508 1394/2360/1544 1395/2366/1545
f 1376/2368/1512 1375/2362/1510 1395/2366/1545 1396/2371/1546
f 1377/2373/1514 1376/2368/1512 1396/2371/1546 1397/2376/1547
f 1378/1968/1516 1377/1973/1514 1397/1982/1547 1398/1974/1548
f 1379/1969/1518 1378/1968/1516 1398/1974/1548 1399/1975/1549
f 1380/1977/1520 1379/1969/1518 1399/1975/1549 1400/1985/1550
f 1381/1987/1522 1380/1977/1520 1400/1985/1550 1401/1995/1551
f 1382/1997/1524 1381/1987/1522 1401/1995/1551 1402/2003/1552
f 1383/2005/1526 1382/1997/1524 1402/2003/1552 1403/2010/1553
f 1384/2381/1528 1383/2380/1526 1403/2384/1553 1404/2385/1554
f 1385/2387/1530 1384/2381/1528 1404/2385/1554 1405/2391/1555
f 1386/2393/1532 1385/2387/1530 1405/2391/1555 1406/2396/1556
f 1387/2398/1534 1386/2393/1532 1406/2396/1556 1407/2401/1557
f 1388/1945/1536 1387/1954/1534 1407/1960/1557 1408/1955/1558
f 1389/1934/1538 1388/1945/1536 1408/1955/1558 1409/1946/1559
f 1390/1924/1540 1389/1934/1538 1409/1946/1559 1410/1935/1560
f 1371/1919/1503 1390/1924/1540 1410/1935/1560 1391/1925/1541
f 1392/1926/1542 1391/1925/1541 1411/1936/1561 1412/1937/1562
f 1393/1938/1543 1392/1926/1542 1412/1937/1562 1413/1948/1563
f 1394/2139/1544 1393/2140/1543 1413/2121/1563 1414/2129/1564
f 1395/2151/1545 1394/2139/1544 1414/2129/1564 1415/2141/1565
f 1396/2162/1546 1395/2151/1545 1415/2141/1565 1416/2152/1566
f 1397/2177/1547 1396/2162/1546 1416/2152/1566 1417/2163/1567
f 1398/1974/1548 1397/1982/1547 1417/1993/1567 1418/1983/1568
f 1399/1975/1549 1398/1974/1548 1418/1983/1568 1419/1984/1569
f 1400/1985/1550 1399/1975/1549 1419/1984/1569 1420/1994/1570
f 1401/1995/1551 1400/1985/1550 1420/1994/1570 1421/2002/1571
f 1402/2003/1552 1401/1995/1551 1421/2002/1571 1422/2009/1572
f 1403/2010/1553 1402/2003/1552 1422/2009/1572 1423/2013/1573
f 1404/2192/1554 1403/2204/1553 1423/2193/1573 1424/2181/1574
f 1405/2180/1555 1404/2192/1554 1424/2181/1574 1425/2167/1575
f 1406/2166/1556 1405/2180/1555 1425/2167/1575 1426/2154/1576
f 1407/2165/1557 1406/2166/1556 1426/2154/1576 1427/2143/1577
f 1408/1955/1558 1407/1960/1557 1427/1964/1577 1428/1961/1578
f 1409/1946/1559 1408/1955/1558 1428/1961/1578 1429/1956/1579
f 1410/1935/1560 1409/1946/1559 1429/1956/1579 1430/1947/1580
f 1391/1925/1541 1410/1935/1560 1430/1947/1580 1411/1936/1561
f 1412/2113/1562 1411/2114/1561 1431/2115/1581 1432/2116/1582
f 1413/2121/1563 1412/2113/1562 1432/2116/1582 1433/2122/1583
f 1414/2129/1564 1413/2121/1563 1433/2122/1583 1434/2130/1584
f 1415/2141/1565 1414/2129/1564 1434/2130/1584 1435/2142/1585
f 1416/2152/1566 1415/2141/1565 1435/2142/1585 1436/2153/1586
f 1417/2163/1567 1416/2152/1566 1436/2153/1586 1437/2164/1587
f 1418/2178/1568 1417/2163/1567 1437/2164/1587 1438/2179/1588
f 1419/2190/1569 1418/2178/1568 1438/2179/1588 1439/2191/1589
f 1420/2202/1570 1419/2190/1569 1439/2191/1589 1440/2203/1590
f 1421/2216/1571 1420/2202/1570 1440/2203/1590 1441/2217/1591
f 1422/2205/1572 1421/2216/1571 1441/2217/1591 1442/2206/1592
f 1423/2193/1573 1422/2205/1572 1442/2206/1592 1443/2194/1593
f 1424/2181/1574 1423/2193/1573 1443/2194/1593 1444/2182/1594
f 1425/2167/1575 1424/2181/1574 1444/2182/1594 1445/2168/1595
f 1426/2154/1576 1425/2167/1575 1445/2168/1595 1446/2155/1596
f 1427/2143/1577 1426/2154/1576 1446/2155/1596 1447/2144/1597
f 1428/2131/1578 1427/2143/1577 1447/2144/1597 1448/2132/1598
f 1429/2123/1579 1428/2131/1578 1448/2132/1598 1449/2124/1599
f 1430/2117/1580 1429/2123/1579 1449/2124/1599 1450/2118/1600
f 1411/2114/1561 1430/2117/1580 1450/2118/1600 1431/2115/1581
f 1432/2116/1582 1431/2115/1581 1451/2119/1601 1452/2120/1602
f 1433/2122/1583 1432/2116/1582 1452/2120/1602 1453/2128/1603
f 1434/2130/1584 1433/2122/1583 1453/2128/1603 1454/2138/1604
f 1435/2142/1585 1434/2130/1584 1454/2138/1604 1455/2150/1605
f 1436/2153/1586 1435/2142/1585 1455/2150/1605 1456/2161/1606
f 1437/2164/1587 1436/2153/1586 1456/2161/1606 1457/2176/1607
f 1438/2179/1588 1437/2164/1587 1457/2176/1607 1458/2189/1608
f 1439/2191/1589 1438/2179/1588 1458/2189/1608 1459/2201/1609
f 1440/2203/1590 1439/2191/1589 1459/2201/1609 1460/2215/1610
f 1441/2217/1591 1440/2203/1590 1460/2215/1610 1461/2224/1611
f 1442/2206/1592 1441/2217/1591 1461/2224/1611 1462/2218/1612
f 1443/2194/1593 1442/2206/1592 1462/2218/1612 1463/2207/1613
f 1444/2182/1594 1443/2194/1593 1463/2207/1613 1464/2195/1614
f 1445/2168/1595 1444/2182/1594 1464/2195/1614 1465/2183/1615
f 1446/2155/1596 1445/2168/1595 1465/2183/1615 1466/2169/1616
f 1447/2144/1597 1446/2155/1596 1466/2169/1616 1467/2156/1617
f 1448/2132/1598 1447/2144/1597 1467/2156/1617 1468/2145/1618
f 1449/2124/1599 1448/2132/1598 1468/2145/1618 1469/2133/1619
f 1450/2118/1600 1449/2124/1599 1469/2133/1619 1470/2125/1620
f 1431/2115/1581 1450/2118/1600 1470/2125/1620 1451/2119/1601
f 1452/2120/1602 1451/2119/1601 1471/2126/1621 1472/2127/1622
f 1453/2128/1603 1452/2120/1602 1472/2127/1622 1473/2137/1623
f 1454/2138/1604 1453/2128/1603 1473/2137/1623 1474/2149/1624
f 1455/2150/1605 1454/2138/1604 1474/2149/1624 1475/2160/1625
f 1456/2161/1606 1455/2150/1605 1475/2160/1625 1476/2175/1626
f 1457/2176/1607 1456/2161/1606 1476/2175/1626 1477/2188/1627
f 1458/2189/1608 1457/2176/1607 1477/2188/1627 1478/2200/1628
f 1459/2201/1609 1458/2189/1608 1478/2200/1628 1479/2214/1629
f 1460/2215/1610 1459/2201/1609 1479/2214/1629 1480/2223/1630
f 1461/2224/1611 1460/2215/1610 1480/2223/1630 1481/2229/1631
f 1462/2218/1612 1461/2224/1611 1481/2229/1631 1482/2225/1632
f 1463/2207/1613 1462/2218/1612 1482/2225/1632 1483/2219/1633
f 1464/2195/1614 1463/2207/1613 1483/2219/1633 1484/2208/1634
f 1465/2183/1615 1464/2195/1614 1484/2208/1634 1485/2196/1635
f 1466/2169/1616 1465/2183/1615 1485/2196/1635 1486/2184/1636
f 1467/2156/1617 1466/2169/1616 1486/2184/1636 1487/2170/1637
f 1468/2145/1618 1467/2156/1617 1487/2170/1637 1488/2157/1638
f 1469/2133/1619 1468/2145/1618 1488/2157/1638 1489/2146/1639
f 1470/2125/1620 1469/2133/1619 1489/2146/1639 1490/2134/1640
f 1451/2119/1601 1470/2125/1620 1490/2134/1640 1471/2126/1621
f 1472/2127/1622 1471/2126/1621 1491/2135/1641 1492/2136/1642
f 1473/2137/1623 1472/2127/1622 1492/2136/1642 1493/2148/1643
f 1474/2149/1624 1473/2137/1623 1493/2148/1643 1494/2159/1644
f 1475/2160/1625 1474/2149/1624 1494/2159/1644 1495/2174/1645
f 1476/2175/1626 1475/2160/1625 1495/2174/1645 1496/2187/1646
f 1477/2188/1627 1476/2175/1626 1496/2187/1646 1497/2199/1647
f 1478/2200/1628 1477/2188/1627 1497/2199/1647 1498/2213/1648
f 1479/2214/1629 1478/2200/1628 1498/2213/1648 1499/2222/1649
f 1480/2223/1630 1479/2214/1629 1499/2222/1649 1500/2228/1650
f 1481/2229/1631 1480/2223/1630 1500/2228/1650 1501/2232/1651
f 1482/2225/1632 1481/2229/1631 1501/2232/1651 1502/2230/1652
f 1483/2219/1633 1482/2225/1632 1502/2230/1652 1503/2226/1653
f 1484/2208/1634 1483/2219/1633 1503/2226/1653 1504/2220/1654
f 1485/2196/1635 1484/2208/1634 1504/2220/1654 1505/2209/1655
f 1486/2184/1636 1485/2196/1635 1505/2209/1655 1506/2197/1656
f 1487/2170/1637 1486/2184/1636 1506/2197/1656 1507/2185/1657
f 1488/2157/1638 1487/2170/1637 1507/2185/1657 1508/2171/1658
f 1489/2146/1639 1488/2157/1638 1508/2171/1658 1509/2158/1659
f 1490/2134/1640 1489/2146/1639 1509/2158/1659 1510/2147/1660
f 1471/2126/1621 1490/2134/1640 1510/2147/1660 1491/2135/1641
f 1492/2019/1642 1491/2020/1641 1511/2016/1661 1512/2015/1662
f 1493/2028/1643 1492/2019/1642 1512/2015/1662 1513/2025/1663
f 1494/2159/1644 1493/2148/1643 1513/2172/1663 1514/2173/1664
f 1495/2174/1645 1494/2159/1644 1514/2173/1664 1515/2186/1665
f 1496/2187/1646 1495/2174/1645 1515/2186/1665 1516/2198/1666
f 1497/2199/1647 1496/2187/1646 1516/2198/1666 1517/2212/1667
f 1498/2069/1648 1497/2076/1647 1517/2070/1667 1518/2065/1668
f 1499/2068/1649 1498/2069/1648 1518/2065/1668 1519/2064/1669
f 1500/2077/1650 1499/2068/1649 1519/2064/1669 1520/2074/1670
f 1501/2084/1651 1500/2077/1650 1520/2074/1670 1521/2082/1671
f 1502/2092/1652 1501/2084/1651 1521/2082/1671 1522/2090/1672
f 1503/2101/1653 1502/2092/1652 1522/2090/1672 1523/2099/1673
f 1504/2220/1654 1503/2226/1653 1523/2231/1673 1524/2227/1674
f 1505/2209/1655 1504/2220/1654 1524/2227/1674 1525/2221/1675
f 1506/2197/1656 1505/2209/1655 1525/2221/1675 1526/2210/1676
f 1507/2185/1657 1506/2197/1656 1526/2210/1676 1527/2211/1677
f 1508/2043/1658 1507/2052/1657 1527/2044/1677 1528/2036/1678
f 1509/2035/1659 1508/2043/1658 1528/2036/1678 1529/2029/1679
f 1510/2027/1660 1509/2035/1659 1529/2029/1679 1530/2021/1680
f 1491/2020/1641 1510/2027/1660 1530/2021/1680 1511/2016/1661
f 1512/2015/1662 1511/2016/1661 1531/2017/1681 1532/2018/1682
f 1513/2025/1663 1512/2015/1662 1532/2018/1682 1533/2026/1683
f 1514/2403/1664 1513/2404/1663 1533/2405/1683 1534/2406/1684
f 1515/2409/1665 1514/2403/1664 1534/2406/1684 1535/2410/1685
f 1516/2414/1666 1515/2409/1665 1535/2410/1685 1536/2415/1686
f 1517/2420/1667 1516/2414/1666 1536/2415/1686 1537/2421/1687
f 1518/2065/1668 1517/2070/1667 1537/2071/1687 1538/2066/1688
f 1519/2064/1669 1518/2065/1668 1538/2066/1688 1539/2067/1689
f 1520/2074/1670 1519/2064/1669 1539/2067/1689 1540/2075/1690
f 1521/2082/1671 1520/2074/1670 1540/2075/1690 1541/2083/1691
f 1522/2090/1672 1521/2082/1671 1541/2083/1691 1542/2091/1692
f 1523/2099/1673 1522/2090/1672 1542/2091/1692 1543/2100/1693
f 1524/2428/1674 1523/2429/1673 1543/2430/1693 1544/2431/1694
f 1525/2434/1675 1524/2428/1674 1544/2431/1694 1545/2435/1695
f 1526/2439/1676 1525/2434/1675 1545/2435/1695 1546/2440/1696
f 1527/2445/1677 1526/2439/1676 1546/2440/1696 1547/2446/1697
f 1528/2036/1678 1527/2044/1677 1547/2045/1697 1548/2037/1698
f 1529/2029/1679 1528/2036/1678 1548/2037/1698 1549/2030/1699
f 1530/2021/1680 1529/2029/1679 1549/2030/1699 1550/2022/1700
f 1511/2016/1661 1530/2021/1680 1550/2022/1700 1531/2017/1681
f 1532/2018/1682 1531/2017/1681 1551/2023/1701 1552/2024/1702
f 1533/2026/1683 1532/2018/1682 1552/2024/1702 1553/2034/1703
f 1534/2406/1684 1533/2405/1683 1553/2407/1703 1554/2408/1704
f 1535/2410/1685 1534/2406/1684 1554/2408/1704 1555/2413/1705
f 1536/2415/1686 1535/2410/1685 1555/2413/1705 1556/2419/1706
f 1537/2421/1687 1536/2415/1686 1556/2419/1706 1557/2424/1707
f 1538/2066/1688 1537/2071/1687 1557/2078/1707 1558/2072/1708
f 1539/2067/1689 1538/2066/1688 1558/2072/1708 1559/2073/1709
f 1540/2075/1690 1539/2067/1689 1559/2073/1709 1560/2081/1710
f 1541/2083/1691 1540/2075/1690 1560/2081/1710 1561/2089/1711
f 1542/2091/1692 1541/2083/1691 1561/2089/1711 1562/2098/1712
f 1543/2100/1693 1542/2091/1692 1562/2098/1712 1563/2106/1713
f 1544/2431/1694 1543/2430/1693 1563/2432/1713 1564/2433/1714
f 1545/2435/1695 1544/2431/1694 1564/2433/1714 1565/2438/1715
f 1546/2440/1696 1545/2435/1695 1565/2438/1715 1566/2444/1716
f 1547/2446/1697 1546/2440/1696 1566/2444/1716 1567/2449/1717
f 1548/2037/1698 1547/2045/1697 1567/2053/1717 1568/2046/1718
f 1549/2030/1699 1548/2037/1698 1568/2046/1718 1569/2038/1719
f 1550/2022/1700 1549/2030/1699 1569/2038/1719 1570/2031/1720
f 1531/2017/1681 1550/2022/1700 1570/2031/1720 1551/2023/1701
f 1552/2024/1702 1551/2023/1701 1571/2032/1721 1572/2033/1722
f 1553/2034/1703 1552/2024/1702 1572/2033/1722 1573/2042/1723
f 1554/2408/1704 1553/2407/1703 1573/2411/1723 1574/2412/1724
f 1555/2413/1705 1554/2408/1704 1574/2412/1724 1575/2418/1725
f 1556/2419/1706 1555/2413/1705 1575/2418/1725 1576/2423/1726
f 1557/2424/1707 1556/2419/1706 1576/2423/1726 1577/2426/1727
f 1558/2072/1708 1557/2078/1707 1577/2085/1727 1578/2079/1728
f 1559/2073/1709 1558/2072/1708 1578/2079/1728 1579/2080/1729
f 1560/2081/1710 1559/2073/1709 1579/2080/1729 1580/2088/1730
f 1561/2089/1711 1560/2081/1710 1580/2088/1730 1581/2097/1731
f 1562/2098/1712 1561/2089/1711 1581/2097/1731 1582/2105/1732
f 1563/2106/1713 1562/2098/1712 1582/2105/1732 1583/2109/1733
f 1564/2433/1714 1563/2432/1713 1583/2436/1733 1584/2437/1734
f 1565/2438/1715 1564/2433/1714 1584/2437/1734 1585/2443/1735
f 1566/2444/1716 1565/2438/1715 1585/2443/1735 1586/2448/1736
f 1567/2449/1717 1566/2444/1716 1586/2448/1736 1587/2451/1737
f 1568/2046/1718 1567/2053/1717 1587/2058/1737 1588/2054/1738
f 1569/2038/1719 1568/2046/1718 1588/2054/1738 1589/2047/1739
f 1570/2031/1720 1569/2038/1719 1589/2047/1739 1590/2039/1740
f 1551/2023/1701 1570/2031/1720 1590/2039/1740 1571/2032/1721
f 1572/2033/1722 1571/2032/1721 1591/2040/1741 1592/2041/1742
f 1573/2042/1723 1572/2033/1722 1592/2041/1742 1593/2051/1743
f 1574/2412/1724 1573/2411/1723 1593/2416/1743 1594/2417/1744
f 1575/2418/1725 1574/2412/1724 1594/2417/1744 1595/2422/1745
f 1576/2423/1726 1575/2418/1725 1595/2422/1745 1596/2425/1746
f 1577/2426/1727 1576/2423/1726 1596/2425/1746 1597/2427/1747
f 1578/2079/1728 1577/2085/1727 1597/2093/1747 1598/2086/1748
f 1579/2080/1729 1578/2079/1728 1598/2086/1748 1599/2087/1749
f 1580/2088/1730 1579/2080/1729 1599/2087/1749 1600/2096/1750
f 1581/2097/1731 1580/2088/1730 1600/2096/1750 1601/2104/1751
f 1582/2105/1732 1581/2097/1731 1601/2104/1751 1602/2108/1752
f 1583/2109/1733 1582/2105/1732 1602/2108/1752 1603/2111/1753
f 1584/2437/1734 1583/2436/1733 1603/2441/1753 1604/2442/1754
f 1585/2443/1735 1584/2437/1734 1604/2442/1754 1605/2447/1755
f 1586/2448/1736 1585/2443/1735 1605/2447/1755 1606/2450/1756
f 1587/2451/1737 1586/2448/1736 1606/2450/1756 1607/2452/1757
f 1588/2054/1738 1587/2058/1737 1607/2061/1757 1608/2059/1758
f 1589/2047/1739 1588/2054/1738 1608/2059/1758 1609/2055/1759
f 1590/2039/1740 1589/2047/1739 1609/2055/1759 1610/2048/1760
f 1571/2032/1721 1590/2039/1740 1610/2048/1760 1591/2040/1741
f 1592/2041/1742 1591/2040/1741 1611/2049/1761 1612/2050/1762
f 1593/2051/1743 1592/2041/1742 1612/2050/1762 1613/2057/1763
f 1594/2259/1744 1593/2260/1743 1613/2241/1763 1614/2249/1764
f 1595/2271/1745 1594/2259/1744 1614/2249/1764 1615/2261/1765
f 1596/2282/1746 1595/2271/1745 1615/2261/1765 1616/2272/1766
f 1597/2297/1747 1596/2282/1746 1616/2272/1766 1617/2283/1767
f 1598/2086/1748 1597/2093/1747 1617/2102/1767 1618/2094/1768
f 1599/2087/1749 1598/2086/1748 1618/2094/1768 1619/2095/1769
f 1600/2096/1750 1599/2087/1749 1619/2095/1769 1620/2103/1770
f 1601/2104/1751 1600/2096/1750 1620/2103/1770 1621/2107/1771
f 1602/2108/1752 1601/2104/1751 1621/2107/1771 1622/2110/1772
f 1603/2111/1753 1602/2108/1752 1622/2110/1772 1623/2112/1773
f 1604/2312/1754 1603/2324/1753 1623/2313/1773 1624/2301/1774
f 1605/2300/1755 1604/2312/1754 1624/2301/1774 1625/2287/1775
f 1606/2286/1756 1605/2300/1755 1625/2287/1775 1626/2274/1776
f 1607/2285/1757 1606/2286/1756 1626/2274/1776 1627/2263/1777
f 1608/2059/1758 1607/2061/1757 1627/2063/1777 1628/2062/1778
f 1609/2055/1759 1608/2059/1758 1628/2062/1778 1629/2060/1779
f 1610/2048/1760 1609/2055/1759 1629/2060/1779 1630/2056/1780
f 1591/2040/1741 1610/2048/1760 1630/2056/1780 1611/2049/1761
f 1612/2233/1762 1611/2234/1761 1631/2235/1781 1632/2236/1782
f 1613/2241/1763 1612/2233/1762 1632/2236/1782 1633/2242/1783
f 1614/2249/1764 1613/2241/1763 1633/2242/1783 1634/2250/1784
f 1615/2261/1765 1614/2249/1764 1634/2250/1784 1635/2262/1785
f 1616/2272/1766 1615/2261/1765 1635/2262/1785 1636/2273/1786
f 1617/2283/1767 1616/2272/1766 1636/2273/1786 1637/2284/1787
f 1618/2298/1768 1617/2283/1767 1637/2284/1787 1638/2299/1788
f 1619/2310/1769 1618/2298/1768 1638/2299/1788 1639/2311/1789
f 1620/2322/1770 1619/2310/1769 1639/2311/1789 1640/2323/1790
f 1621/2336/1771 1620/2322/1770 1640/2323/1790 1641/2337/1791
f 1622/2325/1772 1621/2336/1771 1641/2337/1791 1642/2326/1792
f 1623/2313/1773 1622/2325/1772 1642/2326/1792 1643/2314/1793
f 1624/2301/1774 1623/2313/1773 1643/2314/1793 1644/2302/1794
f 1625/2287/1775 1624/2301/1774 1644/2302/1794 1645/2288/1795
f 1626/2274/1776 1625/2287/1775 1645/2288/1795 1646/2275/1796
f 1627/2263/1777 1626/2274/1776 1646/2275/1796 1647/2264/1797
f 1628/2251/1778 1627/2263/1777 1647/2264/1797 1648/2252/1798
f 1629/2243/1779 1628/2251/1778 1648/2252/1798 1649/2244/1799
f 1630/2237/1780 1629/2243/1779 1649/2244/1799 1650/2238/1800
f 1611/2234/1761 1630/2237/1780 1650/2238/1800 1631/2235/1781
f 1632/2236/1782 1631/2235/1781 1651/2239/1801 1652/2240/1802
f 1633/2242/1783 1632/2236/1782 1652/2240/1802 1653/2248/1803
f 1634/2250/1784 1633/2242/1783 1653/2248/1803 1654/2258/1804
f 1635/2262/1785 1634/2250/1784 1654/2258/1804 1655/2270/1805
f 1636/2273/1786 1635/2262/1785 1655/2270/1805 1656/2281/1806
f 1637/2284/1787 1636/2273/1786 1656/2281/1806 1657/2296/1807
f 1638/2299/1788 1637/2284/1787 1657/2296/1807 1658/2309/1808
f 1639/2311/1789 1638/2299/1788 1658/2309/1808 1659/2321/1809
f 1640/2323/1790 1639/2311/1789 1659/2321/1809 1660/2335/1810
f 1641/2337/1791 1640/2323/1790 1660/2335/1810 1661/2344/1811
f 1642/2326/1792 1641/2337/1791 1661/2344/1811 1662/2338/1812
f 1643/2314/1793 1642/2326/1792 1662/2338/1812 1663/2327/1813
f 1644/2302/1794 1643/2314/1793 1663/2327/1813 1664/2315/1814
f 1645/2288/1795 1644/2302/1794 1664/2315/1814 1665/2303/1815
f 1646/2275/1796 1645/2288/1795 1665/2303/1815 1666/2289/1816
f 1647/2264/1797 1646/2275/1796 1666/2289/1816 1667/2276/1817
f 1648/2252/1798 1647/2264/1797 1667/2276/1817 1668/2265/1818
f 1649/2244/1799 1648/2252/1798 1668/2265/1818 1669/2253/1819
f 1650/2238/1800 1649/2244/1799 1669/2253/1819 1670/2245/1820
f 1631/2235/1781 1650/2238/1800 1670/2245/1820 1651/2239/1801
f 1652/2240/1802 1651/2239/1801 1671/2246/1821 1672/2247/1822
f 1653/2248/1803 1652/2240/1802 1672/2247/1822 1673/2257/1823
f 1654/2258/1804 1653/2248/1803 1673/2257/1823 1674/2269/1824
f 1655/2270/1805 1654/2258/1804 1674/2269/1824 1675/2280/1825
f 1656/2281/1806 1655/2270/1805 1675/2280/1825 1676/2295/1826
f 1657/2296/1807 1656/2281/1806 1676/2295/1826 1677/2308/1827
f 1658/2309/1808 1657/2296/1807 1677/2308/1827 1678/2320/1828
f 1659/2321/1809 1658/2309/1808 1678/2320/1828 1679/2334/1829
f 1660/2335/1810 1659/2321/1809 1679/2334/1829 1680/2343/1830
f 1661/2344/1811 1660/2335/1810 1680/2343/1830 1681/2349/1831
f 1662/2338/1812 1661/2344/1811 1681/2349/1831 1682/2345/1832
f 1663/2327/1813 1662/2338/1812 1682/2345/1832 1683/2339/1833
f 1664/2315/1814 1663/2327/1813 1683/2339/1833 1684/2328/1834
f 1665/2303/1815 1664/2315/1814 1684/2328/1834 1685/2316/1835
f 1666/2289/1816 1665/2303/1815 1685/2316/1835 1686/2304/1836
f 1667/2276/1817 1666/2289/1816 1686/2304/1836 1687/2290/1837
f 1668/2265/1818 1667/2276/1817 1687/2290/1837 1688/2277/1838
f 1669/2253/1819 1668/2265/1818 1688/2277/1838 1689/2266/1839
f 1670/2245/1820 1669/2253/1819 1689/2266/1839 1690/2254/1840
f 1651/2239/1801 1670/2245/1820 1690/2254/1840 1671/2246/1821
f 1672/2247/1822 1671/2246/1821 1691/2255/1841 1692/2256/1842
f 1673/2257/1823 1672/2247/1822 1692/2256/1842 1693/2268/1843
f 1674/2269/1824 1673/2257/1823 1693/2268/1843 1694/2279/1844
f 1675/2280/1825 1674/2269/1824 1694/2279/1844 1695/2294/1845
f 1676/2295/1826 1675/2280/1825 1695/2294/1845 1696/2307/1846
f 1677/2308/1827 1676/2295/1826 1696/2307/1846 1697/2319/1847
f 1678/2320/1828 1677/2308/1827 1697/2319/1847 1698/2333/1848
f 1679/2334/1829 1678/2320/1828 1698/2333/1848 1699/2342/1849
f 1680/2343/1830 1679/2334/1829 1699/2342/1849 1700/2348/1850
f 1681/2349/1831 1680/2343/1830 1700/2348/1850 1701/2352/1851
f 1682/2345/1832 1681/2349/1831 1701/2352/1851 1702/2350/1852
f 1683/2339/1833 1682/2345/1832 1702/2350/1852 1703/2346/1853
f 1684/2328/1834 1683/2339/1833 1703/2346/1853 1704/2340/1854
f 1685/2316/1835 1684/2328/1834 1704/2340/1854 1705/2329/1855
f 1686/2304/1836 1685/2316/1835 1705/2329/1855 1706/2317/1856
f 1687/2290/1837 1686/2304/1836 1706/2317/1856 1707/2305/1857
f 1688/2277/1838 1687/2290/1837 1707/2305/1857 1708/2291/1858
f 1689/2266/1839 1688/2277/1838 1708/2291/1858 1709/2278/1859
f 1690/2254/1840 1689/2266/1839 1709/2278/1859 1710/2267/1860
f 1671/2246/1821 1690/2254/1840 1710/2267/1860 1691/2255/1841
f 1692/1939/1842 1691/1940/1841 1711/1930/1861 1712/1929/1862
f 1693/1950/1843 1692/1939/1842 1712/1929/1862 1713/1942/1863
f 1694/2279/1844 1693/2268/1843 1713/2292/1863 1714/2293/1864
f 1695/2294/1845 1694/2279/1844 1714/2293/1864 1715/2306/1865
f 1696/2307/1846 1695/2294/1845 1715/2306/1865 1716/2318/1866
f 1697/2319/1847 1696/2307/1846 1716/2318/1866 1717/2332/1867
f 1698/1989/1848 1697/1998/1847 1717/1990/1867 1718/1979/1868
f 1699/1988/1849 1698/1989/1848 1718/1979/1868 1719/1978/1869
f 1700/1999/1850 1699/1988/1849 1719/1978/1869 1720/1991/1870
f 1701/2006/1851 1700/1999/1850 1720/1991/1870 1721/2000/1871
f 1702/2011/1852 1701/2006/1851 1721/2000/1871 1722/2007/1872
f 1703/2014/1853 1702/2011/1852 1722/2007/1872 1723/2012/1873
f 1704/2340/1854 1703/2346/1853 1723/2351/1873 1724/2347/1874
f 1705/2329/1855 1704/2340/1854 1724/2347/1874 1725/2341/1875
f 1706/2317/1856 1705/2329/1855 1725/2341/1875 1726/2330/1876
f 1707/2305/1857 1706/2317/1856 1726/2330/1876 1727/2331/1877
f 1708/1962/1858 1707/1965/1857 1727/1963/1877 1728/1958/1878
f 1709/1957/1859 1708/1962/1858 1728/1958/1878 1729/1951/1879
f 1710/1949/1860 1709/1957/1859 1729/1951/1879 1730/1941/1880
f 1691/1940/1841 1710/1949/1860 1730/1941/1880 1711/1930/1861
f 1712/1929/1862 1711/1930/1861 1731/1922/1881 1732/1921/1882
f 1713/1942/1863 1712/1929/1862 1732/1921/1882 1733/1932/1883
f 1714/2363/1864 1713/2364/1863 1733/2358/1883 1734/2357/1884
f 1715/2369/1865 1714/2363/1864 1734/2357/1884 1735/2365/1885
f 1716/2374/1866 1715/2369/1865 1735/2365/1885 1736/2370/1886
f 1717/2377/1867 1716/2374/1866 1736/2370/1886 1737/2375/1887
f 1718/1979/1868 1717/1990/1867 1737/1980/1887 1738/1971/1888
f 1719/1978/1869 1718/1979/1868 1738/1971/1888 1739/1970/1889
f 1720/1991/1870 1719/1978/1869 1739/1970/1889 1740/1981/1890
f 1721/2000/1871 1720/1991/1870 1740/1981/1890 1741/1992/1891
f 1722/2007/1872 1721/2000/1871 1741/1992/1891 1742/2001/1892
f 1723/2012/1873 1722/2007/1872 1742/2001/1892 1743/2008/1893
f 1724/2388/1874 1723/2389/1873 1743/2383/1893 1744/2382/1894
f 1725/2394/1875 1724/2388/1874 1744/2382/1894 1745/2390/1895
f 1726/2399/1876 1725/2394/1875 1745/2390/1895 1746/2395/1896
f 1727/2402/1877 1726/2399/1876 1746/2395/1896 1747/2400/1897
f 1728/1958/1878 1727/1963/1877 1747/1959/1897 1748/1952/1898
f 1729/1951/1879 1728/1958/1878 1748/1952/1898 1749/1943/1899
f 1730/1941/1880 1729/1951/1879 1749/1943/1899 1750/1931/1900
f 1711/1930/1861 1730/1941/1880 1750/1931/1900 1731/1922/1881
f 1732/1921/1882 1731/1922/1881 1351/1918/1502 1352/1917/1501
f 1733/1932/1883 1732/1921/1882 1352/1917/1501 1353/1927/1505
f 1734/2357/1884 1733/2358/1883 1353/2354/1505 1354/2353/1507
f 1735/2365/1885 1734/2357/1884 1354/2353/1507 1355/2361/1509
f 1736/2370/1886 1735/2365/1885 1355/2361/1509 1356/2367/1511
f 1737/2375/1887 1736/2370/1886 1356/2367/1511 1357/2372/1513
f 1738/1971/1888 1737/1980/1887 1357/1972/1513 1358/1967/1515
f 1739/1970/1889 1738/1971/1888 1358/1967/1515 1359/1966/1517
f 1740/1981/1890 1739/1970/1889 1359/1966/1517 1360/1976/1519
f 1741/1992/1891 1740/1981/1890 1360/1976/1519 1361/1986/1521
f 1742/2001/1892 1741/1992/1891 1361/1986/1521 1362/1996/1523
f 1743/2008/1893 1742/2001/1892 1362/1996/1523 1363/2004/1525
f 1744/2382/1894 1743/2383/1893 1363/2379/1525 1364/2378/1527
f 1745/2390/1895 1744/2382/1894 1364/2378/1527 1365/2386/1529
f 1746/2395/1896 1745/2390/1895 1365/2386/1529 1366/2392/1531
f 1747/2400/1897 1746/2395/1896 1366/2392/1531 1367/2397/1533
f 1748/1952/1898 1747/1959/1897 1367/1953/1533 1368/1944/1535
f 1749/1943/1899 1748/1952/1898 1368/1944/1535 1369/1933/1537
f 1750/1931/1900 1749/1943/1899 1369/1933/1537 1370/1923/1539
f 1731/1922/1881 1750/1931/1900 1370/1923/1539 1351/1918/1502
g default
v 3.013814 0.084350 -0.861278
v 3.007930 0.058700 -0.850413
v 2.998099 0.038116 -0.833375
v 2.985285 0.024613 -0.811833
v 2.935021 0.021454 -0.729822
v 2.884534 0.020170 -0.647542
v 2.870832 0.032503 -0.625846
v 2.859618 0.052159 -0.608568
v 2.851991 0.077214 -0.597401
v 2.848697 0.105215 -0.593438
v 2.850059 0.133421 -0.597066
v 2.855943 0.159071 -0.607930
v 2.865773 0.179655 -0.624968
v 2.878587 0.193158 -0.646510
v 2.929047 0.195241 -0.728785
v 2.979339 0.197601 -0.810801
v 2.993041 0.185268 -0.832498
v 3.004255 0.165612 -0.849775
v 3.011881 0.140558 -0.860942
v 3.015175 0.112557 -0.864905
v 3.009105 0.083885 -0.865360
v 3.003153 0.057936 -0.854369
v 2.993208 0.037113 -0.837133
v 2.980245 0.023453 -0.815339
v 2.929811 0.020234 -0.733050
v 2.879151 0.018994 -0.650491
v 2.865289 0.031471 -0.628542
v 2.853945 0.051356 -0.611063
v 2.846229 0.076702 -0.599766
v 2.842897 0.105029 -0.595756
v 2.844275 0.133564 -0.599427
v 2.850227 0.159513 -0.610418
v 2.860172 0.180337 -0.627654
v 2.873135 0.193996 -0.649447
v 2.923764 0.196139 -0.732001
v 2.974229 0.198455 -0.814295
v 2.988091 0.185978 -0.836245
v 2.999435 0.166093 -0.853724
v 3.007151 0.140747 -0.865021
v 3.010483 0.112420 -0.869030
v 3.005933 0.082858 -0.870764
v 2.999782 0.056042 -0.859406
v 2.989505 0.034523 -0.841594
v 2.976109 0.020407 -0.819073
v 2.925184 0.017016 -0.735975
v 2.874022 0.015905 -0.652605
v 2.859697 0.028798 -0.629923
v 2.847975 0.049347 -0.611860
v 2.840001 0.075540 -0.600186
v 2.836558 0.104813 -0.596042
v 2.837981 0.134300 -0.599835
v 2.844132 0.161116 -0.611193
v 2.854409 0.182635 -0.629005
v 2.867806 0.196751 -0.651526
v 2.918926 0.199066 -0.734889
v 2.969892 0.201253 -0.817994
v 2.984217 0.188360 -0.840676
v 2.995940 0.167811 -0.858739
v 3.003913 0.141618 -0.870413
v 3.007357 0.112345 -0.874557
v 3.004608 0.081369 -0.876960
v 2.998148 0.053203 -0.865031
v 2.987354 0.030601 -0.846322
v 2.973283 0.015774 -0.822667
v 2.921593 0.012115 -0.738310
v 2.869650 0.011204 -0.653677
v 2.854604 0.024746 -0.629853
v 2.842291 0.046329 -0.610882
v 2.833916 0.073841 -0.598620
v 2.830299 0.104587 -0.594268
v 2.831794 0.135559 -0.598252
v 2.838255 0.163725 -0.610181
v 2.849049 0.186327 -0.628889
v 2.863120 0.201153 -0.652544
v 2.915005 0.203737 -0.737167
v 2.966753 0.205724 -0.821534
v 2.981799 0.192181 -0.845359
v 2.994112 0.170598 -0.864330
v 3.002487 0.143087 -0.876592
v 3.006104 0.112341 -0.880944
v 3.005260 0.079563 -0.883343
v 2.998409 0.049697 -0.870693
v 2.986963 0.025730 -0.850855
v 2.972043 0.010008 -0.825772
v 2.919388 0.006011 -0.739826
v 2.866461 0.005352 -0.653603
v 2.850506 0.019712 -0.628340
v 2.837450 0.042598 -0.608223
v 2.828569 0.071771 -0.595221
v 2.824734 0.104374 -0.590606
v 2.826319 0.137216 -0.594830
v 2.833170 0.167083 -0.607481
v 2.844616 0.191050 -0.627318
v 2.859537 0.206772 -0.652402
v 2.912387 0.209693 -0.738611
v 2.965119 0.211428 -0.824570
v 2.981074 0.197068 -0.849833
v 2.994130 0.174181 -0.869950
v 3.003011 0.145009 -0.882953
v 3.006846 0.112406 -0.887567
v 3.007825 0.077619 -0.889287
v 3.000542 0.045867 -0.875838
v 2.988373 0.020387 -0.854748
v 2.972511 0.003673 -0.828081
v 2.918787 -0.000700 -0.740377
v 2.864768 -0.001079 -0.652390
v 2.847806 0.014187 -0.625532
v 2.833926 0.038519 -0.604145
v 2.824485 0.069533 -0.590322
v 2.820407 0.104194 -0.585416
v 2.822093 0.139110 -0.589907
v 2.829376 0.170862 -0.603356
v 2.841545 0.196342 -0.624446
v 2.857407 0.213056 -0.651113
v 2.911326 0.216352 -0.739082
v 2.965150 0.217808 -0.826804
v 2.982112 0.202541 -0.853662
v 2.995992 0.178210 -0.875049
v 3.005433 0.147195 -0.888872
v 3.009511 0.112534 -0.893778
v 3.012052 0.075725 -0.894211
v 3.004336 0.042088 -0.879963
v 2.991445 0.015095 -0.857621
v 2.974641 -0.002612 -0.829371
v 2.919848 -0.007359 -0.739906
v 2.864737 -0.007459 -0.650156
v 2.846768 0.008714 -0.621704
v 2.832063 0.034490 -0.599046
v 2.822062 0.067346 -0.584403
v 2.817742 0.104066 -0.579205
v 2.819528 0.141054 -0.583963
v 2.827244 0.174692 -0.598210
v 2.840135 0.201685 -0.620553
v 2.856939 0.219391 -0.648803
v 2.911927 0.223063 -0.738532
v 2.966843 0.224238 -0.828017
v 2.984811 0.208065 -0.856470
v 2.999516 0.182289 -0.879127
v 3.009518 0.149433 -0.893771
v 3.013838 0.112714 -0.898969
v 3.017527 0.074068 -0.897632
v 3.009421 0.038730 -0.882664
v 2.995878 0.010372 -0.859192
v 2.978224 -0.008230 -0.829513
v 2.922467 -0.013315 -0.738461
v 2.866371 -0.013163 -0.647120
v 2.847494 0.003828 -0.617229
v 2.832045 0.030907 -0.593427
v 2.821538 0.065425 -0.578042
v 2.817000 0.104001 -0.572582
v 2.818876 0.142860 -0.577580
v 2.826982 0.178198 -0.592548
v 2.840525 0.206556 -0.616020
v 2.858179 0.225158 -0.645699
v 2.914131 0.229167 -0.737015
v 2.970031 0.230091 -0.828092
v 2.988909 0.213100 -0.857983
v 3.004357 0.186020 -0.881785
v 3.014865 0.151503 -0.897170
v 3.019403 0.112927 -0.902630
v 3.023714 0.072809 -0.899216
v 3.015298 0.036122 -0.883676
v 3.001238 0.006680 -0.859307
v 2.982910 -0.012632 -0.828495
v 2.926387 -0.017986 -0.736183
v 2.869510 -0.017633 -0.643580
v 2.849912 0.000007 -0.612547
v 2.833873 0.028120 -0.587835
v 2.822964 0.063956 -0.571863
v 2.818253 0.104006 -0.566194
v 2.820201 0.144349 -0.571383
v 2.828617 0.181037 -0.586923
v 2.842677 0.210478 -0.611292
v 2.861005 0.229791 -0.642104
v 2.917723 0.234068 -0.734680
v 2.974404 0.234792 -0.827019
v 2.994003 0.217152 -0.858052
v 3.010041 0.189038 -0.882764
v 3.020950 0.153202 -0.898736
v 3.025661 0.113153 -0.904405
v 3.030007 0.072073 -0.898807
v 3.021393 0.034518 -0.882900
v 3.007000 0.004382 -0.857956
v 2.988239 -0.015387 -0.826416
v 2.931226 -0.020913 -0.733295
v 2.873847 -0.020432 -0.639881
v 2.853785 -0.002376 -0.608115
v 2.837368 0.026402 -0.582820
v 2.826202 0.063084 -0.566470
v 2.821379 0.104080 -0.560668
v 2.823373 0.145376 -0.565980
v 2.831987 0.182931 -0.581886
v 2.846380 0.213068 -0.606830
v 2.865141 0.232836 -0.638371
v 2.922350 0.237286 -0.731755
v 2.979533 0.237881 -0.824905
v 2.999594 0.219825 -0.856671
v 3.016012 0.191047 -0.881967
v 3.027178 0.154365 -0.898316
v 3.032001 0.113369 -0.904119
v 3.035791 0.071930 -0.896446
v 3.027108 0.034077 -0.880413
v 3.012602 0.003700 -0.855270
v 2.993691 -0.016226 -0.823479
v 2.936508 -0.021811 -0.730080
v 2.878957 -0.021286 -0.636387
v 2.858736 -0.003085 -0.604368
v 2.842188 0.025921 -0.578871
v 2.830933 0.062895 -0.562392
v 2.826072 0.104217 -0.556543
v 2.828081 0.145841 -0.561897
v 2.836764 0.183695 -0.577930
v 2.851271 0.214071 -0.603073
v 2.870181 0.233997 -0.634864
v 2.927560 0.238506 -0.728527
v 2.984916 0.239057 -0.821956
v 3.005137 0.220857 -0.853975
v 3.021685 0.191850 -0.879472
v 3.032940 0.154876 -0.895951
v 3.037801 0.113555 -0.901800
v 3.040500 0.072395 -0.892364
v 3.031885 0.034840 -0.876457
v 3.017493 0.004704 -0.851513
v 2.998732 -0.015065 -0.819973
v 2.941718 -0.020591 -0.726852
v 2.884339 -0.020110 -0.633438
v 2.864278 -0.002053 -0.601672
v 2.847861 0.026725 -0.576377
v 2.836694 0.063407 -0.560027
v 2.831872 0.104402 -0.554224
v 2.833865 0.145699 -0.559536
v 2.842480 0.183253 -0.575443
v 2.856872 0.213390 -0.600387
v 2.875633 0.233159 -0.631927
v 2.932842 0.237608 -0.725312
v 2.990026 0.238203 -0.818462
v 3.010087 0.220147 -0.850228
v 3.026505 0.191369 -0.875523
v 3.037671 0.154687 -0.891873
v 3.042493 0.113691 -0.897676
v 3.043672 0.073422 -0.886960
v 3.035256 0.036735 -0.871420
v 3.021196 0.007293 -0.847052
v 3.002868 -0.012019 -0.816239
v 2.946345 -0.017373 -0.723928
v 2.889468 -0.017020 -0.631324
v 2.869870 0.000620 -0.600291
v 2.853831 0.028733 -0.575579
v 2.842922 0.064569 -0.559607
v 2.838211 0.104619 -0.553938
v 2.840159 0.144962 -0.559128
v 2.848575 0.181650 -0.574667
v 2.862635 0.211091 -0.599036
v 2.880963 0.230404 -0.629848
v 2.937681 0.234681 -0.722424
v 2.994362 0.235405 -0.814763
v 3.013961 0.217765 -0.845796
v 3.029999 0.189651 -0.870508
v 3.040908 0.153815 -0.886480
v 3.045619 0.113766 -0.892149
v 3.044997 0.074912 -0.880763
v 3.036891 0.039574 -0.865795
v 3.023348 0.011216 -0.842323
v 3.005694 -0.007386 -0.812644
v 2.949937 -0.012472 -0.721593
v 2.893841 -0.012319 -0.630252
v 2.874964 0.004672 -0.600361
v 2.859515 0.031751 -0.576558
v 2.849008 0.066268 -0.561173
v 2.844470 0.104844 -0.555713
v 2.846346 0.143703 -0.560711
v 2.854452 0.179041 -0.575679
v 2.867995 0.207399 -0.599151
v 2.885649 0.226001 -0.628830
v 2.941601 0.230011 -0.720146
v 2.997501 0.230934 -0.811223
v 3.016379 0.213943 -0.841114
v 3.031827 0.186864 -0.864917
v 3.042335 0.152347 -0.880301
v 3.046872 0.113771 -0.885761
v 3.044345 0.076717 -0.874380
v 3.036629 0.043080 -0.860133
v 3.023738 0.016087 -0.837791
v 3.006933 -0.001620 -0.809540
v 2.952141 -0.006367 -0.720076
v 2.897030 -0.006467 -0.630326
v 2.879061 0.009706 -0.601873
v 2.864356 0.035482 -0.579216
v 2.854355 0.068338 -0.564572
v 2.850035 0.105057 -0.559375
v 2.851821 0.142046 -0.564133
v 2.859537 0.175683 -0.578380
v 2.872428 0.202677 -0.600722
v 2.889232 0.220383 -0.628973
v 2.944220 0.224054 -0.718701
v 2.999135 0.225230 -0.808187
v 3.017104 0.209057 -0.836639
v 3.031809 0.183281 -0.859297
v 3.041811 0.150425 -0.873941
v 3.046130 0.113706 -0.879138
v 3.041780 0.078662 -0.868436
v 3.034496 0.046910 -0.854987
v 3.022328 0.021430 -0.833897
v 3.006466 0.004715 -0.807230
v 2.952742 0.000343 -0.719526
v 2.898723 -0.000036 -0.631539
v 2.881761 0.015230 -0.604681
v 2.867880 0.039562 -0.583294
v 2.858439 0.070576 -0.569471
v 2.854362 0.105237 -0.564565
v 2.856047 0.140153 -0.569056
v 2.863331 0.171904 -0.582505
v 2.875499 0.197385 -0.603595
v 2.891362 0.214099 -0.630262
v 2.945281 0.217395 -0.718231
v 2.999105 0.218850 -0.805953
v 3.016066 0.203584 -0.832811
v 3.029947 0.179253 -0.854198
v 3.039388 0.148238 -0.868021
v 3.043465 0.113577 -0.872927
v 3.037553 0.080555 -0.863513
v 3.030702 0.050689 -0.850862
v 3.019256 0.026722 -0.831025
v 3.004336 0.011000 -0.805941
v 2.951681 0.007002 -0.719996
v 2.898753 0.006343 -0.633773
v 2.882799 0.020704 -0.608510
v 2.869742 0.043590 -0.588393
v 2.860862 0.072763 -0.575390
v 2.857027 0.105366 -0.570776
v 2.858612 0.138208 -0.575000
v 2.865463 0.168074 -0.587650
v 2.876909 0.192042 -0.607488
v 2.891830 0.207763 -0.632572
v 2.944680 0.210685 -0.718781
v 2.997412 0.212420 -0.804740
v 3.013366 0.198060 -0.830003
v 3.026423 0.175173 -0.850120
v 3.035303 0.146000 -0.863122
v 3.039139 0.113397 -0.867737
v 3.032078 0.082212 -0.860092
v 3.025618 0.054047 -0.848162
v 3.014823 0.031444 -0.829454
v 3.000753 0.016618 -0.805799
v 2.949062 0.012959 -0.721441
v 2.897119 0.012048 -0.636809
v 2.882073 0.025590 -0.612985
v 2.869760 0.047173 -0.594013
v 2.861386 0.074684 -0.581751
v 2.857769 0.105431 -0.577399
v 2.859264 0.136403 -0.581383
v 2.865725 0.164568 -0.593313
v 2.876519 0.187171 -0.612021
v 2.890590 0.201997 -0.635676
v 2.942475 0.204580 -0.720298
v 2.994223 0.206567 -0.804666
v 3.009269 0.193025 -0.828490
v 3.021582 0.171442 -0.847461
v 3.029957 0.143931 -0.859723
v 3.033574 0.113184 -0.864076
v 3.025891 0.083471 -0.858508
v 3.019740 0.056655 -0.847150
v 3.009463 0.035136 -0.829338
v 2.996067 0.021020 -0.806817
v 2.945142 0.017629 -0.723719
v 2.893980 0.016518 -0.640349
v 2.879656 0.029411 -0.617667
v 2.867933 0.049960 -0.599604
v 2.859959 0.076153 -0.587930
v 2.856516 0.105426 -0.583786
v 2.857939 0.134913 -0.587579
v 2.864091 0.161729 -0.598938
v 2.874367 0.183248 -0.616749
v 2.887764 0.197364 -0.639270
v 2.938884 0.199679 -0.722633
v 2.989850 0.201866 -0.805738
v 3.004175 0.188973 -0.828421
v 3.015898 0.168424 -0.846483
v 3.023871 0.142231 -0.858157
v 3.027315 0.112958 -0.862301
v 3.019598 0.084208 -0.858916
v 3.013645 0.058258 -0.847925
v 3.003701 0.037435 -0.830690
v 2.990737 0.023775 -0.808896
v 2.940304 0.020556 -0.726607
v 2.889644 0.019317 -0.644048
v 2.875782 0.031793 -0.622098
v 2.864438 0.051678 -0.604620
v 2.856722 0.077024 -0.593323
v 2.853390 0.105351 -0.589313
v 2.854767 0.133886 -0.592983
v 2.860720 0.159835 -0.603975
v 2.870665 0.180659 -0.621210
v 2.883628 0.194318 -0.643004
v 2.934257 0.196461 -0.725557
v 2.984721 0.198777 -0.807852
v 2.998583 0.186300 -0.829802
v 3.009927 0.166416 -0.847280
v 3.017643 0.141069 -0.858577
v 3.020975 0.112742 -0.862587
vt 0.279757 0.356669
vt 0.279757 0.341501
vt 0.283757 0.341697
vt 0.283757 0.357041
vt 0.275758 0.357041
vt 0.275758 0.341697
vt 0.279757 0.324687
vt 0.283757 0.324687
vt 0.287365 0.342265
vt 0.287365 0.358122
vt 0.279757 0.368707
vt 0.283757 0.369219
vt 0.272150 0.358122
vt 0.272150 0.342265
vt 0.275758 0.324687
vt 0.275758 0.369219
vt 0.279757 0.307873
vt 0.283757 0.307677
vt 0.287365 0.324687
vt 0.290228 0.343150
vt 0.290228 0.359805
vt 0.287365 0.370706
vt 0.269287 0.359805
vt 0.269287 0.343150
vt 0.272150 0.324687
vt 0.272150 0.370706
vt 0.275758 0.307677
vt 0.279757 0.292705
vt 0.283757 0.292333
vt 0.287365 0.307109
vt 0.290228 0.324687
vt 0.290228 0.373023
vt 0.269287 0.324687
vt 0.269287 0.373023
vt 0.272150 0.307109
vt 0.275758 0.292333
vt 0.279757 0.280667
vt 0.283757 0.280155
vt 0.287365 0.291252
vt 0.290228 0.306224
vt 0.269287 0.306224
vt 0.272150 0.291252
vt 0.275758 0.280155
vt 0.287365 0.278668
vt 0.290228 0.289569
vt 0.269287 0.289569
vt 0.272150 0.278668
vt 0.290228 0.276351
vt 0.269287 0.276351
vt 0.256656 0.307873
vt 0.256656 0.292705
vt 0.260655 0.292333
vt 0.260655 0.307677
vt 0.252656 0.307677
vt 0.252656 0.292333
vt 0.256656 0.280667
vt 0.260655 0.280155
vt 0.264263 0.291252
vt 0.264263 0.307109
vt 0.256656 0.324687
vt 0.260655 0.324687
vt 0.249048 0.307109
vt 0.249048 0.291252
vt 0.252656 0.280155
vt 0.252656 0.324687
vt 0.264263 0.278668
vt 0.267126 0.289569
vt 0.267126 0.306224
vt 0.264263 0.324687
vt 0.256656 0.341501
vt 0.260655 0.341697
vt 0.246185 0.306224
vt 0.246185 0.289569
vt 0.249048 0.278668
vt 0.249048 0.324687
vt 0.252656 0.341697
vt 0.267126 0.276351
vt 0.267126 0.324687
vt 0.264263 0.342265
vt 0.256656 0.356669
vt 0.260655 0.357041
vt 0.246185 0.276351
vt 0.246185 0.324687
vt 0.249048 0.342265
vt 0.252656 0.357041
vt 0.267126 0.343150
vt 0.264263 0.358122
vt 0.256656 0.368707
vt 0.260655 0.369219
vt 0.246185 0.343150
vt 0.249048 0.358122
vt 0.252656 0.369219
vt 0.267126 0.359805
vt 0.264263 0.370706
vt 0.246185 0.359805
vt 0.249048 0.370706
vt 0.267126 0.373023
vt 0.246185 0.373023
vt 0.333568 0.295568
vt 0.333568 0.317263
vt 0.329961 0.316695
vt 0.329961 0.294488
vt 0.336432 0.297251
vt 0.336432 0.318148
vt 0.333568 0.341312
vt 0.329961 0.341312
vt 0.325961 0.316499
vt 0.325961 0.294115
vt 0.333568 0.278351
vt 0.329961 0.276864
vt 0.336432 0.341312
vt 0.336432 0.280667
vt 0.333568 0.365361
vt 0.329961 0.365929
vt 0.325961 0.341312
vt 0.321962 0.316695
vt 0.321962 0.294488
vt 0.325961 0.276351
vt 0.336432 0.364476
vt 0.333568 0.387056
vt 0.329961 0.388136
vt 0.325961 0.366125
vt 0.321962 0.341312
vt 0.318354 0.317263
vt 0.318354 0.295568
vt 0.321962 0.276864
vt 0.336432 0.385373
vt 0.333568 0.404273
vt 0.329961 0.405760
vt 0.325961 0.388509
vt 0.321962 0.365929
vt 0.318354 0.341312
vt 0.315491 0.318148
vt 0.315491 0.297251
vt 0.318354 0.278351
vt 0.336432 0.401957
vt 0.325961 0.406273
vt 0.321962 0.388136
vt 0.318354 0.365361
vt 0.315491 0.341312
vt 0.315491 0.280667
vt 0.321962 0.405760
vt 0.318354 0.387056
vt 0.315491 0.364476
vt 0.318354 0.404273
vt 0.315491 0.385373
vt 0.315491 0.401957
vt 0.310467 0.365361
vt 0.310467 0.387056
vt 0.306859 0.388136
vt 0.306859 0.365929
vt 0.313330 0.364476
vt 0.313330 0.385373
vt 0.310467 0.404273
vt 0.306859 0.405760
vt 0.302859 0.388509
vt 0.302859 0.366125
vt 0.310467 0.341312
vt 0.306859 0.341312
vt 0.313330 0.401957
vt 0.313330 0.341312
vt 0.302859 0.406273
vt 0.298860 0.388136
vt 0.298860 0.365929
vt 0.302859 0.341312
vt 0.310467 0.317263
vt 0.306859 0.316695
vt 0.313330 0.318148
vt 0.298860 0.405760
vt 0.295252 0.387056
vt 0.295252 0.365361
vt 0.298860 0.341312
vt 0.302859 0.316499
vt 0.310467 0.295568
vt 0.306859 0.294488
vt 0.313330 0.297251
vt 0.295252 0.404273
vt 0.292389 0.385373
vt 0.292389 0.364476
vt 0.295252 0.341312
vt 0.298860 0.316695
vt 0.302859 0.294115
vt 0.310467 0.278351
vt 0.306859 0.276864
vt 0.313330 0.280667
vt 0.292389 0.401957
vt 0.292389 0.341312
vt 0.295252 0.317263
vt 0.298860 0.294488
vt 0.302859 0.276351
vt 0.292389 0.318148
vt 0.295252 0.295568
vt 0.298860 0.276864
vt 0.292389 0.297251
vt 0.295252 0.278351
vt 0.292389 0.280667
vt 0.130603 0.070013
vt 0.113948 0.061527
vt 0.115063 0.058096
vt 0.132724 0.067094
vt 0.095485 0.058603
vt 0.095485 0.054995
vt 0.116299 0.054292
vt 0.135075 0.063859
vt 0.143821 0.083231
vt 0.146740 0.081110
vt 0.077023 0.061527
vt 0.075908 0.058096
vt 0.095485 0.050995
vt 0.117534 0.050488
vt 0.137425 0.060623
vt 0.149975 0.078759
vt 0.152307 0.099886
vt 0.155738 0.098771
vt 0.060367 0.070013
vt 0.058247 0.067094
vt 0.074672 0.054292
vt 0.095485 0.046996
vt 0.118649 0.047057
vt 0.139546 0.057704
vt 0.153211 0.076409
vt 0.159542 0.097535
vt 0.149584 0.100771
vt 0.141504 0.084914
vt 0.153131 0.159076
vt 0.156739 0.159076
vt 0.047149 0.083231
vt 0.044231 0.081110
vt 0.055896 0.063859
vt 0.073436 0.050488
vt 0.095485 0.043388
vt 0.156130 0.074288
vt 0.163346 0.096300
vt 0.160739 0.159076
vt 0.150268 0.159076
vt 0.152307 0.218447
vt 0.155738 0.219562
vt 0.038663 0.099886
vt 0.035232 0.098771
vt 0.040995 0.078759
vt 0.053545 0.060623
vt 0.072321 0.047057
vt 0.166777 0.095185
vt 0.164738 0.159076
vt 0.159542 0.220798
vt 0.149584 0.217563
vt 0.143821 0.235103
vt 0.146740 0.237223
vt 0.049466 0.084914
vt 0.041386 0.100771
vt 0.038487 0.159076
vt 0.034879 0.159076
vt 0.031428 0.097535
vt 0.037759 0.076409
vt 0.051424 0.057704
vt 0.158446 0.072605
vt 0.169500 0.094300
vt 0.168346 0.159076
vt 0.163346 0.222034
vt 0.149975 0.239574
vt 0.141504 0.233420
vt 0.130603 0.248320
vt 0.132724 0.251239
vt 0.041350 0.159076
vt 0.038663 0.218447
vt 0.035232 0.219562
vt 0.030880 0.159076
vt 0.027624 0.096300
vt 0.034841 0.074288
vt 0.171209 0.159076
vt 0.166777 0.223149
vt 0.153211 0.241925
vt 0.135075 0.254475
vt 0.113948 0.256807
vt 0.115063 0.260238
vt 0.041386 0.217563
vt 0.047149 0.235103
vt 0.044231 0.237223
vt 0.031428 0.220798
vt 0.026880 0.159076
vt 0.024193 0.095185
vt 0.169500 0.224034
vt 0.156130 0.244046
vt 0.137425 0.257710
vt 0.116299 0.264042
vt 0.095485 0.259731
vt 0.095485 0.263339
vt 0.049466 0.233420
vt 0.060367 0.248320
vt 0.058247 0.251239
vt 0.040995 0.239574
vt 0.027624 0.222034
vt 0.023272 0.159076
vt 0.021470 0.094300
vt 0.032524 0.072605
vt 0.158446 0.245729
vt 0.139546 0.260629
vt 0.117534 0.267845
vt 0.095485 0.267338
vt 0.077023 0.256807
vt 0.075908 0.260238
vt 0.055896 0.254475
vt 0.037759 0.241925
vt 0.024193 0.223149
vt 0.020409 0.159076
vt 0.118649 0.271277
vt 0.095485 0.271338
vt 0.074672 0.264042
vt 0.053545 0.257710
vt 0.034841 0.244046
vt 0.021470 0.224034
vt 0.095485 0.274946
vt 0.073436 0.267845
vt 0.051424 0.260629
vt 0.032524 0.245729
vt 0.072321 0.271277
vt 0.205202 0.057704
vt 0.226099 0.047057
vt 0.227214 0.050488
vt 0.207323 0.060623
vt 0.249263 0.043388
vt 0.249263 0.046996
vt 0.228450 0.054292
vt 0.209674 0.063859
vt 0.188619 0.074288
vt 0.191538 0.076409
vt 0.272427 0.047057
vt 0.271313 0.050488
vt 0.249263 0.050995
vt 0.229686 0.058095
vt 0.212025 0.067094
vt 0.194773 0.078759
vt 0.177971 0.095185
vt 0.181403 0.096300
vt 0.293324 0.057704
vt 0.291203 0.060623
vt 0.270077 0.054292
vt 0.249263 0.054995
vt 0.230801 0.061527
vt 0.214145 0.070013
vt 0.198009 0.081110
vt 0.185206 0.097536
vt 0.175248 0.094300
vt 0.186302 0.072605
vt 0.176403 0.159076
vt 0.180010 0.159076
vt 0.309908 0.074288
vt 0.306989 0.076409
vt 0.288853 0.063859
vt 0.268841 0.058095
vt 0.249263 0.058603
vt 0.200928 0.083231
vt 0.189010 0.098771
vt 0.184010 0.159076
vt 0.173539 0.159076
vt 0.177971 0.223149
vt 0.181403 0.222034
vt 0.320555 0.095185
vt 0.317124 0.096300
vt 0.303753 0.078759
vt 0.286502 0.067094
vt 0.267726 0.061527
vt 0.192441 0.099886
vt 0.188009 0.159076
vt 0.185206 0.220798
vt 0.175248 0.224034
vt 0.188619 0.244046
vt 0.191538 0.241925
vt 0.312224 0.072605
vt 0.323278 0.094300
vt 0.321476 0.159076
vt 0.317868 0.159076
vt 0.313320 0.097536
vt 0.300518 0.081110
vt 0.284381 0.070013
vt 0.203244 0.084914
vt 0.195164 0.100771
vt 0.191617 0.159076
vt 0.189010 0.219562
vt 0.194773 0.239574
vt 0.186302 0.245729
vt 0.205202 0.260629
vt 0.207323 0.257710
vt 0.324340 0.159076
vt 0.320555 0.223149
vt 0.317124 0.222034
vt 0.313869 0.159076
vt 0.309517 0.098771
vt 0.297599 0.083231
vt 0.194480 0.159076
vt 0.192441 0.218447
vt 0.198009 0.237223
vt 0.209674 0.254475
vt 0.226099 0.271277
vt 0.227214 0.267845
vt 0.323278 0.224034
vt 0.309908 0.244046
vt 0.306989 0.241925
vt 0.313320 0.220798
vt 0.309870 0.159076
vt 0.306085 0.099886
vt 0.195164 0.217563
vt 0.200928 0.235103
vt 0.212025 0.251239
vt 0.228450 0.264042
vt 0.249263 0.274946
vt 0.249263 0.271338
vt 0.312224 0.245729
vt 0.293324 0.260629
vt 0.291203 0.257710
vt 0.303753 0.239574
vt 0.309517 0.219562
vt 0.306262 0.159076
vt 0.303362 0.100771
vt 0.295283 0.084914
vt 0.203244 0.233420
vt 0.214145 0.248320
vt 0.229686 0.260238
vt 0.249263 0.267338
vt 0.272428 0.271277
vt 0.271313 0.267845
vt 0.288853 0.254475
vt 0.300518 0.237223
vt 0.306085 0.218447
vt 0.303398 0.159076
vt 0.230801 0.256807
vt 0.249263 0.263339
vt 0.270077 0.264042
vt 0.286502 0.251239
vt 0.297599 0.235103
vt 0.303362 0.217563
vt 0.249263 0.259731
vt 0.268841 0.260238
vt 0.284381 0.248320
vt 0.295283 0.233420
vt 0.267726 0.256807
vt 0.363575 0.237444
vt 0.363575 0.222276
vt 0.367574 0.221904
vt 0.367574 0.237248
vt 0.359576 0.237248
vt 0.359576 0.221904
vt 0.371182 0.220823
vt 0.371182 0.236680
vt 0.363575 0.294986
vt 0.367574 0.294986
vt 0.355968 0.236680
vt 0.355968 0.220823
vt 0.359576 0.294986
vt 0.371182 0.294986
vt 0.363575 0.352708
vt 0.367574 0.352904
vt 0.355968 0.294986
vt 0.359576 0.352904
vt 0.371182 0.353472
vt 0.363575 0.367876
vt 0.367574 0.368248
vt 0.355968 0.353472
vt 0.359576 0.368248
vt 0.371182 0.369329
vt 0.355968 0.369329
vt 0.346200 0.352708
vt 0.346200 0.367876
vt 0.342200 0.368248
vt 0.342200 0.352904
vt 0.350199 0.352904
vt 0.350199 0.368248
vt 0.338592 0.369329
vt 0.338592 0.353472
vt 0.346200 0.294986
vt 0.342200 0.294986
vt 0.353807 0.353472
vt 0.353807 0.369329
vt 0.350199 0.294986
vt 0.338592 0.294986
vt 0.346200 0.237444
vt 0.342200 0.237248
vt 0.353807 0.294986
vt 0.350199 0.237248
vt 0.338592 0.236680
vt 0.346200 0.222276
vt 0.342200 0.221904
vt 0.353807 0.236680
vt 0.350199 0.221904
vt 0.338592 0.220823
vt 0.353807 0.220823
vt 0.326601 0.066536
vt 0.326601 0.044841
vt 0.330209 0.043760
vt 0.330209 0.065968
vt 0.334208 0.043388
vt 0.334208 0.065772
vt 0.326601 0.131312
vt 0.330209 0.131312
vt 0.338208 0.043760
vt 0.338208 0.065968
vt 0.334208 0.131312
vt 0.326601 0.196270
vt 0.330209 0.196838
vt 0.341816 0.044841
vt 0.341816 0.066536
vt 0.338208 0.131312
vt 0.334208 0.197033
vt 0.326601 0.217965
vt 0.330209 0.219045
vt 0.341816 0.131312
vt 0.338208 0.196838
vt 0.334208 0.219417
vt 0.341816 0.196270
vt 0.338208 0.219045
vt 0.341816 0.217965
vt 0.359661 0.196270
vt 0.359661 0.217965
vt 0.356053 0.219045
vt 0.356053 0.196838
vt 0.352054 0.219417
vt 0.352054 0.197033
vt 0.359661 0.131312
vt 0.356053 0.131312
vt 0.348055 0.219045
vt 0.348055 0.196838
vt 0.352054 0.131312
vt 0.359661 0.066536
vt 0.356053 0.065968
vt 0.344447 0.217965
vt 0.344447 0.196270
vt 0.348055 0.131312
vt 0.352054 0.065772
vt 0.359661 0.044841
vt 0.356053 0.043760
vt 0.344447 0.131312
vt 0.348055 0.065968
vt 0.352054 0.043388
vt 0.344447 0.066536
vt 0.348055 0.043760
vt 0.344447 0.044841
vn -0.443017 0.568780 0.692983
vn -0.507676 0.286905 0.812374
vn -0.766613 0.261005 0.586669
vn -0.705791 0.526157 0.474362
vn -0.334993 0.794978 0.505757
vn -0.604177 0.738932 0.298245
vn -0.093040 0.990427 0.101973
vn -0.378549 0.921976 -0.081614
vn -0.034355 0.999392 0.005961
vn -0.310886 0.935956 -0.165338
vn 0.024622 0.995647 -0.089893
vn -0.266793 0.926938 -0.263831
vn 0.279405 0.822073 -0.496114
vn -0.026233 0.764420 -0.644185
vn 0.402630 0.606076 -0.685975
vn 0.089680 0.561238 -0.822782
vn 0.486443 0.330750 -0.808689
vn 0.168519 0.302248 -0.938215
vn 0.522639 0.023049 -0.852243
vn 0.202568 0.012804 -0.979185
vn 0.507675 -0.286908 -0.812373
vn 0.188492 -0.278762 -0.941681
vn 0.443016 -0.568781 -0.692983
vn 0.127670 -0.543912 -0.829374
vn 0.334992 -0.794977 -0.505759
vn 0.026054 -0.756687 -0.653258
vn 0.088317 -0.991626 -0.094227
vn -0.206997 -0.940916 -0.268011
vn 0.034354 -0.999392 -0.005962
vn -0.245210 -0.953331 -0.176159
vn -0.020114 -0.996381 0.082585
vn -0.310133 -0.945435 -0.099854
vn -0.279408 -0.822074 0.496111
vn -0.551888 -0.782176 0.289172
vn -0.402632 -0.606075 0.685974
vn -0.667800 -0.578994 0.467770
vn -0.486443 -0.330748 0.808689
vn -0.746640 -0.320003 0.583204
vn -0.522639 -0.023050 0.852243
vn -0.780689 -0.030560 0.624172
vn -0.930614 0.206513 0.302176
vn -0.880362 0.425581 0.209389
vn -0.796407 0.601378 0.063882
vn -0.612437 0.750371 -0.248727
vn -0.548561 0.774315 -0.315464
vn -0.517617 0.754588 -0.403323
vn -0.318909 0.622435 -0.714753
vn -0.223142 0.454566 -0.862310
vn -0.158004 0.240589 -0.957680
vn -0.129875 0.001450 -0.991529
vn -0.141502 -0.239443 -0.960544
vn -0.191754 -0.458509 -0.867756
vn -0.275708 -0.634304 -0.722249
vn -0.468398 -0.784225 -0.406935
vn -0.493178 -0.807231 -0.324274
vn -0.556244 -0.788065 -0.263716
vn -0.753206 -0.655364 0.056386
vn -0.848974 -0.487494 0.203944
vn -0.914112 -0.273516 0.299313
vn -0.942243 -0.034378 0.333160
vn -0.991029 0.133644 0.001175
vn -0.955957 0.286537 -0.063585
vn -0.897363 0.409230 -0.165140
vn -0.770955 0.509778 -0.381779
vn -0.723539 0.540717 -0.429087
vn -0.702237 0.512839 -0.493822
vn -0.564101 0.423928 -0.708572
vn -0.497261 0.306766 -0.811558
vn -0.451801 0.157426 -0.878119
vn -0.432170 -0.009477 -0.901743
vn -0.440284 -0.177604 -0.880117
vn -0.475355 -0.330496 -0.815358
vn -0.533950 -0.453190 -0.713804
vn -0.668130 -0.554171 -0.496484
vn -0.684031 -0.585324 -0.435313
vn -0.732143 -0.556965 -0.392118
vn -0.867211 -0.467887 -0.170370
vn -0.934051 -0.350726 -0.067386
vn -0.979512 -0.201384 -0.000825
vn -0.999145 -0.034482 0.022799
vn -0.957064 0.052019 -0.285172
vn -0.939662 0.127881 -0.317305
vn -0.910589 0.188760 -0.367693
vn -0.848698 0.234100 -0.474245
vn -0.825295 0.264435 -0.498961
vn -0.813204 0.235679 -0.532123
vn -0.745232 0.196051 -0.637333
vn -0.712068 0.137919 -0.688431
vn -0.689510 0.063820 -0.721459
vn -0.679768 -0.018994 -0.733181
vn -0.683796 -0.102415 -0.722450
vn -0.701199 -0.178277 -0.690317
vn -0.730272 -0.239154 -0.639928
vn -0.796583 -0.284306 -0.533503
vn -0.804990 -0.315882 -0.502204
vn -0.829858 -0.285760 -0.479247
vn -0.895628 -0.246448 -0.370289
vn -0.928792 -0.188315 -0.319190
vn -0.951350 -0.114215 -0.286162
vn -0.961091 -0.031401 -0.274440
vn -0.842233 -0.031516 -0.538191
vn -0.843440 -0.036780 -0.535962
vn -0.845458 -0.041003 -0.532466
vn -0.849230 -0.051977 -0.525458
vn -0.851743 -0.029473 -0.523130
vn -0.852132 -0.052113 -0.520726
vn -0.856931 -0.041509 -0.513757
vn -0.859232 -0.037476 -0.510212
vn -0.860797 -0.032334 -0.507921
vn -0.861473 -0.026589 -0.507107
vn -0.861193 -0.020801 -0.507852
vn -0.859986 -0.015537 -0.510081
vn -0.857969 -0.011313 -0.513577
vn -0.853814 0.000442 -0.520577
vn -0.851940 -0.023832 -0.523097
vn -0.851127 0.000554 -0.524959
vn -0.846496 -0.010807 -0.532286
vn -0.844195 -0.014841 -0.535831
vn -0.842630 -0.019982 -0.538123
vn -0.841954 -0.025728 -0.538936
vn -0.657448 -0.112059 -0.745121
vn -0.677085 -0.197664 -0.708862
vn -0.709891 -0.266359 -0.652002
vn -0.777104 -0.331134 -0.535219
vn -0.803664 -0.320327 -0.501512
vn -0.821330 -0.333113 -0.463092
vn -0.896482 -0.274588 -0.347738
vn -0.933905 -0.208991 -0.290075
vn -0.959359 -0.125375 -0.252809
vn -0.970351 -0.031927 -0.239583
vn -0.965807 0.062206 -0.251690
vn -0.946171 0.147810 -0.287947
vn -0.913363 0.216505 -0.344808
vn -0.841071 0.282499 -0.461296
vn -0.824071 0.269887 -0.498063
vn -0.799294 0.284316 -0.529428
vn -0.726773 0.224733 -0.649073
vn -0.689350 0.159135 -0.706734
vn -0.663897 0.075520 -0.744001
vn -0.652903 -0.017927 -0.757229
vn -0.411639 -0.184767 -0.892421
vn -0.448430 -0.345156 -0.824487
vn -0.509900 -0.473864 -0.717952
vn -0.635471 -0.587134 -0.501448
vn -0.682426 -0.587871 -0.434398
vn -0.720771 -0.590938 -0.362328
vn -0.859498 -0.489280 -0.147880
vn -0.929613 -0.366376 -0.039847
vn -0.977303 -0.209714 0.029977
vn -0.997899 -0.034630 0.054758
vn -0.989384 0.141738 0.032073
vn -0.952593 0.302126 -0.035860
vn -0.891127 0.430833 -0.142391
vn -0.757324 0.545552 -0.358934
vn -0.721385 0.544713 -0.427658
vn -0.676415 0.549081 -0.490890
vn -0.541529 0.446252 -0.712464
vn -0.471411 0.323348 -0.820499
vn -0.423719 0.166685 -0.890325
vn -0.403124 -0.008399 -0.915107
vn -0.117395 -0.243298 -0.962821
vn -0.168625 -0.466649 -0.868219
vn -0.254222 -0.645881 -0.719867
vn -0.429036 -0.799037 -0.421270
vn -0.492063 -0.808175 -0.323616
vn -0.550544 -0.804442 -0.223102
vn -0.741060 -0.667350 0.073991
vn -0.838700 -0.496198 0.224433
vn -0.905109 -0.278039 0.321670
vn -0.933789 -0.034224 0.356183
vn -0.921933 0.211379 0.324588
vn -0.870702 0.434726 0.229984
vn -0.785106 0.613959 0.081632
vn -0.601315 0.768593 -0.218367
vn -0.546420 0.776383 -0.314095
vn -0.485756 0.773647 -0.406832
vn -0.298269 0.635430 -0.712225
vn -0.200627 0.464279 -0.862666
vn -0.134220 0.246118 -0.959902
vn -0.105544 0.002304 -0.994412
vn 0.201605 -0.279719 -0.938676
vn 0.140498 -0.546133 -0.825832
vn 0.038400 -0.759926 -0.648874
vn -0.170806 -0.940000 -0.295338
vn -0.244759 -0.953497 -0.175887
vn -0.317784 -0.946529 -0.055644
vn -0.542306 -0.785536 0.298056
vn -0.658775 -0.581382 0.477505
vn -0.737991 -0.321158 0.593487
vn -0.772202 -0.030330 0.634653
vn -0.758059 0.262629 0.596969
vn -0.696946 0.529043 0.484128
vn -0.594845 0.742835 0.307173
vn -0.378395 0.924290 -0.050048
vn -0.309600 0.936524 -0.164533
vn -0.238397 0.930422 -0.278355
vn -0.014138 0.768446 -0.639758
vn 0.102329 0.564293 -0.819209
vn 0.181540 0.304067 -0.935193
vn 0.215747 0.013242 -0.976360
vn 0.507676 -0.286908 -0.812372
vn 0.443017 -0.568781 -0.692982
vn 0.334993 -0.794977 -0.505759
vn 0.112170 -0.984692 -0.133415
vn 0.034354 -0.999392 -0.005961
vn -0.044076 -0.991628 0.121371
vn -0.279405 -0.822074 0.496112
vn -0.402631 -0.606074 0.685976
vn -0.486443 -0.330751 0.808689
vn -0.522639 -0.023049 0.852243
vn -0.507675 0.286908 0.812373
vn -0.443017 0.568779 0.692983
vn -0.334992 0.794979 0.505756
vn -0.108379 0.985941 0.127180
vn -0.034355 0.999392 0.005961
vn 0.040521 0.992466 -0.115623
vn 0.279406 0.822073 -0.496113
vn 0.402631 0.606075 -0.685975
vn 0.486444 0.330751 -0.808688
vn 0.522641 0.023051 -0.852241
vn 0.758062 -0.262628 -0.596966
vn 0.696946 -0.529043 -0.484128
vn 0.594844 -0.742836 -0.307172
vn 0.382208 -0.923016 0.044258
vn 0.309728 -0.936467 0.164614
vn 0.235211 -0.929545 0.283940
vn 0.014138 -0.768446 0.639759
vn -0.102327 -0.564292 0.819209
vn -0.181541 -0.304068 0.935193
vn -0.215752 -0.013240 0.976358
vn -0.201609 0.279719 0.938675
vn -0.140498 0.546133 0.825833
vn -0.038401 0.759925 0.648875
vn 0.174188 0.941262 0.289284
vn 0.244628 0.953546 0.175807
vn 0.314205 0.947394 0.060988
vn 0.542306 0.785536 -0.298056
vn 0.658773 0.581383 -0.477506
vn 0.737992 0.321157 -0.593486
vn 0.772206 0.030332 -0.634648
vn 0.921933 -0.211378 -0.324589
vn 0.870698 -0.434729 -0.229990
vn 0.785104 -0.613961 -0.081637
vn 0.604709 -0.767288 0.213534
vn 0.546529 -0.776277 0.314165
vn 0.483175 -0.772694 0.411686
vn 0.298271 -0.635429 0.712225
vn 0.200631 -0.464277 0.862667
vn 0.134217 -0.246119 0.959902
vn 0.105535 -0.002304 0.994413
vn 0.117395 0.243300 0.962821
vn 0.168631 0.466646 0.868219
vn 0.254227 0.645880 0.719867
vn 0.431754 0.800321 0.416022
vn 0.491946 0.808274 0.323547
vn 0.547340 0.805376 0.227572
vn 0.741059 0.667351 -0.073993
vn 0.838698 0.496200 -0.224436
vn 0.905109 0.278039 -0.321670
vn 0.933791 0.034225 -0.356178
vn 0.989384 -0.141738 -0.032078
vn 0.952593 -0.302127 0.035856
vn 0.891126 -0.430835 0.142392
vn 0.759893 -0.544279 0.355419
vn 0.721361 -0.544757 0.427642
vn 0.674572 -0.548083 0.494527
vn 0.541529 -0.446251 0.712465
vn 0.471414 -0.323347 0.820498
vn 0.423724 -0.166685 0.890322
vn 0.403130 0.008399 0.915104
vn 0.411643 0.184768 0.892418
vn 0.448433 0.345155 0.824485
vn 0.509899 0.473863 0.717953
vn 0.637387 0.588387 0.497532
vn 0.682453 0.587829 0.434413
vn 0.718317 0.591917 0.365589
vn 0.859497 0.489281 0.147880
vn 0.929613 0.366377 0.039844
vn 0.977303 0.209714 -0.029983
vn 0.997899 0.034630 -0.054765
vn 0.965807 -0.062205 0.251690
vn 0.946170 -0.147809 0.287949
vn 0.913364 -0.216504 0.344809
vn 0.842504 -0.281392 0.459353
vn 0.823969 -0.270339 0.497988
vn 0.798270 -0.283371 0.531475
vn 0.726773 -0.224734 0.649073
vn 0.689348 -0.159137 0.706735
vn 0.663896 -0.075521 0.744002
vn 0.652905 0.017927 0.757228
vn 0.657448 0.112060 0.745121
vn 0.677083 0.197665 0.708863
vn 0.709891 0.266359 0.652002
vn 0.778140 0.332229 0.533031
vn 0.803798 0.319883 0.501581
vn 0.819925 0.334046 0.464904
vn 0.896482 0.274587 0.347738
vn 0.933905 0.208989 0.290077
vn 0.959358 0.125375 0.252810
vn 0.970351 0.031927 0.239581
vn 0.861193 0.020801 0.507852
vn 0.859986 0.015537 0.510081
vn 0.857969 0.011313 0.513577
vn 0.853915 0.000331 0.520412
vn 0.851971 0.022852 0.523090
vn 0.851013 0.000194 0.525144
vn 0.846496 0.010807 0.532286
vn 0.844195 0.014841 0.535831
vn 0.842630 0.019982 0.538122
vn 0.841954 0.025728 0.538936
vn 0.842233 0.031516 0.538191
vn 0.843440 0.036780 0.535962
vn 0.845458 0.041003 0.532466
vn 0.849298 0.052749 0.525272
vn 0.851779 0.028493 0.523125
vn 0.851985 0.052861 0.520891
vn 0.856931 0.041509 0.513757
vn 0.859232 0.037476 0.510212
vn 0.860797 0.032335 0.507920
vn 0.861473 0.026589 0.507107
vn 0.683796 0.102414 0.722450
vn 0.701199 0.178276 0.690317
vn 0.730272 0.239154 0.639929
vn 0.795281 0.284590 0.535292
vn 0.805393 0.314518 0.502415
vn 0.830773 0.286169 0.477413
vn 0.895628 0.246446 0.370290
vn 0.928792 0.188314 0.319191
vn 0.951349 0.114215 0.286163
vn 0.961091 0.031401 0.274440
vn 0.957064 -0.052020 0.285172
vn 0.939662 -0.127882 0.317305
vn 0.910589 -0.188759 0.367694
vn 0.847679 -0.233807 0.476208
vn 0.824987 -0.265821 0.498735
vn 0.814407 -0.235260 0.530466
vn 0.745232 -0.196052 0.637333
vn 0.712067 -0.137919 0.688432
vn 0.689510 -0.063820 0.721459
vn 0.679768 0.018994 0.733181
vn 0.440284 0.177603 0.880118
vn 0.475356 0.330496 0.815358
vn 0.533951 0.453189 0.713804
vn 0.665494 0.553895 0.500318
vn 0.684877 0.583974 0.435796
vn 0.734199 0.556956 0.388268
vn 0.867211 0.467887 0.170371
vn 0.934051 0.350725 0.067385
vn 0.979512 0.201385 0.000824
vn 0.999145 0.034482 -0.022799
vn 0.991029 -0.133645 -0.001175
vn 0.955957 -0.286537 0.063584
vn 0.897362 -0.409231 0.165139
vn 0.768740 -0.510041 0.385871
vn 0.722787 -0.542117 0.428588
vn 0.704741 -0.512834 0.490246
vn 0.564101 -0.423928 0.708572
vn 0.497263 -0.306766 0.811557
vn 0.451802 -0.157425 0.878119
vn 0.432169 0.009477 0.901743
vn 0.141503 0.239441 0.960544
vn 0.191754 0.458509 0.867756
vn 0.275708 0.634305 0.722248
vn 0.464644 0.783451 0.412688
vn 0.494225 0.806341 0.324892
vn 0.559442 0.787668 0.258079
vn 0.753206 0.655363 -0.056387
vn 0.848974 0.487493 -0.203943
vn 0.914112 0.273517 -0.299313
vn 0.942243 0.034377 -0.333161
vn 0.930613 -0.206516 -0.302177
vn 0.880362 -0.425581 -0.209389
vn 0.796408 -0.601377 -0.063882
vn 0.609038 -0.751134 0.254699
vn 0.547577 -0.775267 0.314835
vn 0.521216 -0.754973 0.397932
vn 0.318909 -0.622436 0.714752
vn 0.223141 -0.454566 0.862309
vn 0.158004 -0.240588 0.957680
vn 0.129876 -0.001450 0.991529
vn -0.188496 0.278761 0.941680
vn -0.127674 0.543912 0.829373
vn -0.026058 0.756688 0.653257
vn 0.202494 0.939822 0.275193
vn 0.245950 0.953058 0.176605
vn 0.314232 0.944783 0.092966
vn 0.551889 0.782175 -0.289171
vn 0.667802 0.578993 -0.467768
vn 0.746642 0.320004 -0.583201
vn 0.780690 0.030560 -0.624171
vn 0.766615 -0.261007 -0.586666
vn 0.705793 -0.526156 -0.474359
vn 0.604178 -0.738931 -0.298243
vn 0.374228 -0.923065 0.088908
vn 0.310166 -0.936274 0.164888
vn 0.271110 -0.927583 0.257077
vn 0.026231 -0.764421 0.644183
vn -0.089684 -0.561239 0.822780
vn -0.168524 -0.302247 0.938214
vn -0.202571 -0.012805 0.979184
s 1
g pTorus5
usemtl initialShadingGroup
f 1752/2453/1901 1751/2454/1902 1771/2455/1903 1772/2456/1904
f 1753/2463/1905 1752/2453/1901 1772/2456/1904 1773/2464/1906
f 1754/2889/1907 1753/2890/1905 1773/2891/1906 1774/2892/1908
f 1755/2897/1909 1754/2889/1907 1774/2892/1908 1775/2898/1910
f 1756/2903/1911 1755/2897/1909 1775/2898/1910 1776/2904/1912
f 1757/2908/1913 1756/2903/1911 1776/2904/1912 1777/2909/1914
f 1758/2503/1915 1757/2508/1913 1777/2509/1914 1778/2504/1916
f 1759/2502/1917 1758/2503/1915 1778/2504/1916 1779/2505/1918
f 1760/2512/1919 1759/2502/1917 1779/2505/1918 1780/2513/1920
f 1761/2522/1921 1760/2512/1919 1780/2513/1920 1781/2523/1922
f 1762/2532/1923 1761/2522/1921 1781/2523/1922 1782/2533/1924
f 1763/2540/1925 1762/2532/1923 1782/2533/1924 1783/2541/1926
f 1764/2914/1927 1763/2915/1925 1783/2916/1926 1784/2917/1928
f 1765/2922/1929 1764/2914/1927 1784/2917/1928 1785/2923/1930
f 1766/2928/1931 1765/2922/1929 1785/2923/1930 1786/2929/1932
f 1767/2933/1933 1766/2928/1931 1786/2929/1932 1787/2934/1934
f 1768/2480/1935 1767/2489/1933 1787/2490/1934 1788/2481/1936
f 1769/2469/1937 1768/2480/1935 1788/2481/1936 1789/2470/1938
f 1770/2459/1939 1769/2469/1937 1789/2470/1938 1790/2460/1940
f 1751/2454/1902 1770/2459/1939 1790/2460/1940 1771/2455/1903
f 1772/2456/1904 1771/2455/1903 1791/2461/1941 1792/2462/1942
f 1773/2464/1906 1772/2456/1904 1792/2462/1942 1793/2474/1943
f 1774/2892/1908 1773/2891/1906 1793/2895/1943 1794/2896/1944
f 1775/2898/1910 1774/2892/1908 1794/2896/1944 1795/2902/1945
f 1776/2904/1912 1775/2898/1910 1795/2902/1945 1796/2907/1946
f 1777/2909/1914 1776/2904/1912 1796/2907/1946 1797/2912/1947
f 1778/2504/1916 1777/2509/1914 1797/2518/1947 1798/2510/1948
f 1779/2505/1918 1778/2504/1916 1798/2510/1948 1799/2511/1949
f 1780/2513/1920 1779/2505/1918 1799/2511/1949 1800/2521/1950
f 1781/2523/1922 1780/2513/1920 1800/2521/1950 1801/2531/1951
f 1782/2533/1924 1781/2523/1922 1801/2531/1951 1802/2539/1952
f 1783/2541/1926 1782/2533/1924 1802/2539/1952 1803/2546/1953
f 1784/2917/1928 1783/2916/1926 1803/2920/1953 1804/2921/1954
f 1785/2923/1930 1784/2917/1928 1804/2921/1954 1805/2927/1955
f 1786/2929/1932 1785/2923/1930 1805/2927/1955 1806/2932/1956
f 1787/2934/1934 1786/2929/1932 1806/2932/1956 1807/2937/1957
f 1788/2481/1936 1787/2490/1934 1807/2496/1957 1808/2491/1958
f 1789/2470/1938 1788/2481/1936 1808/2491/1958 1809/2482/1959
f 1790/2460/1940 1789/2470/1938 1809/2482/1959 1810/2471/1960
f 1771/2455/1903 1790/2460/1940 1810/2471/1960 1791/2461/1941
f 1792/2462/1942 1791/2461/1941 1811/2472/1961 1812/2473/1962
f 1793/2474/1943 1792/2462/1942 1812/2473/1962 1813/2484/1963
f 1794/2675/1944 1793/2676/1943 1813/2657/1963 1814/2665/1964
f 1795/2687/1945 1794/2675/1944 1814/2665/1964 1815/2677/1965
f 1796/2698/1946 1795/2687/1945 1815/2677/1965 1816/2688/1966
f 1797/2713/1947 1796/2698/1946 1816/2688/1966 1817/2699/1967
f 1798/2510/1948 1797/2518/1947 1817/2529/1967 1818/2519/1968
f 1799/2511/1949 1798/2510/1948 1818/2519/1968 1819/2520/1969
f 1800/2521/1950 1799/2511/1949 1819/2520/1969 1820/2530/1970
f 1801/2531/1951 1800/2521/1950 1820/2530/1970 1821/2538/1971
f 1802/2539/1952 1801/2531/1951 1821/2538/1971 1822/2545/1972
f 1803/2546/1953 1802/2539/1952 1822/2545/1972 1823/2549/1973
f 1804/2728/1954 1803/2740/1953 1823/2729/1973 1824/2717/1974
f 1805/2716/1955 1804/2728/1954 1824/2717/1974 1825/2703/1975
f 1806/2702/1956 1805/2716/1955 1825/2703/1975 1826/2690/1976
f 1807/2701/1957 1806/2702/1956 1826/2690/1976 1827/2679/1977
f 1808/2491/1958 1807/2496/1957 1827/2500/1977 1828/2497/1978
f 1809/2482/1959 1808/2491/1958 1828/2497/1978 1829/2492/1979
f 1810/2471/1960 1809/2482/1959 1829/2492/1979 1830/2483/1980
f 1791/2461/1941 1810/2471/1960 1830/2483/1980 1811/2472/1961
f 1812/2649/1962 1811/2650/1961 1831/2651/1981 1832/2652/1982
f 1813/2657/1963 1812/2649/1962 1832/2652/1982 1833/2658/1983
f 1814/2665/1964 1813/2657/1963 1833/2658/1983 1834/2666/1984
f 1815/2677/1965 1814/2665/1964 1834/2666/1984 1835/2678/1985
f 1816/2688/1966 1815/2677/1965 1835/2678/1985 1836/2689/1986
f 1817/2699/1967 1816/2688/1966 1836/2689/1986 1837/2700/1987
f 1818/2714/1968 1817/2699/1967 1837/2700/1987 1838/2715/1988
f 1819/2726/1969 1818/2714/1968 1838/2715/1988 1839/2727/1989
f 1820/2738/1970 1819/2726/1969 1839/2727/1989 1840/2739/1990
f 1821/2752/1971 1820/2738/1970 1840/2739/1990 1841/2753/1991
f 1822/2741/1972 1821/2752/1971 1841/2753/1991 1842/2742/1992
f 1823/2729/1973 1822/2741/1972 1842/2742/1992 1843/2730/1993
f 1824/2717/1974 1823/2729/1973 1843/2730/1993 1844/2718/1994
f 1825/2703/1975 1824/2717/1974 1844/2718/1994 1845/2704/1995
f 1826/2690/1976 1825/2703/1975 1845/2704/1995 1846/2691/1996
f 1827/2679/1977 1826/2690/1976 1846/2691/1996 1847/2680/1997
f 1828/2667/1978 1827/2679/1977 1847/2680/1997 1848/2668/1998
f 1829/2659/1979 1828/2667/1978 1848/2668/1998 1849/2660/1999
f 1830/2653/1980 1829/2659/1979 1849/2660/1999 1850/2654/2000
f 1811/2650/1961 1830/2653/1980 1850/2654/2000 1831/2651/1981
f 1832/2652/1982 1831/2651/1981 1851/2655/2001 1852/2656/2002
f 1833/2658/1983 1832/2652/1982 1852/2656/2002 1853/2664/2003
f 1834/2666/1984 1833/2658/1983 1853/2664/2003 1854/2674/2004
f 1835/2678/1985 1834/2666/1984 1854/2674/2004 1855/2686/2005
f 1836/2689/1986 1835/2678/1985 1855/2686/2005 1856/2697/2006
f 1837/2700/1987 1836/2689/1986 1856/2697/2006 1857/2712/2007
f 1838/2715/1988 1837/2700/1987 1857/2712/2007 1858/2725/2008
f 1839/2727/1989 1838/2715/1988 1858/2725/2008 1859/2737/2009
f 1840/2739/1990 1839/2727/1989 1859/2737/2009 1860/2751/2010
f 1841/2753/1991 1840/2739/1990 1860/2751/2010 1861/2760/2011
f 1842/2742/1992 1841/2753/1991 1861/2760/2011 1862/2754/2012
f 1843/2730/1993 1842/2742/1992 1862/2754/2012 1863/2743/2013
f 1844/2718/1994 1843/2730/1993 1863/2743/2013 1864/2731/2014
f 1845/2704/1995 1844/2718/1994 1864/2731/2014 1865/2719/2015
f 1846/2691/1996 1845/2704/1995 1865/2719/2015 1866/2705/2016
f 1847/2680/1997 1846/2691/1996 1866/2705/2016 1867/2692/2017
f 1848/2668/1998 1847/2680/1997 1867/2692/2017 1868/2681/2018
f 1849/2660/1999 1848/2668/1998 1868/2681/2018 1869/2669/2019
f 1850/2654/2000 1849/2660/1999 1869/2669/2019 1870/2661/2020
f 1831/2651/1981 1850/2654/2000 1870/2661/2020 1851/2655/2001
f 1852/2656/2002 1851/2655/2001 1871/2662/2021 1872/2663/2022
f 1853/2664/2003 1852/2656/2002 1872/2663/2022 1873/2673/2023
f 1854/2674/2004 1853/2664/2003 1873/2673/2023 1874/2685/2024
f 1855/2686/2005 1854/2674/2004 1874/2685/2024 1875/2696/2025
f 1856/2697/2006 1855/2686/2005 1875/2696/2025 1876/2711/2026
f 1857/2712/2007 1856/2697/2006 1876/2711/2026 1877/2724/2027
f 1858/2725/2008 1857/2712/2007 1877/2724/2027 1878/2736/2028
f 1859/2737/2009 1858/2725/2008 1878/2736/2028 1879/2750/2029
f 1860/2751/2010 1859/2737/2009 1879/2750/2029 1880/2759/2030
f 1861/2760/2011 1860/2751/2010 1880/2759/2030 1881/2765/2031
f 1862/2754/2012 1861/2760/2011 1881/2765/2031 1882/2761/2032
f 1863/2743/2013 1862/2754/2012 1882/2761/2032 1883/2755/2033
f 1864/2731/2014 1863/2743/2013 1883/2755/2033 1884/2744/2034
f 1865/2719/2015 1864/2731/2014 1884/2744/2034 1885/2732/2035
f 1866/2705/2016 1865/2719/2015 1885/2732/2035 1886/2720/2036
f 1867/2692/2017 1866/2705/2016 1886/2720/2036 1887/2706/2037
f 1868/2681/2018 1867/2692/2017 1887/2706/2037 1888/2693/2038
f 1869/2669/2019 1868/2681/2018 1888/2693/2038 1889/2682/2039
f 1870/2661/2020 1869/2669/2019 1889/2682/2039 1890/2670/2040
f 1851/2655/2001 1870/2661/2020 1890/2670/2040 1871/2662/2021
f 1872/2663/2022 1871/2662/2021 1891/2671/2041 1892/2672/2042
f 1873/2673/2023 1872/2663/2022 1892/2672/2042 1893/2684/2043
f 1874/2685/2024 1873/2673/2023 1893/2684/2043 1894/2695/2044
f 1875/2696/2025 1874/2685/2024 1894/2695/2044 1895/2710/2045
f 1876/2711/2026 1875/2696/2025 1895/2710/2045 1896/2723/2046
f 1877/2724/2027 1876/2711/2026 1896/2723/2046 1897/2735/2047
f 1878/2736/2028 1877/2724/2027 1897/2735/2047 1898/2749/2048
f 1879/2750/2029 1878/2736/2028 1898/2749/2048 1899/2758/2049
f 1880/2759/2030 1879/2750/2029 1899/2758/2049 1900/2764/2050
f 1881/2765/2031 1880/2759/2030 1900/2764/2050 1901/2768/2051
f 1882/2761/2032 1881/2765/2031 1901/2768/2051 1902/2766/2052
f 1883/2755/2033 1882/2761/2032 1902/2766/2052 1903/2762/2053
f 1884/2744/2034 1883/2755/2033 1903/2762/2053 1904/2756/2054
f 1885/2732/2035 1884/2744/2034 1904/2756/2054 1905/2745/2055
f 1886/2720/2036 1885/2732/2035 1905/2745/2055 1906/2733/2056
f 1887/2706/2037 1886/2720/2036 1906/2733/2056 1907/2721/2057
f 1888/2693/2038 1887/2706/2037 1907/2721/2057 1908/2707/2058
f 1889/2682/2039 1888/2693/2038 1908/2707/2058 1909/2694/2059
f 1890/2670/2040 1889/2682/2039 1909/2694/2059 1910/2683/2060
f 1871/2662/2021 1890/2670/2040 1910/2683/2060 1891/2671/2041
f 1892/2555/2042 1891/2556/2041 1911/2552/2061 1912/2551/2062
f 1893/2564/2043 1892/2555/2042 1912/2551/2062 1913/2561/2063
f 1894/2695/2044 1893/2684/2043 1913/2708/2063 1914/2709/2064
f 1895/2710/2045 1894/2695/2044 1914/2709/2064 1915/2722/2065
f 1896/2723/2046 1895/2710/2045 1915/2722/2065 1916/2734/2066
f 1897/2735/2047 1896/2723/2046 1916/2734/2066 1917/2748/2067
f 1898/2605/2048 1897/2612/2047 1917/2606/2067 1918/2601/2068
f 1899/2604/2049 1898/2605/2048 1918/2601/2068 1919/2600/2069
f 1900/2613/2050 1899/2604/2049 1919/2600/2069 1920/2610/2070
f 1901/2620/2051 1900/2613/2050 1920/2610/2070 1921/2618/2071
f 1902/2628/2052 1901/2620/2051 1921/2618/2071 1922/2626/2072
f 1903/2637/2053 1902/2628/2052 1922/2626/2072 1923/2635/2073
f 1904/2756/2054 1903/2762/2053 1923/2767/2073 1924/2763/2074
f 1905/2745/2055 1904/2756/2054 1924/2763/2074 1925/2757/2075
f 1906/2733/2056 1905/2745/2055 1925/2757/2075 1926/2746/2076
f 1907/2721/2057 1906/2733/2056 1926/2746/2076 1927/2747/2077
f 1908/2579/2058 1907/2588/2057 1927/2580/2077 1928/2572/2078
f 1909/2571/2059 1908/2579/2058 1928/2572/2078 1929/2565/2079
f 1910/2563/2060 1909/2571/2059 1929/2565/2079 1930/2557/2080
f 1891/2556/2041 1910/2563/2060 1930/2557/2080 1911/2552/2061
f 1912/2551/2062 1911/2552/2061 1931/2553/2081 1932/2554/2082
f 1913/2561/2063 1912/2551/2062 1932/2554/2082 1933/2562/2083
f 1914/2939/2064 1913/2940/2063 1933/2941/2083 1934/2942/2084
f 1915/2945/2065 1914/2939/2064 1934/2942/2084 1935/2946/2085
f 1916/2950/2066 1915/2945/2065 1935/2946/2085 1936/2951/2086
f 1917/2956/2067 1916/2950/2066 1936/2951/2086 1937/2957/2087
f 1918/2601/2068 1917/2606/2067 1937/2607/2087 1938/2602/2088
f 1919/2600/2069 1918/2601/2068 1938/2602/2088 1939/2603/2089
f 1920/2610/2070 1919/2600/2069 1939/2603/2089 1940/2611/2090
f 1921/2618/2071 1920/2610/2070 1940/2611/2090 1941/2619/2091
f 1922/2626/2072 1921/2618/2071 1941/2619/2091 1942/2627/2092
f 1923/2635/2073 1922/2626/2072 1942/2627/2092 1943/2636/2093
f 1924/2964/2074 1923/2965/2073 1943/2966/2093 1944/2967/2094
f 1925/2970/2075 1924/2964/2074 1944/2967/2094 1945/2971/2095
f 1926/2975/2076 1925/2970/2075 1945/2971/2095 1946/2976/2096
f 1927/2981/2077 1926/2975/2076 1946/2976/2096 1947/2982/2097
f 1928/2572/2078 1927/2580/2077 1947/2581/2097 1948/2573/2098
f 1929/2565/2079 1928/2572/2078 1948/2573/2098 1949/2566/2099
f 1930/2557/2080 1929/2565/2079 1949/2566/2099 1950/2558/2100
f 1911/2552/2061 1930/2557/2080 1950/2558/2100 1931/2553/2081
f 1932/2554/2082 1931/2553/2081 1951/2559/2101 1952/2560/2102
f 1933/2562/2083 1932/2554/2082 1952/2560/2102 1953/2570/2103
f 1934/2942/2084 1933/2941/2083 1953/2943/2103 1954/2944/2104
f 1935/2946/2085 1934/2942/2084 1954/2944/2104 1955/2949/2105
f 1936/2951/2086 1935/2946/2085 1955/2949/2105 1956/2955/2106
f 1937/2957/2087 1936/2951/2086 1956/2955/2106 1957/2960/2107
f 1938/2602/2088 1937/2607/2087 1957/2614/2107 1958/2608/2108
f 1939/2603/2089 1938/2602/2088 1958/2608/2108 1959/2609/2109
f 1940/2611/2090 1939/2603/2089 1959/2609/2109 1960/2617/2110
f 1941/2619/2091 1940/2611/2090 1960/2617/2110 1961/2625/2111
f 1942/2627/2092 1941/2619/2091 1961/2625/2111 1962/2634/2112
f 1943/2636/2093 1942/2627/2092 1962/2634/2112 1963/2642/2113
f 1944/2967/2094 1943/2966/2093 1963/2968/2113 1964/2969/2114
f 1945/2971/2095 1944/2967/2094 1964/2969/2114 1965/2974/2115
f 1946/2976/2096 1945/2971/2095 1965/2974/2115 1966/2980/2116
f 1947/2982/2097 1946/2976/2096 1966/2980/2116 1967/2985/2117
f 1948/2573/2098 1947/2581/2097 1967/2589/2117 1968/2582/2118
f 1949/2566/2099 1948/2573/2098 1968/2582/2118 1969/2574/2119
f 1950/2558/2100 1949/2566/2099 1969/2574/2119 1970/2567/2120
f 1931/2553/2081 1950/2558/2100 1970/2567/2120 1951/2559/2101
f 1952/2560/2102 1951/2559/2101 1971/2568/2121 1972/2569/2122
f 1953/2570/2103 1952/2560/2102 1972/2569/2122 1973/2578/2123
f 1954/2944/2104 1953/2943/2103 1973/2947/2123 1974/2948/2124
f 1955/2949/2105 1954/2944/2104 1974/2948/2124 1975/2954/2125
f 1956/2955/2106 1955/2949/2105 1975/2954/2125 1976/2959/2126
f 1957/2960/2107 1956/2955/2106 1976/2959/2126 1977/2962/2127
f 1958/2608/2108 1957/2614/2107 1977/2621/2127 1978/2615/2128
f 1959/2609/2109 1958/2608/2108 1978/2615/2128 1979/2616/2129
f 1960/2617/2110 1959/2609/2109 1979/2616/2129 1980/2624/2130
f 1961/2625/2111 1960/2617/2110 1980/2624/2130 1981/2633/2131
f 1962/2634/2112 1961/2625/2111 1981/2633/2131 1982/2641/2132
f 1963/2642/2113 1962/2634/2112 1982/2641/2132 1983/2645/2133
f 1964/2969/2114 1963/2968/2113 1983/2972/2133 1984/2973/2134
f 1965/2974/2115 1964/2969/2114 1984/2973/2134 1985/2979/2135
f 1966/2980/2116 1965/2974/2115 1985/2979/2135 1986/2984/2136
f 1967/2985/2117 1966/2980/2116 1986/2984/2136 1987/2987/2137
f 1968/2582/2118 1967/2589/2117 1987/2594/2137 1988/2590/2138
f 1969/2574/2119 1968/2582/2118 1988/2590/2138 1989/2583/2139
f 1970/2567/2120 1969/2574/2119 1989/2583/2139 1990/2575/2140
f 1951/2559/2101 1970/2567/2120 1990/2575/2140 1971/2568/2121
f 1972/2569/2122 1971/2568/2121 1991/2576/2141 1992/2577/2142
f 1973/2578/2123 1972/2569/2122 1992/2577/2142 1993/2587/2143
f 1974/2948/2124 1973/2947/2123 1993/2952/2143 1994/2953/2144
f 1975/2954/2125 1974/2948/2124 1994/2953/2144 1995/2958/2145
f 1976/2959/2126 1975/2954/2125 1995/2958/2145 1996/2961/2146
f 1977/2962/2127 1976/2959/2126 1996/2961/2146 1997/2963/2147
f 1978/2615/2128 1977/2621/2127 1997/2629/2147 1998/2622/2148
f 1979/2616/2129 1978/2615/2128 1998/2622/2148 1999/2623/2149
f 1980/2624/2130 1979/2616/2129 1999/2623/2149 2000/2632/2150
f 1981/2633/2131 1980/2624/2130 2000/2632/2150 2001/2640/2151
f 1982/2641/2132 1981/2633/2131 2001/2640/2151 2002/2644/2152
f 1983/2645/2133 1982/2641/2132 2002/2644/2152 2003/2647/2153
f 1984/2973/2134 1983/2972/2133 2003/2977/2153 2004/2978/2154
f 1985/2979/2135 1984/2973/2134 2004/2978/2154 2005/2983/2155
f 1986/2984/2136 1985/2979/2135 2005/2983/2155 2006/2986/2156
f 1987/2987/2137 1986/2984/2136 2006/2986/2156 2007/2988/2157
f 1988/2590/2138 1987/2594/2137 2007/2597/2157 2008/2595/2158
f 1989/2583/2139 1988/2590/2138 2008/2595/2158 2009/2591/2159
f 1990/2575/2140 1989/2583/2139 2009/2591/2159 2010/2584/2160
f 1971/2568/2121 1990/2575/2140 2010/2584/2160 1991/2576/2141
f 1992/2577/2142 1991/2576/2141 2011/2585/2161 2012/2586/2162
f 1993/2587/2143 1992/2577/2142 2012/2586/2162 2013/2593/2163
f 1994/2795/2144 1993/2796/2143 2013/2777/2163 2014/2785/2164
f 1995/2807/2145 1994/2795/2144 2014/2785/2164 2015/2797/2165
f 1996/2818/2146 1995/2807/2145 2015/2797/2165 2016/2808/2166
f 1997/2833/2147 1996/2818/2146 2016/2808/2166 2017/2819/2167
f 1998/2622/2148 1997/2629/2147 2017/2638/2167 2018/2630/2168
f 1999/2623/2149 1998/2622/2148 2018/2630/2168 2019/2631/2169
f 2000/2632/2150 1999/2623/2149 2019/2631/2169 2020/2639/2170
f 2001/2640/2151 2000/2632/2150 2020/2639/2170 2021/2643/2171
f 2002/2644/2152 2001/2640/2151 2021/2643/2171 2022/2646/2172
f 2003/2647/2153 2002/2644/2152 2022/2646/2172 2023/2648/2173
f 2004/2848/2154 2003/2860/2153 2023/2849/2173 2024/2837/2174
f 2005/2836/2155 2004/2848/2154 2024/2837/2174 2025/2823/2175
f 2006/2822/2156 2005/2836/2155 2025/2823/2175 2026/2810/2176
f 2007/2821/2157 2006/2822/2156 2026/2810/2176 2027/2799/2177
f 2008/2595/2158 2007/2597/2157 2027/2599/2177 2028/2598/2178
f 2009/2591/2159 2008/2595/2158 2028/2598/2178 2029/2596/2179
f 2010/2584/2160 2009/2591/2159 2029/2596/2179 2030/2592/2180
f 1991/2576/2141 2010/2584/2160 2030/2592/2180 2011/2585/2161
f 2012/2769/2162 2011/2770/2161 2031/2771/2181 2032/2772/2182
f 2013/2777/2163 2012/2769/2162 2032/2772/2182 2033/2778/2183
f 2014/2785/2164 2013/2777/2163 2033/2778/2183 2034/2786/2184
f 2015/2797/2165 2014/2785/2164 2034/2786/2184 2035/2798/2185
f 2016/2808/2166 2015/2797/2165 2035/2798/2185 2036/2809/2186
f 2017/2819/2167 2016/2808/2166 2036/2809/2186 2037/2820/2187
f 2018/2834/2168 2017/2819/2167 2037/2820/2187 2038/2835/2188
f 2019/2846/2169 2018/2834/2168 2038/2835/2188 2039/2847/2189
f 2020/2858/2170 2019/2846/2169 2039/2847/2189 2040/2859/2190
f 2021/2872/2171 2020/2858/2170 2040/2859/2190 2041/2873/2191
f 2022/2861/2172 2021/2872/2171 2041/2873/2191 2042/2862/2192
f 2023/2849/2173 2022/2861/2172 2042/2862/2192 2043/2850/2193
f 2024/2837/2174 2023/2849/2173 2043/2850/2193 2044/2838/2194
f 2025/2823/2175 2024/2837/2174 2044/2838/2194 2045/2824/2195
f 2026/2810/2176 2025/2823/2175 2045/2824/2195 2046/2811/2196
f 2027/2799/2177 2026/2810/2176 2046/2811/2196 2047/2800/2197
f 2028/2787/2178 2027/2799/2177 2047/2800/2197 2048/2788/2198
f 2029/2779/2179 2028/2787/2178 2048/2788/2198 2049/2780/2199
f 2030/2773/2180 2029/2779/2179 2049/2780/2199 2050/2774/2200
f 2011/2770/2161 2030/2773/2180 2050/2774/2200 2031/2771/2181
f 2032/2772/2182 2031/2771/2181 2051/2775/2201 2052/2776/2202
f 2033/2778/2183 2032/2772/2182 2052/2776/2202 2053/2784/2203
f 2034/2786/2184 2033/2778/2183 2053/2784/2203 2054/2794/2204
f 2035/2798/2185 2034/2786/2184 2054/2794/2204 2055/2806/2205
f 2036/2809/2186 2035/2798/2185 2055/2806/2205 2056/2817/2206
f 2037/2820/2187 2036/2809/2186 2056/2817/2206 2057/2832/2207
f 2038/2835/2188 2037/2820/2187 2057/2832/2207 2058/2845/2208
f 2039/2847/2189 2038/2835/2188 2058/2845/2208 2059/2857/2209
f 2040/2859/2190 2039/2847/2189 2059/2857/2209 2060/2871/2210
f 2041/2873/2191 2040/2859/2190 2060/2871/2210 2061/2880/2211
f 2042/2862/2192 2041/2873/2191 2061/2880/2211 2062/2874/2212
f 2043/2850/2193 2042/2862/2192 2062/2874/2212 2063/2863/2213
f 2044/2838/2194 2043/2850/2193 2063/2863/2213 2064/2851/2214
f 2045/2824/2195 2044/2838/2194 2064/2851/2214 2065/2839/2215
f 2046/2811/2196 2045/2824/2195 2065/2839/2215 2066/2825/2216
f 2047/2800/2197 2046/2811/2196 2066/2825/2216 2067/2812/2217
f 2048/2788/2198 2047/2800/2197 2067/2812/2217 2068/2801/2218
f 2049/2780/2199 2048/2788/2198 2068/2801/2218 2069/2789/2219
f 2050/2774/2200 2049/2780/2199 2069/2789/2219 2070/2781/2220
f 2031/2771/2181 2050/2774/2200 2070/2781/2220 2051/2775/2201
f 2052/2776/2202 2051/2775/2201 2071/2782/2221 2072/2783/2222
f 2053/2784/2203 2052/2776/2202 2072/2783/2222 2073/2793/2223
f 2054/2794/2204 2053/2784/2203 2073/2793/2223 2074/2805/2224
f 2055/2806/2205 2054/2794/2204 2074/2805/2224 2075/2816/2225
f 2056/2817/2206 2055/2806/2205 2075/2816/2225 2076/2831/2226
f 2057/2832/2207 2056/2817/2206 2076/2831/2226 2077/2844/2227
f 2058/2845/2208 2057/2832/2207 2077/2844/2227 2078/2856/2228
f 2059/2857/2209 2058/2845/2208 2078/2856/2228 2079/2870/2229
f 2060/2871/2210 2059/2857/2209 2079/2870/2229 2080/2879/2230
f 2061/2880/2211 2060/2871/2210 2080/2879/2230 2081/2885/2231
f 2062/2874/2212 2061/2880/2211 2081/2885/2231 2082/2881/2232
f 2063/2863/2213 2062/2874/2212 2082/2881/2232 2083/2875/2233
f 2064/2851/2214 2063/2863/2213 2083/2875/2233 2084/2864/2234
f 2065/2839/2215 2064/2851/2214 2084/2864/2234 2085/2852/2235
f 2066/2825/2216 2065/2839/2215 2085/2852/2235 2086/2840/2236
f 2067/2812/2217 2066/2825/2216 2086/2840/2236 2087/2826/2237
f 2068/2801/2218 2067/2812/2217 2087/2826/2237 2088/2813/2238
f 2069/2789/2219 2068/2801/2218 2088/2813/2238 2089/2802/2239
f 2070/2781/2220 2069/2789/2219 2089/2802/2239 2090/2790/2240
f 2051/2775/2201 2070/2781/2220 2090/2790/2240 2071/2782/2221
f 2072/2783/2222 2071/2782/2221 2091/2791/2241 2092/2792/2242
f 2073/2793/2223 2072/2783/2222 2092/2792/2242 2093/2804/2243
f 2074/2805/2224 2073/2793/2223 2093/2804/2243 2094/2815/2244
f 2075/2816/2225 2074/2805/2224 2094/2815/2244 2095/2830/2245
f 2076/2831/2226 2075/2816/2225 2095/2830/2245 2096/2843/2246
f 2077/2844/2227 2076/2831/2226 2096/2843/2246 2097/2855/2247
f 2078/2856/2228 2077/2844/2227 2097/2855/2247 2098/2869/2248
f 2079/2870/2229 2078/2856/2228 2098/2869/2248 2099/2878/2249
f 2080/2879/2230 2079/2870/2229 2099/2878/2249 2100/2884/2250
f 2081/2885/2231 2080/2879/2230 2100/2884/2250 2101/2888/2251
f 2082/2881/2232 2081/2885/2231 2101/2888/2251 2102/2886/2252
f 2083/2875/2233 2082/2881/2232 2102/2886/2252 2103/2882/2253
f 2084/2864/2234 2083/2875/2233 2103/2882/2253 2104/2876/2254
f 2085/2852/2235 2084/2864/2234 2104/2876/2254 2105/2865/2255
f 2086/2840/2236 2085/2852/2235 2105/2865/2255 2106/2853/2256
f 2087/2826/2237 2086/2840/2236 2106/2853/2256 2107/2841/2257
f 2088/2813/2238 2087/2826/2237 2107/2841/2257 2108/2827/2258
f 2089/2802/2239 2088/2813/2238 2108/2827/2258 2109/2814/2259
f 2090/2790/2240 2089/2802/2239 2109/2814/2259 2110/2803/2260
f 2071/2782/2221 2090/2790/2240 2110/2803/2260 2091/2791/2241
f 2092/2475/2242 2091/2476/2241 2111/2466/2261 2112/2465/2262
f 2093/2486/2243 2092/2475/2242 2112/2465/2262 2113/2478/2263
f 2094/2815/2244 2093/2804/2243 2113/2828/2263 2114/2829/2264
f 2095/2830/2245 2094/2815/2244 2114/2829/2264 2115/2842/2265
f 2096/2843/2246 2095/2830/2245 2115/2842/2265 2116/2854/2266
f 2097/2855/2247 2096/2843/2246 2116/2854/2266 2117/2868/2267
f 2098/2525/2248 2097/2534/2247 2117/2526/2267 2118/2515/2268
f 2099/2524/2249 2098/2525/2248 2118/2515/2268 2119/2514/2269
f 2100/2535/2250 2099/2524/2249 2119/2514/2269 2120/2527/2270
f 2101/2542/2251 2100/2535/2250 2120/2527/2270 2121/2536/2271
f 2102/2547/2252 2101/2542/2251 2121/2536/2271 2122/2543/2272
f 2103/2550/2253 2102/2547/2252 2122/2543/2272 2123/2548/2273
f 2104/2876/2254 2103/2882/2253 2123/2887/2273 2124/2883/2274
f 2105/2865/2255 2104/2876/2254 2124/2883/2274 2125/2877/2275
f 2106/2853/2256 2105/2865/2255 2125/2877/2275 2126/2866/2276
f 2107/2841/2257 2106/2853/2256 2126/2866/2276 2127/2867/2277
f 2108/2498/2258 2107/2501/2257 2127/2499/2277 2128/2494/2278
f 2109/2493/2259 2108/2498/2258 2128/2494/2278 2129/2487/2279
f 2110/2485/2260 2109/2493/2259 2129/2487/2279 2130/2477/2280
f 2091/2476/2241 2110/2485/2260 2130/2477/2280 2111/2466/2261
f 2112/2465/2262 2111/2466/2261 2131/2458/2281 2132/2457/2282
f 2113/2478/2263 2112/2465/2262 2132/2457/2282 2133/2468/2283
f 2114/2899/2264 2113/2900/2263 2133/2894/2283 2134/2893/2284
f 2115/2905/2265 2114/2899/2264 2134/2893/2284 2135/2901/2285
f 2116/2910/2266 2115/2905/2265 2135/2901/2285 2136/2906/2286
f 2117/2913/2267 2116/2910/2266 2136/2906/2286 2137/2911/2287
f 2118/2515/2268 2117/2526/2267 2137/2516/2287 2138/2507/2288
f 2119/2514/2269 2118/2515/2268 2138/2507/2288 2139/2506/2289
f 2120/2527/2270 2119/2514/2269 2139/2506/2289 2140/2517/2290
f 2121/2536/2271 2120/2527/2270 2140/2517/2290 2141/2528/2291
f 2122/2543/2272 2121/2536/2271 2141/2528/2291 2142/2537/2292
f 2123/2548/2273 2122/2543/2272 2142/2537/2292 2143/2544/2293
f 2124/2924/2274 2123/2925/2273 2143/2919/2293 2144/2918/2294
f 2125/2930/2275 2124/2924/2274 2144/2918/2294 2145/2926/2295
f 2126/2935/2276 2125/2930/2275 2145/2926/2295 2146/2931/2296
f 2127/2938/2277 2126/2935/2276 2146/2931/2296 2147/2936/2297
f 2128/2494/2278 2127/2499/2277 2147/2495/2297 2148/2488/2298
f 2129/2487/2279 2128/2494/2278 2148/2488/2298 2149/2479/2299
f 2130/2477/2280 2129/2487/2279 2149/2479/2299 2150/2467/2300
f 2111/2466/2261 2130/2477/2280 2150/2467/2300 2131/2458/2281
f 2132/2457/2282 2131/2458/2281 1751/2454/1902 1752/2453/1901
f 2133/2468/2283 2132/2457/2282 1752/2453/1901 1753/2463/1905
f 2134/2893/2284 2133/2894/2283 1753/2890/1905 1754/2889/1907
f 2135/2901/2285 2134/2893/2284 1754/2889/1907 1755/2897/1909
f 2136/2906/2286 2135/2901/2285 1755/2897/1909 1756/2903/1911
f 2137/2911/2287 2136/2906/2286 1756/2903/1911 1757/2908/1913
f 2138/2507/2288 2137/2516/2287 1757/2508/1913 1758/2503/1915
f 2139/2506/2289 2138/2507/2288 1758/2503/1915 1759/2502/1917
f 2140/2517/2290 2139/2506/2289 1759/2502/1917 1760/2512/1919
f 2141/2528/2291 2140/2517/2290 1760/2512/1919 1761/2522/1921
f 2142/2537/2292 2141/2528/2291 1761/2522/1921 1762/2532/1923
f 2143/2544/2293 2142/2537/2292 1762/2532/1923 1763/2540/1925
f 2144/2918/2294 2143/2919/2293 1763/2915/1925 1764/2914/1927
f 2145/2926/2295 2144/2918/2294 1764/2914/1927 1765/2922/1929
f 2146/2931/2296 2145/2926/2295 1765/2922/1929 1766/2928/1931
f 2147/2936/2297 2146/2931/2296 1766/2928/1931 1767/2933/1933
f 2148/2488/2298 2147/2495/2297 1767/2489/1933 1768/2480/1935
f 2149/2479/2299 2148/2488/2298 1768/2480/1935 1769/2469/1937
f 2150/2467/2300 2149/2479/2299 1769/2469/1937 1770/2459/1939
f 2131/2458/2281 2150/2467/2300 1770/2459/1939 1751/2454/1902
g default
v 2.842303 0.161249 -0.648819
v 2.814890 0.159177 -0.656223
v 2.786501 0.157559 -0.654785
v 2.759916 0.156552 -0.644645
v 2.694571 0.156728 -0.573989
v 2.630413 0.157062 -0.501849
v 2.622914 0.158202 -0.474407
v 2.624254 0.159927 -0.446019
v 2.634301 0.162068 -0.419466
v 2.652071 0.164415 -0.397345
v 2.675826 0.166738 -0.381823
v 2.703239 0.168811 -0.374419
v 2.731628 0.170429 -0.375857
v 2.758213 0.171436 -0.385997
v 2.822962 0.171169 -0.457602
v 2.887716 0.170926 -0.528793
v 2.895215 0.169786 -0.556235
v 2.893875 0.168061 -0.584623
v 2.883828 0.165920 -0.611176
v 2.866058 0.163573 -0.633297
v 2.842370 0.167357 -0.650140
v 2.814638 0.165260 -0.657630
v 2.785919 0.163623 -0.656175
v 2.759024 0.162605 -0.645917
v 2.693421 0.162778 -0.575054
v 2.629081 0.163116 -0.502637
v 2.621495 0.164270 -0.474875
v 2.622851 0.166015 -0.446157
v 2.633015 0.168181 -0.419294
v 2.650992 0.170555 -0.396916
v 2.675023 0.172906 -0.381213
v 2.702755 0.175002 -0.373723
v 2.731475 0.176640 -0.375178
v 2.758369 0.177658 -0.385436
v 2.823376 0.177394 -0.457249
v 2.888312 0.177146 -0.528717
v 2.895898 0.175992 -0.556479
v 2.894542 0.174247 -0.585196
v 2.884379 0.172082 -0.612059
v 2.866401 0.169707 -0.634437
v 2.843301 0.172807 -0.653262
v 2.814643 0.170640 -0.661003
v 2.784964 0.168948 -0.659500
v 2.757171 0.167896 -0.648899
v 2.690819 0.168059 -0.577433
v 2.625952 0.168413 -0.504211
v 2.618113 0.169605 -0.475522
v 2.619514 0.171408 -0.445845
v 2.630017 0.173646 -0.418085
v 2.648595 0.176100 -0.394960
v 2.673428 0.178529 -0.378732
v 2.702087 0.180695 -0.370992
v 2.731765 0.182387 -0.372495
v 2.759558 0.183439 -0.383096
v 2.825314 0.183186 -0.455512
v 2.890777 0.182923 -0.527784
v 2.898616 0.181731 -0.556473
v 2.897216 0.179927 -0.586150
v 2.886712 0.177689 -0.613910
v 2.868135 0.175236 -0.637035
v 2.845005 0.177066 -0.657881
v 2.814904 0.174790 -0.666011
v 2.783731 0.173013 -0.664432
v 2.754539 0.171908 -0.653298
v 2.687020 0.172055 -0.580892
v 2.621332 0.172432 -0.506417
v 2.613098 0.173685 -0.476284
v 2.614569 0.175579 -0.445113
v 2.625601 0.177929 -0.415956
v 2.645114 0.180506 -0.391667
v 2.671198 0.183058 -0.374623
v 2.701299 0.185333 -0.366493
v 2.732471 0.187110 -0.368072
v 2.761663 0.188215 -0.379206
v 2.828586 0.187977 -0.452561
v 2.894871 0.187691 -0.526087
v 2.903104 0.186439 -0.556220
v 2.901633 0.184545 -0.587391
v 2.890601 0.182194 -0.616548
v 2.871088 0.179617 -0.640837
v 2.847314 0.179717 -0.663543
v 2.815395 0.177304 -0.672165
v 2.782341 0.175419 -0.670490
v 2.751386 0.174247 -0.658684
v 2.682395 0.174375 -0.585094
v 2.615673 0.174782 -0.509040
v 2.606942 0.176110 -0.477088
v 2.608502 0.178118 -0.444035
v 2.620200 0.180611 -0.413117
v 2.640891 0.183343 -0.387361
v 2.668550 0.186049 -0.369287
v 2.700469 0.188462 -0.360666
v 2.733524 0.190346 -0.362341
v 2.764479 0.191518 -0.374147
v 2.832872 0.191299 -0.448686
v 2.900191 0.190984 -0.523790
v 2.908922 0.189656 -0.555743
v 2.907362 0.187647 -0.588796
v 2.895664 0.185155 -0.619714
v 2.874973 0.182422 -0.645470
v 2.850003 0.180500 -0.669695
v 2.816069 0.177935 -0.678861
v 2.780928 0.175931 -0.677081
v 2.748019 0.174686 -0.664529
v 2.677398 0.174792 -0.589628
v 2.609529 0.175231 -0.511823
v 2.600247 0.176643 -0.477854
v 2.601906 0.178778 -0.442714
v 2.614342 0.181428 -0.409845
v 2.636340 0.184333 -0.382462
v 2.665745 0.187209 -0.363248
v 2.699678 0.189774 -0.354082
v 2.734820 0.191778 -0.355863
v 2.767729 0.193024 -0.368415
v 2.837753 0.192827 -0.444265
v 2.906218 0.192479 -0.521120
v 2.915500 0.191067 -0.555090
v 2.913842 0.188931 -0.590229
v 2.901405 0.186282 -0.623099
v 2.879408 0.183376 -0.650481
v 2.852809 0.179340 -0.675735
v 2.816860 0.176622 -0.685445
v 2.779632 0.174500 -0.683559
v 2.744769 0.173180 -0.670261
v 2.672518 0.173264 -0.594048
v 2.603502 0.173736 -0.514494
v 2.593669 0.175232 -0.478507
v 2.595426 0.177494 -0.441281
v 2.608601 0.180301 -0.406459
v 2.631905 0.183379 -0.377451
v 2.663055 0.186426 -0.357096
v 2.699004 0.189143 -0.347386
v 2.736232 0.191266 -0.349272
v 2.771095 0.192585 -0.362570
v 2.842750 0.192410 -0.439732
v 2.912362 0.192029 -0.518337
v 2.922195 0.190534 -0.554324
v 2.920438 0.188272 -0.591550
v 2.907263 0.185464 -0.626371
v 2.883960 0.182387 -0.655379
v 2.855457 0.176349 -0.681070
v 2.817690 0.173494 -0.691271
v 2.778580 0.171264 -0.689290
v 2.741954 0.169878 -0.675320
v 2.668232 0.169942 -0.597923
v 2.598182 0.170443 -0.516790
v 2.587851 0.172015 -0.478984
v 2.589697 0.174391 -0.439875
v 2.603538 0.177340 -0.403293
v 2.628020 0.180574 -0.372818
v 2.660746 0.183775 -0.351434
v 2.698513 0.186630 -0.341233
v 2.737623 0.188859 -0.343214
v 2.774249 0.190246 -0.357184
v 2.847374 0.190090 -0.435530
v 2.918021 0.189680 -0.515714
v 2.928351 0.188109 -0.553520
v 2.926506 0.185732 -0.592629
v 2.912664 0.182783 -0.629211
v 2.888182 0.179550 -0.659686
v 2.857687 0.171820 -0.685180
v 2.818478 0.168856 -0.695770
v 2.777873 0.166541 -0.693713
v 2.739849 0.165102 -0.679210
v 2.664960 0.165151 -0.600874
v 2.594088 0.165675 -0.518488
v 2.583363 0.167306 -0.479237
v 2.585280 0.169774 -0.438635
v 2.599650 0.172836 -0.400655
v 2.625066 0.176192 -0.369016
v 2.659042 0.179516 -0.346815
v 2.698252 0.182480 -0.336225
v 2.738856 0.184795 -0.338282
v 2.776881 0.186234 -0.352785
v 2.851173 0.186094 -0.432070
v 2.922641 0.185660 -0.513507
v 2.933366 0.184029 -0.552758
v 2.931450 0.181562 -0.593360
v 2.917080 0.178500 -0.631339
v 2.891663 0.175143 -0.662978
v 2.859282 0.166197 -0.687661
v 2.819146 0.163163 -0.698501
v 2.777583 0.160793 -0.696396
v 2.738660 0.159320 -0.681550
v 2.663022 0.159359 -0.602611
v 2.591623 0.159898 -0.519420
v 2.580645 0.161568 -0.479242
v 2.582606 0.164094 -0.437681
v 2.597316 0.167228 -0.398805
v 2.623333 0.170664 -0.366418
v 2.658112 0.174066 -0.343693
v 2.698247 0.177100 -0.332852
v 2.739810 0.179470 -0.334958
v 2.778733 0.180943 -0.349803
v 2.853775 0.180813 -0.429692
v 2.925770 0.180364 -0.511933
v 2.936748 0.178694 -0.552111
v 2.934787 0.176169 -0.593672
v 2.920077 0.173035 -0.632549
v 2.894060 0.169598 -0.664935
v 2.860085 0.160030 -0.688271
v 2.819630 0.156971 -0.699197
v 2.777736 0.154583 -0.697075
v 2.738504 0.153098 -0.682111
v 2.662607 0.153134 -0.602964
v 2.591027 0.153678 -0.519497
v 2.579962 0.155361 -0.478999
v 2.581939 0.157907 -0.437107
v 2.596765 0.161066 -0.397922
v 2.622989 0.164530 -0.365278
v 2.658044 0.167958 -0.342372
v 2.698499 0.171016 -0.331445
v 2.740393 0.173405 -0.333567
v 2.779625 0.174890 -0.348531
v 2.854925 0.174764 -0.428627
v 2.927102 0.174310 -0.511146
v 2.938167 0.172627 -0.551643
v 2.936190 0.170081 -0.593535
v 2.921364 0.166922 -0.632720
v 2.895140 0.163458 -0.665364
v 2.860018 0.153922 -0.686949
v 2.819882 0.150888 -0.697790
v 2.778319 0.148518 -0.695684
v 2.739396 0.147045 -0.680839
v 2.663758 0.147084 -0.601900
v 2.592359 0.147624 -0.518709
v 2.581381 0.149294 -0.478531
v 2.583342 0.151819 -0.436970
v 2.598052 0.154953 -0.398093
v 2.624069 0.158389 -0.365707
v 2.658847 0.161791 -0.342982
v 2.698983 0.164825 -0.332141
v 2.740546 0.167195 -0.334246
v 2.779469 0.168668 -0.349092
v 2.854511 0.168538 -0.428981
v 2.926506 0.168089 -0.511222
v 2.937484 0.166420 -0.551400
v 2.935523 0.163894 -0.592961
v 2.920813 0.160760 -0.631838
v 2.894796 0.157324 -0.664224
v 2.859087 0.148472 -0.683827
v 2.819877 0.145508 -0.694417
v 2.779273 0.143193 -0.692360
v 2.741248 0.141754 -0.677857
v 2.666359 0.141803 -0.599521
v 2.595488 0.142328 -0.517135
v 2.584763 0.143959 -0.477884
v 2.586679 0.146426 -0.437282
v 2.601049 0.149488 -0.399303
v 2.626466 0.152845 -0.367664
v 2.660442 0.156168 -0.345463
v 2.699651 0.159132 -0.334872
v 2.740256 0.161447 -0.336929
v 2.778280 0.162886 -0.351432
v 2.852573 0.162746 -0.430718
v 2.924041 0.162313 -0.512154
v 2.934766 0.160681 -0.551405
v 2.932849 0.158214 -0.592007
v 2.918479 0.155152 -0.629987
v 2.893063 0.151795 -0.661626
v 2.857383 0.144213 -0.679208
v 2.819617 0.141358 -0.689409
v 2.780506 0.139128 -0.687428
v 2.743880 0.137742 -0.673458
v 2.670159 0.137807 -0.596061
v 2.600108 0.138308 -0.514928
v 2.589778 0.139879 -0.477122
v 2.591624 0.142256 -0.438013
v 2.605465 0.145205 -0.401431
v 2.629947 0.148438 -0.370956
v 2.662673 0.151639 -0.349572
v 2.700439 0.154494 -0.339371
v 2.739550 0.156724 -0.341353
v 2.776175 0.158110 -0.355322
v 2.849300 0.157955 -0.433668
v 2.919947 0.157544 -0.513852
v 2.930278 0.155973 -0.551659
v 2.928432 0.153597 -0.590767
v 2.914591 0.150648 -0.627349
v 2.890109 0.147414 -0.657824
v 2.855074 0.141562 -0.673546
v 2.819125 0.138845 -0.683256
v 2.781897 0.136722 -0.681370
v 2.747034 0.135403 -0.668073
v 2.674783 0.135487 -0.591859
v 2.605767 0.135959 -0.512305
v 2.595934 0.137454 -0.476318
v 2.597691 0.139716 -0.439092
v 2.610866 0.142524 -0.404271
v 2.634169 0.145601 -0.375263
v 2.665320 0.148648 -0.354908
v 2.701269 0.151366 -0.345198
v 2.738497 0.153488 -0.347084
v 2.773360 0.154808 -0.360381
v 2.845014 0.154633 -0.437543
v 2.914627 0.154252 -0.516148
v 2.924460 0.152756 -0.552135
v 2.922703 0.150494 -0.589361
v 2.909528 0.147687 -0.624183
v 2.886225 0.144609 -0.653191
v 2.852385 0.140779 -0.667394
v 2.818451 0.138213 -0.676560
v 2.783309 0.136210 -0.674779
v 2.750400 0.134964 -0.662227
v 2.679780 0.135070 -0.587326
v 2.611911 0.135509 -0.509522
v 2.602629 0.136921 -0.475552
v 2.604287 0.139056 -0.440413
v 2.616724 0.141706 -0.407543
v 2.638721 0.144612 -0.380161
v 2.668126 0.147488 -0.360947
v 2.702060 0.150053 -0.351781
v 2.737201 0.152056 -0.353561
v 2.770110 0.153302 -0.366113
v 2.840134 0.153105 -0.441964
v 2.908600 0.152757 -0.518819
v 2.917882 0.151345 -0.552788
v 2.916223 0.149210 -0.587928
v 2.903787 0.146560 -0.620798
v 2.881789 0.143655 -0.648180
v 2.849579 0.141939 -0.661355
v 2.817660 0.139526 -0.669976
v 2.784605 0.137642 -0.668301
v 2.753650 0.136470 -0.656495
v 2.684660 0.136598 -0.582906
v 2.617938 0.137004 -0.506852
v 2.609207 0.138332 -0.474899
v 2.610767 0.140341 -0.441846
v 2.622465 0.142833 -0.410928
v 2.643156 0.145566 -0.385172
v 2.670815 0.148271 -0.367099
v 2.702734 0.150684 -0.358477
v 2.735789 0.152569 -0.360152
v 2.766743 0.153740 -0.371959
v 2.835137 0.153522 -0.446497
v 2.902456 0.153206 -0.521602
v 2.911187 0.151878 -0.553554
v 2.909627 0.149870 -0.586607
v 2.897929 0.147377 -0.617525
v 2.877238 0.144645 -0.643281
v 2.846931 0.144930 -0.656019
v 2.816830 0.142655 -0.664150
v 2.785658 0.140877 -0.662570
v 2.756466 0.139773 -0.651436
v 2.688946 0.139920 -0.579030
v 2.623258 0.140297 -0.504555
v 2.615025 0.141549 -0.474422
v 2.616496 0.143443 -0.443252
v 2.627528 0.145794 -0.414095
v 2.647041 0.148371 -0.389805
v 2.673124 0.150922 -0.372761
v 2.703225 0.153198 -0.364631
v 2.734398 0.154975 -0.366210
v 2.763590 0.156080 -0.377344
v 2.830513 0.155842 -0.450699
v 2.896797 0.155556 -0.524225
v 2.905031 0.154303 -0.554358
v 2.903560 0.152409 -0.585529
v 2.892528 0.150059 -0.614686
v 2.873015 0.147482 -0.638975
v 2.844701 0.149459 -0.651910
v 2.816042 0.147293 -0.659650
v 2.786364 0.145600 -0.658147
v 2.758571 0.144548 -0.647546
v 2.692218 0.144711 -0.576080
v 2.627352 0.145065 -0.502858
v 2.619513 0.146257 -0.474169
v 2.620913 0.148061 -0.444492
v 2.631417 0.150299 -0.416732
v 2.649994 0.152752 -0.393607
v 2.674828 0.155181 -0.377380
v 2.703486 0.157348 -0.369639
v 2.733165 0.159040 -0.371142
v 2.760958 0.160092 -0.381743
v 2.826714 0.159838 -0.454159
v 2.892177 0.159575 -0.526431
v 2.900016 0.158383 -0.555120
v 2.898615 0.156580 -0.584797
v 2.888112 0.154342 -0.612557
v 2.869534 0.151888 -0.635682
v 2.843106 0.155082 -0.649429
v 2.815374 0.152986 -0.656919
v 2.786654 0.151348 -0.655464
v 2.759760 0.150330 -0.645206
v 2.694156 0.150503 -0.574343
v 2.629817 0.150842 -0.501925
v 2.622231 0.151996 -0.474164
v 2.623587 0.153741 -0.445446
v 2.633750 0.155906 -0.418583
v 2.651728 0.158281 -0.396205
v 2.675759 0.160631 -0.380502
v 2.703491 0.162728 -0.373012
v 2.732210 0.164365 -0.374467
v 2.759105 0.165383 -0.384725
v 2.824112 0.165119 -0.456537
v 2.889048 0.164871 -0.528006
v 2.896634 0.163718 -0.555767
v 2.895278 0.161973 -0.584485
v 2.885115 0.159807 -0.611348
v 2.867137 0.157433 -0.633726
vt 0.279757 0.356669
vt 0.279757 0.341501
vt 0.283757 0.341697
vt 0.283757 0.357041
vt 0.275758 0.357041
vt 0.275758 0.341697
vt 0.279757 0.324687
vt 0.283757 0.324687
vt 0.287365 0.342265
vt 0.287365 0.358122
vt 0.279757 0.368707
vt 0.283757 0.369219
vt 0.272150 0.358122
vt 0.272150 0.342265
vt 0.275758 0.324687
vt 0.275758 0.369219
vt 0.279757 0.307873
vt 0.283757 0.307677
vt 0.287365 0.324687
vt 0.290228 0.343150
vt 0.290228 0.359805
vt 0.287365 0.370706
vt 0.269287 0.359805
vt 0.269287 0.343150
vt 0.272150 0.324687
vt 0.272150 0.370706
vt 0.275758 0.307677
vt 0.279757 0.292705
vt 0.283757 0.292333
vt 0.287365 0.307109
vt 0.290228 0.324687
vt 0.290228 0.373023
vt 0.269287 0.324687
vt 0.269287 0.373023
vt 0.272150 0.307109
vt 0.275758 0.292333
vt 0.279757 0.280667
vt 0.283757 0.280155
vt 0.287365 0.291252
vt 0.290228 0.306224
vt 0.269287 0.306224
vt 0.272150 0.291252
vt 0.275758 0.280155
vt 0.287365 0.278668
vt 0.290228 0.289569
vt 0.269287 0.289569
vt 0.272150 0.278668
vt 0.290228 0.276351
vt 0.269287 0.276351
vt 0.256656 0.307873
vt 0.256656 0.292705
vt 0.260655 0.292333
vt 0.260655 0.307677
vt 0.252656 0.307677
vt 0.252656 0.292333
vt 0.256656 0.280667
vt 0.260655 0.280155
vt 0.264263 0.291252
vt 0.264263 0.307109
vt 0.256656 0.324687
vt 0.260655 0.324687
vt 0.249048 0.307109
vt 0.249048 0.291252
vt 0.252656 0.280155
vt 0.252656 0.324687
vt 0.264263 0.278668
vt 0.267126 0.289569
vt 0.267126 0.306224
vt 0.264263 0.324687
vt 0.256656 0.341501
vt 0.260655 0.341697
vt 0.246185 0.306224
vt 0.246185 0.289569
vt 0.249048 0.278668
vt 0.249048 0.324687
vt 0.252656 0.341697
vt 0.267126 0.276351
vt 0.267126 0.324687
vt 0.264263 0.342265
vt 0.256656 0.356669
vt 0.260655 0.357041
vt 0.246185 0.276351
vt 0.246185 0.324687
vt 0.249048 0.342265
vt 0.252656 0.357041
vt 0.267126 0.343150
vt 0.264263 0.358122
vt 0.256656 0.368707
vt 0.260655 0.369219
vt 0.246185 0.343150
vt 0.249048 0.358122
vt 0.252656 0.369219
vt 0.267126 0.359805
vt 0.264263 0.370706
vt 0.246185 0.359805
vt 0.249048 0.370706
vt 0.267126 0.373023
vt 0.246185 0.373023
vt 0.333568 0.295568
vt 0.333568 0.317263
vt 0.329961 0.316695
vt 0.329961 0.294488
vt 0.336432 0.297251
vt 0.336432 0.318148
vt 0.333568 0.341312
vt 0.329961 0.341312
vt 0.325961 0.316499
vt 0.325961 0.294115
vt 0.333568 0.278351
vt 0.329961 0.276864
vt 0.336432 0.341312
vt 0.336432 0.280667
vt 0.333568 0.365361
vt 0.329961 0.365929
vt 0.325961 0.341312
vt 0.321962 0.316695
vt 0.321962 0.294488
vt 0.325961 0.276351
vt 0.336432 0.364476
vt 0.333568 0.387056
vt 0.329961 0.388136
vt 0.325961 0.366125
vt 0.321962 0.341312
vt 0.318354 0.317263
vt 0.318354 0.295568
vt 0.321962 0.276864
vt 0.336432 0.385373
vt 0.333568 0.404273
vt 0.329961 0.405760
vt 0.325961 0.388509
vt 0.321962 0.365929
vt 0.318354 0.341312
vt 0.315491 0.318148
vt 0.315491 0.297251
vt 0.318354 0.278351
vt 0.336432 0.401957
vt 0.325961 0.406273
vt 0.321962 0.388136
vt 0.318354 0.365361
vt 0.315491 0.341312
vt 0.315491 0.280667
vt 0.321962 0.405760
vt 0.318354 0.387056
vt 0.315491 0.364476
vt 0.318354 0.404273
vt 0.315491 0.385373
vt 0.315491 0.401957
vt 0.310467 0.365361
vt 0.310467 0.387056
vt 0.306859 0.388136
vt 0.306859 0.365929
vt 0.313330 0.364476
vt 0.313330 0.385373
vt 0.310467 0.404273
vt 0.306859 0.405760
vt 0.302859 0.388509
vt 0.302859 0.366125
vt 0.310467 0.341312
vt 0.306859 0.341312
vt 0.313330 0.401957
vt 0.313330 0.341312
vt 0.302859 0.406273
vt 0.298860 0.388136
vt 0.298860 0.365929
vt 0.302859 0.341312
vt 0.310467 0.317263
vt 0.306859 0.316695
vt 0.313330 0.318148
vt 0.298860 0.405760
vt 0.295252 0.387056
vt 0.295252 0.365361
vt 0.298860 0.341312
vt 0.302859 0.316499
vt 0.310467 0.295568
vt 0.306859 0.294488
vt 0.313330 0.297251
vt 0.295252 0.404273
vt 0.292389 0.385373
vt 0.292389 0.364476
vt 0.295252 0.341312
vt 0.298860 0.316695
vt 0.302859 0.294115
vt 0.310467 0.278351
vt 0.306859 0.276864
vt 0.313330 0.280667
vt 0.292389 0.401957
vt 0.292389 0.341312
vt 0.295252 0.317263
vt 0.298860 0.294488
vt 0.302859 0.276351
vt 0.292389 0.318148
vt 0.295252 0.295568
vt 0.298860 0.276864
vt 0.292389 0.297251
vt 0.295252 0.278351
vt 0.292389 0.280667
vt 0.130603 0.070013
vt 0.113948 0.061527
vt 0.115063 0.058096
vt 0.132724 0.067094
vt 0.095485 0.058603
vt 0.095485 0.054995
vt 0.116299 0.054292
vt 0.135075 0.063859
vt 0.143821 0.083231
vt 0.146740 0.081110
vt 0.077023 0.061527
vt 0.075908 0.058096
vt 0.095485 0.050995
vt 0.117534 0.050488
vt 0.137425 0.060623
vt 0.149975 0.078759
vt 0.152307 0.099886
vt 0.155738 0.098771
vt 0.060367 0.070013
vt 0.058247 0.067094
vt 0.074672 0.054292
vt 0.095485 0.046996
vt 0.118649 0.047057
vt 0.139546 0.057704
vt 0.153211 0.076409
vt 0.159542 0.097535
vt 0.149584 0.100771
vt 0.141504 0.084914
vt 0.153131 0.159076
vt 0.156739 0.159076
vt 0.047149 0.083231
vt 0.044231 0.081110
vt 0.055896 0.063859
vt 0.073436 0.050488
vt 0.095485 0.043388
vt 0.156130 0.074288
vt 0.163346 0.096300
vt 0.160739 0.159076
vt 0.150268 0.159076
vt 0.152307 0.218447
vt 0.155738 0.219562
vt 0.038663 0.099886
vt 0.035232 0.098771
vt 0.040995 0.078759
vt 0.053545 0.060623
vt 0.072321 0.047057
vt 0.166777 0.095185
vt 0.164738 0.159076
vt 0.159542 0.220798
vt 0.149584 0.217563
vt 0.143821 0.235103
vt 0.146740 0.237223
vt 0.049466 0.084914
vt 0.041386 0.100771
vt 0.038487 0.159076
vt 0.034879 0.159076
vt 0.031428 0.097535
vt 0.037759 0.076409
vt 0.051424 0.057704
vt 0.158446 0.072605
vt 0.169500 0.094300
vt 0.168346 0.159076
vt 0.163346 0.222034
vt 0.149975 0.239574
vt 0.141504 0.233420
vt 0.130603 0.248320
vt 0.132724 0.251239
vt 0.041350 0.159076
vt 0.038663 0.218447
vt 0.035232 0.219562
vt 0.030880 0.159076
vt 0.027624 0.096300
vt 0.034841 0.074288
vt 0.171209 0.159076
vt 0.166777 0.223149
vt 0.153211 0.241925
vt 0.135075 0.254475
vt 0.113948 0.256807
vt 0.115063 0.260238
vt 0.041386 0.217563
vt 0.047149 0.235103
vt 0.044231 0.237223
vt 0.031428 0.220798
vt 0.026880 0.159076
vt 0.024193 0.095185
vt 0.169500 0.224034
vt 0.156130 0.244046
vt 0.137425 0.257710
vt 0.116299 0.264042
vt 0.095485 0.259731
vt 0.095485 0.263339
vt 0.049466 0.233420
vt 0.060367 0.248320
vt 0.058247 0.251239
vt 0.040995 0.239574
vt 0.027624 0.222034
vt 0.023272 0.159076
vt 0.021470 0.094300
vt 0.032524 0.072605
vt 0.158446 0.245729
vt 0.139546 0.260629
vt 0.117534 0.267845
vt 0.095485 0.267338
vt 0.077023 0.256807
vt 0.075908 0.260238
vt 0.055896 0.254475
vt 0.037759 0.241925
vt 0.024193 0.223149
vt 0.020409 0.159076
vt 0.118649 0.271277
vt 0.095485 0.271338
vt 0.074672 0.264042
vt 0.053545 0.257710
vt 0.034841 0.244046
vt 0.021470 0.224034
vt 0.095485 0.274946
vt 0.073436 0.267845
vt 0.051424 0.260629
vt 0.032524 0.245729
vt 0.072321 0.271277
vt 0.205202 0.057704
vt 0.226099 0.047057
vt 0.227214 0.050488
vt 0.207323 0.060623
vt 0.249263 0.043388
vt 0.249263 0.046996
vt 0.228450 0.054292
vt 0.209674 0.063859
vt 0.188619 0.074288
vt 0.191538 0.076409
vt 0.272427 0.047057
vt 0.271313 0.050488
vt 0.249263 0.050995
vt 0.229686 0.058095
vt 0.212025 0.067094
vt 0.194773 0.078759
vt 0.177971 0.095185
vt 0.181403 0.096300
vt 0.293324 0.057704
vt 0.291203 0.060623
vt 0.270077 0.054292
vt 0.249263 0.054995
vt 0.230801 0.061527
vt 0.214145 0.070013
vt 0.198009 0.081110
vt 0.185206 0.097536
vt 0.175248 0.094300
vt 0.186302 0.072605
vt 0.176403 0.159076
vt 0.180010 0.159076
vt 0.309908 0.074288
vt 0.306989 0.076409
vt 0.288853 0.063859
vt 0.268841 0.058095
vt 0.249263 0.058603
vt 0.200928 0.083231
vt 0.189010 0.098771
vt 0.184010 0.159076
vt 0.173539 0.159076
vt 0.177971 0.223149
vt 0.181403 0.222034
vt 0.320555 0.095185
vt 0.317124 0.096300
vt 0.303753 0.078759
vt 0.286502 0.067094
vt 0.267726 0.061527
vt 0.192441 0.099886
vt 0.188009 0.159076
vt 0.185206 0.220798
vt 0.175248 0.224034
vt 0.188619 0.244046
vt 0.191538 0.241925
vt 0.312224 0.072605
vt 0.323278 0.094300
vt 0.321476 0.159076
vt 0.317868 0.159076
vt 0.313320 0.097536
vt 0.300518 0.081110
vt 0.284381 0.070013
vt 0.203244 0.084914
vt 0.195164 0.100771
vt 0.191617 0.159076
vt 0.189010 0.219562
vt 0.194773 0.239574
vt 0.186302 0.245729
vt 0.205202 0.260629
vt 0.207323 0.257710
vt 0.324340 0.159076
vt 0.320555 0.223149
vt 0.317124 0.222034
vt 0.313869 0.159076
vt 0.309517 0.098771
vt 0.297599 0.083231
vt 0.194480 0.159076
vt 0.192441 0.218447
vt 0.198009 0.237223
vt 0.209674 0.254475
vt 0.226099 0.271277
vt 0.227214 0.267845
vt 0.323278 0.224034
vt 0.309908 0.244046
vt 0.306989 0.241925
vt 0.313320 0.220798
vt 0.309870 0.159076
vt 0.306085 0.099886
vt 0.195164 0.217563
vt 0.200928 0.235103
vt 0.212025 0.251239
vt 0.228450 0.264042
vt 0.249263 0.274946
vt 0.249263 0.271338
vt 0.312224 0.245729
vt 0.293324 0.260629
vt 0.291203 0.257710
vt 0.303753 0.239574
vt 0.309517 0.219562
vt 0.306262 0.159076
vt 0.303362 0.100771
vt 0.295283 0.084914
vt 0.203244 0.233420
vt 0.214145 0.248320
vt 0.229686 0.260238
vt 0.249263 0.267338
vt 0.272428 0.271277
vt 0.271313 0.267845
vt 0.288853 0.254475
vt 0.300518 0.237223
vt 0.306085 0.218447
vt 0.303398 0.159076
vt 0.230801 0.256807
vt 0.249263 0.263339
vt 0.270077 0.264042
vt 0.286502 0.251239
vt 0.297599 0.235103
vt 0.303362 0.217563
vt 0.249263 0.259731
vt 0.268841 0.260238
vt 0.284381 0.248320
vt 0.295283 0.233420
vt 0.267726 0.256807
vt 0.363575 0.237444
vt 0.363575 0.222276
vt 0.367574 0.221904
vt 0.367574 0.237248
vt 0.359576 0.237248
vt 0.359576 0.221904
vt 0.371182 0.220823
vt 0.371182 0.236680
vt 0.363575 0.294986
vt 0.367574 0.294986
vt 0.355968 0.236680
vt 0.355968 0.220823
vt 0.359576 0.294986
vt 0.371182 0.294986
vt 0.363575 0.352708
vt 0.367574 0.352904
vt 0.355968 0.294986
vt 0.359576 0.352904
vt 0.371182 0.353472
vt 0.363575 0.367876
vt 0.367574 0.368248
vt 0.355968 0.353472
vt 0.359576 0.368248
vt 0.371182 0.369329
vt 0.355968 0.369329
vt 0.346200 0.352708
vt 0.346200 0.367876
vt 0.342200 0.368248
vt 0.342200 0.352904
vt 0.350199 0.352904
vt 0.350199 0.368248
vt 0.338592 0.369329
vt 0.338592 0.353472
vt 0.346200 0.294986
vt 0.342200 0.294986
vt 0.353807 0.353472
vt 0.353807 0.369329
vt 0.350199 0.294986
vt 0.338592 0.294986
vt 0.346200 0.237444
vt 0.342200 0.237248
vt 0.353807 0.294986
vt 0.350199 0.237248
vt 0.338592 0.236680
vt 0.346200 0.222276
vt 0.342200 0.221904
vt 0.353807 0.236680
vt 0.350199 0.221904
vt 0.338592 0.220823
vt 0.353807 0.220823
vt 0.326601 0.066536
vt 0.326601 0.044841
vt 0.330209 0.043760
vt 0.330209 0.065968
vt 0.334208 0.043388
vt 0.334208 0.065772
vt 0.326601 0.131312
vt 0.330209 0.131312
vt 0.338208 0.043760
vt 0.338208 0.065968
vt 0.334208 0.131312
vt 0.326601 0.196270
vt 0.330209 0.196838
vt 0.341816 0.044841
vt 0.341816 0.066536
vt 0.338208 0.131312
vt 0.334208 0.197033
vt 0.326601 0.217965
vt 0.330209 0.219045
vt 0.341816 0.131312
vt 0.338208 0.196838
vt 0.334208 0.219417
vt 0.341816 0.196270
vt 0.338208 0.219045
vt 0.341816 0.217965
vt 0.359661 0.196270
vt 0.359661 0.217965
vt 0.356053 0.219045
vt 0.356053 0.196838
vt 0.352054 0.219417
vt 0.352054 0.197033
vt 0.359661 0.131312
vt 0.356053 0.131312
vt 0.348055 0.219045
vt 0.348055 0.196838
vt 0.352054 0.131312
vt 0.359661 0.066536
vt 0.356053 0.065968
vt 0.344447 0.217965
vt 0.344447 0.196270
vt 0.348055 0.131312
vt 0.352054 0.065772
vt 0.359661 0.044841
vt 0.356053 0.043760
vt 0.344447 0.131312
vt 0.348055 0.065968
vt 0.352054 0.043388
vt 0.344447 0.066536
vt 0.348055 0.043760
vt 0.344447 0.044841
vn -0.109504 0.050949 0.992680
vn -0.410751 0.028175 0.911312
vn -0.406652 0.364656 0.837652
vn -0.123278 0.386079 0.914191
vn 0.202460 0.068736 0.976875
vn 0.170175 0.402811 0.899324
vn 0.657917 0.082810 0.748524
vn 0.597274 0.417701 0.684682
vn 0.738333 0.083041 0.669304
vn 0.678260 0.404185 0.613676
vn 0.809180 0.082218 0.581781
vn 0.740936 0.417129 0.526324
vn 0.992189 0.065628 0.106081
vn 0.913048 0.399889 0.080195
vn 0.977467 0.046672 -0.205865
vn 0.899199 0.382058 -0.213243
vn 0.867063 0.023146 -0.497661
vn 0.795345 0.359929 -0.487726
vn 0.671785 -0.002644 -0.740742
vn 0.611654 0.335668 -0.716384
vn 0.410748 -0.028176 -0.911314
vn 0.366105 0.311652 -0.876835
vn 0.109503 -0.050948 -0.992680
vn 0.082734 0.290230 -0.953374
vn -0.202459 -0.068734 -0.976876
vn -0.210719 0.273500 -0.938507
vn -0.664759 -0.082866 -0.742448
vn -0.644401 0.262081 -0.718374
vn -0.738333 -0.083039 -0.669304
vn -0.717478 0.246347 -0.651566
vn -0.804113 -0.082315 -0.588750
vn -0.776934 0.262616 -0.572194
vn -0.992190 -0.065624 -0.106082
vn -0.953593 0.276420 -0.119379
vn -0.977467 -0.046669 0.205866
vn -0.939745 0.294250 0.174060
vn -0.867062 -0.023146 0.497663
vn -0.835890 0.316379 0.448544
vn -0.671785 0.002644 0.740741
vn -0.652199 0.340640 0.677200
vn -0.356821 0.649001 0.671920
vn -0.122699 0.666699 0.735158
vn 0.119754 0.680522 0.722875
vn 0.469353 0.694144 0.545777
vn 0.547315 0.675616 0.493953
vn 0.591246 0.693654 0.411426
vn 0.733516 0.678106 0.046111
vn 0.722073 0.663374 -0.196328
vn 0.636270 0.645091 -0.423105
vn 0.484503 0.625048 -0.612022
vn 0.281631 0.605204 -0.744588
vn 0.047510 0.587506 -0.807824
vn -0.194941 0.573682 -0.795542
vn -0.549976 0.566044 -0.614102
vn -0.621055 0.543013 -0.565179
vn -0.662850 0.566505 -0.489593
vn -0.808705 0.576097 -0.118778
vn -0.797263 0.590830 0.123662
vn -0.711458 0.609114 0.350440
vn -0.559691 0.629160 0.539355
vn -0.272988 0.852487 0.445807
vn -0.109587 0.864840 0.489941
vn 0.059628 0.874488 0.481369
vn 0.299450 0.884699 0.357263
vn 0.366064 0.870537 0.328879
vn 0.387795 0.884347 0.259896
vn 0.487992 0.872801 0.009035
vn 0.480007 0.862519 -0.160172
vn 0.420121 0.849759 -0.318446
vn 0.314197 0.835771 -0.450296
vn 0.172607 0.821921 -0.542819
vn 0.009208 0.809568 -0.586954
vn -0.160007 0.799921 -0.578381
vn -0.403450 0.795963 -0.451300
vn -0.465798 0.776036 -0.425206
vn -0.485699 0.796297 -0.360566
vn -0.588372 0.801606 -0.106046
vn -0.580385 0.811889 0.063159
vn -0.520499 0.824650 0.221434
vn -0.414577 0.838639 0.353285
vn -0.168085 0.967355 0.189660
vn -0.087009 0.973485 0.211558
vn -0.003048 0.978272 0.207305
vn 0.111695 0.983301 0.143680
vn 0.156680 0.977876 0.138603
vn 0.157327 0.983122 0.093383
vn 0.209496 0.977435 -0.027057
vn 0.205534 0.972333 -0.111013
vn 0.175821 0.966002 -0.189546
vn 0.123265 0.959060 -0.254969
vn 0.053010 0.952189 -0.300875
vn -0.028066 0.946060 -0.322773
vn -0.112026 0.941274 -0.318519
vn -0.228225 0.940092 -0.253259
vn -0.272032 0.929240 -0.250025
vn -0.270983 0.940263 -0.206092
vn -0.324572 0.942110 -0.084158
vn -0.320610 0.947211 -0.000201
vn -0.290896 0.953543 0.078332
vn -0.238340 0.960484 0.143754
vn -0.052061 0.995843 -0.074745
vn -0.057687 0.995418 -0.076264
vn -0.063512 0.995085 -0.075969
vn -0.076979 0.994046 -0.077114
vn -0.062187 0.996262 -0.059954
vn -0.080716 0.994060 -0.073006
vn -0.078259 0.995143 -0.059708
vn -0.077984 0.995497 -0.053883
vn -0.075922 0.995937 -0.048434
vn -0.072276 0.996418 -0.043895
vn -0.067402 0.996895 -0.040710
vn -0.061776 0.997320 -0.039190
vn -0.055951 0.997652 -0.039486
vn -0.041753 0.998406 -0.037964
vn -0.058020 0.996734 -0.056177
vn -0.038304 0.998393 -0.041776
vn -0.041204 0.997594 -0.055747
vn -0.041479 0.997240 -0.061572
vn -0.043540 0.996801 -0.067021
vn -0.047187 0.996320 -0.071559
vn 0.067823 0.940918 -0.331773
vn -0.023664 0.934002 -0.356484
vn -0.118406 0.928600 -0.351684
vn -0.255319 0.921701 -0.292026
vn -0.275261 0.927496 -0.252947
vn -0.312192 0.921918 -0.229356
vn -0.358245 0.929544 -0.087227
vn -0.353775 0.935300 0.007511
vn -0.320245 0.942445 0.096128
vn -0.260938 0.950278 0.169949
vn -0.181663 0.958031 0.221753
vn -0.090177 0.964947 0.246465
vn 0.004566 0.970349 0.241663
vn 0.144153 0.972830 0.181165
vn 0.160774 0.976676 0.142321
vn 0.197837 0.972622 0.121931
vn 0.244404 0.969406 -0.022794
vn 0.239933 0.963649 -0.117531
vn 0.206403 0.956504 -0.206149
vn 0.147099 0.948672 -0.279972
vn 0.184594 0.803455 -0.566026
vn 0.013183 0.790497 -0.612325
vn -0.164329 0.780378 -0.603330
vn -0.413369 0.768800 -0.487928
vn -0.467608 0.774048 -0.426840
vn -0.523057 0.769216 -0.367041
vn -0.613691 0.782147 -0.107840
vn -0.605314 0.792933 0.069660
vn -0.542493 0.806319 0.235693
vn -0.431377 0.820995 0.374007
vn -0.282845 0.835522 0.471064
vn -0.111436 0.848479 0.517363
vn 0.066073 0.858600 0.508371
vn 0.319326 0.863258 0.390918
vn 0.369125 0.868185 0.331664
vn 0.423306 0.862857 0.276205
vn 0.515436 0.856831 0.012882
vn 0.507061 0.846043 -0.164620
vn 0.444241 0.832657 -0.330655
vn 0.333126 0.817982 -0.468969
vn 0.289023 0.585599 -0.757324
vn 0.050324 0.567550 -0.821799
vn -0.196867 0.553458 -0.809276
vn -0.538637 0.539054 -0.647526
vn -0.621702 0.541667 -0.565760
vn -0.694872 0.539650 -0.475322
vn -0.822630 0.555925 -0.119277
vn -0.810964 0.570945 0.127902
vn -0.723485 0.589583 0.359113
vn -0.568751 0.610017 0.551725
vn -0.361911 0.630250 0.686881
vn -0.123214 0.648298 0.751351
vn 0.123979 0.662391 0.738829
vn 0.470999 0.669948 0.573872
vn 0.548947 0.673197 0.495442
vn 0.619518 0.669375 0.410042
vn 0.749743 0.659925 0.048834
vn 0.738078 0.644903 -0.198346
vn 0.650594 0.626266 -0.429556
vn 0.495860 0.605834 -0.622165
vn 0.368709 0.298853 -0.880194
vn 0.083987 0.277323 -0.957099
vn -0.210868 0.260509 -0.942162
vn -0.615408 0.245428 -0.749025
vn -0.717580 0.245811 -0.651656
vn -0.804377 0.246156 -0.540726
vn -0.957291 0.263448 -0.119120
vn -0.943375 0.281366 0.175720
vn -0.839025 0.303602 0.451511
vn -0.654456 0.327978 0.681262
vn -0.407734 0.352110 0.842480
vn -0.123012 0.373633 0.919384
vn 0.171843 0.390442 0.904448
vn 0.582131 0.401332 0.707146
vn 0.678741 0.402703 0.614118
vn 0.762059 0.400632 0.508685
vn 0.918267 0.387504 0.081406
vn 0.904351 0.369587 -0.213435
vn 0.800001 0.347357 -0.489226
vn 0.615431 0.322985 -0.718975
vn 0.410748 -0.028177 -0.911313
vn 0.109503 -0.050949 -0.992680
vn -0.202459 -0.068735 -0.976876
vn -0.629502 -0.082501 -0.772606
vn -0.738333 -0.083040 -0.669304
vn -0.830372 -0.081715 -0.551185
vn -0.992189 -0.065627 -0.106083
vn -0.977466 -0.046671 0.205867
vn -0.867063 -0.023146 0.497661
vn -0.671785 0.002644 0.740742
vn -0.410748 0.028176 0.911314
vn -0.109505 0.050949 0.992680
vn 0.202462 0.068735 0.976875
vn 0.635220 0.082572 0.767904
vn 0.738333 0.083040 0.669304
vn 0.826580 0.081815 0.556840
vn 0.992189 0.065627 0.106081
vn 0.977467 0.046671 -0.205866
vn 0.867063 0.023144 -0.497660
vn 0.671786 -0.002647 -0.740740
vn 0.407734 -0.352113 -0.842478
vn 0.123011 -0.373633 -0.919384
vn -0.171844 -0.390441 -0.904447
vn -0.576625 -0.401511 -0.711543
vn -0.678693 -0.402850 -0.614074
vn -0.765595 -0.400760 -0.503245
vn -0.918267 -0.387504 -0.081405
vn -0.904350 -0.369589 0.213435
vn -0.800001 -0.347356 0.489226
vn -0.615432 -0.322980 0.718977
vn -0.368709 -0.298849 0.880195
vn -0.083988 -0.277323 0.957099
vn 0.210867 -0.260510 0.942162
vn 0.620884 -0.245102 0.744599
vn 0.717609 -0.245655 0.651683
vn 0.800813 -0.245825 0.546139
vn 0.957291 -0.263447 0.119121
vn 0.943375 -0.281364 -0.175720
vn 0.839025 -0.303603 -0.451511
vn 0.654456 -0.327983 -0.681259
vn 0.361912 -0.630249 -0.686881
vn 0.123213 -0.648292 -0.751356
vn -0.123979 -0.662387 -0.738832
vn -0.466140 -0.670263 -0.577461
vn -0.548864 -0.673320 -0.495366
vn -0.622376 -0.669637 -0.405258
vn -0.749741 -0.659927 -0.048834
vn -0.738075 -0.644906 0.198346
vn -0.650596 -0.626264 0.429556
vn -0.495863 -0.605827 0.622169
vn -0.289022 -0.585598 0.757325
vn -0.050324 -0.567556 0.821795
vn 0.196868 -0.553462 0.809273
vn 0.543449 -0.538578 0.643892
vn 0.621769 -0.541526 0.565820
vn 0.691970 -0.539182 0.480063
vn 0.822632 -0.555922 0.119277
vn 0.810967 -0.570941 -0.127902
vn 0.723484 -0.589583 -0.359113
vn 0.568750 -0.610021 -0.551722
vn 0.282849 -0.835519 -0.471068
vn 0.111437 -0.848477 -0.517366
vn -0.066074 -0.858599 -0.508371
vn -0.315511 -0.863555 -0.393353
vn -0.369159 -0.868159 -0.331694
vn -0.425200 -0.863114 -0.272468
vn -0.515436 -0.856832 -0.012881
vn -0.507058 -0.846045 0.164619
vn -0.444238 -0.832660 0.330652
vn -0.333122 -0.817985 0.468966
vn -0.184590 -0.803458 0.566023
vn -0.013181 -0.790498 0.612322
vn 0.164328 -0.780378 0.603330
vn 0.417139 -0.768332 0.485449
vn 0.467578 -0.774081 0.426813
vn 0.521120 -0.768757 0.370737
vn 0.613692 -0.782146 0.107841
vn 0.605316 -0.792931 -0.069661
vn 0.542496 -0.806316 -0.235696
vn 0.431381 -0.820991 -0.374011
vn 0.181664 -0.958031 -0.221752
vn 0.090176 -0.964948 -0.246463
vn -0.004566 -0.970349 -0.241663
vn -0.141735 -0.972983 -0.182252
vn -0.161113 -0.976575 -0.142629
vn -0.198608 -0.972756 -0.119583
vn -0.244405 -0.969405 0.022794
vn -0.239935 -0.963648 0.117532
vn -0.206404 -0.956504 0.206149
vn -0.147098 -0.948672 0.279971
vn -0.067823 -0.940918 0.331774
vn 0.023663 -0.934001 0.356486
vn 0.118407 -0.928600 0.351685
vn 0.257710 -0.921388 0.290912
vn 0.274938 -0.927672 0.252655
vn 0.311395 -0.921606 0.231679
vn 0.358244 -0.929544 0.087227
vn 0.353773 -0.935301 -0.007510
vn 0.320244 -0.942445 -0.096128
vn 0.260940 -0.950278 -0.169951
vn 0.067402 -0.996895 0.040710
vn 0.061776 -0.997320 0.039190
vn 0.055951 -0.997652 0.039486
vn 0.042464 -0.998363 0.038322
vn 0.057296 -0.996812 0.055520
vn 0.038727 -0.998349 0.042430
vn 0.041204 -0.997594 0.055747
vn 0.041478 -0.997240 0.061572
vn 0.043541 -0.996801 0.067021
vn 0.047187 -0.996319 0.071560
vn 0.052061 -0.995843 0.074745
vn 0.057687 -0.995418 0.076264
vn 0.063512 -0.995085 0.075969
vn 0.077687 -0.993963 0.077470
vn 0.061464 -0.996346 0.059298
vn 0.081137 -0.993978 0.073657
vn 0.078259 -0.995143 0.059708
vn 0.077984 -0.995497 0.053883
vn 0.075923 -0.995937 0.048434
vn 0.072276 -0.996418 0.043895
vn -0.053010 -0.952189 0.300874
vn 0.028066 -0.946061 0.322772
vn 0.112027 -0.941273 0.318519
vn 0.226988 -0.939893 0.255105
vn 0.271041 -0.929770 0.249128
vn 0.272621 -0.940070 0.204808
vn 0.324570 -0.942110 0.084157
vn 0.320608 -0.947212 0.000202
vn 0.290896 -0.953543 -0.078332
vn 0.238340 -0.960484 -0.143754
vn 0.168085 -0.967355 -0.189661
vn 0.087009 -0.973485 -0.211558
vn 0.003049 -0.978272 -0.207304
vn -0.112911 -0.983433 -0.141814
vn -0.157720 -0.977574 -0.139548
vn -0.155669 -0.983265 -0.094646
vn -0.209497 -0.977435 0.027056
vn -0.205534 -0.972333 0.111013
vn -0.175821 -0.966002 0.189546
vn -0.123265 -0.959060 0.254968
vn -0.172608 -0.821921 0.542819
vn -0.009208 -0.809569 0.586953
vn 0.160007 -0.799921 0.578380
vn 0.400190 -0.795717 0.454623
vn 0.464838 -0.777086 0.424339
vn 0.488534 -0.796055 0.357255
vn 0.588371 -0.801606 0.106047
vn 0.580386 -0.811889 -0.063160
vn 0.520501 -0.824649 -0.221434
vn 0.414577 -0.838639 -0.353285
vn 0.272986 -0.852487 -0.445808
vn 0.109587 -0.864839 -0.489943
vn -0.059628 -0.874487 -0.481370
vn -0.302681 -0.884947 -0.353912
vn -0.367137 -0.869716 -0.329855
vn -0.384929 -0.884629 -0.263177
vn -0.487993 -0.872801 -0.009035
vn -0.480006 -0.862519 0.160171
vn -0.420120 -0.849760 0.318446
vn -0.314198 -0.835771 0.450296
vn -0.281632 -0.605205 0.744587
vn -0.047510 -0.587505 0.807824
vn 0.194943 -0.573682 0.795541
vn 0.544889 -0.565869 0.618780
vn 0.620446 -0.544278 0.564631
vn 0.666781 -0.566333 0.484427
vn 0.808705 -0.576098 0.118777
vn 0.797262 -0.590830 -0.123662
vn 0.711458 -0.609114 -0.350439
vn 0.559691 -0.629159 -0.539356
vn 0.356819 -0.649000 -0.671922
vn 0.122698 -0.666699 -0.735158
vn -0.119753 -0.680522 -0.722875
vn -0.474415 -0.694384 -0.541075
vn -0.548066 -0.674505 -0.494638
vn -0.587287 -0.693951 -0.416564
vn -0.733516 -0.678106 -0.046112
vn -0.722074 -0.663373 0.196328
vn -0.636269 -0.645091 0.423106
vn -0.484503 -0.625049 0.612022
vn -0.366108 -0.311649 0.876835
vn -0.082735 -0.290226 0.953375
vn 0.210719 -0.273496 0.938508
vn 0.638023 -0.262026 0.724064
vn 0.717311 -0.247224 0.651418
vn 0.781684 -0.262578 0.565705
vn 0.953593 -0.276422 0.119379
vn 0.939744 -0.294253 -0.174059
vn 0.835890 -0.316382 -0.448542
vn 0.652199 -0.340642 -0.677200
vn 0.406650 -0.364659 -0.837651
vn 0.123278 -0.386082 -0.914190
vn -0.170175 -0.402813 -0.899323
vn -0.603639 -0.417859 -0.678980
vn -0.678529 -0.403355 -0.613924
vn -0.736172 -0.417346 -0.532798
vn -0.913050 -0.399886 -0.080196
vn -0.899201 -0.382053 0.213242
vn -0.795346 -0.359925 0.487728
vn -0.611655 -0.335665 0.716384
s 1
g pTorus6
usemtl initialShadingGroup
f 2152/2989/2301 2151/2990/2302 2171/2991/2303 2172/2992/2304
f 2153/2999/2305 2152/2989/2301 2172/2992/2304 2173/3000/2306
f 2154/3425/2307 2153/3426/2305 2173/3427/2306 2174/3428/2308
f 2155/3433/2309 2154/3425/2307 2174/3428/2308 2175/3434/2310
f 2156/3439/2311 2155/3433/2309 2175/3434/2310 2176/3440/2312
f 2157/3444/2313 2156/3439/2311 2176/3440/2312 2177/3445/2314
f 2158/3039/2315 2157/3044/2313 2177/3045/2314 2178/3040/2316
f 2159/3038/2317 2158/3039/2315 2178/3040/2316 2179/3041/2318
f 2160/3048/2319 2159/3038/2317 2179/3041/2318 2180/3049/2320
f 2161/3058/2321 2160/3048/2319 2180/3049/2320 2181/3059/2322
f 2162/3068/2323 2161/3058/2321 2181/3059/2322 2182/3069/2324
f 2163/3076/2325 2162/3068/2323 2182/3069/2324 2183/3077/2326
f 2164/3450/2327 2163/3451/2325 2183/3452/2326 2184/3453/2328
f 2165/3458/2329 2164/3450/2327 2184/3453/2328 2185/3459/2330
f 2166/3464/2331 2165/3458/2329 2185/3459/2330 2186/3465/2332
f 2167/3469/2333 2166/3464/2331 2186/3465/2332 2187/3470/2334
f 2168/3016/2335 2167/3025/2333 2187/3026/2334 2188/3017/2336
f 2169/3005/2337 2168/3016/2335 2188/3017/2336 2189/3006/2338
f 2170/2995/2339 2169/3005/2337 2189/3006/2338 2190/2996/2340
f 2151/2990/2302 2170/2995/2339 2190/2996/2340 2171/2991/2303
f 2172/2992/2304 2171/2991/2303 2191/2997/2341 2192/2998/2342
f 2173/3000/2306 2172/2992/2304 2192/2998/2342 2193/3010/2343
f 2174/3428/2308 2173/3427/2306 2193/3431/2343 2194/3432/2344
f 2175/3434/2310 2174/3428/2308 2194/3432/2344 2195/3438/2345
f 2176/3440/2312 2175/3434/2310 2195/3438/2345 2196/3443/2346
f 2177/3445/2314 2176/3440/2312 2196/3443/2346 2197/3448/2347
f 2178/3040/2316 2177/3045/2314 2197/3054/2347 2198/3046/2348
f 2179/3041/2318 2178/3040/2316 2198/3046/2348 2199/3047/2349
f 2180/3049/2320 2179/3041/2318 2199/3047/2349 2200/3057/2350
f 2181/3059/2322 2180/3049/2320 2200/3057/2350 2201/3067/2351
f 2182/3069/2324 2181/3059/2322 2201/3067/2351 2202/3075/2352
f 2183/3077/2326 2182/3069/2324 2202/3075/2352 2203/3082/2353
f 2184/3453/2328 2183/3452/2326 2203/3456/2353 2204/3457/2354
f 2185/3459/2330 2184/3453/2328 2204/3457/2354 2205/3463/2355
f 2186/3465/2332 2185/3459/2330 2205/3463/2355 2206/3468/2356
f 2187/3470/2334 2186/3465/2332 2206/3468/2356 2207/3473/2357
f 2188/3017/2336 2187/3026/2334 2207/3032/2357 2208/3027/2358
f 2189/3006/2338 2188/3017/2336 2208/3027/2358 2209/3018/2359
f 2190/2996/2340 2189/3006/2338 2209/3018/2359 2210/3007/2360
f 2171/2991/2303 2190/2996/2340 2210/3007/2360 2191/2997/2341
f 2192/2998/2342 2191/2997/2341 2211/3008/2361 2212/3009/2362
f 2193/3010/2343 2192/2998/2342 2212/3009/2362 2213/3020/2363
f 2194/3211/2344 2193/3212/2343 2213/3193/2363 2214/3201/2364
f 2195/3223/2345 2194/3211/2344 2214/3201/2364 2215/3213/2365
f 2196/3234/2346 2195/3223/2345 2215/3213/2365 2216/3224/2366
f 2197/3249/2347 2196/3234/2346 2216/3224/2366 2217/3235/2367
f 2198/3046/2348 2197/3054/2347 2217/3065/2367 2218/3055/2368
f 2199/3047/2349 2198/3046/2348 2218/3055/2368 2219/3056/2369
f 2200/3057/2350 2199/3047/2349 2219/3056/2369 2220/3066/2370
f 2201/3067/2351 2200/3057/2350 2220/3066/2370 2221/3074/2371
f 2202/3075/2352 2201/3067/2351 2221/3074/2371 2222/3081/2372
f 2203/3082/2353 2202/3075/2352 2222/3081/2372 2223/3085/2373
f 2204/3264/2354 2203/3276/2353 2223/3265/2373 2224/3253/2374
f 2205/3252/2355 2204/3264/2354 2224/3253/2374 2225/3239/2375
f 2206/3238/2356 2205/3252/2355 2225/3239/2375 2226/3226/2376
f 2207/3237/2357 2206/3238/2356 2226/3226/2376 2227/3215/2377
f 2208/3027/2358 2207/3032/2357 2227/3036/2377 2228/3033/2378
f 2209/3018/2359 2208/3027/2358 2228/3033/2378 2229/3028/2379
f 2210/3007/2360 2209/3018/2359 2229/3028/2379 2230/3019/2380
f 2191/2997/2341 2210/3007/2360 2230/3019/2380 2211/3008/2361
f 2212/3185/2362 2211/3186/2361 2231/3187/2381 2232/3188/2382
f 2213/3193/2363 2212/3185/2362 2232/3188/2382 2233/3194/2383
f 2214/3201/2364 2213/3193/2363 2233/3194/2383 2234/3202/2384
f 2215/3213/2365 2214/3201/2364 2234/3202/2384 2235/3214/2385
f 2216/3224/2366 2215/3213/2365 2235/3214/2385 2236/3225/2386
f 2217/3235/2367 2216/3224/2366 2236/3225/2386 2237/3236/2387
f 2218/3250/2368 2217/3235/2367 2237/3236/2387 2238/3251/2388
f 2219/3262/2369 2218/3250/2368 2238/3251/2388 2239/3263/2389
f 2220/3274/2370 2219/3262/2369 2239/3263/2389 2240/3275/2390
f 2221/3288/2371 2220/3274/2370 2240/3275/2390 2241/3289/2391
f 2222/3277/2372 2221/3288/2371 2241/3289/2391 2242/3278/2392
f 2223/3265/2373 2222/3277/2372 2242/3278/2392 2243/3266/2393
f 2224/3253/2374 2223/3265/2373 2243/3266/2393 2244/3254/2394
f 2225/3239/2375 2224/3253/2374 2244/3254/2394 2245/3240/2395
f 2226/3226/2376 2225/3239/2375 2245/3240/2395 2246/3227/2396
f 2227/3215/2377 2226/3226/2376 2246/3227/2396 2247/3216/2397
f 2228/3203/2378 2227/3215/2377 2247/3216/2397 2248/3204/2398
f 2229/3195/2379 2228/3203/2378 2248/3204/2398 2249/3196/2399
f 2230/3189/2380 2229/3195/2379 2249/3196/2399 2250/3190/2400
f 2211/3186/2361 2230/3189/2380 2250/3190/2400 2231/3187/2381
f 2232/3188/2382 2231/3187/2381 2251/3191/2401 2252/3192/2402
f 2233/3194/2383 2232/3188/2382 2252/3192/2402 2253/3200/2403
f 2234/3202/2384 2233/3194/2383 2253/3200/2403 2254/3210/2404
f 2235/3214/2385 2234/3202/2384 2254/3210/2404 2255/3222/2405
f 2236/3225/2386 2235/3214/2385 2255/3222/2405 2256/3233/2406
f 2237/3236/2387 2236/3225/2386 2256/3233/2406 2257/3248/2407
f 2238/3251/2388 2237/3236/2387 2257/3248/2407 2258/3261/2408
f 2239/3263/2389 2238/3251/2388 2258/3261/2408 2259/3273/2409
f 2240/3275/2390 2239/3263/2389 2259/3273/2409 2260/3287/2410
f 2241/3289/2391 2240/3275/2390 2260/3287/2410 2261/3296/2411
f 2242/3278/2392 2241/3289/2391 2261/3296/2411 2262/3290/2412
f 2243/3266/2393 2242/3278/2392 2262/3290/2412 2263/3279/2413
f 2244/3254/2394 2243/3266/2393 2263/3279/2413 2264/3267/2414
f 2245/3240/2395 2244/3254/2394 2264/3267/2414 2265/3255/2415
f 2246/3227/2396 2245/3240/2395 2265/3255/2415 2266/3241/2416
f 2247/3216/2397 2246/3227/2396 2266/3241/2416 2267/3228/2417
f 2248/3204/2398 2247/3216/2397 2267/3228/2417 2268/3217/2418
f 2249/3196/2399 2248/3204/2398 2268/3217/2418 2269/3205/2419
f 2250/3190/2400 2249/3196/2399 2269/3205/2419 2270/3197/2420
f 2231/3187/2381 2250/3190/2400 2270/3197/2420 2251/3191/2401
f 2252/3192/2402 2251/3191/2401 2271/3198/2421 2272/3199/2422
f 2253/3200/2403 2252/3192/2402 2272/3199/2422 2273/3209/2423
f 2254/3210/2404 2253/3200/2403 2273/3209/2423 2274/3221/2424
f 2255/3222/2405 2254/3210/2404 2274/3221/2424 2275/3232/2425
f 2256/3233/2406 2255/3222/2405 2275/3232/2425 2276/3247/2426
f 2257/3248/2407 2256/3233/2406 2276/3247/2426 2277/3260/2427
f 2258/3261/2408 2257/3248/2407 2277/3260/2427 2278/3272/2428
f 2259/3273/2409 2258/3261/2408 2278/3272/2428 2279/3286/2429
f 2260/3287/2410 2259/3273/2409 2279/3286/2429 2280/3295/2430
f 2261/3296/2411 2260/3287/2410 2280/3295/2430 2281/3301/2431
f 2262/3290/2412 2261/3296/2411 2281/3301/2431 2282/3297/2432
f 2263/3279/2413 2262/3290/2412 2282/3297/2432 2283/3291/2433
f 2264/3267/2414 2263/3279/2413 2283/3291/2433 2284/3280/2434
f 2265/3255/2415 2264/3267/2414 2284/3280/2434 2285/3268/2435
f 2266/3241/2416 2265/3255/2415 2285/3268/2435 2286/3256/2436
f 2267/3228/2417 2266/3241/2416 2286/3256/2436 2287/3242/2437
f 2268/3217/2418 2267/3228/2417 2287/3242/2437 2288/3229/2438
f 2269/3205/2419 2268/3217/2418 2288/3229/2438 2289/3218/2439
f 2270/3197/2420 2269/3205/2419 2289/3218/2439 2290/3206/2440
f 2251/3191/2401 2270/3197/2420 2290/3206/2440 2271/3198/2421
f 2272/3199/2422 2271/3198/2421 2291/3207/2441 2292/3208/2442
f 2273/3209/2423 2272/3199/2422 2292/3208/2442 2293/3220/2443
f 2274/3221/2424 2273/3209/2423 2293/3220/2443 2294/3231/2444
f 2275/3232/2425 2274/3221/2424 2294/3231/2444 2295/3246/2445
f 2276/3247/2426 2275/3232/2425 2295/3246/2445 2296/3259/2446
f 2277/3260/2427 2276/3247/2426 2296/3259/2446 2297/3271/2447
f 2278/3272/2428 2277/3260/2427 2297/3271/2447 2298/3285/2448
f 2279/3286/2429 2278/3272/2428 2298/3285/2448 2299/3294/2449
f 2280/3295/2430 2279/3286/2429 2299/3294/2449 2300/3300/2450
f 2281/3301/2431 2280/3295/2430 2300/3300/2450 2301/3304/2451
f 2282/3297/2432 2281/3301/2431 2301/3304/2451 2302/3302/2452
f 2283/3291/2433 2282/3297/2432 2302/3302/2452 2303/3298/2453
f 2284/3280/2434 2283/3291/2433 2303/3298/2453 2304/3292/2454
f 2285/3268/2435 2284/3280/2434 2304/3292/2454 2305/3281/2455
f 2286/3256/2436 2285/3268/2435 2305/3281/2455 2306/3269/2456
f 2287/3242/2437 2286/3256/2436 2306/3269/2456 2307/3257/2457
f 2288/3229/2438 2287/3242/2437 2307/3257/2457 2308/3243/2458
f 2289/3218/2439 2288/3229/2438 2308/3243/2458 2309/3230/2459
f 2290/3206/2440 2289/3218/2439 2309/3230/2459 2310/3219/2460
f 2271/3198/2421 2290/3206/2440 2310/3219/2460 2291/3207/2441
f 2292/3091/2442 2291/3092/2441 2311/3088/2461 2312/3087/2462
f 2293/3100/2443 2292/3091/2442 2312/3087/2462 2313/3097/2463
f 2294/3231/2444 2293/3220/2443 2313/3244/2463 2314/3245/2464
f 2295/3246/2445 2294/3231/2444 2314/3245/2464 2315/3258/2465
f 2296/3259/2446 2295/3246/2445 2315/3258/2465 2316/3270/2466
f 2297/3271/2447 2296/3259/2446 2316/3270/2466 2317/3284/2467
f 2298/3141/2448 2297/3148/2447 2317/3142/2467 2318/3137/2468
f 2299/3140/2449 2298/3141/2448 2318/3137/2468 2319/3136/2469
f 2300/3149/2450 2299/3140/2449 2319/3136/2469 2320/3146/2470
f 2301/3156/2451 2300/3149/2450 2320/3146/2470 2321/3154/2471
f 2302/3164/2452 2301/3156/2451 2321/3154/2471 2322/3162/2472
f 2303/3173/2453 2302/3164/2452 2322/3162/2472 2323/3171/2473
f 2304/3292/2454 2303/3298/2453 2323/3303/2473 2324/3299/2474
f 2305/3281/2455 2304/3292/2454 2324/3299/2474 2325/3293/2475
f 2306/3269/2456 2305/3281/2455 2325/3293/2475 2326/3282/2476
f 2307/3257/2457 2306/3269/2456 2326/3282/2476 2327/3283/2477
f 2308/3115/2458 2307/3124/2457 2327/3116/2477 2328/3108/2478
f 2309/3107/2459 2308/3115/2458 2328/3108/2478 2329/3101/2479
f 2310/3099/2460 2309/3107/2459 2329/3101/2479 2330/3093/2480
f 2291/3092/2441 2310/3099/2460 2330/3093/2480 2311/3088/2461
f 2312/3087/2462 2311/3088/2461 2331/3089/2481 2332/3090/2482
f 2313/3097/2463 2312/3087/2462 2332/3090/2482 2333/3098/2483
f 2314/3475/2464 2313/3476/2463 2333/3477/2483 2334/3478/2484
f 2315/3481/2465 2314/3475/2464 2334/3478/2484 2335/3482/2485
f 2316/3486/2466 2315/3481/2465 2335/3482/2485 2336/3487/2486
f 2317/3492/2467 2316/3486/2466 2336/3487/2486 2337/3493/2487
f 2318/3137/2468 2317/3142/2467 2337/3143/2487 2338/3138/2488
f 2319/3136/2469 2318/3137/2468 2338/3138/2488 2339/3139/2489
f 2320/3146/2470 2319/3136/2469 2339/3139/2489 2340/3147/2490
f 2321/3154/2471 2320/3146/2470 2340/3147/2490 2341/3155/2491
f 2322/3162/2472 2321/3154/2471 2341/3155/2491 2342/3163/2492
f 2323/3171/2473 2322/3162/2472 2342/3163/2492 2343/3172/2493
f 2324/3500/2474 2323/3501/2473 2343/3502/2493 2344/3503/2494
f 2325/3506/2475 2324/3500/2474 2344/3503/2494 2345/3507/2495
f 2326/3511/2476 2325/3506/2475 2345/3507/2495 2346/3512/2496
f 2327/3517/2477 2326/3511/2476 2346/3512/2496 2347/3518/2497
f 2328/3108/2478 2327/3116/2477 2347/3117/2497 2348/3109/2498
f 2329/3101/2479 2328/3108/2478 2348/3109/2498 2349/3102/2499
f 2330/3093/2480 2329/3101/2479 2349/3102/2499 2350/3094/2500
f 2311/3088/2461 2330/3093/2480 2350/3094/2500 2331/3089/2481
f 2332/3090/2482 2331/3089/2481 2351/3095/2501 2352/3096/2502
f 2333/3098/2483 2332/3090/2482 2352/3096/2502 2353/3106/2503
f 2334/3478/2484 2333/3477/2483 2353/3479/2503 2354/3480/2504
f 2335/3482/2485 2334/3478/2484 2354/3480/2504 2355/3485/2505
f 2336/3487/2486 2335/3482/2485 2355/3485/2505 2356/3491/2506
f 2337/3493/2487 2336/3487/2486 2356/3491/2506 2357/3496/2507
f 2338/3138/2488 2337/3143/2487 2357/3150/2507 2358/3144/2508
f 2339/3139/2489 2338/3138/2488 2358/3144/2508 2359/3145/2509
f 2340/3147/2490 2339/3139/2489 2359/3145/2509 2360/3153/2510
f 2341/3155/2491 2340/3147/2490 2360/3153/2510 2361/3161/2511
f 2342/3163/2492 2341/3155/2491 2361/3161/2511 2362/3170/2512
f 2343/3172/2493 2342/3163/2492 2362/3170/2512 2363/3178/2513
f 2344/3503/2494 2343/3502/2493 2363/3504/2513 2364/3505/2514
f 2345/3507/2495 2344/3503/2494 2364/3505/2514 2365/3510/2515
f 2346/3512/2496 2345/3507/2495 2365/3510/2515 2366/3516/2516
f 2347/3518/2497 2346/3512/2496 2366/3516/2516 2367/3521/2517
f 2348/3109/2498 2347/3117/2497 2367/3125/2517 2368/3118/2518
f 2349/3102/2499 2348/3109/2498 2368/3118/2518 2369/3110/2519
f 2350/3094/2500 2349/3102/2499 2369/3110/2519 2370/3103/2520
f 2331/3089/2481 2350/3094/2500 2370/3103/2520 2351/3095/2501
f 2352/3096/2502 2351/3095/2501 2371/3104/2521 2372/3105/2522
f 2353/3106/2503 2352/3096/2502 2372/3105/2522 2373/3114/2523
f 2354/3480/2504 2353/3479/2503 2373/3483/2523 2374/3484/2524
f 2355/3485/2505 2354/3480/2504 2374/3484/2524 2375/3490/2525
f 2356/3491/2506 2355/3485/2505 2375/3490/2525 2376/3495/2526
f 2357/3496/2507 2356/3491/2506 2376/3495/2526 2377/3498/2527
f 2358/3144/2508 2357/3150/2507 2377/3157/2527 2378/3151/2528
f 2359/3145/2509 2358/3144/2508 2378/3151/2528 2379/3152/2529
f 2360/3153/2510 2359/3145/2509 2379/3152/2529 2380/3160/2530
f 2361/3161/2511 2360/3153/2510 2380/3160/2530 2381/3169/2531
f 2362/3170/2512 2361/3161/2511 2381/3169/2531 2382/3177/2532
f 2363/3178/2513 2362/3170/2512 2382/3177/2532 2383/3181/2533
f 2364/3505/2514 2363/3504/2513 2383/3508/2533 2384/3509/2534
f 2365/3510/2515 2364/3505/2514 2384/3509/2534 2385/3515/2535
f 2366/3516/2516 2365/3510/2515 2385/3515/2535 2386/3520/2536
f 2367/3521/2517 2366/3516/2516 2386/3520/2536 2387/3523/2537
f 2368/3118/2518 2367/3125/2517 2387/3130/2537 2388/3126/2538
f 2369/3110/2519 2368/3118/2518 2388/3126/2538 2389/3119/2539
f 2370/3103/2520 2369/3110/2519 2389/3119/2539 2390/3111/2540
f 2351/3095/2501 2370/3103/2520 2390/3111/2540 2371/3104/2521
f 2372/3105/2522 2371/3104/2521 2391/3112/2541 2392/3113/2542
f 2373/3114/2523 2372/3105/2522 2392/3113/2542 2393/3123/2543
f 2374/3484/2524 2373/3483/2523 2393/3488/2543 2394/3489/2544
f 2375/3490/2525 2374/3484/2524 2394/3489/2544 2395/3494/2545
f 2376/3495/2526 2375/3490/2525 2395/3494/2545 2396/3497/2546
f 2377/3498/2527 2376/3495/2526 2396/3497/2546 2397/3499/2547
f 2378/3151/2528 2377/3157/2527 2397/3165/2547 2398/3158/2548
f 2379/3152/2529 2378/3151/2528 2398/3158/2548 2399/3159/2549
f 2380/3160/2530 2379/3152/2529 2399/3159/2549 2400/3168/2550
f 2381/3169/2531 2380/3160/2530 2400/3168/2550 2401/3176/2551
f 2382/3177/2532 2381/3169/2531 2401/3176/2551 2402/3180/2552
f 2383/3181/2533 2382/3177/2532 2402/3180/2552 2403/3183/2553
f 2384/3509/2534 2383/3508/2533 2403/3513/2553 2404/3514/2554
f 2385/3515/2535 2384/3509/2534 2404/3514/2554 2405/3519/2555
f 2386/3520/2536 2385/3515/2535 2405/3519/2555 2406/3522/2556
f 2387/3523/2537 2386/3520/2536 2406/3522/2556 2407/3524/2557
f 2388/3126/2538 2387/3130/2537 2407/3133/2557 2408/3131/2558
f 2389/3119/2539 2388/3126/2538 2408/3131/2558 2409/3127/2559
f 2390/3111/2540 2389/3119/2539 2409/3127/2559 2410/3120/2560
f 2371/3104/2521 2390/3111/2540 2410/3120/2560 2391/3112/2541
f 2392/3113/2542 2391/3112/2541 2411/3121/2561 2412/3122/2562
f 2393/3123/2543 2392/3113/2542 2412/3122/2562 2413/3129/2563
f 2394/3331/2544 2393/3332/2543 2413/3313/2563 2414/3321/2564
f 2395/3343/2545 2394/3331/2544 2414/3321/2564 2415/3333/2565
f 2396/3354/2546 2395/3343/2545 2415/3333/2565 2416/3344/2566
f 2397/3369/2547 2396/3354/2546 2416/3344/2566 2417/3355/2567
f 2398/3158/2548 2397/3165/2547 2417/3174/2567 2418/3166/2568
f 2399/3159/2549 2398/3158/2548 2418/3166/2568 2419/3167/2569
f 2400/3168/2550 2399/3159/2549 2419/3167/2569 2420/3175/2570
f 2401/3176/2551 2400/3168/2550 2420/3175/2570 2421/3179/2571
f 2402/3180/2552 2401/3176/2551 2421/3179/2571 2422/3182/2572
f 2403/3183/2553 2402/3180/2552 2422/3182/2572 2423/3184/2573
f 2404/3384/2554 2403/3396/2553 2423/3385/2573 2424/3373/2574
f 2405/3372/2555 2404/3384/2554 2424/3373/2574 2425/3359/2575
f 2406/3358/2556 2405/3372/2555 2425/3359/2575 2426/3346/2576
f 2407/3357/2557 2406/3358/2556 2426/3346/2576 2427/3335/2577
f 2408/3131/2558 2407/3133/2557 2427/3135/2577 2428/3134/2578
f 2409/3127/2559 2408/3131/2558 2428/3134/2578 2429/3132/2579
f 2410/3120/2560 2409/3127/2559 2429/3132/2579 2430/3128/2580
f 2391/3112/2541 2410/3120/2560 2430/3128/2580 2411/3121/2561
f 2412/3305/2562 2411/3306/2561 2431/3307/2581 2432/3308/2582
f 2413/3313/2563 2412/3305/2562 2432/3308/2582 2433/3314/2583
f 2414/3321/2564 2413/3313/2563 2433/3314/2583 2434/3322/2584
f 2415/3333/2565 2414/3321/2564 2434/3322/2584 2435/3334/2585
f 2416/3344/2566 2415/3333/2565 2435/3334/2585 2436/3345/2586
f 2417/3355/2567 2416/3344/2566 2436/3345/2586 2437/3356/2587
f 2418/3370/2568 2417/3355/2567 2437/3356/2587 2438/3371/2588
f 2419/3382/2569 2418/3370/2568 2438/3371/2588 2439/3383/2589
f 2420/3394/2570 2419/3382/2569 2439/3383/2589 2440/3395/2590
f 2421/3408/2571 2420/3394/2570 2440/3395/2590 2441/3409/2591
f 2422/3397/2572 2421/3408/2571 2441/3409/2591 2442/3398/2592
f 2423/3385/2573 2422/3397/2572 2442/3398/2592 2443/3386/2593
f 2424/3373/2574 2423/3385/2573 2443/3386/2593 2444/3374/2594
f 2425/3359/2575 2424/3373/2574 2444/3374/2594 2445/3360/2595
f 2426/3346/2576 2425/3359/2575 2445/3360/2595 2446/3347/2596
f 2427/3335/2577 2426/3346/2576 2446/3347/2596 2447/3336/2597
f 2428/3323/2578 2427/3335/2577 2447/3336/2597 2448/3324/2598
f 2429/3315/2579 2428/3323/2578 2448/3324/2598 2449/3316/2599
f 2430/3309/2580 2429/3315/2579 2449/3316/2599 2450/3310/2600
f 2411/3306/2561 2430/3309/2580 2450/3310/2600 2431/3307/2581
f 2432/3308/2582 2431/3307/2581 2451/3311/2601 2452/3312/2602
f 2433/3314/2583 2432/3308/2582 2452/3312/2602 2453/3320/2603
f 2434/3322/2584 2433/3314/2583 2453/3320/2603 2454/3330/2604
f 2435/3334/2585 2434/3322/2584 2454/3330/2604 2455/3342/2605
f 2436/3345/2586 2435/3334/2585 2455/3342/2605 2456/3353/2606
f 2437/3356/2587 2436/3345/2586 2456/3353/2606 2457/3368/2607
f 2438/3371/2588 2437/3356/2587 2457/3368/2607 2458/3381/2608
f 2439/3383/2589 2438/3371/2588 2458/3381/2608 2459/3393/2609
f 2440/3395/2590 2439/3383/2589 2459/3393/2609 2460/3407/2610
f 2441/3409/2591 2440/3395/2590 2460/3407/2610 2461/3416/2611
f 2442/3398/2592 2441/3409/2591 2461/3416/2611 2462/3410/2612
f 2443/3386/2593 2442/3398/2592 2462/3410/2612 2463/3399/2613
f 2444/3374/2594 2443/3386/2593 2463/3399/2613 2464/3387/2614
f 2445/3360/2595 2444/3374/2594 2464/3387/2614 2465/3375/2615
f 2446/3347/2596 2445/3360/2595 2465/3375/2615 2466/3361/2616
f 2447/3336/2597 2446/3347/2596 2466/3361/2616 2467/3348/2617
f 2448/3324/2598 2447/3336/2597 2467/3348/2617 2468/3337/2618
f 2449/3316/2599 2448/3324/2598 2468/3337/2618 2469/3325/2619
f 2450/3310/2600 2449/3316/2599 2469/3325/2619 2470/3317/2620
f 2431/3307/2581 2450/3310/2600 2470/3317/2620 2451/3311/2601
f 2452/3312/2602 2451/3311/2601 2471/3318/2621 2472/3319/2622
f 2453/3320/2603 2452/3312/2602 2472/3319/2622 2473/3329/2623
f 2454/3330/2604 2453/3320/2603 2473/3329/2623 2474/3341/2624
f 2455/3342/2605 2454/3330/2604 2474/3341/2624 2475/3352/2625
f 2456/3353/2606 2455/3342/2605 2475/3352/2625 2476/3367/2626
f 2457/3368/2607 2456/3353/2606 2476/3367/2626 2477/3380/2627
f 2458/3381/2608 2457/3368/2607 2477/3380/2627 2478/3392/2628
f 2459/3393/2609 2458/3381/2608 2478/3392/2628 2479/3406/2629
f 2460/3407/2610 2459/3393/2609 2479/3406/2629 2480/3415/2630
f 2461/3416/2611 2460/3407/2610 2480/3415/2630 2481/3421/2631
f 2462/3410/2612 2461/3416/2611 2481/3421/2631 2482/3417/2632
f 2463/3399/2613 2462/3410/2612 2482/3417/2632 2483/3411/2633
f 2464/3387/2614 2463/3399/2613 2483/3411/2633 2484/3400/2634
f 2465/3375/2615 2464/3387/2614 2484/3400/2634 2485/3388/2635
f 2466/3361/2616 2465/3375/2615 2485/3388/2635 2486/3376/2636
f 2467/3348/2617 2466/3361/2616 2486/3376/2636 2487/3362/2637
f 2468/3337/2618 2467/3348/2617 2487/3362/2637 2488/3349/2638
f 2469/3325/2619 2468/3337/2618 2488/3349/2638 2489/3338/2639
f 2470/3317/2620 2469/3325/2619 2489/3338/2639 2490/3326/2640
f 2451/3311/2601 2470/3317/2620 2490/3326/2640 2471/3318/2621
f 2472/3319/2622 2471/3318/2621 2491/3327/2641 2492/3328/2642
f 2473/3329/2623 2472/3319/2622 2492/3328/2642 2493/3340/2643
f 2474/3341/2624 2473/3329/2623 2493/3340/2643 2494/3351/2644
f 2475/3352/2625 2474/3341/2624 2494/3351/2644 2495/3366/2645
f 2476/3367/2626 2475/3352/2625 2495/3366/2645 2496/3379/2646
f 2477/3380/2627 2476/3367/2626 2496/3379/2646 2497/3391/2647
f 2478/3392/2628 2477/3380/2627 2497/3391/2647 2498/3405/2648
f 2479/3406/2629 2478/3392/2628 2498/3405/2648 2499/3414/2649
f 2480/3415/2630 2479/3406/2629 2499/3414/2649 2500/3420/2650
f 2481/3421/2631 2480/3415/2630 2500/3420/2650 2501/3424/2651
f 2482/3417/2632 2481/3421/2631 2501/3424/2651 2502/3422/2652
f 2483/3411/2633 2482/3417/2632 2502/3422/2652 2503/3418/2653
f 2484/3400/2634 2483/3411/2633 2503/3418/2653 2504/3412/2654
f 2485/3388/2635 2484/3400/2634 2504/3412/2654 2505/3401/2655
f 2486/3376/2636 2485/3388/2635 2505/3401/2655 2506/3389/2656
f 2487/3362/2637 2486/3376/2636 2506/3389/2656 2507/3377/2657
f 2488/3349/2638 2487/3362/2637 2507/3377/2657 2508/3363/2658
f 2489/3338/2639 2488/3349/2638 2508/3363/2658 2509/3350/2659
f 2490/3326/2640 2489/3338/2639 2509/3350/2659 2510/3339/2660
f 2471/3318/2621 2490/3326/2640 2510/3339/2660 2491/3327/2641
f 2492/3011/2642 2491/3012/2641 2511/3002/2661 2512/3001/2662
f 2493/3022/2643 2492/3011/2642 2512/3001/2662 2513/3014/2663
f 2494/3351/2644 2493/3340/2643 2513/3364/2663 2514/3365/2664
f 2495/3366/2645 2494/3351/2644 2514/3365/2664 2515/3378/2665
f 2496/3379/2646 2495/3366/2645 2515/3378/2665 2516/3390/2666
f 2497/3391/2647 2496/3379/2646 2516/3390/2666 2517/3404/2667
f 2498/3061/2648 2497/3070/2647 2517/3062/2667 2518/3051/2668
f 2499/3060/2649 2498/3061/2648 2518/3051/2668 2519/3050/2669
f 2500/3071/2650 2499/3060/2649 2519/3050/2669 2520/3063/2670
f 2501/3078/2651 2500/3071/2650 2520/3063/2670 2521/3072/2671
f 2502/3083/2652 2501/3078/2651 2521/3072/2671 2522/3079/2672
f 2503/3086/2653 2502/3083/2652 2522/3079/2672 2523/3084/2673
f 2504/3412/2654 2503/3418/2653 2523/3423/2673 2524/3419/2674
f 2505/3401/2655 2504/3412/2654 2524/3419/2674 2525/3413/2675
f 2506/3389/2656 2505/3401/2655 2525/3413/2675 2526/3402/2676
f 2507/3377/2657 2506/3389/2656 2526/3402/2676 2527/3403/2677
f 2508/3034/2658 2507/3037/2657 2527/3035/2677 2528/3030/2678
f 2509/3029/2659 2508/3034/2658 2528/3030/2678 2529/3023/2679
f 2510/3021/2660 2509/3029/2659 2529/3023/2679 2530/3013/2680
f 2491/3012/2641 2510/3021/2660 2530/3013/2680 2511/3002/2661
f 2512/3001/2662 2511/3002/2661 2531/2994/2681 2532/2993/2682
f 2513/3014/2663 2512/3001/2662 2532/2993/2682 2533/3004/2683
f 2514/3435/2664 2513/3436/2663 2533/3430/2683 2534/3429/2684
f 2515/3441/2665 2514/3435/2664 2534/3429/2684 2535/3437/2685
f 2516/3446/2666 2515/3441/2665 2535/3437/2685 2536/3442/2686
f 2517/3449/2667 2516/3446/2666 2536/3442/2686 2537/3447/2687
f 2518/3051/2668 2517/3062/2667 2537/3052/2687 2538/3043/2688
f 2519/3050/2669 2518/3051/2668 2538/3043/2688 2539/3042/2689
f 2520/3063/2670 2519/3050/2669 2539/3042/2689 2540/3053/2690
f 2521/3072/2671 2520/3063/2670 2540/3053/2690 2541/3064/2691
f 2522/3079/2672 2521/3072/2671 2541/3064/2691 2542/3073/2692
f 2523/3084/2673 2522/3079/2672 2542/3073/2692 2543/3080/2693
f 2524/3460/2674 2523/3461/2673 2543/3455/2693 2544/3454/2694
f 2525/3466/2675 2524/3460/2674 2544/3454/2694 2545/3462/2695
f 2526/3471/2676 2525/3466/2675 2545/3462/2695 2546/3467/2696
f 2527/3474/2677 2526/3471/2676 2546/3467/2696 2547/3472/2697
f 2528/3030/2678 2527/3035/2677 2547/3031/2697 2548/3024/2698
f 2529/3023/2679 2528/3030/2678 2548/3024/2698 2549/3015/2699
f 2530/3013/2680 2529/3023/2679 2549/3015/2699 2550/3003/2700
f 2511/3002/2661 2530/3013/2680 2550/3003/2700 2531/2994/2681
f 2532/2993/2682 2531/2994/2681 2151/2990/2302 2152/2989/2301
f 2533/3004/2683 2532/2993/2682 2152/2989/2301 2153/2999/2305
f 2534/3429/2684 2533/3430/2683 2153/3426/2305 2154/3425/2307
f 2535/3437/2685 2534/3429/2684 2154/3425/2307 2155/3433/2309
f 2536/3442/2686 2535/3437/2685 2155/3433/2309 2156/3439/2311
f 2537/3447/2687 2536/3442/2686 2156/3439/2311 2157/3444/2313
f 2538/3043/2688 2537/3052/2687 2157/3044/2313 2158/3039/2315
f 2539/3042/2689 2538/3043/2688 2158/3039/2315 2159/3038/2317
f 2540/3053/2690 2539/3042/2689 2159/3038/2317 2160/3048/2319
f 2541/3064/2691 2540/3053/2690 2160/3048/2319 2161/3058/2321
f 2542/3073/2692 2541/3064/2691 2161/3058/2321 2162/3068/2323
f 2543/3080/2693 2542/3073/2692 2162/3068/2323 2163/3076/2325
f 2544/3454/2694 2543/3455/2693 2163/3451/2325 2164/3450/2327
f 2545/3462/2695 2544/3454/2694 2164/3450/2327 2165/3458/2329
f 2546/3467/2696 2545/3462/2695 2165/3458/2329 2166/3464/2331
f 2547/3472/2697 2546/3467/2696 2166/3464/2331 2167/3469/2333
f 2548/3024/2698 2547/3031/2697 2167/3025/2333 2168/3016/2335
f 2549/3015/2699 2548/3024/2698 2168/3016/2335 2169/3005/2337
f 2550/3003/2700 2549/3015/2699 2169/3005/2337 2170/2995/2339
f 2531/2994/2681 2550/3003/2700 2170/2995/2339 2151/2990/2302
g default
v 2.666032 0.107494 -0.428629
v 2.663307 0.079196 -0.427081
v 2.652415 0.053233 -0.422849
v 2.634424 0.032147 -0.416347
v 2.549674 -0.002896 -0.387164
v 2.464011 -0.036287 -0.357712
v 2.437152 -0.033212 -0.348781
v 2.412449 -0.021543 -0.340766
v 2.392322 -0.002422 -0.334452
v 2.378739 0.022280 -0.330455
v 2.373031 0.050143 -0.329168
v 2.375756 0.078441 -0.330716
v 2.386648 0.104404 -0.334949
v 2.404640 0.125490 -0.341450
v 2.490028 0.159629 -0.370827
v 2.575053 0.193924 -0.400086
v 2.601911 0.190849 -0.409016
v 2.626614 0.179180 -0.417031
v 2.646741 0.160059 -0.423346
v 2.660324 0.135358 -0.427342
v 2.665079 0.107415 -0.434805
v 2.662322 0.078787 -0.433238
v 2.651304 0.052522 -0.428957
v 2.633102 0.031191 -0.422379
v 2.548081 -0.004018 -0.393102
v 2.462111 -0.037476 -0.363545
v 2.434939 -0.034365 -0.354511
v 2.409949 -0.022560 -0.346402
v 2.389587 -0.003216 -0.340014
v 2.375847 0.021773 -0.335971
v 2.370072 0.049960 -0.334669
v 2.372829 0.078588 -0.336235
v 2.383847 0.104853 -0.340517
v 2.402048 0.126185 -0.347094
v 2.487709 0.160488 -0.376566
v 2.573040 0.194851 -0.405929
v 2.600212 0.191740 -0.414963
v 2.625202 0.179935 -0.423071
v 2.645564 0.160592 -0.429460
v 2.659304 0.135603 -0.433503
v 2.666225 0.107447 -0.441050
v 2.663376 0.077863 -0.439431
v 2.651990 0.050721 -0.435007
v 2.633180 0.028677 -0.428210
v 2.547371 -0.007009 -0.398657
v 2.460509 -0.040664 -0.368797
v 2.432430 -0.037450 -0.359461
v 2.406605 -0.025250 -0.351082
v 2.385564 -0.005261 -0.344481
v 2.371364 0.020563 -0.340303
v 2.365396 0.049692 -0.338957
v 2.368245 0.079276 -0.340576
v 2.379632 0.106418 -0.345000
v 2.398441 0.128462 -0.351797
v 2.484890 0.163243 -0.381544
v 2.571112 0.197803 -0.411210
v 2.599191 0.194588 -0.420546
v 2.625016 0.182389 -0.428925
v 2.646058 0.162399 -0.435526
v 2.660257 0.136576 -0.439704
v 2.669358 0.107587 -0.446754
v 2.666366 0.076514 -0.445054
v 2.654406 0.048005 -0.440407
v 2.634650 0.024852 -0.433267
v 2.547613 -0.011579 -0.403287
v 2.459363 -0.045540 -0.372955
v 2.429870 -0.042163 -0.363149
v 2.402746 -0.029350 -0.354348
v 2.380645 -0.008354 -0.347414
v 2.365730 0.018769 -0.343026
v 2.359462 0.049364 -0.341613
v 2.362455 0.080437 -0.343313
v 2.374414 0.108946 -0.347960
v 2.394170 0.132100 -0.355099
v 2.481847 0.167625 -0.385274
v 2.569458 0.202491 -0.415412
v 2.598950 0.199115 -0.425218
v 2.626075 0.186301 -0.434018
v 2.648176 0.165305 -0.440952
v 2.663090 0.138182 -0.445341
v 2.674172 0.107821 -0.451358
v 2.670999 0.074872 -0.449555
v 2.658317 0.044642 -0.444628
v 2.637368 0.020090 -0.437057
v 2.548783 -0.017279 -0.406537
v 2.458783 -0.051626 -0.375610
v 2.427510 -0.048045 -0.365212
v 2.398748 -0.034458 -0.355880
v 2.375312 -0.012194 -0.348527
v 2.359497 0.016567 -0.343874
v 2.352851 0.049010 -0.342375
v 2.356024 0.081959 -0.344178
v 2.368705 0.112189 -0.349106
v 2.389654 0.136741 -0.356676
v 2.478878 0.173204 -0.387390
v 2.568239 0.208456 -0.418123
v 2.599512 0.204876 -0.428521
v 2.628275 0.191289 -0.437854
v 2.651710 0.169025 -0.445206
v 2.667525 0.140264 -0.449860
v 2.680194 0.108127 -0.454412
v 2.676821 0.073097 -0.452495
v 2.663339 0.040959 -0.447257
v 2.641067 0.014857 -0.439208
v 2.550768 -0.023551 -0.408090
v 2.458828 -0.058326 -0.376504
v 2.425581 -0.054519 -0.365449
v 2.395003 -0.040075 -0.355528
v 2.370088 -0.016405 -0.347711
v 2.353274 0.014171 -0.342764
v 2.346208 0.048663 -0.341171
v 2.349581 0.083692 -0.343088
v 2.363064 0.115830 -0.348326
v 2.385335 0.141932 -0.356375
v 2.476274 0.179435 -0.387687
v 2.567574 0.215115 -0.419079
v 2.600822 0.211309 -0.430134
v 2.631400 0.196864 -0.440055
v 2.656315 0.173194 -0.447872
v 2.673128 0.142618 -0.452819
v 2.686837 0.108474 -0.455616
v 2.683263 0.071365 -0.453586
v 2.668980 0.037318 -0.448036
v 2.645386 0.009666 -0.439510
v 2.553372 -0.029782 -0.407794
v 2.459493 -0.064985 -0.375548
v 2.424271 -0.060952 -0.363837
v 2.391877 -0.045649 -0.353327
v 2.365483 -0.020575 -0.345046
v 2.347671 0.011818 -0.339805
v 2.340186 0.048357 -0.338117
v 2.343759 0.085466 -0.340148
v 2.358042 0.119513 -0.345697
v 2.381636 0.147165 -0.354224
v 2.474289 0.185707 -0.386134
v 2.567529 0.221815 -0.418185
v 2.602751 0.217783 -0.429896
v 2.635145 0.202480 -0.440407
v 2.661539 0.177405 -0.448688
v 2.679351 0.145013 -0.453929
v 2.693448 0.108829 -0.454854
v 2.689694 0.069843 -0.452721
v 2.674689 0.034075 -0.446890
v 2.649902 0.005025 -0.437933
v 2.556341 -0.035361 -0.405677
v 2.460712 -0.070950 -0.372837
v 2.423709 -0.066713 -0.360534
v 2.389678 -0.050637 -0.349492
v 2.361949 -0.024294 -0.340792
v 2.343236 0.009736 -0.335286
v 2.335372 0.048123 -0.333513
v 2.339126 0.087108 -0.335646
v 2.354131 0.122877 -0.341477
v 2.378918 0.151926 -0.350434
v 2.473119 0.191407 -0.382883
v 2.568108 0.227901 -0.415530
v 2.605111 0.223664 -0.427833
v 2.639143 0.207588 -0.438875
v 2.666872 0.181245 -0.447575
v 2.685584 0.147215 -0.453080
v 2.699382 0.109156 -0.452198
v 2.695485 0.068681 -0.449984
v 2.679907 0.031547 -0.443930
v 2.654173 0.001387 -0.434631
v 2.559384 -0.039743 -0.401947
v 2.462367 -0.075638 -0.368635
v 2.423950 -0.071240 -0.355862
v 2.388619 -0.054549 -0.344398
v 2.359831 -0.027200 -0.335366
v 2.340403 0.008130 -0.329650
v 2.332239 0.047983 -0.327809
v 2.336137 0.088457 -0.330023
v 2.351715 0.125592 -0.336077
v 2.377449 0.155752 -0.345376
v 2.472877 0.195976 -0.378254
v 2.569255 0.232777 -0.411372
v 2.607671 0.228378 -0.424145
v 2.643002 0.211688 -0.435609
v 2.671791 0.184339 -0.444641
v 2.691218 0.149009 -0.450357
v 2.704058 0.109424 -0.447910
v 2.700068 0.067994 -0.445643
v 2.684122 0.029982 -0.439447
v 2.657780 -0.000890 -0.429928
v 2.562203 -0.042498 -0.396970
v 2.464294 -0.078590 -0.363354
v 2.424971 -0.074088 -0.350279
v 2.388805 -0.057003 -0.338545
v 2.359336 -0.029008 -0.329299
v 2.339450 0.007156 -0.323448
v 2.331093 0.047951 -0.321564
v 2.335083 0.089382 -0.323830
v 2.351029 0.127393 -0.330027
v 2.377370 0.158265 -0.339546
v 2.473587 0.198968 -0.372698
v 2.570856 0.235965 -0.406120
v 2.610180 0.231463 -0.419195
v 2.646346 0.214378 -0.430929
v 2.675814 0.186383 -0.440174
v 2.695701 0.150219 -0.446026
v 2.707017 0.109607 -0.442409
v 2.702996 0.067847 -0.440124
v 2.686923 0.029533 -0.433879
v 2.660372 -0.001585 -0.424284
v 2.564523 -0.043357 -0.391231
v 2.466307 -0.079517 -0.357511
v 2.426670 -0.074979 -0.344332
v 2.390217 -0.057758 -0.332504
v 2.360514 -0.029541 -0.323185
v 2.340470 0.006911 -0.317288
v 2.332046 0.048030 -0.315388
v 2.336068 0.089790 -0.317673
v 2.352141 0.128105 -0.323919
v 2.378692 0.159222 -0.333513
v 2.475180 0.200089 -0.366760
v 2.572756 0.237154 -0.400287
v 2.612393 0.232616 -0.413465
v 2.648846 0.215395 -0.425293
v 2.678549 0.187178 -0.434612
v 2.698593 0.150726 -0.440510
v 2.707970 0.109687 -0.436234
v 2.703980 0.068256 -0.433967
v 2.688034 0.030244 -0.427771
v 2.661693 -0.000628 -0.418252
v 2.566115 -0.042236 -0.385293
v 2.468207 -0.078328 -0.351677
v 2.428883 -0.073826 -0.338603
v 2.392717 -0.056741 -0.326868
v 2.363249 -0.028746 -0.317623
v 2.343362 0.007419 -0.311772
v 2.335005 0.048213 -0.309887
v 2.338995 0.089644 -0.312154
v 2.354941 0.127656 -0.318350
v 2.381283 0.158528 -0.327869
v 2.477499 0.199230 -0.361022
v 2.574769 0.236227 -0.394444
v 2.614092 0.231725 -0.407518
v 2.650258 0.214640 -0.419253
v 2.679727 0.186645 -0.428498
v 2.699613 0.150481 -0.434349
v 2.706824 0.109655 -0.429988
v 2.702926 0.069180 -0.427774
v 2.687348 0.032045 -0.421721
v 2.661615 0.001886 -0.412421
v 2.566826 -0.039244 -0.379738
v 2.469808 -0.075139 -0.346425
v 2.431392 -0.070741 -0.333652
v 2.396061 -0.054051 -0.322188
v 2.367272 -0.026702 -0.313156
v 2.347845 0.008628 -0.307440
v 2.339681 0.048481 -0.305599
v 2.343578 0.088956 -0.307814
v 2.359156 0.126091 -0.313867
v 2.384890 0.156250 -0.323166
v 2.480318 0.196475 -0.356044
v 2.576696 0.233275 -0.389163
v 2.615113 0.228877 -0.401936
v 2.650444 0.212186 -0.413399
v 2.679232 0.184838 -0.422431
v 2.698660 0.149508 -0.428147
v 2.703691 0.109515 -0.424284
v 2.699937 0.070529 -0.422151
v 2.684932 0.034761 -0.416321
v 2.660145 0.005711 -0.407363
v 2.566583 -0.034675 -0.375108
v 2.470955 -0.070264 -0.342267
v 2.433952 -0.066027 -0.329964
v 2.399920 -0.049951 -0.318922
v 2.372191 -0.023608 -0.310223
v 2.353479 0.010422 -0.304717
v 2.345615 0.048809 -0.302944
v 2.349369 0.087794 -0.305077
v 2.364374 0.123563 -0.310907
v 2.389161 0.152613 -0.319865
v 2.483361 0.192093 -0.352314
v 2.578351 0.228587 -0.384961
v 2.615354 0.224351 -0.397264
v 2.649385 0.208274 -0.408306
v 2.677115 0.181932 -0.417005
v 2.695827 0.147902 -0.422511
v 2.698878 0.109281 -0.419680
v 2.695304 0.072171 -0.417650
v 2.681021 0.038124 -0.412100
v 2.657427 0.010473 -0.403574
v 2.565413 -0.028975 -0.371858
v 2.471534 -0.064178 -0.339612
v 2.436312 -0.060145 -0.327901
v 2.403918 -0.044843 -0.317391
v 2.377524 -0.019768 -0.309110
v 2.359712 0.012624 -0.303869
v 2.352227 0.049164 -0.302181
v 2.355800 0.086273 -0.304211
v 2.370083 0.120320 -0.309761
v 2.393677 0.147971 -0.318287
v 2.486330 0.186514 -0.350197
v 2.579570 0.222622 -0.382249
v 2.614792 0.218589 -0.393960
v 2.647186 0.203287 -0.404470
v 2.673580 0.178212 -0.412751
v 2.691392 0.145820 -0.417992
v 2.692855 0.108975 -0.416626
v 2.689482 0.073946 -0.414710
v 2.675999 0.041807 -0.409471
v 2.653728 0.015705 -0.401423
v 2.563428 -0.022703 -0.370304
v 2.471489 -0.057478 -0.338718
v 2.438241 -0.053671 -0.327664
v 2.407663 -0.039226 -0.317742
v 2.382748 -0.015557 -0.309926
v 2.365935 0.015020 -0.304979
v 2.358869 0.049511 -0.303385
v 2.362242 0.084540 -0.305302
v 2.375724 0.116678 -0.310541
v 2.397996 0.142780 -0.318589
v 2.488934 0.180283 -0.349901
v 2.580235 0.215963 -0.381293
v 2.613482 0.212157 -0.392348
v 2.644060 0.197712 -0.402269
v 2.668975 0.174043 -0.410086
v 2.685789 0.143466 -0.415033
v 2.686213 0.108628 -0.415422
v 2.683040 0.075678 -0.413619
v 2.670358 0.045448 -0.408691
v 2.649409 0.020896 -0.401121
v 2.560824 -0.016472 -0.370601
v 2.470824 -0.050819 -0.339674
v 2.439551 -0.047239 -0.329276
v 2.410789 -0.033651 -0.319944
v 2.387353 -0.011388 -0.312591
v 2.371538 0.017373 -0.307938
v 2.364892 0.049816 -0.306439
v 2.368065 0.082766 -0.308242
v 2.380746 0.112996 -0.313170
v 2.401695 0.137548 -0.320740
v 2.490919 0.174011 -0.351454
v 2.580280 0.209263 -0.382187
v 2.611553 0.205683 -0.392585
v 2.640315 0.192096 -0.401917
v 2.663751 0.169832 -0.409270
v 2.679566 0.141071 -0.413923
v 2.679601 0.108273 -0.416185
v 2.676609 0.077200 -0.414485
v 2.664649 0.048692 -0.409837
v 2.644893 0.025538 -0.402698
v 2.557856 -0.010893 -0.372717
v 2.469605 -0.044854 -0.342386
v 2.440113 -0.041477 -0.332580
v 2.412988 -0.028664 -0.323779
v 2.390887 -0.007668 -0.316845
v 2.375973 0.019455 -0.312457
v 2.369705 0.050051 -0.311043
v 2.372697 0.081123 -0.312743
v 2.384657 0.109632 -0.317391
v 2.404413 0.132786 -0.324530
v 2.492089 0.168311 -0.354704
v 2.579701 0.203177 -0.384842
v 2.609193 0.199801 -0.394648
v 2.636317 0.186987 -0.403449
v 2.658418 0.165992 -0.410383
v 2.673333 0.138868 -0.414771
v 2.673667 0.107945 -0.418840
v 2.670818 0.078362 -0.417222
v 2.659431 0.051219 -0.412797
v 2.640622 0.029175 -0.406000
v 2.554813 -0.006511 -0.376447
v 2.467951 -0.040166 -0.346588
v 2.439872 -0.036951 -0.337251
v 2.414047 -0.024752 -0.328873
v 2.393005 -0.004762 -0.322271
v 2.378806 0.021061 -0.318093
v 2.372838 0.050191 -0.316747
v 2.375687 0.079774 -0.318366
v 2.387073 0.106917 -0.322790
v 2.405883 0.128961 -0.329587
v 2.492331 0.163741 -0.359334
v 2.578554 0.198302 -0.389000
v 2.606633 0.195087 -0.398336
v 2.632458 0.182888 -0.406715
v 2.653499 0.162898 -0.413316
v 2.667699 0.137075 -0.417495
v 2.668991 0.107677 -0.423128
v 2.666234 0.079050 -0.421562
v 2.655216 0.052784 -0.417280
v 2.637015 0.031453 -0.410703
v 2.551993 -0.003755 -0.381425
v 2.466023 -0.037214 -0.351869
v 2.438851 -0.034103 -0.342834
v 2.413861 -0.022298 -0.334726
v 2.393500 -0.002954 -0.328338
v 2.379759 0.022035 -0.324295
v 2.373984 0.050222 -0.322993
v 2.376741 0.078850 -0.324559
v 2.387759 0.105115 -0.328840
v 2.405961 0.126447 -0.335418
v 2.491621 0.160750 -0.364890
v 2.576952 0.195113 -0.394252
v 2.604124 0.192002 -0.403287
v 2.629114 0.180197 -0.411395
v 2.649476 0.160854 -0.417783
v 2.663217 0.135865 -0.421826
vt 0.279757 0.356669
vt 0.279757 0.341501
vt 0.283757 0.341697
vt 0.283757 0.357041
vt 0.275758 0.357041
vt 0.275758 0.341697
vt 0.279757 0.324687
vt 0.283757 0.324687
vt 0.287365 0.342265
vt 0.287365 0.358122
vt 0.279757 0.368707
vt 0.283757 0.369219
vt 0.272150 0.358122
vt 0.272150 0.342265
vt 0.275758 0.324687
vt 0.275758 0.369219
vt 0.279757 0.307873
vt 0.283757 0.307677
vt 0.287365 0.324687
vt 0.290228 0.343150
vt 0.290228 0.359805
vt 0.287365 0.370706
vt 0.269287 0.359805
vt 0.269287 0.343150
vt 0.272150 0.324687
vt 0.272150 0.370706
vt 0.275758 0.307677
vt 0.279757 0.292705
vt 0.283757 0.292333
vt 0.287365 0.307109
vt 0.290228 0.324687
vt 0.290228 0.373023
vt 0.269287 0.324687
vt 0.269287 0.373023
vt 0.272150 0.307109
vt 0.275758 0.292333
vt 0.279757 0.280667
vt 0.283757 0.280155
vt 0.287365 0.291252
vt 0.290228 0.306224
vt 0.269287 0.306224
vt 0.272150 0.291252
vt 0.275758 0.280155
vt 0.287365 0.278668
vt 0.290228 0.289569
vt 0.269287 0.289569
vt 0.272150 0.278668
vt 0.290228 0.276351
vt 0.269287 0.276351
vt 0.256656 0.307873
vt 0.256656 0.292705
vt 0.260655 0.292333
vt 0.260655 0.307677
vt 0.252656 0.307677
vt 0.252656 0.292333
vt 0.256656 0.280667
vt 0.260655 0.280155
vt 0.264263 0.291252
vt 0.264263 0.307109
vt 0.256656 0.324687
vt 0.260655 0.324687
vt 0.249048 0.307109
vt 0.249048 0.291252
vt 0.252656 0.280155
vt 0.252656 0.324687
vt 0.264263 0.278668
vt 0.267126 0.289569
vt 0.267126 0.306224
vt 0.264263 0.324687
vt 0.256656 0.341501
vt 0.260655 0.341697
vt 0.246185 0.306224
vt 0.246185 0.289569
vt 0.249048 0.278668
vt 0.249048 0.324687
vt 0.252656 0.341697
vt 0.267126 0.276351
vt 0.267126 0.324687
vt 0.264263 0.342265
vt 0.256656 0.356669
vt 0.260655 0.357041
vt 0.246185 0.276351
vt 0.246185 0.324687
vt 0.249048 0.342265
vt 0.252656 0.357041
vt 0.267126 0.343150
vt 0.264263 0.358122
vt 0.256656 0.368707
vt 0.260655 0.369219
vt 0.246185 0.343150
vt 0.249048 0.358122
vt 0.252656 0.369219
vt 0.267126 0.359805
vt 0.264263 0.370706
vt 0.246185 0.359805
vt 0.249048 0.370706
vt 0.267126 0.373023
vt 0.246185 0.373023
vt 0.333568 0.295568
vt 0.333568 0.317263
vt 0.329961 0.316695
vt 0.329961 0.294488
vt 0.336432 0.297251
vt 0.336432 0.318148
vt 0.333568 0.341312
vt 0.329961 0.341312
vt 0.325961 0.316499
vt 0.325961 0.294115
vt 0.333568 0.278351
vt 0.329961 0.276864
vt 0.336432 0.341312
vt 0.336432 0.280667
vt 0.333568 0.365361
vt 0.329961 0.365929
vt 0.325961 0.341312
vt 0.321962 0.316695
vt 0.321962 0.294488
vt 0.325961 0.276351
vt 0.336432 0.364476
vt 0.333568 0.387056
vt 0.329961 0.388136
vt 0.325961 0.366125
vt 0.321962 0.341312
vt 0.318354 0.317263
vt 0.318354 0.295568
vt 0.321962 0.276864
vt 0.336432 0.385373
vt 0.333568 0.404273
vt 0.329961 0.405760
vt 0.325961 0.388509
vt 0.321962 0.365929
vt 0.318354 0.341312
vt 0.315491 0.318148
vt 0.315491 0.297251
vt 0.318354 0.278351
vt 0.336432 0.401957
vt 0.325961 0.406273
vt 0.321962 0.388136
vt 0.318354 0.365361
vt 0.315491 0.341312
vt 0.315491 0.280667
vt 0.321962 0.405760
vt 0.318354 0.387056
vt 0.315491 0.364476
vt 0.318354 0.404273
vt 0.315491 0.385373
vt 0.315491 0.401957
vt 0.310467 0.365361
vt 0.310467 0.387056
vt 0.306859 0.388136
vt 0.306859 0.365929
vt 0.313330 0.364476
vt 0.313330 0.385373
vt 0.310467 0.404273
vt 0.306859 0.405760
vt 0.302859 0.388509
vt 0.302859 0.366125
vt 0.310467 0.341312
vt 0.306859 0.341312
vt 0.313330 0.401957
vt 0.313330 0.341312
vt 0.302859 0.406273
vt 0.298860 0.388136
vt 0.298860 0.365929
vt 0.302859 0.341312
vt 0.310467 0.317263
vt 0.306859 0.316695
vt 0.313330 0.318148
vt 0.298860 0.405760
vt 0.295252 0.387056
vt 0.295252 0.365361
vt 0.298860 0.341312
vt 0.302859 0.316499
vt 0.310467 0.295568
vt 0.306859 0.294488
vt 0.313330 0.297251
vt 0.295252 0.404273
vt 0.292389 0.385373
vt 0.292389 0.364476
vt 0.295252 0.341312
vt 0.298860 0.316695
vt 0.302859 0.294115
vt 0.310467 0.278351
vt 0.306859 0.276864
vt 0.313330 0.280667
vt 0.292389 0.401957
vt 0.292389 0.341312
vt 0.295252 0.317263
vt 0.298860 0.294488
vt 0.302859 0.276351
vt 0.292389 0.318148
vt 0.295252 0.295568
vt 0.298860 0.276864
vt 0.292389 0.297251
vt 0.295252 0.278351
vt 0.292389 0.280667
vt 0.130603 0.070013
vt 0.113948 0.061527
vt 0.115063 0.058096
vt 0.132724 0.067094
vt 0.095485 0.058603
vt 0.095485 0.054995
vt 0.116299 0.054292
vt 0.135075 0.063859
vt 0.143821 0.083231
vt 0.146740 0.081110
vt 0.077023 0.061527
vt 0.075908 0.058096
vt 0.095485 0.050995
vt 0.117534 0.050488
vt 0.137425 0.060623
vt 0.149975 0.078759
vt 0.152307 0.099886
vt 0.155738 0.098771
vt 0.060367 0.070013
vt 0.058247 0.067094
vt 0.074672 0.054292
vt 0.095485 0.046996
vt 0.118649 0.047057
vt 0.139546 0.057704
vt 0.153211 0.076409
vt 0.159542 0.097535
vt 0.149584 0.100771
vt 0.141504 0.084914
vt 0.153131 0.159076
vt 0.156739 0.159076
vt 0.047149 0.083231
vt 0.044231 0.081110
vt 0.055896 0.063859
vt 0.073436 0.050488
vt 0.095485 0.043388
vt 0.156130 0.074288
vt 0.163346 0.096300
vt 0.160739 0.159076
vt 0.150268 0.159076
vt 0.152307 0.218447
vt 0.155738 0.219562
vt 0.038663 0.099886
vt 0.035232 0.098771
vt 0.040995 0.078759
vt 0.053545 0.060623
vt 0.072321 0.047057
vt 0.166777 0.095185
vt 0.164738 0.159076
vt 0.159542 0.220798
vt 0.149584 0.217563
vt 0.143821 0.235103
vt 0.146740 0.237223
vt 0.049466 0.084914
vt 0.041386 0.100771
vt 0.038487 0.159076
vt 0.034879 0.159076
vt 0.031428 0.097535
vt 0.037759 0.076409
vt 0.051424 0.057704
vt 0.158446 0.072605
vt 0.169500 0.094300
vt 0.168346 0.159076
vt 0.163346 0.222034
vt 0.149975 0.239574
vt 0.141504 0.233420
vt 0.130603 0.248320
vt 0.132724 0.251239
vt 0.041350 0.159076
vt 0.038663 0.218447
vt 0.035232 0.219562
vt 0.030880 0.159076
vt 0.027624 0.096300
vt 0.034841 0.074288
vt 0.171209 0.159076
vt 0.166777 0.223149
vt 0.153211 0.241925
vt 0.135075 0.254475
vt 0.113948 0.256807
vt 0.115063 0.260238
vt 0.041386 0.217563
vt 0.047149 0.235103
vt 0.044231 0.237223
vt 0.031428 0.220798
vt 0.026880 0.159076
vt 0.024193 0.095185
vt 0.169500 0.224034
vt 0.156130 0.244046
vt 0.137425 0.257710
vt 0.116299 0.264042
vt 0.095485 0.259731
vt 0.095485 0.263339
vt 0.049466 0.233420
vt 0.060367 0.248320
vt 0.058247 0.251239
vt 0.040995 0.239574
vt 0.027624 0.222034
vt 0.023272 0.159076
vt 0.021470 0.094300
vt 0.032524 0.072605
vt 0.158446 0.245729
vt 0.139546 0.260629
vt 0.117534 0.267845
vt 0.095485 0.267338
vt 0.077023 0.256807
vt 0.075908 0.260238
vt 0.055896 0.254475
vt 0.037759 0.241925
vt 0.024193 0.223149
vt 0.020409 0.159076
vt 0.118649 0.271277
vt 0.095485 0.271338
vt 0.074672 0.264042
vt 0.053545 0.257710
vt 0.034841 0.244046
vt 0.021470 0.224034
vt 0.095485 0.274946
vt 0.073436 0.267845
vt 0.051424 0.260629
vt 0.032524 0.245729
vt 0.072321 0.271277
vt 0.205202 0.057704
vt 0.226099 0.047057
vt 0.227214 0.050488
vt 0.207323 0.060623
vt 0.249263 0.043388
vt 0.249263 0.046996
vt 0.228450 0.054292
vt 0.209674 0.063859
vt 0.188619 0.074288
vt 0.191538 0.076409
vt 0.272427 0.047057
vt 0.271313 0.050488
vt 0.249263 0.050995
vt 0.229686 0.058095
vt 0.212025 0.067094
vt 0.194773 0.078759
vt 0.177971 0.095185
vt 0.181403 0.096300
vt 0.293324 0.057704
vt 0.291203 0.060623
vt 0.270077 0.054292
vt 0.249263 0.054995
vt 0.230801 0.061527
vt 0.214145 0.070013
vt 0.198009 0.081110
vt 0.185206 0.097536
vt 0.175248 0.094300
vt 0.186302 0.072605
vt 0.176403 0.159076
vt 0.180010 0.159076
vt 0.309908 0.074288
vt 0.306989 0.076409
vt 0.288853 0.063859
vt 0.268841 0.058095
vt 0.249263 0.058603
vt 0.200928 0.083231
vt 0.189010 0.098771
vt 0.184010 0.159076
vt 0.173539 0.159076
vt 0.177971 0.223149
vt 0.181403 0.222034
vt 0.320555 0.095185
vt 0.317124 0.096300
vt 0.303753 0.078759
vt 0.286502 0.067094
vt 0.267726 0.061527
vt 0.192441 0.099886
vt 0.188009 0.159076
vt 0.185206 0.220798
vt 0.175248 0.224034
vt 0.188619 0.244046
vt 0.191538 0.241925
vt 0.312224 0.072605
vt 0.323278 0.094300
vt 0.321476 0.159076
vt 0.317868 0.159076
vt 0.313320 0.097536
vt 0.300518 0.081110
vt 0.284381 0.070013
vt 0.203244 0.084914
vt 0.195164 0.100771
vt 0.191617 0.159076
vt 0.189010 0.219562
vt 0.194773 0.239574
vt 0.186302 0.245729
vt 0.205202 0.260629
vt 0.207323 0.257710
vt 0.324340 0.159076
vt 0.320555 0.223149
vt 0.317124 0.222034
vt 0.313869 0.159076
vt 0.309517 0.098771
vt 0.297599 0.083231
vt 0.194480 0.159076
vt 0.192441 0.218447
vt 0.198009 0.237223
vt 0.209674 0.254475
vt 0.226099 0.271277
vt 0.227214 0.267845
vt 0.323278 0.224034
vt 0.309908 0.244046
vt 0.306989 0.241925
vt 0.313320 0.220798
vt 0.309870 0.159076
vt 0.306085 0.099886
vt 0.195164 0.217563
vt 0.200928 0.235103
vt 0.212025 0.251239
vt 0.228450 0.264042
vt 0.249263 0.274946
vt 0.249263 0.271338
vt 0.312224 0.245729
vt 0.293324 0.260629
vt 0.291203 0.257710
vt 0.303753 0.239574
vt 0.309517 0.219562
vt 0.306262 0.159076
vt 0.303362 0.100771
vt 0.295283 0.084914
vt 0.203244 0.233420
vt 0.214145 0.248320
vt 0.229686 0.260238
vt 0.249263 0.267338
vt 0.272428 0.271277
vt 0.271313 0.267845
vt 0.288853 0.254475
vt 0.300518 0.237223
vt 0.306085 0.218447
vt 0.303398 0.159076
vt 0.230801 0.256807
vt 0.249263 0.263339
vt 0.270077 0.264042
vt 0.286502 0.251239
vt 0.297599 0.235103
vt 0.303362 0.217563
vt 0.249263 0.259731
vt 0.268841 0.260238
vt 0.284381 0.248320
vt 0.295283 0.233420
vt 0.267726 0.256807
vt 0.363575 0.237444
vt 0.363575 0.222276
vt 0.367574 0.221904
vt 0.367574 0.237248
vt 0.359576 0.237248
vt 0.359576 0.221904
vt 0.371182 0.220823
vt 0.371182 0.236680
vt 0.363575 0.294986
vt 0.367574 0.294986
vt 0.355968 0.236680
vt 0.355968 0.220823
vt 0.359576 0.294986
vt 0.371182 0.294986
vt 0.363575 0.352708
vt 0.367574 0.352904
vt 0.355968 0.294986
vt 0.359576 0.352904
vt 0.371182 0.353472
vt 0.363575 0.367876
vt 0.367574 0.368248
vt 0.355968 0.353472
vt 0.359576 0.368248
vt 0.371182 0.369329
vt 0.355968 0.369329
vt 0.346200 0.352708
vt 0.346200 0.367876
vt 0.342200 0.368248
vt 0.342200 0.352904
vt 0.350199 0.352904
vt 0.350199 0.368248
vt 0.338592 0.369329
vt 0.338592 0.353472
vt 0.346200 0.294986
vt 0.342200 0.294986
vt 0.353807 0.353472
vt 0.353807 0.369329
vt 0.350199 0.294986
vt 0.338592 0.294986
vt 0.346200 0.237444
vt 0.342200 0.237248
vt 0.353807 0.294986
vt 0.350199 0.237248
vt 0.338592 0.236680
vt 0.346200 0.222276
vt 0.342200 0.221904
vt 0.353807 0.236680
vt 0.350199 0.221904
vt 0.338592 0.220823
vt 0.353807 0.220823
vt 0.326601 0.066536
vt 0.326601 0.044841
vt 0.330209 0.043760
vt 0.330209 0.065968
vt 0.334208 0.043388
vt 0.334208 0.065772
vt 0.326601 0.131312
vt 0.330209 0.131312
vt 0.338208 0.043760
vt 0.338208 0.065968
vt 0.334208 0.131312
vt 0.326601 0.196270
vt 0.330209 0.196838
vt 0.341816 0.044841
vt 0.341816 0.066536
vt 0.338208 0.131312
vt 0.334208 0.197033
vt 0.326601 0.217965
vt 0.330209 0.219045
vt 0.341816 0.131312
vt 0.338208 0.196838
vt 0.334208 0.219417
vt 0.341816 0.196270
vt 0.338208 0.219045
vt 0.341816 0.217965
vt 0.359661 0.196270
vt 0.359661 0.217965
vt 0.356053 0.219045
vt 0.356053 0.196838
vt 0.352054 0.219417
vt 0.352054 0.197033
vt 0.359661 0.131312
vt 0.356053 0.131312
vt 0.348055 0.219045
vt 0.348055 0.196838
vt 0.352054 0.131312
vt 0.359661 0.066536
vt 0.356053 0.065968
vt 0.344447 0.217965
vt 0.344447 0.196270
vt 0.348055 0.131312
vt 0.352054 0.065772
vt 0.359661 0.044841
vt 0.356053 0.043760
vt 0.344447 0.131312
vt 0.348055 0.065968
vt 0.352054 0.043388
vt 0.344447 0.066536
vt 0.348055 0.043760
vt 0.344447 0.044841
vn -0.916784 0.262161 0.301295
vn -0.946730 -0.048809 0.318309
vn -0.998339 -0.053134 -0.022249
vn -0.970171 0.239386 -0.038254
vn -0.797096 0.547468 0.254787
vn -0.857585 0.507764 -0.082003
vn -0.440445 0.888662 0.127627
vn -0.523287 0.827623 -0.203004
vn -0.343001 0.934626 0.093945
vn -0.427976 0.876342 -0.221045
vn -0.241439 0.968611 0.059153
vn -0.334283 0.903558 -0.268026
vn 0.242111 0.964789 -0.102781
vn 0.119965 0.900325 -0.418358
vn 0.513562 0.836557 -0.190856
vn 0.375310 0.779701 -0.501207
vn 0.734744 0.626436 -0.260248
vn 0.583368 0.582047 -0.566483
vn 0.884003 0.354996 -0.304165
vn 0.723772 0.326712 -0.607794
vn 0.946730 0.048806 -0.318309
vn 0.782777 0.038690 -0.621099
vn 0.916784 -0.262162 -0.301295
vn 0.754607 -0.253828 -0.605094
vn 0.797096 -0.547467 -0.254788
vn 0.642021 -0.522205 -0.561347
vn 0.432742 -0.892816 -0.124954
vn 0.299395 -0.845995 -0.441197
vn 0.343000 -0.934626 -0.093947
vn 0.220724 -0.890511 -0.397834
vn 0.249331 -0.966441 -0.061848
vn 0.124952 -0.916015 -0.381187
vn -0.242111 -0.964790 0.102777
vn -0.335527 -0.914768 -0.224991
vn -0.513564 -0.836557 0.190854
vn -0.590873 -0.794144 -0.142140
vn -0.734745 -0.626435 0.260248
vn -0.798932 -0.596489 -0.076865
vn -0.884003 -0.354996 0.304165
vn -0.939334 -0.341155 -0.035554
vn -0.935657 -0.051324 -0.349158
vn -0.912385 0.190355 -0.362380
vn -0.819366 0.412090 -0.398524
vn -0.545010 0.673477 -0.499392
vn -0.465658 0.726085 -0.505928
vn -0.384654 0.737910 -0.554554
vn -0.011714 0.736424 -0.676419
vn 0.199253 0.636764 -0.744869
vn 0.371150 0.473463 -0.798800
vn 0.487151 0.262504 -0.832932
vn 0.535902 0.024540 -0.843924
vn 0.512628 -0.217138 -0.830701
vn 0.419610 -0.438872 -0.794556
vn 0.137461 -0.703402 -0.697374
vn 0.077532 -0.752971 -0.653470
vn -0.011118 -0.763030 -0.646267
vn -0.388041 -0.763208 -0.516660
vn -0.599010 -0.663547 -0.448211
vn -0.770907 -0.500245 -0.394281
vn -0.886907 -0.289287 -0.360152
vn -0.780368 -0.044352 -0.623745
vn -0.764125 0.124323 -0.632975
vn -0.699204 0.279078 -0.658202
vn -0.509033 0.457483 -0.729105
vn -0.455578 0.508310 -0.730800
vn -0.392818 0.504185 -0.769085
vn -0.135519 0.505442 -0.852152
vn 0.011723 0.435886 -0.899926
vn 0.131694 0.321913 -0.937565
vn 0.212653 0.174678 -0.961388
vn 0.246679 0.008595 -0.969059
vn 0.230437 -0.160078 -0.959830
vn 0.165515 -0.314834 -0.934604
vn -0.030707 -0.495176 -0.868250
vn -0.068804 -0.544760 -0.835764
vn -0.138979 -0.538624 -0.831005
vn -0.398170 -0.541198 -0.740652
vn -0.545411 -0.471641 -0.692879
vn -0.665383 -0.357668 -0.655240
vn -0.746343 -0.210434 -0.631419
vn -0.560710 -0.033631 -0.827329
vn -0.552650 0.050062 -0.831908
vn -0.520439 0.126848 -0.844425
vn -0.425823 0.210669 -0.879940
vn -0.403366 0.250349 -0.880126
vn -0.365792 0.234790 -0.900594
vn -0.240751 0.239164 -0.940659
vn -0.167693 0.204652 -0.964363
vn -0.108165 0.148102 -0.983039
vn -0.067993 0.075048 -0.994859
vn -0.051111 -0.007360 -0.998666
vn -0.059172 -0.091053 -0.994087
vn -0.091384 -0.167838 -0.981570
vn -0.189276 -0.252204 -0.948983
vn -0.204060 -0.292362 -0.934283
vn -0.245560 -0.274791 -0.929618
vn -0.371072 -0.280155 -0.885335
vn -0.444130 -0.245643 -0.861631
vn -0.503658 -0.189093 -0.842955
vn -0.543830 -0.116038 -0.831135
vn -0.299897 -0.020365 -0.953754
vn -0.300456 -0.026172 -0.953437
vn -0.302691 -0.031500 -0.952568
vn -0.306181 -0.044496 -0.950933
vn -0.316493 -0.024376 -0.948282
vn -0.311088 -0.046475 -0.949244
vn -0.322097 -0.039293 -0.945891
vn -0.327166 -0.036898 -0.944246
vn -0.331296 -0.032974 -0.942951
vn -0.334083 -0.027906 -0.942130
vn -0.335254 -0.022188 -0.941866
vn -0.334695 -0.016381 -0.942184
vn -0.332460 -0.011054 -0.943052
vn -0.328935 0.002743 -0.944349
vn -0.318430 -0.019101 -0.947754
vn -0.324388 0.004562 -0.945913
vn -0.313055 -0.003261 -0.949730
vn -0.307986 -0.005656 -0.951374
vn -0.303855 -0.009579 -0.952670
vn -0.301069 -0.014648 -0.953490
vn -0.015110 -0.005452 -0.999871
vn -0.024205 -0.099893 -0.994704
vn -0.060554 -0.186539 -0.980580
vn -0.159057 -0.292521 -0.942938
vn -0.202084 -0.296524 -0.933400
vn -0.233858 -0.322590 -0.917195
vn -0.376157 -0.313279 -0.871987
vn -0.458598 -0.274336 -0.845238
vn -0.525769 -0.210522 -0.824165
vn -0.571097 -0.128086 -0.810828
vn -0.590148 -0.035098 -0.806532
vn -0.581055 0.059342 -0.811698
vn -0.544705 0.145989 -0.825823
vn -0.442978 0.253906 -0.859827
vn -0.404696 0.255442 -0.878049
vn -0.372302 0.282261 -0.884149
vn -0.229101 0.272727 -0.934416
vn -0.146662 0.233783 -0.961164
vn -0.079490 0.169971 -0.982238
vn -0.034160 0.087536 -0.995575
vn 0.277502 0.010273 -0.960670
vn 0.260463 -0.166671 -0.950989
vn 0.192356 -0.329013 -0.924526
vn 0.006883 -0.519232 -0.854606
vn -0.067349 -0.547148 -0.834322
vn -0.137398 -0.577218 -0.804948
vn -0.398962 -0.566472 -0.721068
vn -0.553420 -0.493507 -0.670953
vn -0.679273 -0.373947 -0.631468
vn -0.764202 -0.219495 -0.606480
vn -0.799894 -0.045270 -0.598431
vn -0.782856 0.131672 -0.608112
vn -0.714753 0.294013 -0.634574
vn -0.523584 0.487020 -0.699050
vn -0.456072 0.512039 -0.727884
vn -0.386708 0.541945 -0.746158
vn -0.123436 0.531473 -0.838033
vn 0.031025 0.458510 -0.888148
vn 0.156881 0.338949 -0.927632
vn 0.241810 0.184498 -0.952622
vn 0.556400 0.025692 -0.830518
vn 0.532675 -0.220713 -0.817033
vn 0.437837 -0.446781 -0.780183
vn 0.179861 -0.706516 -0.684459
vn 0.078271 -0.753858 -0.652359
vn -0.025664 -0.789102 -0.613726
vn -0.385609 -0.777456 -0.496858
vn -0.600702 -0.675847 -0.427069
vn -0.775959 -0.509356 -0.372082
vn -0.894229 -0.294272 -0.337281
vn -0.943931 -0.051654 -0.326076
vn -0.920202 0.194747 -0.339561
vn -0.825365 0.420817 -0.376412
vn -0.560346 0.683887 -0.467238
vn -0.465520 0.728011 -0.503280
vn -0.364856 0.762347 -0.534516
vn -0.001922 0.751494 -0.659737
vn 0.213171 0.649886 -0.729524
vn 0.388427 0.483391 -0.784511
vn 0.506692 0.268308 -0.819313
vn 0.791067 0.039179 -0.610473
vn 0.762767 -0.254735 -0.594387
vn 0.649645 -0.524394 -0.550428
vn 0.342150 -0.831112 -0.438390
vn 0.220951 -0.890668 -0.397355
vn 0.093549 -0.930996 -0.352838
vn -0.332575 -0.918831 -0.212469
vn -0.589141 -0.797630 -0.129226
vn -0.798191 -0.599033 -0.063641
vn -0.939265 -0.342478 -0.022132
vn -0.998552 -0.053079 -0.008764
vn -0.970248 0.240833 -0.024844
vn -0.857126 0.510492 -0.068798
vn -0.542501 0.820808 -0.178792
vn -0.427671 0.876868 -0.219544
vn -0.305681 0.915866 -0.260287
vn 0.125094 0.904931 -0.406757
vn 0.381661 0.783730 -0.490003
vn 0.590709 0.585132 -0.555593
vn 0.731779 0.328578 -0.597106
vn 0.946730 0.048806 -0.318308
vn 0.916784 -0.262162 -0.301295
vn 0.797097 -0.547466 -0.254788
vn 0.471412 -0.870986 -0.138400
vn 0.343000 -0.934626 -0.093946
vn 0.207146 -0.977158 -0.047471
vn -0.242110 -0.964790 0.102780
vn -0.513565 -0.836556 0.190856
vn -0.734744 -0.626437 0.260248
vn -0.884003 -0.354996 0.304165
vn -0.946730 -0.048806 0.318309
vn -0.916784 0.262160 0.301295
vn -0.797095 0.547469 0.254787
vn -0.465308 0.874596 0.136274
vn -0.343000 0.934626 0.093946
vn -0.213443 0.975695 0.049614
vn 0.242111 0.964789 -0.102780
vn 0.513563 0.836557 -0.190855
vn 0.734744 0.626437 -0.260246
vn 0.884004 0.354997 -0.304162
vn 0.998552 0.053080 0.008768
vn 0.970248 -0.240834 0.024843
vn 0.857125 -0.510494 0.068798
vn 0.548351 -0.817297 0.177020
vn 0.427701 -0.876816 0.219693
vn 0.299743 -0.917181 0.262550
vn -0.125095 -0.904931 0.406758
vn -0.381660 -0.783729 0.490004
vn -0.590709 -0.585133 0.555592
vn -0.731783 -0.328577 0.597102
vn -0.791070 -0.039178 0.610470
vn -0.762767 0.254734 0.594388
vn -0.649646 0.524393 0.550429
vn -0.336461 0.834612 0.436138
vn -0.221018 0.890714 0.397216
vn -0.099634 0.929670 0.354664
vn 0.332574 0.918832 0.212469
vn 0.589141 0.797630 0.129224
vn 0.798191 0.599033 0.063642
vn 0.939265 0.342479 0.022137
vn 0.943932 0.051655 0.326075
vn 0.920204 -0.194749 0.339554
vn 0.825367 -0.420817 0.376407
vn 0.565310 -0.680693 0.465921
vn 0.465527 -0.727913 0.503415
vn 0.359776 -0.763279 0.536626
vn 0.001923 -0.751492 0.659739
vn -0.213170 -0.649884 0.729527
vn -0.388429 -0.483392 0.784510
vn -0.506699 -0.268309 0.819308
vn -0.556400 -0.025690 0.830517
vn -0.532669 0.220711 0.817037
vn -0.437833 0.446780 0.780186
vn -0.175149 0.709694 0.682391
vn -0.078348 0.753951 0.652242
vn 0.020351 0.788155 0.615141
vn 0.385609 0.777458 0.496855
vn 0.600701 0.675850 0.427065
vn 0.775959 0.509355 0.372082
vn 0.894227 0.294272 0.337286
vn 0.799897 0.045272 0.598427
vn 0.782858 -0.131672 0.608108
vn 0.714753 -0.294014 0.634574
vn 0.527168 -0.484374 0.698194
vn 0.456077 -0.512080 0.727851
vn 0.382880 -0.542361 0.747829
vn 0.123435 -0.531473 0.838034
vn -0.031023 -0.458508 0.888149
vn -0.156876 -0.338948 0.927634
vn -0.241805 -0.184495 0.952624
vn -0.277497 -0.010271 0.960672
vn -0.260459 0.166671 0.950990
vn -0.192357 0.329012 0.924527
vn -0.003543 0.521861 0.853023
vn 0.067373 0.547108 0.834346
vn 0.133341 0.576787 0.805938
vn 0.398961 0.566473 0.721068
vn 0.553421 0.493509 0.670950
vn 0.679276 0.373949 0.631464
vn 0.764205 0.219497 0.606475
vn 0.590148 0.035098 0.806532
vn 0.581053 -0.059342 0.811699
vn 0.544704 -0.145988 0.825823
vn 0.444842 -0.252061 0.859407
vn 0.404806 -0.255864 0.877876
vn 0.370038 -0.282131 0.885141
vn 0.229101 -0.272728 0.934415
vn 0.146660 -0.233786 0.961163
vn 0.079489 -0.169972 0.982238
vn 0.034161 -0.087535 0.995576
vn 0.015110 0.005453 0.999871
vn 0.024203 0.099893 0.994704
vn 0.060553 0.186540 0.980580
vn 0.160772 0.294356 0.942076
vn 0.202282 0.296108 0.933489
vn 0.231451 0.322711 0.917762
vn 0.376157 0.313278 0.871988
vn 0.458597 0.274334 0.845240
vn 0.525768 0.210522 0.824165
vn 0.571098 0.128087 0.810827
vn 0.335254 0.022188 0.941866
vn 0.334695 0.016381 0.942184
vn 0.332460 0.011054 0.943052
vn 0.328865 -0.001950 0.944375
vn 0.318766 0.018184 0.947659
vn 0.323959 -0.003929 0.946063
vn 0.313055 0.003261 0.949730
vn 0.307986 0.005655 0.951374
vn 0.303856 0.009579 0.952670
vn 0.301068 0.014648 0.953490
vn 0.299897 0.020365 0.953754
vn 0.300456 0.026172 0.953437
vn 0.302691 0.031500 0.952568
vn 0.306099 0.045289 0.950922
vn 0.316830 0.023460 0.948192
vn 0.310646 0.047108 0.949358
vn 0.322097 0.039293 0.945891
vn 0.327166 0.036898 0.944246
vn 0.331296 0.032975 0.942950
vn 0.334083 0.027906 0.942130
vn 0.051112 0.007359 0.998666
vn 0.059173 0.091052 0.994087
vn 0.091384 0.167838 0.981570
vn 0.187163 0.251737 0.949525
vn 0.204664 0.291085 0.934549
vn 0.247193 0.275858 0.928869
vn 0.371072 0.280154 0.885336
vn 0.444129 0.245642 0.861632
vn 0.503658 0.189092 0.842955
vn 0.543830 0.116038 0.831134
vn 0.560711 0.033631 0.827328
vn 0.552650 -0.050062 0.831908
vn 0.520438 -0.126847 0.844425
vn 0.423815 -0.211128 0.880798
vn 0.403705 -0.251643 0.879601
vn 0.367532 -0.233715 0.900165
vn 0.240751 -0.239165 0.940659
vn 0.167693 -0.204653 0.964363
vn 0.108164 -0.148102 0.983039
vn 0.067993 -0.075047 0.994859
vn -0.246679 -0.008596 0.969059
vn -0.230436 0.160078 0.959830
vn -0.165515 0.314833 0.934604
vn 0.026572 0.493368 0.869415
vn 0.069574 0.543494 0.836525
vn 0.142782 0.540069 0.829421
vn 0.398170 0.541198 0.740652
vn 0.545411 0.471642 0.692878
vn 0.665383 0.357669 0.655239
vn 0.746343 0.210434 0.631419
vn 0.780368 0.044351 0.623745
vn 0.764126 -0.124323 0.632974
vn 0.699205 -0.279078 0.658201
vn 0.505055 -0.459282 0.730739
vn 0.455752 -0.509617 0.729782
vn 0.396788 -0.502729 0.767999
vn 0.135519 -0.505442 0.852152
vn -0.011721 -0.435885 0.899926
vn -0.131693 -0.321912 0.937566
vn -0.212653 -0.174678 0.961388
vn -0.535901 -0.024541 0.843924
vn -0.512629 0.217138 0.830700
vn -0.419609 0.438873 0.794555
vn -0.143403 0.700384 0.699213
vn -0.076837 0.752135 0.654514
vn 0.016945 0.764816 0.644026
vn 0.388042 0.763207 0.516661
vn 0.599009 0.663547 0.448211
vn 0.770907 0.500246 0.394281
vn 0.886907 0.289287 0.360151
vn 0.935658 0.051322 0.349157
vn 0.912384 -0.190355 0.362380
vn 0.819366 -0.412089 0.398524
vn 0.539201 -0.676486 0.501626
vn 0.465595 -0.726972 0.504711
vn 0.390631 -0.736114 0.552760
vn 0.011715 -0.736424 0.676419
vn -0.199253 -0.636765 0.744868
vn -0.371150 -0.473462 0.798800
vn -0.487149 -0.262504 0.832933
vn -0.782779 -0.038692 0.621096
vn -0.754610 0.253828 0.605091
vn -0.642024 0.522206 0.561344
vn -0.306636 0.842138 0.443597
vn -0.220350 0.890253 0.398617
vn -0.117638 0.918073 0.378555
vn 0.335528 0.914767 0.224993
vn 0.590873 0.794143 0.142143
vn 0.798932 0.596489 0.076868
vn 0.939335 0.341154 0.035556
vn 0.998339 0.053132 0.022252
vn 0.970170 -0.239386 0.038257
vn 0.857585 -0.507763 0.082005
vn 0.516115 -0.831476 0.205606
vn 0.427805 -0.876637 0.220205
vn 0.341679 -0.901495 0.265636
vn -0.119965 -0.900326 0.418355
vn -0.375312 -0.779703 0.501203
vn -0.583372 -0.582047 0.566479
vn -0.723774 -0.326713 0.607791
s 1
g pTorus7
usemtl initialShadingGroup
f 2552/3525/2701 2551/3526/2702 2571/3527/2703 2572/3528/2704
f 2553/3535/2705 2552/3525/2701 2572/3528/2704 2573/3536/2706
f 2554/3961/2707 2553/3962/2705 2573/3963/2706 2574/3964/2708
f 2555/3969/2709 2554/3961/2707 2574/3964/2708 2575/3970/2710
f 2556/3975/2711 2555/3969/2709 2575/3970/2710 2576/3976/2712
f 2557/3980/2713 2556/3975/2711 2576/3976/2712 2577/3981/2714
f 2558/3575/2715 2557/3580/2713 2577/3581/2714 2578/3576/2716
f 2559/3574/2717 2558/3575/2715 2578/3576/2716 2579/3577/2718
f 2560/3584/2719 2559/3574/2717 2579/3577/2718 2580/3585/2720
f 2561/3594/2721 2560/3584/2719 2580/3585/2720 2581/3595/2722
f 2562/3604/2723 2561/3594/2721 2581/3595/2722 2582/3605/2724
f 2563/3612/2725 2562/3604/2723 2582/3605/2724 2583/3613/2726
f 2564/3986/2727 2563/3987/2725 2583/3988/2726 2584/3989/2728
f 2565/3994/2729 2564/3986/2727 2584/3989/2728 2585/3995/2730
f 2566/4000/2731 2565/3994/2729 2585/3995/2730 2586/4001/2732
f 2567/4005/2733 2566/4000/2731 2586/4001/2732 2587/4006/2734
f 2568/3552/2735 2567/3561/2733 2587/3562/2734 2588/3553/2736
f 2569/3541/2737 2568/3552/2735 2588/3553/2736 2589/3542/2738
f 2570/3531/2739 2569/3541/2737 2589/3542/2738 2590/3532/2740
f 2551/3526/2702 2570/3531/2739 2590/3532/2740 2571/3527/2703
f 2572/3528/2704 2571/3527/2703 2591/3533/2741 2592/3534/2742
f 2573/3536/2706 2572/3528/2704 2592/3534/2742 2593/3546/2743
f 2574/3964/2708 2573/3963/2706 2593/3967/2743 2594/3968/2744
f 2575/3970/2710 2574/3964/2708 2594/3968/2744 2595/3974/2745
f 2576/3976/2712 2575/3970/2710 2595/3974/2745 2596/3979/2746
f 2577/3981/2714 2576/3976/2712 2596/3979/2746 2597/3984/2747
f 2578/3576/2716 2577/3581/2714 2597/3590/2747 2598/3582/2748
f 2579/3577/2718 2578/3576/2716 2598/3582/2748 2599/3583/2749
f 2580/3585/2720 2579/3577/2718 2599/3583/2749 2600/3593/2750
f 2581/3595/2722 2580/3585/2720 2600/3593/2750 2601/3603/2751
f 2582/3605/2724 2581/3595/2722 2601/3603/2751 2602/3611/2752
f 2583/3613/2726 2582/3605/2724 2602/3611/2752 2603/3618/2753
f 2584/3989/2728 2583/3988/2726 2603/3992/2753 2604/3993/2754
f 2585/3995/2730 2584/3989/2728 2604/3993/2754 2605/3999/2755
f 2586/4001/2732 2585/3995/2730 2605/3999/2755 2606/4004/2756
f 2587/4006/2734 2586/4001/2732 2606/4004/2756 2607/4009/2757
f 2588/3553/2736 2587/3562/2734 2607/3568/2757 2608/3563/2758
f 2589/3542/2738 2588/3553/2736 2608/3563/2758 2609/3554/2759
f 2590/3532/2740 2589/3542/2738 2609/3554/2759 2610/3543/2760
f 2571/3527/2703 2590/3532/2740 2610/3543/2760 2591/3533/2741
f 2592/3534/2742 2591/3533/2741 2611/3544/2761 2612/3545/2762
f 2593/3546/2743 2592/3534/2742 2612/3545/2762 2613/3556/2763
f 2594/3747/2744 2593/3748/2743 2613/3729/2763 2614/3737/2764
f 2595/3759/2745 2594/3747/2744 2614/3737/2764 2615/3749/2765
f 2596/3770/2746 2595/3759/2745 2615/3749/2765 2616/3760/2766
f 2597/3785/2747 2596/3770/2746 2616/3760/2766 2617/3771/2767
f 2598/3582/2748 2597/3590/2747 2617/3601/2767 2618/3591/2768
f 2599/3583/2749 2598/3582/2748 2618/3591/2768 2619/3592/2769
f 2600/3593/2750 2599/3583/2749 2619/3592/2769 2620/3602/2770
f 2601/3603/2751 2600/3593/2750 2620/3602/2770 2621/3610/2771
f 2602/3611/2752 2601/3603/2751 2621/3610/2771 2622/3617/2772
f 2603/3618/2753 2602/3611/2752 2622/3617/2772 2623/3621/2773
f 2604/3800/2754 2603/3812/2753 2623/3801/2773 2624/3789/2774
f 2605/3788/2755 2604/3800/2754 2624/3789/2774 2625/3775/2775
f 2606/3774/2756 2605/3788/2755 2625/3775/2775 2626/3762/2776
f 2607/3773/2757 2606/3774/2756 2626/3762/2776 2627/3751/2777
f 2608/3563/2758 2607/3568/2757 2627/3572/2777 2628/3569/2778
f 2609/3554/2759 2608/3563/2758 2628/3569/2778 2629/3564/2779
f 2610/3543/2760 2609/3554/2759 2629/3564/2779 2630/3555/2780
f 2591/3533/2741 2610/3543/2760 2630/3555/2780 2611/3544/2761
f 2612/3721/2762 2611/3722/2761 2631/3723/2781 2632/3724/2782
f 2613/3729/2763 2612/3721/2762 2632/3724/2782 2633/3730/2783
f 2614/3737/2764 2613/3729/2763 2633/3730/2783 2634/3738/2784
f 2615/3749/2765 2614/3737/2764 2634/3738/2784 2635/3750/2785
f 2616/3760/2766 2615/3749/2765 2635/3750/2785 2636/3761/2786
f 2617/3771/2767 2616/3760/2766 2636/3761/2786 2637/3772/2787
f 2618/3786/2768 2617/3771/2767 2637/3772/2787 2638/3787/2788
f 2619/3798/2769 2618/3786/2768 2638/3787/2788 2639/3799/2789
f 2620/3810/2770 2619/3798/2769 2639/3799/2789 2640/3811/2790
f 2621/3824/2771 2620/3810/2770 2640/3811/2790 2641/3825/2791
f 2622/3813/2772 2621/3824/2771 2641/3825/2791 2642/3814/2792
f 2623/3801/2773 2622/3813/2772 2642/3814/2792 2643/3802/2793
f 2624/3789/2774 2623/3801/2773 2643/3802/2793 2644/3790/2794
f 2625/3775/2775 2624/3789/2774 2644/3790/2794 2645/3776/2795
f 2626/3762/2776 2625/3775/2775 2645/3776/2795 2646/3763/2796
f 2627/3751/2777 2626/3762/2776 2646/3763/2796 2647/3752/2797
f 2628/3739/2778 2627/3751/2777 2647/3752/2797 2648/3740/2798
f 2629/3731/2779 2628/3739/2778 2648/3740/2798 2649/3732/2799
f 2630/3725/2780 2629/3731/2779 2649/3732/2799 2650/3726/2800
f 2611/3722/2761 2630/3725/2780 2650/3726/2800 2631/3723/2781
f 2632/3724/2782 2631/3723/2781 2651/3727/2801 2652/3728/2802
f 2633/3730/2783 2632/3724/2782 2652/3728/2802 2653/3736/2803
f 2634/3738/2784 2633/3730/2783 2653/3736/2803 2654/3746/2804
f 2635/3750/2785 2634/3738/2784 2654/3746/2804 2655/3758/2805
f 2636/3761/2786 2635/3750/2785 2655/3758/2805 2656/3769/2806
f 2637/3772/2787 2636/3761/2786 2656/3769/2806 2657/3784/2807
f 2638/3787/2788 2637/3772/2787 2657/3784/2807 2658/3797/2808
f 2639/3799/2789 2638/3787/2788 2658/3797/2808 2659/3809/2809
f 2640/3811/2790 2639/3799/2789 2659/3809/2809 2660/3823/2810
f 2641/3825/2791 2640/3811/2790 2660/3823/2810 2661/3832/2811
f 2642/3814/2792 2641/3825/2791 2661/3832/2811 2662/3826/2812
f 2643/3802/2793 2642/3814/2792 2662/3826/2812 2663/3815/2813
f 2644/3790/2794 2643/3802/2793 2663/3815/2813 2664/3803/2814
f 2645/3776/2795 2644/3790/2794 2664/3803/2814 2665/3791/2815
f 2646/3763/2796 2645/3776/2795 2665/3791/2815 2666/3777/2816
f 2647/3752/2797 2646/3763/2796 2666/3777/2816 2667/3764/2817
f 2648/3740/2798 2647/3752/2797 2667/3764/2817 2668/3753/2818
f 2649/3732/2799 2648/3740/2798 2668/3753/2818 2669/3741/2819
f 2650/3726/2800 2649/3732/2799 2669/3741/2819 2670/3733/2820
f 2631/3723/2781 2650/3726/2800 2670/3733/2820 2651/3727/2801
f 2652/3728/2802 2651/3727/2801 2671/3734/2821 2672/3735/2822
f 2653/3736/2803 2652/3728/2802 2672/3735/2822 2673/3745/2823
f 2654/3746/2804 2653/3736/2803 2673/3745/2823 2674/3757/2824
f 2655/3758/2805 2654/3746/2804 2674/3757/2824 2675/3768/2825
f 2656/3769/2806 2655/3758/2805 2675/3768/2825 2676/3783/2826
f 2657/3784/2807 2656/3769/2806 2676/3783/2826 2677/3796/2827
f 2658/3797/2808 2657/3784/2807 2677/3796/2827 2678/3808/2828
f 2659/3809/2809 2658/3797/2808 2678/3808/2828 2679/3822/2829
f 2660/3823/2810 2659/3809/2809 2679/3822/2829 2680/3831/2830
f 2661/3832/2811 2660/3823/2810 2680/3831/2830 2681/3837/2831
f 2662/3826/2812 2661/3832/2811 2681/3837/2831 2682/3833/2832
f 2663/3815/2813 2662/3826/2812 2682/3833/2832 2683/3827/2833
f 2664/3803/2814 2663/3815/2813 2683/3827/2833 2684/3816/2834
f 2665/3791/2815 2664/3803/2814 2684/3816/2834 2685/3804/2835
f 2666/3777/2816 2665/3791/2815 2685/3804/2835 2686/3792/2836
f 2667/3764/2817 2666/3777/2816 2686/3792/2836 2687/3778/2837
f 2668/3753/2818 2667/3764/2817 2687/3778/2837 2688/3765/2838
f 2669/3741/2819 2668/3753/2818 2688/3765/2838 2689/3754/2839
f 2670/3733/2820 2669/3741/2819 2689/3754/2839 2690/3742/2840
f 2651/3727/2801 2670/3733/2820 2690/3742/2840 2671/3734/2821
f 2672/3735/2822 2671/3734/2821 2691/3743/2841 2692/3744/2842
f 2673/3745/2823 2672/3735/2822 2692/3744/2842 2693/3756/2843
f 2674/3757/2824 2673/3745/2823 2693/3756/2843 2694/3767/2844
f 2675/3768/2825 2674/3757/2824 2694/3767/2844 2695/3782/2845
f 2676/3783/2826 2675/3768/2825 2695/3782/2845 2696/3795/2846
f 2677/3796/2827 2676/3783/2826 2696/3795/2846 2697/3807/2847
f 2678/3808/2828 2677/3796/2827 2697/3807/2847 2698/3821/2848
f 2679/3822/2829 2678/3808/2828 2698/3821/2848 2699/3830/2849
f 2680/3831/2830 2679/3822/2829 2699/3830/2849 2700/3836/2850
f 2681/3837/2831 2680/3831/2830 2700/3836/2850 2701/3840/2851
f 2682/3833/2832 2681/3837/2831 2701/3840/2851 2702/3838/2852
f 2683/3827/2833 2682/3833/2832 2702/3838/2852 2703/3834/2853
f 2684/3816/2834 2683/3827/2833 2703/3834/2853 2704/3828/2854
f 2685/3804/2835 2684/3816/2834 2704/3828/2854 2705/3817/2855
f 2686/3792/2836 2685/3804/2835 2705/3817/2855 2706/3805/2856
f 2687/3778/2837 2686/3792/2836 2706/3805/2856 2707/3793/2857
f 2688/3765/2838 2687/3778/2837 2707/3793/2857 2708/3779/2858
f 2689/3754/2839 2688/3765/2838 2708/3779/2858 2709/3766/2859
f 2690/3742/2840 2689/3754/2839 2709/3766/2859 2710/3755/2860
f 2671/3734/2821 2690/3742/2840 2710/3755/2860 2691/3743/2841
f 2692/3627/2842 2691/3628/2841 2711/3624/2861 2712/3623/2862
f 2693/3636/2843 2692/3627/2842 2712/3623/2862 2713/3633/2863
f 2694/3767/2844 2693/3756/2843 2713/3780/2863 2714/3781/2864
f 2695/3782/2845 2694/3767/2844 2714/3781/2864 2715/3794/2865
f 2696/3795/2846 2695/3782/2845 2715/3794/2865 2716/3806/2866
f 2697/3807/2847 2696/3795/2846 2716/3806/2866 2717/3820/2867
f 2698/3677/2848 2697/3684/2847 2717/3678/2867 2718/3673/2868
f 2699/3676/2849 2698/3677/2848 2718/3673/2868 2719/3672/2869
f 2700/3685/2850 2699/3676/2849 2719/3672/2869 2720/3682/2870
f 2701/3692/2851 2700/3685/2850 2720/3682/2870 2721/3690/2871
f 2702/3700/2852 2701/3692/2851 2721/3690/2871 2722/3698/2872
f 2703/3709/2853 2702/3700/2852 2722/3698/2872 2723/3707/2873
f 2704/3828/2854 2703/3834/2853 2723/3839/2873 2724/3835/2874
f 2705/3817/2855 2704/3828/2854 2724/3835/2874 2725/3829/2875
f 2706/3805/2856 2705/3817/2855 2725/3829/2875 2726/3818/2876
f 2707/3793/2857 2706/3805/2856 2726/3818/2876 2727/3819/2877
f 2708/3651/2858 2707/3660/2857 2727/3652/2877 2728/3644/2878
f 2709/3643/2859 2708/3651/2858 2728/3644/2878 2729/3637/2879
f 2710/3635/2860 2709/3643/2859 2729/3637/2879 2730/3629/2880
f 2691/3628/2841 2710/3635/2860 2730/3629/2880 2711/3624/2861
f 2712/3623/2862 2711/3624/2861 2731/3625/2881 2732/3626/2882
f 2713/3633/2863 2712/3623/2862 2732/3626/2882 2733/3634/2883
f 2714/4011/2864 2713/4012/2863 2733/4013/2883 2734/4014/2884
f 2715/4017/2865 2714/4011/2864 2734/4014/2884 2735/4018/2885
f 2716/4022/2866 2715/4017/2865 2735/4018/2885 2736/4023/2886
f 2717/4028/2867 2716/4022/2866 2736/4023/2886 2737/4029/2887
f 2718/3673/2868 2717/3678/2867 2737/3679/2887 2738/3674/2888
f 2719/3672/2869 2718/3673/2868 2738/3674/2888 2739/3675/2889
f 2720/3682/2870 2719/3672/2869 2739/3675/2889 2740/3683/2890
f 2721/3690/2871 2720/3682/2870 2740/3683/2890 2741/3691/2891
f 2722/3698/2872 2721/3690/2871 2741/3691/2891 2742/3699/2892
f 2723/3707/2873 2722/3698/2872 2742/3699/2892 2743/3708/2893
f 2724/4036/2874 2723/4037/2873 2743/4038/2893 2744/4039/2894
f 2725/4042/2875 2724/4036/2874 2744/4039/2894 2745/4043/2895
f 2726/4047/2876 2725/4042/2875 2745/4043/2895 2746/4048/2896
f 2727/4053/2877 2726/4047/2876 2746/4048/2896 2747/4054/2897
f 2728/3644/2878 2727/3652/2877 2747/3653/2897 2748/3645/2898
f 2729/3637/2879 2728/3644/2878 2748/3645/2898 2749/3638/2899
f 2730/3629/2880 2729/3637/2879 2749/3638/2899 2750/3630/2900
f 2711/3624/2861 2730/3629/2880 2750/3630/2900 2731/3625/2881
f 2732/3626/2882 2731/3625/2881 2751/3631/2901 2752/3632/2902
f 2733/3634/2883 2732/3626/2882 2752/3632/2902 2753/3642/2903
f 2734/4014/2884 2733/4013/2883 2753/4015/2903 2754/4016/2904
f 2735/4018/2885 2734/4014/2884 2754/4016/2904 2755/4021/2905
f 2736/4023/2886 2735/4018/2885 2755/4021/2905 2756/4027/2906
f 2737/4029/2887 2736/4023/2886 2756/4027/2906 2757/4032/2907
f 2738/3674/2888 2737/3679/2887 2757/3686/2907 2758/3680/2908
f 2739/3675/2889 2738/3674/2888 2758/3680/2908 2759/3681/2909
f 2740/3683/2890 2739/3675/2889 2759/3681/2909 2760/3689/2910
f 2741/3691/2891 2740/3683/2890 2760/3689/2910 2761/3697/2911
f 2742/3699/2892 2741/3691/2891 2761/3697/2911 2762/3706/2912
f 2743/3708/2893 2742/3699/2892 2762/3706/2912 2763/3714/2913
f 2744/4039/2894 2743/4038/2893 2763/4040/2913 2764/4041/2914
f 2745/4043/2895 2744/4039/2894 2764/4041/2914 2765/4046/2915
f 2746/4048/2896 2745/4043/2895 2765/4046/2915 2766/4052/2916
f 2747/4054/2897 2746/4048/2896 2766/4052/2916 2767/4057/2917
f 2748/3645/2898 2747/3653/2897 2767/3661/2917 2768/3654/2918
f 2749/3638/2899 2748/3645/2898 2768/3654/2918 2769/3646/2919
f 2750/3630/2900 2749/3638/2899 2769/3646/2919 2770/3639/2920
f 2731/3625/2881 2750/3630/2900 2770/3639/2920 2751/3631/2901
f 2752/3632/2902 2751/3631/2901 2771/3640/2921 2772/3641/2922
f 2753/3642/2903 2752/3632/2902 2772/3641/2922 2773/3650/2923
f 2754/4016/2904 2753/4015/2903 2773/4019/2923 2774/4020/2924
f 2755/4021/2905 2754/4016/2904 2774/4020/2924 2775/4026/2925
f 2756/4027/2906 2755/4021/2905 2775/4026/2925 2776/4031/2926
f 2757/4032/2907 2756/4027/2906 2776/4031/2926 2777/4034/2927
f 2758/3680/2908 2757/3686/2907 2777/3693/2927 2778/3687/2928
f 2759/3681/2909 2758/3680/2908 2778/3687/2928 2779/3688/2929
f 2760/3689/2910 2759/3681/2909 2779/3688/2929 2780/3696/2930
f 2761/3697/2911 2760/3689/2910 2780/3696/2930 2781/3705/2931
f 2762/3706/2912 2761/3697/2911 2781/3705/2931 2782/3713/2932
f 2763/3714/2913 2762/3706/2912 2782/3713/2932 2783/3717/2933
f 2764/4041/2914 2763/4040/2913 2783/4044/2933 2784/4045/2934
f 2765/4046/2915 2764/4041/2914 2784/4045/2934 2785/4051/2935
f 2766/4052/2916 2765/4046/2915 2785/4051/2935 2786/4056/2936
f 2767/4057/2917 2766/4052/2916 2786/4056/2936 2787/4059/2937
f 2768/3654/2918 2767/3661/2917 2787/3666/2937 2788/3662/2938
f 2769/3646/2919 2768/3654/2918 2788/3662/2938 2789/3655/2939
f 2770/3639/2920 2769/3646/2919 2789/3655/2939 2790/3647/2940
f 2751/3631/2901 2770/3639/2920 2790/3647/2940 2771/3640/2921
f 2772/3641/2922 2771/3640/2921 2791/3648/2941 2792/3649/2942
f 2773/3650/2923 2772/3641/2922 2792/3649/2942 2793/3659/2943
f 2774/4020/2924 2773/4019/2923 2793/4024/2943 2794/4025/2944
f 2775/4026/2925 2774/4020/2924 2794/4025/2944 2795/4030/2945
f 2776/4031/2926 2775/4026/2925 2795/4030/2945 2796/4033/2946
f 2777/4034/2927 2776/4031/2926 2796/4033/2946 2797/4035/2947
f 2778/3687/2928 2777/3693/2927 2797/3701/2947 2798/3694/2948
f 2779/3688/2929 2778/3687/2928 2798/3694/2948 2799/3695/2949
f 2780/3696/2930 2779/3688/2929 2799/3695/2949 2800/3704/2950
f 2781/3705/2931 2780/3696/2930 2800/3704/2950 2801/3712/2951
f 2782/3713/2932 2781/3705/2931 2801/3712/2951 2802/3716/2952
f 2783/3717/2933 2782/3713/2932 2802/3716/2952 2803/3719/2953
f 2784/4045/2934 2783/4044/2933 2803/4049/2953 2804/4050/2954
f 2785/4051/2935 2784/4045/2934 2804/4050/2954 2805/4055/2955
f 2786/4056/2936 2785/4051/2935 2805/4055/2955 2806/4058/2956
f 2787/4059/2937 2786/4056/2936 2806/4058/2956 2807/4060/2957
f 2788/3662/2938 2787/3666/2937 2807/3669/2957 2808/3667/2958
f 2789/3655/2939 2788/3662/2938 2808/3667/2958 2809/3663/2959
f 2790/3647/2940 2789/3655/2939 2809/3663/2959 2810/3656/2960
f 2771/3640/2921 2790/3647/2940 2810/3656/2960 2791/3648/2941
f 2792/3649/2942 2791/3648/2941 2811/3657/2961 2812/3658/2962
f 2793/3659/2943 2792/3649/2942 2812/3658/2962 2813/3665/2963
f 2794/3867/2944 2793/3868/2943 2813/3849/2963 2814/3857/2964
f 2795/3879/2945 2794/3867/2944 2814/3857/2964 2815/3869/2965
f 2796/3890/2946 2795/3879/2945 2815/3869/2965 2816/3880/2966
f 2797/3905/2947 2796/3890/2946 2816/3880/2966 2817/3891/2967
f 2798/3694/2948 2797/3701/2947 2817/3710/2967 2818/3702/2968
f 2799/3695/2949 2798/3694/2948 2818/3702/2968 2819/3703/2969
f 2800/3704/2950 2799/3695/2949 2819/3703/2969 2820/3711/2970
f 2801/3712/2951 2800/3704/2950 2820/3711/2970 2821/3715/2971
f 2802/3716/2952 2801/3712/2951 2821/3715/2971 2822/3718/2972
f 2803/3719/2953 2802/3716/2952 2822/3718/2972 2823/3720/2973
f 2804/3920/2954 2803/3932/2953 2823/3921/2973 2824/3909/2974
f 2805/3908/2955 2804/3920/2954 2824/3909/2974 2825/3895/2975
f 2806/3894/2956 2805/3908/2955 2825/3895/2975 2826/3882/2976
f 2807/3893/2957 2806/3894/2956 2826/3882/2976 2827/3871/2977
f 2808/3667/2958 2807/3669/2957 2827/3671/2977 2828/3670/2978
f 2809/3663/2959 2808/3667/2958 2828/3670/2978 2829/3668/2979
f 2810/3656/2960 2809/3663/2959 2829/3668/2979 2830/3664/2980
f 2791/3648/2941 2810/3656/2960 2830/3664/2980 2811/3657/2961
f 2812/3841/2962 2811/3842/2961 2831/3843/2981 2832/3844/2982
f 2813/3849/2963 2812/3841/2962 2832/3844/2982 2833/3850/2983
f 2814/3857/2964 2813/3849/2963 2833/3850/2983 2834/3858/2984
f 2815/3869/2965 2814/3857/2964 2834/3858/2984 2835/3870/2985
f 2816/3880/2966 2815/3869/2965 2835/3870/2985 2836/3881/2986
f 2817/3891/2967 2816/3880/2966 2836/3881/2986 2837/3892/2987
f 2818/3906/2968 2817/3891/2967 2837/3892/2987 2838/3907/2988
f 2819/3918/2969 2818/3906/2968 2838/3907/2988 2839/3919/2989
f 2820/3930/2970 2819/3918/2969 2839/3919/2989 2840/3931/2990
f 2821/3944/2971 2820/3930/2970 2840/3931/2990 2841/3945/2991
f 2822/3933/2972 2821/3944/2971 2841/3945/2991 2842/3934/2992
f 2823/3921/2973 2822/3933/2972 2842/3934/2992 2843/3922/2993
f 2824/3909/2974 2823/3921/2973 2843/3922/2993 2844/3910/2994
f 2825/3895/2975 2824/3909/2974 2844/3910/2994 2845/3896/2995
f 2826/3882/2976 2825/3895/2975 2845/3896/2995 2846/3883/2996
f 2827/3871/2977 2826/3882/2976 2846/3883/2996 2847/3872/2997
f 2828/3859/2978 2827/3871/2977 2847/3872/2997 2848/3860/2998
f 2829/3851/2979 2828/3859/2978 2848/3860/2998 2849/3852/2999
f 2830/3845/2980 2829/3851/2979 2849/3852/2999 2850/3846/3000
f 2811/3842/2961 2830/3845/2980 2850/3846/3000 2831/3843/2981
f 2832/3844/2982 2831/3843/2981 2851/3847/3001 2852/3848/3002
f 2833/3850/2983 2832/3844/2982 2852/3848/3002 2853/3856/3003
f 2834/3858/2984 2833/3850/2983 2853/3856/3003 2854/3866/3004
f 2835/3870/2985 2834/3858/2984 2854/3866/3004 2855/3878/3005
f 2836/3881/2986 2835/3870/2985 2855/3878/3005 2856/3889/3006
f 2837/3892/2987 2836/3881/2986 2856/3889/3006 2857/3904/3007
f 2838/3907/2988 2837/3892/2987 2857/3904/3007 2858/3917/3008
f 2839/3919/2989 2838/3907/2988 2858/3917/3008 2859/3929/3009
f 2840/3931/2990 2839/3919/2989 2859/3929/3009 2860/3943/3010
f 2841/3945/2991 2840/3931/2990 2860/3943/3010 2861/3952/3011
f 2842/3934/2992 2841/3945/2991 2861/3952/3011 2862/3946/3012
f 2843/3922/2993 2842/3934/2992 2862/3946/3012 2863/3935/3013
f 2844/3910/2994 2843/3922/2993 2863/3935/3013 2864/3923/3014
f 2845/3896/2995 2844/3910/2994 2864/3923/3014 2865/3911/3015
f 2846/3883/2996 2845/3896/2995 2865/3911/3015 2866/3897/3016
f 2847/3872/2997 2846/3883/2996 2866/3897/3016 2867/3884/3017
f 2848/3860/2998 2847/3872/2997 2867/3884/3017 2868/3873/3018
f 2849/3852/2999 2848/3860/2998 2868/3873/3018 2869/3861/3019
f 2850/3846/3000 2849/3852/2999 2869/3861/3019 2870/3853/3020
f 2831/3843/2981 2850/3846/3000 2870/3853/3020 2851/3847/3001
f 2852/3848/3002 2851/3847/3001 2871/3854/3021 2872/3855/3022
f 2853/3856/3003 2852/3848/3002 2872/3855/3022 2873/3865/3023
f 2854/3866/3004 2853/3856/3003 2873/3865/3023 2874/3877/3024
f 2855/3878/3005 2854/3866/3004 2874/3877/3024 2875/3888/3025
f 2856/3889/3006 2855/3878/3005 2875/3888/3025 2876/3903/3026
f 2857/3904/3007 2856/3889/3006 2876/3903/3026 2877/3916/3027
f 2858/3917/3008 2857/3904/3007 2877/3916/3027 2878/3928/3028
f 2859/3929/3009 2858/3917/3008 2878/3928/3028 2879/3942/3029
f 2860/3943/3010 2859/3929/3009 2879/3942/3029 2880/3951/3030
f 2861/3952/3011 2860/3943/3010 2880/3951/3030 2881/3957/3031
f 2862/3946/3012 2861/3952/3011 2881/3957/3031 2882/3953/3032
f 2863/3935/3013 2862/3946/3012 2882/3953/3032 2883/3947/3033
f 2864/3923/3014 2863/3935/3013 2883/3947/3033 2884/3936/3034
f 2865/3911/3015 2864/3923/3014 2884/3936/3034 2885/3924/3035
f 2866/3897/3016 2865/3911/3015 2885/3924/3035 2886/3912/3036
f 2867/3884/3017 2866/3897/3016 2886/3912/3036 2887/3898/3037
f 2868/3873/3018 2867/3884/3017 2887/3898/3037 2888/3885/3038
f 2869/3861/3019 2868/3873/3018 2888/3885/3038 2889/3874/3039
f 2870/3853/3020 2869/3861/3019 2889/3874/3039 2890/3862/3040
f 2851/3847/3001 2870/3853/3020 2890/3862/3040 2871/3854/3021
f 2872/3855/3022 2871/3854/3021 2891/3863/3041 2892/3864/3042
f 2873/3865/3023 2872/3855/3022 2892/3864/3042 2893/3876/3043
f 2874/3877/3024 2873/3865/3023 2893/3876/3043 2894/3887/3044
f 2875/3888/3025 2874/3877/3024 2894/3887/3044 2895/3902/3045
f 2876/3903/3026 2875/3888/3025 2895/3902/3045 2896/3915/3046
f 2877/3916/3027 2876/3903/3026 2896/3915/3046 2897/3927/3047
f 2878/3928/3028 2877/3916/3027 2897/3927/3047 2898/3941/3048
f 2879/3942/3029 2878/3928/3028 2898/3941/3048 2899/3950/3049
f 2880/3951/3030 2879/3942/3029 2899/3950/3049 2900/3956/3050
f 2881/3957/3031 2880/3951/3030 2900/3956/3050 2901/3960/3051
f 2882/3953/3032 2881/3957/3031 2901/3960/3051 2902/3958/3052
f 2883/3947/3033 2882/3953/3032 2902/3958/3052 2903/3954/3053
f 2884/3936/3034 2883/3947/3033 2903/3954/3053 2904/3948/3054
f 2885/3924/3035 2884/3936/3034 2904/3948/3054 2905/3937/3055
f 2886/3912/3036 2885/3924/3035 2905/3937/3055 2906/3925/3056
f 2887/3898/3037 2886/3912/3036 2906/3925/3056 2907/3913/3057
f 2888/3885/3038 2887/3898/3037 2907/3913/3057 2908/3899/3058
f 2889/3874/3039 2888/3885/3038 2908/3899/3058 2909/3886/3059
f 2890/3862/3040 2889/3874/3039 2909/3886/3059 2910/3875/3060
f 2871/3854/3021 2890/3862/3040 2910/3875/3060 2891/3863/3041
f 2892/3547/3042 2891/3548/3041 2911/3538/3061 2912/3537/3062
f 2893/3558/3043 2892/3547/3042 2912/3537/3062 2913/3550/3063
f 2894/3887/3044 2893/3876/3043 2913/3900/3063 2914/3901/3064
f 2895/3902/3045 2894/3887/3044 2914/3901/3064 2915/3914/3065
f 2896/3915/3046 2895/3902/3045 2915/3914/3065 2916/3926/3066
f 2897/3927/3047 2896/3915/3046 2916/3926/3066 2917/3940/3067
f 2898/3597/3048 2897/3606/3047 2917/3598/3067 2918/3587/3068
f 2899/3596/3049 2898/3597/3048 2918/3587/3068 2919/3586/3069
f 2900/3607/3050 2899/3596/3049 2919/3586/3069 2920/3599/3070
f 2901/3614/3051 2900/3607/3050 2920/3599/3070 2921/3608/3071
f 2902/3619/3052 2901/3614/3051 2921/3608/3071 2922/3615/3072
f 2903/3622/3053 2902/3619/3052 2922/3615/3072 2923/3620/3073
f 2904/3948/3054 2903/3954/3053 2923/3959/3073 2924/3955/3074
f 2905/3937/3055 2904/3948/3054 2924/3955/3074 2925/3949/3075
f 2906/3925/3056 2905/3937/3055 2925/3949/3075 2926/3938/3076
f 2907/3913/3057 2906/3925/3056 2926/3938/3076 2927/3939/3077
f 2908/3570/3058 2907/3573/3057 2927/3571/3077 2928/3566/3078
f 2909/3565/3059 2908/3570/3058 2928/3566/3078 2929/3559/3079
f 2910/3557/3060 2909/3565/3059 2929/3559/3079 2930/3549/3080
f 2891/3548/3041 2910/3557/3060 2930/3549/3080 2911/3538/3061
f 2912/3537/3062 2911/3538/3061 2931/3530/3081 2932/3529/3082
f 2913/3550/3063 2912/3537/3062 2932/3529/3082 2933/3540/3083
f 2914/3971/3064 2913/3972/3063 2933/3966/3083 2934/3965/3084
f 2915/3977/3065 2914/3971/3064 2934/3965/3084 2935/3973/3085
f 2916/3982/3066 2915/3977/3065 2935/3973/3085 2936/3978/3086
f 2917/3985/3067 2916/3982/3066 2936/3978/3086 2937/3983/3087
f 2918/3587/3068 2917/3598/3067 2937/3588/3087 2938/3579/3088
f 2919/3586/3069 2918/3587/3068 2938/3579/3088 2939/3578/3089
f 2920/3599/3070 2919/3586/3069 2939/3578/3089 2940/3589/3090
f 2921/3608/3071 2920/3599/3070 2940/3589/3090 2941/3600/3091
f 2922/3615/3072 2921/3608/3071 2941/3600/3091 2942/3609/3092
f 2923/3620/3073 2922/3615/3072 2942/3609/3092 2943/3616/3093
f 2924/3996/3074 2923/3997/3073 2943/3991/3093 2944/3990/3094
f 2925/4002/3075 2924/3996/3074 2944/3990/3094 2945/3998/3095
f 2926/4007/3076 2925/4002/3075 2945/3998/3095 2946/4003/3096
f 2927/4010/3077 2926/4007/3076 2946/4003/3096 2947/4008/3097
f 2928/3566/3078 2927/3571/3077 2947/3567/3097 2948/3560/3098
f 2929/3559/3079 2928/3566/3078 2948/3560/3098 2949/3551/3099
f 2930/3549/3080 2929/3559/3079 2949/3551/3099 2950/3539/3100
f 2911/3538/3061 2930/3549/3080 2950/3539/3100 2931/3530/3081
f 2932/3529/3082 2931/3530/3081 2551/3526/2702 2552/3525/2701
f 2933/3540/3083 2932/3529/3082 2552/3525/2701 2553/3535/2705
f 2934/3965/3084 2933/3966/3083 2553/3962/2705 2554/3961/2707
f 2935/3973/3085 2934/3965/3084 2554/3961/2707 2555/3969/2709
f 2936/3978/3086 2935/3973/3085 2555/3969/2709 2556/3975/2711
f 2937/3983/3087 2936/3978/3086 2556/3975/2711 2557/3980/2713
f 2938/3579/3088 2937/3588/3087 2557/3580/2713 2558/3575/2715
f 2939/3578/3089 2938/3579/3088 2558/3575/2715 2559/3574/2717
f 2940/3589/3090 2939/3578/3089 2559/3574/2717 2560/3584/2719
f 2941/3600/3091 2940/3589/3090 2560/3584/2719 2561/3594/2721
f 2942/3609/3092 2941/3600/3091 2561/3594/2721 2562/3604/2723
f 2943/3616/3093 2942/3609/3092 2562/3604/2723 2563/3612/2725
f 2944/3990/3094 2943/3991/3093 2563/3987/2725 2564/3986/2727
f 2945/3998/3095 2944/3990/3094 2564/3986/2727 2565/3994/2729
f 2946/4003/3096 2945/3998/3095 2565/3994/2729 2566/4000/2731
f 2947/4008/3097 2946/4003/3096 2566/4000/2731 2567/4005/2733
f 2948/3560/3098 2947/3567/3097 2567/3561/2733 2568/3552/2735
f 2949/3551/3099 2948/3560/3098 2568/3552/2735 2569/3541/2737
f 2950/3539/3100 2949/3551/3099 2569/3541/2737 2570/3531/2739
f 2931/3530/3081 2950/3539/3100 2570/3531/2739 2551/3526/2702
g default
v 2.377640 0.052989 -0.362816
v 2.350559 0.048325 -0.370266
v 2.322689 0.042671 -0.368899
v 2.296756 0.036580 -0.358848
v 2.233888 0.017465 -0.288531
v 2.172215 -0.001553 -0.216731
v 2.165369 -0.005498 -0.189378
v 2.167227 -0.007808 -0.161061
v 2.177607 -0.008259 -0.134553
v 2.195492 -0.006805 -0.112449
v 2.219132 -0.003588 -0.096911
v 2.246212 0.001075 -0.089461
v 2.274083 0.006729 -0.090828
v 2.300015 0.012821 -0.100879
v 2.362279 0.031905 -0.172144
v 2.424557 0.050953 -0.242996
v 2.431402 0.054898 -0.270349
v 2.429544 0.057209 -0.298665
v 2.419165 0.057659 -0.325173
v 2.401280 0.056205 -0.347278
v 2.376857 0.059176 -0.363209
v 2.349461 0.054458 -0.370745
v 2.321266 0.048738 -0.369362
v 2.295031 0.042576 -0.359195
v 2.231913 0.023392 -0.288671
v 2.170067 0.004314 -0.216595
v 2.163142 0.000323 -0.188923
v 2.165021 -0.002015 -0.160277
v 2.175522 -0.002470 -0.133461
v 2.193615 -0.000999 -0.111099
v 2.217530 0.002255 -0.095380
v 2.244926 0.006972 -0.087843
v 2.273121 0.012692 -0.089226
v 2.299355 0.018855 -0.099394
v 2.361869 0.038008 -0.170866
v 2.424320 0.057117 -0.241994
v 2.431245 0.061108 -0.269665
v 2.429365 0.063445 -0.298311
v 2.418865 0.063901 -0.325128
v 2.400772 0.062429 -0.347490
v 2.376969 0.065102 -0.365487
v 2.348658 0.060227 -0.373275
v 2.319521 0.054316 -0.371846
v 2.292411 0.047947 -0.361339
v 2.228568 0.028563 -0.290216
v 2.166219 0.009309 -0.217338
v 2.159062 0.005185 -0.188742
v 2.161005 0.002770 -0.159140
v 2.171856 0.002299 -0.131428
v 2.190553 0.003819 -0.108318
v 2.215267 0.007182 -0.092075
v 2.243578 0.012057 -0.084287
v 2.272714 0.017968 -0.085716
v 2.299825 0.024336 -0.096223
v 2.363063 0.043690 -0.168295
v 2.426017 0.062974 -0.240224
v 2.433173 0.067098 -0.268819
v 2.431231 0.069514 -0.298422
v 2.420380 0.069984 -0.326134
v 2.401682 0.068464 -0.349243
v 2.377965 0.070186 -0.369428
v 2.348229 0.065066 -0.377608
v 2.317625 0.058857 -0.376107
v 2.289150 0.052168 -0.365070
v 2.224178 0.032472 -0.293013
v 2.161046 0.012945 -0.218888
v 2.153530 0.008613 -0.188853
v 2.155570 0.006076 -0.157760
v 2.166967 0.005582 -0.128653
v 2.186606 0.007178 -0.104381
v 2.212563 0.010710 -0.087320
v 2.242299 0.015831 -0.079139
v 2.272903 0.022039 -0.080641
v 2.301378 0.028728 -0.091677
v 2.365745 0.048394 -0.164682
v 2.429482 0.067951 -0.237859
v 2.436998 0.072283 -0.267894
v 2.434958 0.074820 -0.298987
v 2.423561 0.075314 -0.328094
v 2.403922 0.073718 -0.352366
v 2.379747 0.073931 -0.374645
v 2.348216 0.068502 -0.383319
v 2.315764 0.061918 -0.381727
v 2.285570 0.054826 -0.370024
v 2.219175 0.034736 -0.296790
v 2.155057 0.014864 -0.221093
v 2.147086 0.010271 -0.189244
v 2.149249 0.007581 -0.156274
v 2.161335 0.007057 -0.125409
v 2.182159 0.008750 -0.099671
v 2.209685 0.012495 -0.081579
v 2.241216 0.017924 -0.072905
v 2.273668 0.024508 -0.074497
v 2.303862 0.031600 -0.086199
v 2.369652 0.051660 -0.160382
v 2.434375 0.071562 -0.235131
v 2.442346 0.076155 -0.266980
v 2.440183 0.078845 -0.299950
v 2.428097 0.079369 -0.330815
v 2.407273 0.077676 -0.356553
v 2.382142 0.075971 -0.380628
v 2.348620 0.070198 -0.389850
v 2.314120 0.063199 -0.388157
v 2.282019 0.055659 -0.375716
v 2.214048 0.035133 -0.301177
v 2.148835 0.014880 -0.223737
v 2.140362 0.009997 -0.189877
v 2.142661 0.007137 -0.154825
v 2.155510 0.006579 -0.122012
v 2.177649 0.008379 -0.094650
v 2.206912 0.012361 -0.075416
v 2.240434 0.018133 -0.066194
v 2.274934 0.025132 -0.067886
v 2.307035 0.032673 -0.080328
v 2.374402 0.053168 -0.155815
v 2.440219 0.073452 -0.232307
v 2.448692 0.078335 -0.266166
v 2.446393 0.081195 -0.301218
v 2.433544 0.081752 -0.334031
v 2.411405 0.079952 -0.361394
v 2.384915 0.076105 -0.386791
v 2.349402 0.069990 -0.396561
v 2.312854 0.062575 -0.394768
v 2.278847 0.054587 -0.381588
v 2.209298 0.033625 -0.305744
v 2.142992 0.012990 -0.226561
v 2.134015 0.007817 -0.190691
v 2.136452 0.004787 -0.153558
v 2.150063 0.004197 -0.118796
v 2.173517 0.006103 -0.089809
v 2.204517 0.010321 -0.069433
v 2.240030 0.016436 -0.059663
v 2.276578 0.023851 -0.061456
v 2.310585 0.031839 -0.074636
v 2.379529 0.052771 -0.151428
v 2.446440 0.073436 -0.229663
v 2.455417 0.078609 -0.265533
v 2.452980 0.081639 -0.302666
v 2.439369 0.082229 -0.337428
v 2.415915 0.080323 -0.366415
v 2.387794 0.074320 -0.392531
v 2.350485 0.067896 -0.402795
v 2.312089 0.060106 -0.400911
v 2.276362 0.051714 -0.387065
v 2.205391 0.030359 -0.310044
v 2.138098 0.009380 -0.229289
v 2.128668 0.003945 -0.191605
v 2.131227 0.000762 -0.152594
v 2.145527 0.000142 -0.116075
v 2.170166 0.002145 -0.085622
v 2.202735 0.006576 -0.064216
v 2.240043 0.013001 -0.053952
v 2.278439 0.020790 -0.055836
v 2.314166 0.029182 -0.069682
v 2.384533 0.050507 -0.147651
v 2.452430 0.071516 -0.227459
v 2.461860 0.076951 -0.265142
v 2.459301 0.080134 -0.304153
v 2.445001 0.080755 -0.340672
v 2.420362 0.078751 -0.371125
v 2.390497 0.070792 -0.397287
v 2.351764 0.064122 -0.407942
v 2.311900 0.056035 -0.405987
v 2.274809 0.047322 -0.391611
v 2.202709 0.025655 -0.313657
v 2.134633 0.004402 -0.231653
v 2.124842 -0.001240 -0.192530
v 2.127500 -0.004545 -0.152029
v 2.142346 -0.005189 -0.114115
v 2.167926 -0.003109 -0.082499
v 2.201738 0.001491 -0.060275
v 2.240472 0.008161 -0.049620
v 2.280335 0.016249 -0.051575
v 2.317426 0.024961 -0.065951
v 2.388922 0.046598 -0.144853
v 2.457602 0.067881 -0.225909
v 2.467393 0.073523 -0.265032
v 2.464736 0.076828 -0.305532
v 2.449890 0.077472 -0.343447
v 2.424309 0.075392 -0.375063
v 2.392760 0.065865 -0.400592
v 2.353112 0.059037 -0.411499
v 2.312307 0.050759 -0.409497
v 2.274340 0.041841 -0.394782
v 2.201515 0.019973 -0.316228
v 2.132936 -0.001455 -0.233423
v 2.122914 -0.007230 -0.193376
v 2.125634 -0.010613 -0.151919
v 2.140831 -0.011272 -0.113109
v 2.167016 -0.009143 -0.080745
v 2.201627 -0.004434 -0.057997
v 2.241275 0.002393 -0.047090
v 2.282080 0.010671 -0.049091
v 2.320047 0.019590 -0.063806
v 2.392268 0.041427 -0.143309
v 2.461450 0.062885 -0.225165
v 2.471473 0.068661 -0.265212
v 2.468752 0.072044 -0.306670
v 2.453556 0.072703 -0.345480
v 2.427371 0.070574 -0.377843
v 2.394362 0.060022 -0.402123
v 2.354398 0.053140 -0.413117
v 2.313269 0.044796 -0.411099
v 2.275000 0.035807 -0.396267
v 2.201925 0.013870 -0.317506
v 2.133173 -0.007618 -0.234425
v 2.123071 -0.013440 -0.194060
v 2.125813 -0.016849 -0.152273
v 2.141130 -0.017514 -0.113154
v 2.167524 -0.015368 -0.080533
v 2.202410 -0.010622 -0.057604
v 2.242373 -0.003740 -0.046610
v 2.283503 0.004604 -0.048628
v 2.321772 0.013593 -0.063460
v 2.394242 0.035500 -0.143169
v 2.463598 0.057019 -0.225301
v 2.473700 0.062840 -0.265667
v 2.470958 0.066250 -0.307454
v 2.455641 0.066914 -0.346573
v 2.429248 0.064768 -0.379193
v 2.395145 0.053835 -0.401730
v 2.355497 0.047007 -0.412637
v 2.314692 0.038729 -0.410635
v 2.276725 0.029811 -0.395920
v 2.203899 0.007943 -0.317366
v 2.135321 -0.013485 -0.234561
v 2.125299 -0.019261 -0.194514
v 2.128019 -0.022643 -0.153057
v 2.143216 -0.023303 -0.114247
v 2.169401 -0.021174 -0.081884
v 2.204011 -0.016465 -0.059135
v 2.243660 -0.009637 -0.048228
v 2.284464 -0.001359 -0.050230
v 2.322432 0.007559 -0.064945
v 2.394652 0.029397 -0.144447
v 2.463835 0.050855 -0.226304
v 2.473857 0.056630 -0.266351
v 2.471137 0.060013 -0.307808
v 2.455941 0.060672 -0.346618
v 2.429756 0.058543 -0.378981
v 2.395033 0.047909 -0.399452
v 2.356300 0.041239 -0.410107
v 2.316437 0.033152 -0.408152
v 2.279346 0.024439 -0.393776
v 2.207245 0.002772 -0.315822
v 2.139170 -0.018481 -0.233818
v 2.129379 -0.024123 -0.194695
v 2.132036 -0.027428 -0.154194
v 2.146882 -0.028072 -0.116280
v 2.172463 -0.025992 -0.084664
v 2.206275 -0.021392 -0.062440
v 2.245008 -0.014722 -0.051784
v 2.284871 -0.006635 -0.053740
v 2.321962 0.002078 -0.068115
v 2.393458 0.023715 -0.147018
v 2.462138 0.044998 -0.228074
v 2.471929 0.050640 -0.267196
v 2.469272 0.053945 -0.307697
v 2.454426 0.054589 -0.345611
v 2.428845 0.052509 -0.377228
v 2.394037 0.042824 -0.395511
v 2.356729 0.036400 -0.405775
v 2.318332 0.028610 -0.403891
v 2.282606 0.020218 -0.390044
v 2.211634 -0.001137 -0.313024
v 2.144342 -0.022116 -0.232268
v 2.134911 -0.027551 -0.194585
v 2.137471 -0.030734 -0.155574
v 2.151770 -0.031354 -0.119055
v 2.176410 -0.029351 -0.088601
v 2.208978 -0.024920 -0.067195
v 2.246286 -0.018496 -0.056932
v 2.284683 -0.010706 -0.058815
v 2.320409 -0.002314 -0.072662
v 2.390776 0.019011 -0.150631
v 2.458673 0.040020 -0.230438
v 2.468104 0.045455 -0.268122
v 2.465544 0.048638 -0.307133
v 2.451245 0.049258 -0.343652
v 2.426605 0.047255 -0.374105
v 2.392254 0.039079 -0.390294
v 2.356742 0.032964 -0.400064
v 2.320193 0.025549 -0.398271
v 2.286186 0.017561 -0.385090
v 2.216638 -0.003401 -0.309247
v 2.150332 -0.024036 -0.230063
v 2.141355 -0.029209 -0.194194
v 2.143791 -0.032239 -0.157060
v 2.157403 -0.032829 -0.122299
v 2.180856 -0.030922 -0.093311
v 2.211857 -0.026705 -0.072936
v 2.247369 -0.020589 -0.063166
v 2.283918 -0.013175 -0.064959
v 2.317925 -0.005187 -0.078139
v 2.386869 0.015745 -0.154931
v 2.453779 0.036410 -0.233166
v 2.462756 0.041583 -0.269036
v 2.460320 0.044613 -0.306169
v 2.446709 0.045204 -0.340931
v 2.423255 0.043297 -0.369918
v 2.389860 0.037040 -0.384311
v 2.356338 0.031267 -0.393533
v 2.321837 0.024268 -0.391840
v 2.289737 0.016728 -0.379399
v 2.221765 -0.003798 -0.304860
v 2.156553 -0.024051 -0.227420
v 2.148079 -0.028934 -0.193560
v 2.150379 -0.031795 -0.158508
v 2.163227 -0.032352 -0.125695
v 2.185367 -0.030552 -0.098333
v 2.214629 -0.026571 -0.079099
v 2.248151 -0.020798 -0.069877
v 2.282651 -0.013799 -0.071570
v 2.314752 -0.006259 -0.084011
v 2.382119 0.014237 -0.159498
v 2.447936 0.034520 -0.235990
v 2.456410 0.039403 -0.269849
v 2.454110 0.042263 -0.304901
v 2.441262 0.042821 -0.337715
v 2.419122 0.041021 -0.365077
v 2.387087 0.036906 -0.378147
v 2.355555 0.031476 -0.386822
v 2.323104 0.024892 -0.385230
v 2.292909 0.017800 -0.373527
v 2.226515 -0.002290 -0.300293
v 2.162396 -0.022162 -0.224596
v 2.154426 -0.026755 -0.192747
v 2.156589 -0.029445 -0.159776
v 2.168674 -0.029969 -0.128912
v 2.189499 -0.028276 -0.103174
v 2.217024 -0.024531 -0.085082
v 2.248556 -0.019101 -0.076408
v 2.281007 -0.012518 -0.078000
v 2.311202 -0.005425 -0.089702
v 2.376992 0.014634 -0.163885
v 2.441715 0.034536 -0.238634
v 2.449686 0.039129 -0.270483
v 2.447522 0.041819 -0.303453
v 2.435437 0.042344 -0.334318
v 2.414612 0.040650 -0.360056
v 2.384208 0.038690 -0.372407
v 2.354472 0.033570 -0.380588
v 2.323869 0.027361 -0.379086
v 2.295394 0.020672 -0.368050
v 2.230422 0.000976 -0.295993
v 2.167290 -0.018551 -0.221868
v 2.159773 -0.022883 -0.191833
v 2.161813 -0.025420 -0.160740
v 2.173210 -0.025914 -0.131633
v 2.192849 -0.024318 -0.107360
v 2.218807 -0.020786 -0.090299
v 2.248543 -0.015665 -0.082119
v 2.279146 -0.009457 -0.083620
v 2.307621 -0.002768 -0.094656
v 2.371989 0.016898 -0.167662
v 2.435725 0.036455 -0.240839
v 2.443242 0.040787 -0.270874
v 2.441202 0.043324 -0.301967
v 2.429805 0.043818 -0.331074
v 2.410166 0.042222 -0.355346
v 2.381505 0.042219 -0.367652
v 2.353194 0.037343 -0.375440
v 2.324057 0.031432 -0.374011
v 2.296947 0.025064 -0.363504
v 2.233104 0.005680 -0.292380
v 2.170755 -0.013574 -0.219503
v 2.163598 -0.017698 -0.190907
v 2.165541 -0.020113 -0.161305
v 2.176392 -0.020584 -0.133592
v 2.195089 -0.019064 -0.110483
v 2.219803 -0.015702 -0.094240
v 2.248114 -0.010826 -0.086451
v 2.277251 -0.004915 -0.087881
v 2.304361 0.001453 -0.098388
v 2.367599 0.020807 -0.170459
v 2.430553 0.040091 -0.242389
v 2.437709 0.044215 -0.270984
v 2.435767 0.046630 -0.300587
v 2.424916 0.047101 -0.328299
v 2.406218 0.045581 -0.351408
v 2.379241 0.047145 -0.364347
v 2.351846 0.042428 -0.371884
v 2.323650 0.036708 -0.370500
v 2.297416 0.030545 -0.360333
v 2.234298 0.011362 -0.289809
v 2.172452 -0.007717 -0.217733
v 2.165527 -0.011707 -0.190061
v 2.167406 -0.014045 -0.161415
v 2.177907 -0.014500 -0.134599
v 2.196000 -0.013029 -0.112237
v 2.219915 -0.009776 -0.096518
v 2.247311 -0.005058 -0.088981
v 2.275506 0.000662 -0.090365
v 2.301740 0.006824 -0.100532
v 2.364254 0.025978 -0.172004
v 2.426704 0.045087 -0.243132
v 2.433630 0.049077 -0.270803
v 2.431750 0.051415 -0.299449
v 2.421250 0.051870 -0.326266
v 2.403156 0.050399 -0.348628
vt 0.279757 0.356669
vt 0.279757 0.341501
vt 0.283757 0.341697
vt 0.283757 0.357041
vt 0.275758 0.357041
vt 0.275758 0.341697
vt 0.279757 0.324687
vt 0.283757 0.324687
vt 0.287365 0.342265
vt 0.287365 0.358122
vt 0.279757 0.368707
vt 0.283757 0.369219
vt 0.272150 0.358122
vt 0.272150 0.342265
vt 0.275758 0.324687
vt 0.275758 0.369219
vt 0.279757 0.307873
vt 0.283757 0.307677
vt 0.287365 0.324687
vt 0.290228 0.343150
vt 0.290228 0.359805
vt 0.287365 0.370706
vt 0.269287 0.359805
vt 0.269287 0.343150
vt 0.272150 0.324687
vt 0.272150 0.370706
vt 0.275758 0.307677
vt 0.279757 0.292705
vt 0.283757 0.292333
vt 0.287365 0.307109
vt 0.290228 0.324687
vt 0.290228 0.373023
vt 0.269287 0.324687
vt 0.269287 0.373023
vt 0.272150 0.307109
vt 0.275758 0.292333
vt 0.279757 0.280667
vt 0.283757 0.280155
vt 0.287365 0.291252
vt 0.290228 0.306224
vt 0.269287 0.306224
vt 0.272150 0.291252
vt 0.275758 0.280155
vt 0.287365 0.278668
vt 0.290228 0.289569
vt 0.269287 0.289569
vt 0.272150 0.278668
vt 0.290228 0.276351
vt 0.269287 0.276351
vt 0.256656 0.307873
vt 0.256656 0.292705
vt 0.260655 0.292333
vt 0.260655 0.307677
vt 0.252656 0.307677
vt 0.252656 0.292333
vt 0.256656 0.280667
vt 0.260655 0.280155
vt 0.264263 0.291252
vt 0.264263 0.307109
vt 0.256656 0.324687
vt 0.260655 0.324687
vt 0.249048 0.307109
vt 0.249048 0.291252
vt 0.252656 0.280155
vt 0.252656 0.324687
vt 0.264263 0.278668
vt 0.267126 0.289569
vt 0.267126 0.306224
vt 0.264263 0.324687
vt 0.256656 0.341501
vt 0.260655 0.341697
vt 0.246185 0.306224
vt 0.246185 0.289569
vt 0.249048 0.278668
vt 0.249048 0.324687
vt 0.252656 0.341697
vt 0.267126 0.276351
vt 0.267126 0.324687
vt 0.264263 0.342265
vt 0.256656 0.356669
vt 0.260655 0.357041
vt 0.246185 0.276351
vt 0.246185 0.324687
vt 0.249048 0.342265
vt 0.252656 0.357041
vt 0.267126 0.343150
vt 0.264263 0.358122
vt 0.256656 0.368707
vt 0.260655 0.369219
vt 0.246185 0.343150
vt 0.249048 0.358122
vt 0.252656 0.369219
vt 0.267126 0.359805
vt 0.264263 0.370706
vt 0.246185 0.359805
vt 0.249048 0.370706
vt 0.267126 0.373023
vt 0.246185 0.373023
vt 0.333568 0.295568
vt 0.333568 0.317263
vt 0.329961 0.316695
vt 0.329961 0.294488
vt 0.336432 0.297251
vt 0.336432 0.318148
vt 0.333568 0.341312
vt 0.329961 0.341312
vt 0.325961 0.316499
vt 0.325961 0.294115
vt 0.333568 0.278351
vt 0.329961 0.276864
vt 0.336432 0.341312
vt 0.336432 0.280667
vt 0.333568 0.365361
vt 0.329961 0.365929
vt 0.325961 0.341312
vt 0.321962 0.316695
vt 0.321962 0.294488
vt 0.325961 0.276351
vt 0.336432 0.364476
vt 0.333568 0.387056
vt 0.329961 0.388136
vt 0.325961 0.366125
vt 0.321962 0.341312
vt 0.318354 0.317263
vt 0.318354 0.295568
vt 0.321962 0.276864
vt 0.336432 0.385373
vt 0.333568 0.404273
vt 0.329961 0.405760
vt 0.325961 0.388509
vt 0.321962 0.365929
vt 0.318354 0.341312
vt 0.315491 0.318148
vt 0.315491 0.297251
vt 0.318354 0.278351
vt 0.336432 0.401957
vt 0.325961 0.406273
vt 0.321962 0.388136
vt 0.318354 0.365361
vt 0.315491 0.341312
vt 0.315491 0.280667
vt 0.321962 0.405760
vt 0.318354 0.387056
vt 0.315491 0.364476
vt 0.318354 0.404273
vt 0.315491 0.385373
vt 0.315491 0.401957
vt 0.310467 0.365361
vt 0.310467 0.387056
vt 0.306859 0.388136
vt 0.306859 0.365929
vt 0.313330 0.364476
vt 0.313330 0.385373
vt 0.310467 0.404273
vt 0.306859 0.405760
vt 0.302859 0.388509
vt 0.302859 0.366125
vt 0.310467 0.341312
vt 0.306859 0.341312
vt 0.313330 0.401957
vt 0.313330 0.341312
vt 0.302859 0.406273
vt 0.298860 0.388136
vt 0.298860 0.365929
vt 0.302859 0.341312
vt 0.310467 0.317263
vt 0.306859 0.316695
vt 0.313330 0.318148
vt 0.298860 0.405760
vt 0.295252 0.387056
vt 0.295252 0.365361
vt 0.298860 0.341312
vt 0.302859 0.316499
vt 0.310467 0.295568
vt 0.306859 0.294488
vt 0.313330 0.297251
vt 0.295252 0.404273
vt 0.292389 0.385373
vt 0.292389 0.364476
vt 0.295252 0.341312
vt 0.298860 0.316695
vt 0.302859 0.294115
vt 0.310467 0.278351
vt 0.306859 0.276864
vt 0.313330 0.280667
vt 0.292389 0.401957
vt 0.292389 0.341312
vt 0.295252 0.317263
vt 0.298860 0.294488
vt 0.302859 0.276351
vt 0.292389 0.318148
vt 0.295252 0.295568
vt 0.298860 0.276864
vt 0.292389 0.297251
vt 0.295252 0.278351
vt 0.292389 0.280667
vt 0.130603 0.070013
vt 0.113948 0.061527
vt 0.115063 0.058096
vt 0.132724 0.067094
vt 0.095485 0.058603
vt 0.095485 0.054995
vt 0.116299 0.054292
vt 0.135075 0.063859
vt 0.143821 0.083231
vt 0.146740 0.081110
vt 0.077023 0.061527
vt 0.075908 0.058096
vt 0.095485 0.050995
vt 0.117534 0.050488
vt 0.137425 0.060623
vt 0.149975 0.078759
vt 0.152307 0.099886
vt 0.155738 0.098771
vt 0.060367 0.070013
vt 0.058247 0.067094
vt 0.074672 0.054292
vt 0.095485 0.046996
vt 0.118649 0.047057
vt 0.139546 0.057704
vt 0.153211 0.076409
vt 0.159542 0.097535
vt 0.149584 0.100771
vt 0.141504 0.084914
vt 0.153131 0.159076
vt 0.156739 0.159076
vt 0.047149 0.083231
vt 0.044231 0.081110
vt 0.055896 0.063859
vt 0.073436 0.050488
vt 0.095485 0.043388
vt 0.156130 0.074288
vt 0.163346 0.096300
vt 0.160739 0.159076
vt 0.150268 0.159076
vt 0.152307 0.218447
vt 0.155738 0.219562
vt 0.038663 0.099886
vt 0.035232 0.098771
vt 0.040995 0.078759
vt 0.053545 0.060623
vt 0.072321 0.047057
vt 0.166777 0.095185
vt 0.164738 0.159076
vt 0.159542 0.220798
vt 0.149584 0.217563
vt 0.143821 0.235103
vt 0.146740 0.237223
vt 0.049466 0.084914
vt 0.041386 0.100771
vt 0.038487 0.159076
vt 0.034879 0.159076
vt 0.031428 0.097535
vt 0.037759 0.076409
vt 0.051424 0.057704
vt 0.158446 0.072605
vt 0.169500 0.094300
vt 0.168346 0.159076
vt 0.163346 0.222034
vt 0.149975 0.239574
vt 0.141504 0.233420
vt 0.130603 0.248320
vt 0.132724 0.251239
vt 0.041350 0.159076
vt 0.038663 0.218447
vt 0.035232 0.219562
vt 0.030880 0.159076
vt 0.027624 0.096300
vt 0.034841 0.074288
vt 0.171209 0.159076
vt 0.166777 0.223149
vt 0.153211 0.241925
vt 0.135075 0.254475
vt 0.113948 0.256807
vt 0.115063 0.260238
vt 0.041386 0.217563
vt 0.047149 0.235103
vt 0.044231 0.237223
vt 0.031428 0.220798
vt 0.026880 0.159076
vt 0.024193 0.095185
vt 0.169500 0.224034
vt 0.156130 0.244046
vt 0.137425 0.257710
vt 0.116299 0.264042
vt 0.095485 0.259731
vt 0.095485 0.263339
vt 0.049466 0.233420
vt 0.060367 0.248320
vt 0.058247 0.251239
vt 0.040995 0.239574
vt 0.027624 0.222034
vt 0.023272 0.159076
vt 0.021470 0.094300
vt 0.032524 0.072605
vt 0.158446 0.245729
vt 0.139546 0.260629
vt 0.117534 0.267845
vt 0.095485 0.267338
vt 0.077023 0.256807
vt 0.075908 0.260238
vt 0.055896 0.254475
vt 0.037759 0.241925
vt 0.024193 0.223149
vt 0.020409 0.159076
vt 0.118649 0.271277
vt 0.095485 0.271338
vt 0.074672 0.264042
vt 0.053545 0.257710
vt 0.034841 0.244046
vt 0.021470 0.224034
vt 0.095485 0.274946
vt 0.073436 0.267845
vt 0.051424 0.260629
vt 0.032524 0.245729
vt 0.072321 0.271277
vt 0.205202 0.057704
vt 0.226099 0.047057
vt 0.227214 0.050488
vt 0.207323 0.060623
vt 0.249263 0.043388
vt 0.249263 0.046996
vt 0.228450 0.054292
vt 0.209674 0.063859
vt 0.188619 0.074288
vt 0.191538 0.076409
vt 0.272427 0.047057
vt 0.271313 0.050488
vt 0.249263 0.050995
vt 0.229686 0.058095
vt 0.212025 0.067094
vt 0.194773 0.078759
vt 0.177971 0.095185
vt 0.181403 0.096300
vt 0.293324 0.057704
vt 0.291203 0.060623
vt 0.270077 0.054292
vt 0.249263 0.054995
vt 0.230801 0.061527
vt 0.214145 0.070013
vt 0.198009 0.081110
vt 0.185206 0.097536
vt 0.175248 0.094300
vt 0.186302 0.072605
vt 0.176403 0.159076
vt 0.180010 0.159076
vt 0.309908 0.074288
vt 0.306989 0.076409
vt 0.288853 0.063859
vt 0.268841 0.058095
vt 0.249263 0.058603
vt 0.200928 0.083231
vt 0.189010 0.098771
vt 0.184010 0.159076
vt 0.173539 0.159076
vt 0.177971 0.223149
vt 0.181403 0.222034
vt 0.320555 0.095185
vt 0.317124 0.096300
vt 0.303753 0.078759
vt 0.286502 0.067094
vt 0.267726 0.061527
vt 0.192441 0.099886
vt 0.188009 0.159076
vt 0.185206 0.220798
vt 0.175248 0.224034
vt 0.188619 0.244046
vt 0.191538 0.241925
vt 0.312224 0.072605
vt 0.323278 0.094300
vt 0.321476 0.159076
vt 0.317868 0.159076
vt 0.313320 0.097536
vt 0.300518 0.081110
vt 0.284381 0.070013
vt 0.203244 0.084914
vt 0.195164 0.100771
vt 0.191617 0.159076
vt 0.189010 0.219562
vt 0.194773 0.239574
vt 0.186302 0.245729
vt 0.205202 0.260629
vt 0.207323 0.257710
vt 0.324340 0.159076
vt 0.320555 0.223149
vt 0.317124 0.222034
vt 0.313869 0.159076
vt 0.309517 0.098771
vt 0.297599 0.083231
vt 0.194480 0.159076
vt 0.192441 0.218447
vt 0.198009 0.237223
vt 0.209674 0.254475
vt 0.226099 0.271277
vt 0.227214 0.267845
vt 0.323278 0.224034
vt 0.309908 0.244046
vt 0.306989 0.241925
vt 0.313320 0.220798
vt 0.309870 0.159076
vt 0.306085 0.099886
vt 0.195164 0.217563
vt 0.200928 0.235103
vt 0.212025 0.251239
vt 0.228450 0.264042
vt 0.249263 0.274946
vt 0.249263 0.271338
vt 0.312224 0.245729
vt 0.293324 0.260629
vt 0.291203 0.257710
vt 0.303753 0.239574
vt 0.309517 0.219562
vt 0.306262 0.159076
vt 0.303362 0.100771
vt 0.295283 0.084914
vt 0.203244 0.233420
vt 0.214145 0.248320
vt 0.229686 0.260238
vt 0.249263 0.267338
vt 0.272428 0.271277
vt 0.271313 0.267845
vt 0.288853 0.254475
vt 0.300518 0.237223
vt 0.306085 0.218447
vt 0.303398 0.159076
vt 0.230801 0.256807
vt 0.249263 0.263339
vt 0.270077 0.264042
vt 0.286502 0.251239
vt 0.297599 0.235103
vt 0.303362 0.217563
vt 0.249263 0.259731
vt 0.268841 0.260238
vt 0.284381 0.248320
vt 0.295283 0.233420
vt 0.267726 0.256807
vt 0.363575 0.237444
vt 0.363575 0.222276
vt 0.367574 0.221904
vt 0.367574 0.237248
vt 0.359576 0.237248
vt 0.359576 0.221904
vt 0.371182 0.220823
vt 0.371182 0.236680
vt 0.363575 0.294986
vt 0.367574 0.294986
vt 0.355968 0.236680
vt 0.355968 0.220823
vt 0.359576 0.294986
vt 0.371182 0.294986
vt 0.363575 0.352708
vt 0.367574 0.352904
vt 0.355968 0.294986
vt 0.359576 0.352904
vt 0.371182 0.353472
vt 0.363575 0.367876
vt 0.367574 0.368248
vt 0.355968 0.353472
vt 0.359576 0.368248
vt 0.371182 0.369329
vt 0.355968 0.369329
vt 0.346200 0.352708
vt 0.346200 0.367876
vt 0.342200 0.368248
vt 0.342200 0.352904
vt 0.350199 0.352904
vt 0.350199 0.368248
vt 0.338592 0.369329
vt 0.338592 0.353472
vt 0.346200 0.294986
vt 0.342200 0.294986
vt 0.353807 0.353472
vt 0.353807 0.369329
vt 0.350199 0.294986
vt 0.338592 0.294986
vt 0.346200 0.237444
vt 0.342200 0.237248
vt 0.353807 0.294986
vt 0.350199 0.237248
vt 0.338592 0.236680
vt 0.346200 0.222276
vt 0.342200 0.221904
vt 0.353807 0.236680
vt 0.350199 0.221904
vt 0.338592 0.220823
vt 0.353807 0.220823
vt 0.326601 0.066536
vt 0.326601 0.044841
vt 0.330209 0.043760
vt 0.330209 0.065968
vt 0.334208 0.043388
vt 0.334208 0.065772
vt 0.326601 0.131312
vt 0.330209 0.131312
vt 0.338208 0.043760
vt 0.338208 0.065968
vt 0.334208 0.131312
vt 0.326601 0.196270
vt 0.330209 0.196838
vt 0.341816 0.044841
vt 0.341816 0.066536
vt 0.338208 0.131312
vt 0.334208 0.197033
vt 0.326601 0.217965
vt 0.330209 0.219045
vt 0.341816 0.131312
vt 0.338208 0.196838
vt 0.334208 0.219417
vt 0.341816 0.196270
vt 0.338208 0.219045
vt 0.341816 0.217965
vt 0.359661 0.196270
vt 0.359661 0.217965
vt 0.356053 0.219045
vt 0.356053 0.196838
vt 0.352054 0.219417
vt 0.352054 0.197033
vt 0.359661 0.131312
vt 0.356053 0.131312
vt 0.348055 0.219045
vt 0.348055 0.196838
vt 0.352054 0.131312
vt 0.359661 0.066536
vt 0.356053 0.065968
vt 0.344447 0.217965
vt 0.344447 0.196270
vt 0.348055 0.131312
vt 0.352054 0.065772
vt 0.359661 0.044841
vt 0.356053 0.043760
vt 0.344447 0.131312
vt 0.348055 0.065968
vt 0.352054 0.043388
vt 0.344447 0.066536
vt 0.348055 0.043760
vt 0.344447 0.044841
vn -0.088682 -0.111222 0.989831
vn -0.386273 -0.162468 0.907963
vn -0.429053 0.178596 0.885447
vn -0.149118 0.226802 0.962458
vn 0.217588 -0.049088 0.974805
vn 0.138979 0.285250 0.948324
vn 0.660817 0.060218 0.748127
vn 0.554372 0.389484 0.735509
vn 0.738333 0.083041 0.669304
vn 0.634505 0.397705 0.662747
vn 0.806286 0.104754 0.582177
vn 0.692533 0.431771 0.577903
vn 0.977061 0.183452 0.108151
vn 0.853391 0.503995 0.133089
vn 0.956645 0.208843 -0.203016
vn 0.834186 0.527880 -0.159616
vn 0.842585 0.213790 -0.494312
vn 0.726893 0.532534 -0.433629
vn 0.646047 0.197810 -0.737220
vn 0.542017 0.517502 -0.662125
vn 0.386270 0.162468 -0.907965
vn 0.297653 0.484257 -0.822738
vn 0.088681 0.111223 -0.989831
vn 0.017721 0.436052 -0.899747
vn -0.217588 0.049090 -0.974805
vn -0.270377 0.377606 -0.885613
vn -0.667426 -0.062098 -0.742083
vn -0.692607 0.275070 -0.666807
vn -0.738334 -0.083039 -0.669304
vn -0.761118 0.239884 -0.602624
vn -0.801440 -0.103135 -0.589116
vn -0.820064 0.236052 -0.521320
vn -0.977062 -0.183448 -0.108151
vn -0.984790 0.158859 -0.070380
vn -0.956645 -0.208841 0.203017
vn -0.965585 0.134973 0.222326
vn -0.842584 -0.213790 0.494314
vn -0.858291 0.130319 0.496340
vn -0.646048 -0.197811 0.737220
vn -0.673416 0.145351 0.724834
vn -0.422040 0.488360 0.763797
vn -0.190759 0.528187 0.827424
vn 0.047268 0.576475 0.815746
vn 0.387057 0.663406 0.640374
vn 0.465376 0.663481 0.585847
vn 0.504283 0.699281 0.506661
vn 0.637516 0.757201 0.142200
vn 0.621648 0.776935 -0.099634
vn 0.533003 0.780780 -0.326023
vn 0.380257 0.768362 -0.514806
vn 0.178364 0.740893 -0.647506
vn -0.052916 0.701066 -0.711130
vn -0.290942 0.652777 -0.699453
vn -0.636797 0.570330 -0.518858
vn -0.702834 0.530902 -0.473463
vn -0.745348 0.537103 -0.394939
vn -0.881191 0.472050 -0.025908
vn -0.865323 0.452318 0.215927
vn -0.776677 0.448473 0.442316
vn -0.623932 0.460894 0.631098
vn -0.372178 0.732422 0.570124
vn -0.210761 0.760219 0.614530
vn -0.044634 0.793922 0.606380
vn 0.188273 0.854791 0.483618
vn 0.255396 0.854148 0.452995
vn 0.273235 0.880793 0.386713
vn 0.367319 0.920055 0.136291
vn 0.356245 0.933827 -0.032493
vn 0.294377 0.936512 -0.190496
vn 0.187769 0.927845 -0.322253
vn 0.046862 0.908674 -0.414869
vn -0.114554 0.880877 -0.459275
vn -0.280681 0.847175 -0.451125
vn -0.517928 0.791502 -0.324462
vn -0.576341 0.759665 -0.301231
vn -0.597026 0.767287 -0.234158
vn -0.692634 0.721040 0.018965
vn -0.681559 0.707268 0.187748
vn -0.619690 0.704585 0.345751
vn -0.513085 0.713253 0.477508
vn -0.290430 0.896952 0.333359
vn -0.210338 0.910744 0.355391
vn -0.127910 0.927466 0.351348
vn -0.016609 0.957356 0.288434
vn 0.028546 0.958899 0.282307
vn 0.027276 0.970790 0.238377
vn 0.076491 0.990051 0.118100
vn 0.070997 0.996885 0.034354
vn 0.040300 0.998216 -0.044045
vn -0.012595 0.993916 -0.109421
vn -0.082511 0.984404 -0.155374
vn -0.162603 0.970612 -0.177406
vn -0.245031 0.953890 -0.173362
vn -0.358243 0.927332 -0.108248
vn -0.400110 0.910272 -0.106384
vn -0.399363 0.914741 -0.061304
vn -0.449433 0.891304 0.059885
vn -0.443939 0.884471 0.143632
vn -0.413242 0.883139 0.222031
vn -0.360346 0.887439 0.287406
vn -0.186368 0.979580 0.075431
vn -0.191925 0.978623 0.073902
vn -0.197644 0.977463 0.074183
vn -0.210878 0.974784 0.072985
vn -0.196059 0.976436 0.090184
vn -0.214472 0.973685 0.077073
vn -0.211826 0.973121 0.090366
vn -0.211445 0.972646 0.096177
vn -0.209315 0.972554 0.101617
vn -0.205645 0.972852 0.106152
vn -0.200794 0.973512 0.109341
vn -0.195237 0.974469 0.110870
vn -0.189518 0.975630 0.110589
vn -0.175512 0.978073 0.112113
vn -0.191892 0.976908 0.093963
vn -0.172195 0.979089 0.108318
vn -0.175336 0.979972 0.094406
vn -0.175717 0.980446 0.088595
vn -0.177847 0.980538 0.083155
vn -0.181517 0.980240 0.078620
vn -0.067160 0.979926 -0.187708
vn -0.157537 0.964363 -0.212570
vn -0.250550 0.945493 -0.208007
vn -0.383673 0.911345 -0.149149
vn -0.403154 0.908556 -0.109513
vn -0.438367 0.894597 -0.086778
vn -0.481200 0.874871 0.055193
vn -0.475001 0.867159 0.149694
vn -0.440361 0.865658 0.238159
vn -0.380672 0.870511 0.311928
vn -0.301779 0.881244 0.363784
vn -0.211403 0.896806 0.388648
vn -0.118389 0.915677 0.384083
vn 0.017949 0.945984 0.323716
vn 0.032862 0.957733 0.285776
vn 0.069575 0.961800 0.264765
vn 0.112260 0.986299 0.120883
vn 0.106059 0.994010 0.026382
vn 0.071420 0.995512 -0.062083
vn 0.011733 0.990659 -0.135854
vn 0.060578 0.895630 -0.440656
vn -0.108753 0.866470 -0.487239
vn -0.283025 0.831117 -0.478687
vn -0.525114 0.768939 -0.364674
vn -0.577912 0.757713 -0.303132
vn -0.630599 0.736634 -0.244364
vn -0.715171 0.698801 0.014447
vn -0.703554 0.684353 0.191503
vn -0.638653 0.681538 0.357252
vn -0.526821 0.690631 0.495468
vn -0.379005 0.710741 0.592623
vn -0.209676 0.739899 0.639207
vn -0.035407 0.775253 0.630657
vn 0.211725 0.831526 0.513554
vn 0.258816 0.851849 0.455376
vn 0.311719 0.862161 0.399388
vn 0.396740 0.907571 0.137524
vn 0.385125 0.922017 -0.039534
vn 0.320225 0.924832 -0.205285
vn 0.208393 0.915740 -0.343501
vn 0.187960 0.724566 -0.663080
vn -0.047841 0.683957 -0.727952
vn -0.290521 0.634725 -0.716046
vn -0.622861 0.550353 -0.556018
vn -0.703311 0.529581 -0.474234
vn -0.773109 0.504340 -0.384635
vn -0.892310 0.450469 -0.029327
vn -0.876132 0.430350 0.217235
vn -0.785756 0.426427 0.448049
vn -0.630024 0.439087 0.640525
vn -0.424182 0.467094 0.775818
vn -0.188382 0.507703 0.840684
vn 0.054299 0.556935 0.828779
vn 0.392666 0.635786 0.664522
vn 0.467356 0.661114 0.586947
vn 0.535492 0.679539 0.501473
vn 0.656089 0.741192 0.142064
vn 0.639912 0.761310 -0.104498
vn 0.549532 0.765232 -0.335312
vn 0.393799 0.752574 -0.527784
vn 0.301849 0.472566 -0.827991
vn 0.020583 0.424125 -0.905370
vn -0.268890 0.365397 -0.891169
vn -0.662485 0.267209 -0.699795
vn -0.761150 0.239359 -0.602793
vn -0.844214 0.211561 -0.492488
vn -0.986716 0.145609 -0.072040
vn -0.967418 0.121613 0.222064
vn -0.859614 0.116938 0.497382
vn -0.673854 0.132041 0.726970
vn -0.428322 0.165446 0.888351
vn -0.147055 0.213880 0.965728
vn 0.142418 0.272603 0.951528
vn 0.542155 0.368080 0.755371
vn 0.635192 0.396253 0.662959
vn 0.715187 0.421078 0.557855
vn 0.860245 0.492391 0.132399
vn 0.840948 0.516390 -0.161706
vn 0.733141 0.521070 -0.437024
vn 0.547381 0.505971 -0.666609
vn 0.386271 0.162467 -0.907964
vn 0.088681 0.111222 -0.989831
vn -0.217587 0.049089 -0.974806
vn -0.633353 -0.052507 -0.772079
vn -0.738333 -0.083040 -0.669304
vn -0.826529 -0.111648 -0.551710
vn -0.977061 -0.183451 -0.108153
vn -0.956644 -0.208842 0.203018
vn -0.842585 -0.213790 0.494311
vn -0.646047 -0.197811 0.737220
vn -0.386270 -0.162468 0.907965
vn -0.088683 -0.111222 0.989831
vn 0.217590 -0.049088 0.974805
vn 0.638883 0.054046 0.767403
vn 0.738333 0.083040 0.669304
vn 0.822910 0.110398 0.557342
vn 0.977061 0.183451 0.108151
vn 0.956645 0.208842 -0.203017
vn 0.842586 0.213788 -0.494311
vn 0.646049 0.197807 -0.737220
vn 0.428323 -0.165450 -0.888350
vn 0.147055 -0.213880 -0.965728
vn -0.142419 -0.272603 -0.951527
vn -0.536794 -0.366859 -0.759781
vn -0.635124 -0.396398 -0.662938
vn -0.718527 -0.422485 -0.552472
vn -0.860245 -0.492392 -0.132398
vn -0.840947 -0.516392 0.161705
vn -0.733142 -0.521069 0.437024
vn -0.547382 -0.505966 0.666612
vn -0.301850 -0.472562 0.827992
vn -0.020584 -0.424126 0.905369
vn 0.268889 -0.365398 0.891170
vn 0.667748 -0.265494 0.695432
vn 0.761159 -0.239205 0.602842
vn 0.840784 -0.212518 0.497914
vn 0.986716 -0.145609 0.072041
vn 0.967418 -0.121611 -0.222064
vn 0.859614 -0.116939 -0.497383
vn 0.673855 -0.132047 -0.726969
vn 0.424183 -0.467093 -0.775817
vn 0.188380 -0.507697 -0.840688
vn -0.054299 -0.556931 -0.828782
vn -0.387907 -0.634905 -0.668149
vn -0.467255 -0.661234 -0.586891
vn -0.538161 -0.680888 -0.496763
vn -0.656087 -0.741193 -0.142064
vn -0.639909 -0.761312 0.104498
vn -0.549534 -0.765231 0.335313
vn -0.393803 -0.752568 0.527789
vn -0.187959 -0.724565 0.663081
vn 0.047842 -0.683962 0.727947
vn 0.290522 -0.634729 0.716042
vn 0.627466 -0.548697 0.552464
vn 0.703360 -0.529443 0.474315
vn 0.770298 -0.504974 0.389412
vn 0.892312 -0.450466 0.029327
vn 0.876134 -0.430346 -0.217235
vn 0.785756 -0.426427 -0.448049
vn 0.630024 -0.439092 -0.640522
vn 0.379008 -0.710737 -0.592626
vn 0.209677 -0.739897 -0.639209
vn 0.035406 -0.775253 -0.630658
vn -0.207971 -0.830940 -0.516031
vn -0.258854 -0.851824 -0.455402
vn -0.313460 -0.863220 -0.395719
vn -0.396740 -0.907571 -0.137524
vn -0.385123 -0.922018 0.039533
vn -0.320222 -0.924834 0.205281
vn -0.208389 -0.915742 0.343498
vn -0.060574 -0.895631 0.440653
vn 0.108755 -0.866472 0.487236
vn 0.283024 -0.831117 0.478687
vn 0.528721 -0.767604 0.362268
vn 0.577886 -0.757745 0.303101
vn 0.628719 -0.736993 0.248100
vn 0.715171 -0.698800 -0.014446
vn 0.703556 -0.684350 -0.191504
vn 0.638655 -0.681534 -0.357255
vn 0.526824 -0.690627 -0.495471
vn 0.301780 -0.881244 -0.363783
vn 0.211402 -0.896807 -0.388646
vn 0.118390 -0.915677 -0.384083
vn -0.015562 -0.945644 -0.324830
vn -0.033219 -0.957635 -0.286063
vn -0.070258 -0.962382 -0.262458
vn -0.112261 -0.986299 -0.120883
vn -0.106062 -0.994010 -0.026381
vn -0.071421 -0.995512 0.062083
vn -0.011732 -0.990660 0.135853
vn 0.067161 -0.979926 0.187708
vn 0.157537 -0.964363 0.212573
vn 0.250551 -0.945493 0.208008
vn 0.385970 -0.910549 0.148079
vn 0.402850 -0.908728 0.109200
vn 0.437598 -0.894743 0.089127
vn 0.481199 -0.874872 -0.055193
vn 0.474999 -0.867161 -0.149694
vn 0.440360 -0.865658 -0.238159
vn 0.380673 -0.870510 -0.311930
vn 0.200794 -0.973512 -0.109341
vn 0.195237 -0.974469 -0.110870
vn 0.189518 -0.975630 -0.110589
vn 0.176219 -0.977986 -0.111757
vn 0.191168 -0.976986 -0.094619
vn 0.172626 -0.979085 -0.107669
vn 0.175336 -0.979972 -0.094406
vn 0.175717 -0.980446 -0.088595
vn 0.177847 -0.980538 -0.083155
vn 0.181517 -0.980240 -0.078619
vn 0.186368 -0.979580 -0.075431
vn 0.191925 -0.978623 -0.073902
vn 0.197644 -0.977463 -0.074183
vn 0.211578 -0.974659 -0.072625
vn 0.195336 -0.976520 -0.090841
vn 0.214895 -0.973643 -0.076419
vn 0.211826 -0.973121 -0.090366
vn 0.211445 -0.972647 -0.096177
vn 0.209315 -0.972554 -0.101617
vn 0.205645 -0.972852 -0.106152
vn 0.082511 -0.984404 0.155373
vn 0.162603 -0.970612 0.177406
vn 0.245031 -0.953889 0.173362
vn 0.357041 -0.927576 0.110110
vn 0.399175 -0.910794 0.105425
vn 0.400926 -0.914140 0.060053
vn 0.449432 -0.891305 -0.059886
vn 0.443937 -0.884471 -0.143631
vn 0.413241 -0.883139 -0.222030
vn 0.360346 -0.887439 -0.287406
vn 0.290430 -0.896952 -0.333359
vn 0.210338 -0.910744 -0.355391
vn 0.127910 -0.927467 -0.351347
vn 0.015471 -0.957925 -0.286602
vn -0.029642 -0.958606 -0.283189
vn -0.025648 -0.970518 -0.239658
vn -0.076492 -0.990051 -0.118101
vn -0.070997 -0.996885 -0.034354
vn -0.040300 -0.998216 0.044045
vn 0.012595 -0.993916 0.109421
vn -0.046863 -0.908674 0.414869
vn 0.114554 -0.880877 0.459274
vn 0.280680 -0.847175 0.451124
vn 0.514755 -0.792194 0.327805
vn 0.575506 -0.760696 0.300223
vn 0.599714 -0.766177 0.230901
vn 0.692633 -0.721040 -0.018964
vn 0.681559 -0.707268 -0.187749
vn 0.619691 -0.704584 -0.345751
vn 0.513085 -0.713253 -0.477509
vn 0.372177 -0.732422 -0.570125
vn 0.210761 -0.760218 -0.614531
vn 0.044634 -0.793921 -0.606381
vn -0.191351 -0.855966 -0.480320
vn -0.256594 -0.853345 -0.453830
vn -0.270445 -0.880196 -0.390018
vn -0.367319 -0.920055 -0.136291
vn -0.356244 -0.933828 0.032492
vn -0.294375 -0.936512 0.190496
vn -0.187769 -0.927845 0.322253
vn -0.178366 -0.740894 0.647505
vn 0.052915 -0.701066 0.711131
vn 0.290943 -0.652777 0.699453
vn 0.631860 -0.571539 0.523543
vn 0.702385 -0.532143 0.472736
vn 0.749081 -0.535639 0.389831
vn 0.881191 -0.472051 0.025906
vn 0.865323 -0.452318 -0.215927
vn 0.776678 -0.448473 -0.442316
vn 0.623932 -0.460894 -0.631099
vn 0.422038 -0.488360 -0.763799
vn 0.190759 -0.528187 -0.827423
vn -0.047267 -0.576475 -0.815746
vn -0.391913 -0.665022 -0.635728
vn -0.466287 -0.662394 -0.586354
vn -0.500459 -0.698277 -0.511811
vn -0.637516 -0.757201 -0.142200
vn -0.621649 -0.776934 0.099634
vn -0.533003 -0.780780 0.326023
vn -0.380257 -0.768362 0.514805
vn -0.297656 -0.484254 0.822739
vn -0.017722 -0.436048 0.899749
vn 0.270376 -0.377602 0.885615
vn 0.686434 -0.276721 0.672483
vn 0.761065 -0.240745 0.602347
vn 0.824591 -0.234413 0.514879
vn 0.984789 -0.158861 0.070380
vn 0.965584 -0.134976 -0.222326
vn 0.858292 -0.130322 -0.496338
vn 0.673415 -0.145353 -0.724834
vn 0.429051 -0.178599 -0.885448
vn 0.149119 -0.226805 -0.962457
vn -0.138978 -0.285252 -0.948323
vn -0.560504 -0.391343 -0.729853
vn -0.634890 -0.396892 -0.662866
vn -0.687957 -0.430383 -0.584368
vn -0.853393 -0.503992 -0.133090
vn -0.834188 -0.527875 0.159616
vn -0.726895 -0.532530 0.433631
vn -0.542019 -0.517499 0.662125
s 1
g pTorus8
usemtl initialShadingGroup
f 2952/4061/3101 2951/4062/3102 2971/4063/3103 2972/4064/3104
f 2953/4071/3105 2952/4061/3101 2972/4064/3104 2973/4072/3106
f 2954/4497/3107 2953/4498/3105 2973/4499/3106 2974/4500/3108
f 2955/4505/3109 2954/4497/3107 2974/4500/3108 2975/4506/3110
f 2956/4511/3111 2955/4505/3109 2975/4506/3110 2976/4512/3112
f 2957/4516/3113 2956/4511/3111 2976/4512/3112 2977/4517/3114
f 2958/4111/3115 2957/4116/3113 2977/4117/3114 2978/4112/3116
f 2959/4110/3117 2958/4111/3115 2978/4112/3116 2979/4113/3118
f 2960/4120/3119 2959/4110/3117 2979/4113/3118 2980/4121/3120
f 2961/4130/3121 2960/4120/3119 2980/4121/3120 2981/4131/3122
f 2962/4140/3123 2961/4130/3121 2981/4131/3122 2982/4141/3124
f 2963/4148/3125 2962/4140/3123 2982/4141/3124 2983/4149/3126
f 2964/4522/3127 2963/4523/3125 2983/4524/3126 2984/4525/3128
f 2965/4530/3129 2964/4522/3127 2984/4525/3128 2985/4531/3130
f 2966/4536/3131 2965/4530/3129 2985/4531/3130 2986/4537/3132
f 2967/4541/3133 2966/4536/3131 2986/4537/3132 2987/4542/3134
f 2968/4088/3135 2967/4097/3133 2987/4098/3134 2988/4089/3136
f 2969/4077/3137 2968/4088/3135 2988/4089/3136 2989/4078/3138
f 2970/4067/3139 2969/4077/3137 2989/4078/3138 2990/4068/3140
f 2951/4062/3102 2970/4067/3139 2990/4068/3140 2971/4063/3103
f 2972/4064/3104 2971/4063/3103 2991/4069/3141 2992/4070/3142
f 2973/4072/3106 2972/4064/3104 2992/4070/3142 2993/4082/3143
f 2974/4500/3108 2973/4499/3106 2993/4503/3143 2994/4504/3144
f 2975/4506/3110 2974/4500/3108 2994/4504/3144 2995/4510/3145
f 2976/4512/3112 2975/4506/3110 2995/4510/3145 2996/4515/3146
f 2977/4517/3114 2976/4512/3112 2996/4515/3146 2997/4520/3147
f 2978/4112/3116 2977/4117/3114 2997/4126/3147 2998/4118/3148
f 2979/4113/3118 2978/4112/3116 2998/4118/3148 2999/4119/3149
f 2980/4121/3120 2979/4113/3118 2999/4119/3149 3000/4129/3150
f 2981/4131/3122 2980/4121/3120 3000/4129/3150 3001/4139/3151
f 2982/4141/3124 2981/4131/3122 3001/4139/3151 3002/4147/3152
f 2983/4149/3126 2982/4141/3124 3002/4147/3152 3003/4154/3153
f 2984/4525/3128 2983/4524/3126 3003/4528/3153 3004/4529/3154
f 2985/4531/3130 2984/4525/3128 3004/4529/3154 3005/4535/3155
f 2986/4537/3132 2985/4531/3130 3005/4535/3155 3006/4540/3156
f 2987/4542/3134 2986/4537/3132 3006/4540/3156 3007/4545/3157
f 2988/4089/3136 2987/4098/3134 3007/4104/3157 3008/4099/3158
f 2989/4078/3138 2988/4089/3136 3008/4099/3158 3009/4090/3159
f 2990/4068/3140 2989/4078/3138 3009/4090/3159 3010/4079/3160
f 2971/4063/3103 2990/4068/3140 3010/4079/3160 2991/4069/3141
f 2992/4070/3142 2991/4069/3141 3011/4080/3161 3012/4081/3162
f 2993/4082/3143 2992/4070/3142 3012/4081/3162 3013/4092/3163
f 2994/4283/3144 2993/4284/3143 3013/4265/3163 3014/4273/3164
f 2995/4295/3145 2994/4283/3144 3014/4273/3164 3015/4285/3165
f 2996/4306/3146 2995/4295/3145 3015/4285/3165 3016/4296/3166
f 2997/4321/3147 2996/4306/3146 3016/4296/3166 3017/4307/3167
f 2998/4118/3148 2997/4126/3147 3017/4137/3167 3018/4127/3168
f 2999/4119/3149 2998/4118/3148 3018/4127/3168 3019/4128/3169
f 3000/4129/3150 2999/4119/3149 3019/4128/3169 3020/4138/3170
f 3001/4139/3151 3000/4129/3150 3020/4138/3170 3021/4146/3171
f 3002/4147/3152 3001/4139/3151 3021/4146/3171 3022/4153/3172
f 3003/4154/3153 3002/4147/3152 3022/4153/3172 3023/4157/3173
f 3004/4336/3154 3003/4348/3153 3023/4337/3173 3024/4325/3174
f 3005/4324/3155 3004/4336/3154 3024/4325/3174 3025/4311/3175
f 3006/4310/3156 3005/4324/3155 3025/4311/3175 3026/4298/3176
f 3007/4309/3157 3006/4310/3156 3026/4298/3176 3027/4287/3177
f 3008/4099/3158 3007/4104/3157 3027/4108/3177 3028/4105/3178
f 3009/4090/3159 3008/4099/3158 3028/4105/3178 3029/4100/3179
f 3010/4079/3160 3009/4090/3159 3029/4100/3179 3030/4091/3180
f 2991/4069/3141 3010/4079/3160 3030/4091/3180 3011/4080/3161
f 3012/4257/3162 3011/4258/3161 3031/4259/3181 3032/4260/3182
f 3013/4265/3163 3012/4257/3162 3032/4260/3182 3033/4266/3183
f 3014/4273/3164 3013/4265/3163 3033/4266/3183 3034/4274/3184
f 3015/4285/3165 3014/4273/3164 3034/4274/3184 3035/4286/3185
f 3016/4296/3166 3015/4285/3165 3035/4286/3185 3036/4297/3186
f 3017/4307/3167 3016/4296/3166 3036/4297/3186 3037/4308/3187
f 3018/4322/3168 3017/4307/3167 3037/4308/3187 3038/4323/3188
f 3019/4334/3169 3018/4322/3168 3038/4323/3188 3039/4335/3189
f 3020/4346/3170 3019/4334/3169 3039/4335/3189 3040/4347/3190
f 3021/4360/3171 3020/4346/3170 3040/4347/3190 3041/4361/3191
f 3022/4349/3172 3021/4360/3171 3041/4361/3191 3042/4350/3192
f 3023/4337/3173 3022/4349/3172 3042/4350/3192 3043/4338/3193
f 3024/4325/3174 3023/4337/3173 3043/4338/3193 3044/4326/3194
f 3025/4311/3175 3024/4325/3174 3044/4326/3194 3045/4312/3195
f 3026/4298/3176 3025/4311/3175 3045/4312/3195 3046/4299/3196
f 3027/4287/3177 3026/4298/3176 3046/4299/3196 3047/4288/3197
f 3028/4275/3178 3027/4287/3177 3047/4288/3197 3048/4276/3198
f 3029/4267/3179 3028/4275/3178 3048/4276/3198 3049/4268/3199
f 3030/4261/3180 3029/4267/3179 3049/4268/3199 3050/4262/3200
f 3011/4258/3161 3030/4261/3180 3050/4262/3200 3031/4259/3181
f 3032/4260/3182 3031/4259/3181 3051/4263/3201 3052/4264/3202
f 3033/4266/3183 3032/4260/3182 3052/4264/3202 3053/4272/3203
f 3034/4274/3184 3033/4266/3183 3053/4272/3203 3054/4282/3204
f 3035/4286/3185 3034/4274/3184 3054/4282/3204 3055/4294/3205
f 3036/4297/3186 3035/4286/3185 3055/4294/3205 3056/4305/3206
f 3037/4308/3187 3036/4297/3186 3056/4305/3206 3057/4320/3207
f 3038/4323/3188 3037/4308/3187 3057/4320/3207 3058/4333/3208
f 3039/4335/3189 3038/4323/3188 3058/4333/3208 3059/4345/3209
f 3040/4347/3190 3039/4335/3189 3059/4345/3209 3060/4359/3210
f 3041/4361/3191 3040/4347/3190 3060/4359/3210 3061/4368/3211
f 3042/4350/3192 3041/4361/3191 3061/4368/3211 3062/4362/3212
f 3043/4338/3193 3042/4350/3192 3062/4362/3212 3063/4351/3213
f 3044/4326/3194 3043/4338/3193 3063/4351/3213 3064/4339/3214
f 3045/4312/3195 3044/4326/3194 3064/4339/3214 3065/4327/3215
f 3046/4299/3196 3045/4312/3195 3065/4327/3215 3066/4313/3216
f 3047/4288/3197 3046/4299/3196 3066/4313/3216 3067/4300/3217
f 3048/4276/3198 3047/4288/3197 3067/4300/3217 3068/4289/3218
f 3049/4268/3199 3048/4276/3198 3068/4289/3218 3069/4277/3219
f 3050/4262/3200 3049/4268/3199 3069/4277/3219 3070/4269/3220
f 3031/4259/3181 3050/4262/3200 3070/4269/3220 3051/4263/3201
f 3052/4264/3202 3051/4263/3201 3071/4270/3221 3072/4271/3222
f 3053/4272/3203 3052/4264/3202 3072/4271/3222 3073/4281/3223
f 3054/4282/3204 3053/4272/3203 3073/4281/3223 3074/4293/3224
f 3055/4294/3205 3054/4282/3204 3074/4293/3224 3075/4304/3225
f 3056/4305/3206 3055/4294/3205 3075/4304/3225 3076/4319/3226
f 3057/4320/3207 3056/4305/3206 3076/4319/3226 3077/4332/3227
f 3058/4333/3208 3057/4320/3207 3077/4332/3227 3078/4344/3228
f 3059/4345/3209 3058/4333/3208 3078/4344/3228 3079/4358/3229
f 3060/4359/3210 3059/4345/3209 3079/4358/3229 3080/4367/3230
f 3061/4368/3211 3060/4359/3210 3080/4367/3230 3081/4373/3231
f 3062/4362/3212 3061/4368/3211 3081/4373/3231 3082/4369/3232
f 3063/4351/3213 3062/4362/3212 3082/4369/3232 3083/4363/3233
f 3064/4339/3214 3063/4351/3213 3083/4363/3233 3084/4352/3234
f 3065/4327/3215 3064/4339/3214 3084/4352/3234 3085/4340/3235
f 3066/4313/3216 3065/4327/3215 3085/4340/3235 3086/4328/3236
f 3067/4300/3217 3066/4313/3216 3086/4328/3236 3087/4314/3237
f 3068/4289/3218 3067/4300/3217 3087/4314/3237 3088/4301/3238
f 3069/4277/3219 3068/4289/3218 3088/4301/3238 3089/4290/3239
f 3070/4269/3220 3069/4277/3219 3089/4290/3239 3090/4278/3240
f 3051/4263/3201 3070/4269/3220 3090/4278/3240 3071/4270/3221
f 3072/4271/3222 3071/4270/3221 3091/4279/3241 3092/4280/3242
f 3073/4281/3223 3072/4271/3222 3092/4280/3242 3093/4292/3243
f 3074/4293/3224 3073/4281/3223 3093/4292/3243 3094/4303/3244
f 3075/4304/3225 3074/4293/3224 3094/4303/3244 3095/4318/3245
f 3076/4319/3226 3075/4304/3225 3095/4318/3245 3096/4331/3246
f 3077/4332/3227 3076/4319/3226 3096/4331/3246 3097/4343/3247
f 3078/4344/3228 3077/4332/3227 3097/4343/3247 3098/4357/3248
f 3079/4358/3229 3078/4344/3228 3098/4357/3248 3099/4366/3249
f 3080/4367/3230 3079/4358/3229 3099/4366/3249 3100/4372/3250
f 3081/4373/3231 3080/4367/3230 3100/4372/3250 3101/4376/3251
f 3082/4369/3232 3081/4373/3231 3101/4376/3251 3102/4374/3252
f 3083/4363/3233 3082/4369/3232 3102/4374/3252 3103/4370/3253
f 3084/4352/3234 3083/4363/3233 3103/4370/3253 3104/4364/3254
f 3085/4340/3235 3084/4352/3234 3104/4364/3254 3105/4353/3255
f 3086/4328/3236 3085/4340/3235 3105/4353/3255 3106/4341/3256
f 3087/4314/3237 3086/4328/3236 3106/4341/3256 3107/4329/3257
f 3088/4301/3238 3087/4314/3237 3107/4329/3257 3108/4315/3258
f 3089/4290/3239 3088/4301/3238 3108/4315/3258 3109/4302/3259
f 3090/4278/3240 3089/4290/3239 3109/4302/3259 3110/4291/3260
f 3071/4270/3221 3090/4278/3240 3110/4291/3260 3091/4279/3241
f 3092/4163/3242 3091/4164/3241 3111/4160/3261 3112/4159/3262
f 3093/4172/3243 3092/4163/3242 3112/4159/3262 3113/4169/3263
f 3094/4303/3244 3093/4292/3243 3113/4316/3263 3114/4317/3264
f 3095/4318/3245 3094/4303/3244 3114/4317/3264 3115/4330/3265
f 3096/4331/3246 3095/4318/3245 3115/4330/3265 3116/4342/3266
f 3097/4343/3247 3096/4331/3246 3116/4342/3266 3117/4356/3267
f 3098/4213/3248 3097/4220/3247 3117/4214/3267 3118/4209/3268
f 3099/4212/3249 3098/4213/3248 3118/4209/3268 3119/4208/3269
f 3100/4221/3250 3099/4212/3249 3119/4208/3269 3120/4218/3270
f 3101/4228/3251 3100/4221/3250 3120/4218/3270 3121/4226/3271
f 3102/4236/3252 3101/4228/3251 3121/4226/3271 3122/4234/3272
f 3103/4245/3253 3102/4236/3252 3122/4234/3272 3123/4243/3273
f 3104/4364/3254 3103/4370/3253 3123/4375/3273 3124/4371/3274
f 3105/4353/3255 3104/4364/3254 3124/4371/3274 3125/4365/3275
f 3106/4341/3256 3105/4353/3255 3125/4365/3275 3126/4354/3276
f 3107/4329/3257 3106/4341/3256 3126/4354/3276 3127/4355/3277
f 3108/4187/3258 3107/4196/3257 3127/4188/3277 3128/4180/3278
f 3109/4179/3259 3108/4187/3258 3128/4180/3278 3129/4173/3279
f 3110/4171/3260 3109/4179/3259 3129/4173/3279 3130/4165/3280
f 3091/4164/3241 3110/4171/3260 3130/4165/3280 3111/4160/3261
f 3112/4159/3262 3111/4160/3261 3131/4161/3281 3132/4162/3282
f 3113/4169/3263 3112/4159/3262 3132/4162/3282 3133/4170/3283
f 3114/4547/3264 3113/4548/3263 3133/4549/3283 3134/4550/3284
f 3115/4553/3265 3114/4547/3264 3134/4550/3284 3135/4554/3285
f 3116/4558/3266 3115/4553/3265 3135/4554/3285 3136/4559/3286
f 3117/4564/3267 3116/4558/3266 3136/4559/3286 3137/4565/3287
f 3118/4209/3268 3117/4214/3267 3137/4215/3287 3138/4210/3288
f 3119/4208/3269 3118/4209/3268 3138/4210/3288 3139/4211/3289
f 3120/4218/3270 3119/4208/3269 3139/4211/3289 3140/4219/3290
f 3121/4226/3271 3120/4218/3270 3140/4219/3290 3141/4227/3291
f 3122/4234/3272 3121/4226/3271 3141/4227/3291 3142/4235/3292
f 3123/4243/3273 3122/4234/3272 3142/4235/3292 3143/4244/3293
f 3124/4572/3274 3123/4573/3273 3143/4574/3293 3144/4575/3294
f 3125/4578/3275 3124/4572/3274 3144/4575/3294 3145/4579/3295
f 3126/4583/3276 3125/4578/3275 3145/4579/3295 3146/4584/3296
f 3127/4589/3277 3126/4583/3276 3146/4584/3296 3147/4590/3297
f 3128/4180/3278 3127/4188/3277 3147/4189/3297 3148/4181/3298
f 3129/4173/3279 3128/4180/3278 3148/4181/3298 3149/4174/3299
f 3130/4165/3280 3129/4173/3279 3149/4174/3299 3150/4166/3300
f 3111/4160/3261 3130/4165/3280 3150/4166/3300 3131/4161/3281
f 3132/4162/3282 3131/4161/3281 3151/4167/3301 3152/4168/3302
f 3133/4170/3283 3132/4162/3282 3152/4168/3302 3153/4178/3303
f 3134/4550/3284 3133/4549/3283 3153/4551/3303 3154/4552/3304
f 3135/4554/3285 3134/4550/3284 3154/4552/3304 3155/4557/3305
f 3136/4559/3286 3135/4554/3285 3155/4557/3305 3156/4563/3306
f 3137/4565/3287 3136/4559/3286 3156/4563/3306 3157/4568/3307
f 3138/4210/3288 3137/4215/3287 3157/4222/3307 3158/4216/3308
f 3139/4211/3289 3138/4210/3288 3158/4216/3308 3159/4217/3309
f 3140/4219/3290 3139/4211/3289 3159/4217/3309 3160/4225/3310
f 3141/4227/3291 3140/4219/3290 3160/4225/3310 3161/4233/3311
f 3142/4235/3292 3141/4227/3291 3161/4233/3311 3162/4242/3312
f 3143/4244/3293 3142/4235/3292 3162/4242/3312 3163/4250/3313
f 3144/4575/3294 3143/4574/3293 3163/4576/3313 3164/4577/3314
f 3145/4579/3295 3144/4575/3294 3164/4577/3314 3165/4582/3315
f 3146/4584/3296 3145/4579/3295 3165/4582/3315 3166/4588/3316
f 3147/4590/3297 3146/4584/3296 3166/4588/3316 3167/4593/3317
f 3148/4181/3298 3147/4189/3297 3167/4197/3317 3168/4190/3318
f 3149/4174/3299 3148/4181/3298 3168/4190/3318 3169/4182/3319
f 3150/4166/3300 3149/4174/3299 3169/4182/3319 3170/4175/3320
f 3131/4161/3281 3150/4166/3300 3170/4175/3320 3151/4167/3301
f 3152/4168/3302 3151/4167/3301 3171/4176/3321 3172/4177/3322
f 3153/4178/3303 3152/4168/3302 3172/4177/3322 3173/4186/3323
f 3154/4552/3304 3153/4551/3303 3173/4555/3323 3174/4556/3324
f 3155/4557/3305 3154/4552/3304 3174/4556/3324 3175/4562/3325
f 3156/4563/3306 3155/4557/3305 3175/4562/3325 3176/4567/3326
f 3157/4568/3307 3156/4563/3306 3176/4567/3326 3177/4570/3327
f 3158/4216/3308 3157/4222/3307 3177/4229/3327 3178/4223/3328
f 3159/4217/3309 3158/4216/3308 3178/4223/3328 3179/4224/3329
f 3160/4225/3310 3159/4217/3309 3179/4224/3329 3180/4232/3330
f 3161/4233/3311 3160/4225/3310 3180/4232/3330 3181/4241/3331
f 3162/4242/3312 3161/4233/3311 3181/4241/3331 3182/4249/3332
f 3163/4250/3313 3162/4242/3312 3182/4249/3332 3183/4253/3333
f 3164/4577/3314 3163/4576/3313 3183/4580/3333 3184/4581/3334
f 3165/4582/3315 3164/4577/3314 3184/4581/3334 3185/4587/3335
f 3166/4588/3316 3165/4582/3315 3185/4587/3335 3186/4592/3336
f 3167/4593/3317 3166/4588/3316 3186/4592/3336 3187/4595/3337
f 3168/4190/3318 3167/4197/3317 3187/4202/3337 3188/4198/3338
f 3169/4182/3319 3168/4190/3318 3188/4198/3338 3189/4191/3339
f 3170/4175/3320 3169/4182/3319 3189/4191/3339 3190/4183/3340
f 3151/4167/3301 3170/4175/3320 3190/4183/3340 3171/4176/3321
f 3172/4177/3322 3171/4176/3321 3191/4184/3341 3192/4185/3342
f 3173/4186/3323 3172/4177/3322 3192/4185/3342 3193/4195/3343
f 3174/4556/3324 3173/4555/3323 3193/4560/3343 3194/4561/3344
f 3175/4562/3325 3174/4556/3324 3194/4561/3344 3195/4566/3345
f 3176/4567/3326 3175/4562/3325 3195/4566/3345 3196/4569/3346
f 3177/4570/3327 3176/4567/3326 3196/4569/3346 3197/4571/3347
f 3178/4223/3328 3177/4229/3327 3197/4237/3347 3198/4230/3348
f 3179/4224/3329 3178/4223/3328 3198/4230/3348 3199/4231/3349
f 3180/4232/3330 3179/4224/3329 3199/4231/3349 3200/4240/3350
f 3181/4241/3331 3180/4232/3330 3200/4240/3350 3201/4248/3351
f 3182/4249/3332 3181/4241/3331 3201/4248/3351 3202/4252/3352
f 3183/4253/3333 3182/4249/3332 3202/4252/3352 3203/4255/3353
f 3184/4581/3334 3183/4580/3333 3203/4585/3353 3204/4586/3354
f 3185/4587/3335 3184/4581/3334 3204/4586/3354 3205/4591/3355
f 3186/4592/3336 3185/4587/3335 3205/4591/3355 3206/4594/3356
f 3187/4595/3337 3186/4592/3336 3206/4594/3356 3207/4596/3357
f 3188/4198/3338 3187/4202/3337 3207/4205/3357 3208/4203/3358
f 3189/4191/3339 3188/4198/3338 3208/4203/3358 3209/4199/3359
f 3190/4183/3340 3189/4191/3339 3209/4199/3359 3210/4192/3360
f 3171/4176/3321 3190/4183/3340 3210/4192/3360 3191/4184/3341
f 3192/4185/3342 3191/4184/3341 3211/4193/3361 3212/4194/3362
f 3193/4195/3343 3192/4185/3342 3212/4194/3362 3213/4201/3363
f 3194/4403/3344 3193/4404/3343 3213/4385/3363 3214/4393/3364
f 3195/4415/3345 3194/4403/3344 3214/4393/3364 3215/4405/3365
f 3196/4426/3346 3195/4415/3345 3215/4405/3365 3216/4416/3366
f 3197/4441/3347 3196/4426/3346 3216/4416/3366 3217/4427/3367
f 3198/4230/3348 3197/4237/3347 3217/4246/3367 3218/4238/3368
f 3199/4231/3349 3198/4230/3348 3218/4238/3368 3219/4239/3369
f 3200/4240/3350 3199/4231/3349 3219/4239/3369 3220/4247/3370
f 3201/4248/3351 3200/4240/3350 3220/4247/3370 3221/4251/3371
f 3202/4252/3352 3201/4248/3351 3221/4251/3371 3222/4254/3372
f 3203/4255/3353 3202/4252/3352 3222/4254/3372 3223/4256/3373
f 3204/4456/3354 3203/4468/3353 3223/4457/3373 3224/4445/3374
f 3205/4444/3355 3204/4456/3354 3224/4445/3374 3225/4431/3375
f 3206/4430/3356 3205/4444/3355 3225/4431/3375 3226/4418/3376
f 3207/4429/3357 3206/4430/3356 3226/4418/3376 3227/4407/3377
f 3208/4203/3358 3207/4205/3357 3227/4207/3377 3228/4206/3378
f 3209/4199/3359 3208/4203/3358 3228/4206/3378 3229/4204/3379
f 3210/4192/3360 3209/4199/3359 3229/4204/3379 3230/4200/3380
f 3191/4184/3341 3210/4192/3360 3230/4200/3380 3211/4193/3361
f 3212/4377/3362 3211/4378/3361 3231/4379/3381 3232/4380/3382
f 3213/4385/3363 3212/4377/3362 3232/4380/3382 3233/4386/3383
f 3214/4393/3364 3213/4385/3363 3233/4386/3383 3234/4394/3384
f 3215/4405/3365 3214/4393/3364 3234/4394/3384 3235/4406/3385
f 3216/4416/3366 3215/4405/3365 3235/4406/3385 3236/4417/3386
f 3217/4427/3367 3216/4416/3366 3236/4417/3386 3237/4428/3387
f 3218/4442/3368 3217/4427/3367 3237/4428/3387 3238/4443/3388
f 3219/4454/3369 3218/4442/3368 3238/4443/3388 3239/4455/3389
f 3220/4466/3370 3219/4454/3369 3239/4455/3389 3240/4467/3390
f 3221/4480/3371 3220/4466/3370 3240/4467/3390 3241/4481/3391
f 3222/4469/3372 3221/4480/3371 3241/4481/3391 3242/4470/3392
f 3223/4457/3373 3222/4469/3372 3242/4470/3392 3243/4458/3393
f 3224/4445/3374 3223/4457/3373 3243/4458/3393 3244/4446/3394
f 3225/4431/3375 3224/4445/3374 3244/4446/3394 3245/4432/3395
f 3226/4418/3376 3225/4431/3375 3245/4432/3395 3246/4419/3396
f 3227/4407/3377 3226/4418/3376 3246/4419/3396 3247/4408/3397
f 3228/4395/3378 3227/4407/3377 3247/4408/3397 3248/4396/3398
f 3229/4387/3379 3228/4395/3378 3248/4396/3398 3249/4388/3399
f 3230/4381/3380 3229/4387/3379 3249/4388/3399 3250/4382/3400
f 3211/4378/3361 3230/4381/3380 3250/4382/3400 3231/4379/3381
f 3232/4380/3382 3231/4379/3381 3251/4383/3401 3252/4384/3402
f 3233/4386/3383 3232/4380/3382 3252/4384/3402 3253/4392/3403
f 3234/4394/3384 3233/4386/3383 3253/4392/3403 3254/4402/3404
f 3235/4406/3385 3234/4394/3384 3254/4402/3404 3255/4414/3405
f 3236/4417/3386 3235/4406/3385 3255/4414/3405 3256/4425/3406
f 3237/4428/3387 3236/4417/3386 3256/4425/3406 3257/4440/3407
f 3238/4443/3388 3237/4428/3387 3257/4440/3407 3258/4453/3408
f 3239/4455/3389 3238/4443/3388 3258/4453/3408 3259/4465/3409
f 3240/4467/3390 3239/4455/3389 3259/4465/3409 3260/4479/3410
f 3241/4481/3391 3240/4467/3390 3260/4479/3410 3261/4488/3411
f 3242/4470/3392 3241/4481/3391 3261/4488/3411 3262/4482/3412
f 3243/4458/3393 3242/4470/3392 3262/4482/3412 3263/4471/3413
f 3244/4446/3394 3243/4458/3393 3263/4471/3413 3264/4459/3414
f 3245/4432/3395 3244/4446/3394 3264/4459/3414 3265/4447/3415
f 3246/4419/3396 3245/4432/3395 3265/4447/3415 3266/4433/3416
f 3247/4408/3397 3246/4419/3396 3266/4433/3416 3267/4420/3417
f 3248/4396/3398 3247/4408/3397 3267/4420/3417 3268/4409/3418
f 3249/4388/3399 3248/4396/3398 3268/4409/3418 3269/4397/3419
f 3250/4382/3400 3249/4388/3399 3269/4397/3419 3270/4389/3420
f 3231/4379/3381 3250/4382/3400 3270/4389/3420 3251/4383/3401
f 3252/4384/3402 3251/4383/3401 3271/4390/3421 3272/4391/3422
f 3253/4392/3403 3252/4384/3402 3272/4391/3422 3273/4401/3423
f 3254/4402/3404 3253/4392/3403 3273/4401/3423 3274/4413/3424
f 3255/4414/3405 3254/4402/3404 3274/4413/3424 3275/4424/3425
f 3256/4425/3406 3255/4414/3405 3275/4424/3425 3276/4439/3426
f 3257/4440/3407 3256/4425/3406 3276/4439/3426 3277/4452/3427
f 3258/4453/3408 3257/4440/3407 3277/4452/3427 3278/4464/3428
f 3259/4465/3409 3258/4453/3408 3278/4464/3428 3279/4478/3429
f 3260/4479/3410 3259/4465/3409 3279/4478/3429 3280/4487/3430
f 3261/4488/3411 3260/4479/3410 3280/4487/3430 3281/4493/3431
f 3262/4482/3412 3261/4488/3411 3281/4493/3431 3282/4489/3432
f 3263/4471/3413 3262/4482/3412 3282/4489/3432 3283/4483/3433
f 3264/4459/3414 3263/4471/3413 3283/4483/3433 3284/4472/3434
f 3265/4447/3415 3264/4459/3414 3284/4472/3434 3285/4460/3435
f 3266/4433/3416 3265/4447/3415 3285/4460/3435 3286/4448/3436
f 3267/4420/3417 3266/4433/3416 3286/4448/3436 3287/4434/3437
f 3268/4409/3418 3267/4420/3417 3287/4434/3437 3288/4421/3438
f 3269/4397/3419 3268/4409/3418 3288/4421/3438 3289/4410/3439
f 3270/4389/3420 3269/4397/3419 3289/4410/3439 3290/4398/3440
f 3251/4383/3401 3270/4389/3420 3290/4398/3440 3271/4390/3421
f 3272/4391/3422 3271/4390/3421 3291/4399/3441 3292/4400/3442
f 3273/4401/3423 3272/4391/3422 3292/4400/3442 3293/4412/3443
f 3274/4413/3424 3273/4401/3423 3293/4412/3443 3294/4423/3444
f 3275/4424/3425 3274/4413/3424 3294/4423/3444 3295/4438/3445
f 3276/4439/3426 3275/4424/3425 3295/4438/3445 3296/4451/3446
f 3277/4452/3427 3276/4439/3426 3296/4451/3446 3297/4463/3447
f 3278/4464/3428 3277/4452/3427 3297/4463/3447 3298/4477/3448
f 3279/4478/3429 3278/4464/3428 3298/4477/3448 3299/4486/3449
f 3280/4487/3430 3279/4478/3429 3299/4486/3449 3300/4492/3450
f 3281/4493/3431 3280/4487/3430 3300/4492/3450 3301/4496/3451
f 3282/4489/3432 3281/4493/3431 3301/4496/3451 3302/4494/3452
f 3283/4483/3433 3282/4489/3432 3302/4494/3452 3303/4490/3453
f 3284/4472/3434 3283/4483/3433 3303/4490/3453 3304/4484/3454
f 3285/4460/3435 3284/4472/3434 3304/4484/3454 3305/4473/3455
f 3286/4448/3436 3285/4460/3435 3305/4473/3455 3306/4461/3456
f 3287/4434/3437 3286/4448/3436 3306/4461/3456 3307/4449/3457
f 3288/4421/3438 3287/4434/3437 3307/4449/3457 3308/4435/3458
f 3289/4410/3439 3288/4421/3438 3308/4435/3458 3309/4422/3459
f 3290/4398/3440 3289/4410/3439 3309/4422/3459 3310/4411/3460
f 3271/4390/3421 3290/4398/3440 3310/4411/3460 3291/4399/3441
f 3292/4083/3442 3291/4084/3441 3311/4074/3461 3312/4073/3462
f 3293/4094/3443 3292/4083/3442 3312/4073/3462 3313/4086/3463
f 3294/4423/3444 3293/4412/3443 3313/4436/3463 3314/4437/3464
f 3295/4438/3445 3294/4423/3444 3314/4437/3464 3315/4450/3465
f 3296/4451/3446 3295/4438/3445 3315/4450/3465 3316/4462/3466
f 3297/4463/3447 3296/4451/3446 3316/4462/3466 3317/4476/3467
f 3298/4133/3448 3297/4142/3447 3317/4134/3467 3318/4123/3468
f 3299/4132/3449 3298/4133/3448 3318/4123/3468 3319/4122/3469
f 3300/4143/3450 3299/4132/3449 3319/4122/3469 3320/4135/3470
f 3301/4150/3451 3300/4143/3450 3320/4135/3470 3321/4144/3471
f 3302/4155/3452 3301/4150/3451 3321/4144/3471 3322/4151/3472
f 3303/4158/3453 3302/4155/3452 3322/4151/3472 3323/4156/3473
f 3304/4484/3454 3303/4490/3453 3323/4495/3473 3324/4491/3474
f 3305/4473/3455 3304/4484/3454 3324/4491/3474 3325/4485/3475
f 3306/4461/3456 3305/4473/3455 3325/4485/3475 3326/4474/3476
f 3307/4449/3457 3306/4461/3456 3326/4474/3476 3327/4475/3477
f 3308/4106/3458 3307/4109/3457 3327/4107/3477 3328/4102/3478
f 3309/4101/3459 3308/4106/3458 3328/4102/3478 3329/4095/3479
f 3310/4093/3460 3309/4101/3459 3329/4095/3479 3330/4085/3480
f 3291/4084/3441 3310/4093/3460 3330/4085/3480 3311/4074/3461
f 3312/4073/3462 3311/4074/3461 3331/4066/3481 3332/4065/3482
f 3313/4086/3463 3312/4073/3462 3332/4065/3482 3333/4076/3483
f 3314/4507/3464 3313/4508/3463 3333/4502/3483 3334/4501/3484
f 3315/4513/3465 3314/4507/3464 3334/4501/3484 3335/4509/3485
f 3316/4518/3466 3315/4513/3465 3335/4509/3485 3336/4514/3486
f 3317/4521/3467 3316/4518/3466 3336/4514/3486 3337/4519/3487
f 3318/4123/3468 3317/4134/3467 3337/4124/3487 3338/4115/3488
f 3319/4122/3469 3318/4123/3468 3338/4115/3488 3339/4114/3489
f 3320/4135/3470 3319/4122/3469 3339/4114/3489 3340/4125/3490
f 3321/4144/3471 3320/4135/3470 3340/4125/3490 3341/4136/3491
f 3322/4151/3472 3321/4144/3471 3341/4136/3491 3342/4145/3492
f 3323/4156/3473 3322/4151/3472 3342/4145/3492 3343/4152/3493
f 3324/4532/3474 3323/4533/3473 3343/4527/3493 3344/4526/3494
f 3325/4538/3475 3324/4532/3474 3344/4526/3494 3345/4534/3495
f 3326/4543/3476 3325/4538/3475 3345/4534/3495 3346/4539/3496
f 3327/4546/3477 3326/4543/3476 3346/4539/3496 3347/4544/3497
f 3328/4102/3478 3327/4107/3477 3347/4103/3497 3348/4096/3498
f 3329/4095/3479 3328/4102/3478 3348/4096/3498 3349/4087/3499
f 3330/4085/3480 3329/4095/3479 3349/4087/3499 3350/4075/3500
f 3311/4074/3461 3330/4085/3480 3350/4075/3500 3331/4066/3481
f 3332/4065/3482 3331/4066/3481 2951/4062/3102 2952/4061/3101
f 3333/4076/3483 3332/4065/3482 2952/4061/3101 2953/4071/3105
f 3334/4501/3484 3333/4502/3483 2953/4498/3105 2954/4497/3107
f 3335/4509/3485 3334/4501/3484 2954/4497/3107 2955/4505/3109
f 3336/4514/3486 3335/4509/3485 2955/4505/3109 2956/4511/3111
f 3337/4519/3487 3336/4514/3486 2956/4511/3111 2957/4516/3113
f 3338/4115/3488 3337/4124/3487 2957/4116/3113 2958/4111/3115
f 3339/4114/3489 3338/4115/3488 2958/4111/3115 2959/4110/3117
f 3340/4125/3490 3339/4114/3489 2959/4110/3117 2960/4120/3119
f 3341/4136/3491 3340/4125/3490 2960/4120/3119 2961/4130/3121
f 3342/4145/3492 3341/4136/3491 2961/4130/3121 2962/4140/3123
f 3343/4152/3493 3342/4145/3492 2962/4140/3123 2963/4148/3125
f 3344/4526/3494 3343/4527/3493 2963/4523/3125 2964/4522/3127
f 3345/4534/3495 3344/4526/3494 2964/4522/3127 2965/4530/3129
f 3346/4539/3496 3345/4534/3495 2965/4530/3129 2966/4536/3131
f 3347/4544/3497 3346/4539/3496 2966/4536/3131 2967/4541/3133
f 3348/4096/3498 3347/4103/3497 2967/4097/3133 2968/4088/3135
f 3349/4087/3499 3348/4096/3498 2968/4088/3135 2969/4077/3137
f 3350/4075/3500 3349/4087/3499 2969/4077/3137 2970/4067/3139
f 3331/4066/3481 3350/4075/3500 2970/4067/3139 2951/4062/3102
g default
v 2.254063 -0.026103 -0.131521
v 2.242293 -0.051631 -0.127005
v 2.223591 -0.072019 -0.120281
v 2.199789 -0.085270 -0.112008
v 2.108573 -0.087461 -0.081396
v 2.017034 -0.087774 -0.050717
v 1.992738 -0.075182 -0.042859
v 1.973268 -0.055317 -0.036782
v 1.960531 -0.030125 -0.033079
v 1.955772 -0.002071 -0.032115
v 1.959458 0.026099 -0.033982
v 1.971227 0.051627 -0.038499
v 1.989929 0.072015 -0.045222
v 2.013732 0.085266 -0.053495
v 2.105255 0.086378 -0.084186
v 2.196486 0.087770 -0.114786
v 2.220782 0.075178 -0.122644
v 2.240252 0.055313 -0.128721
v 2.252990 0.030121 -0.132424
v 2.257749 0.002067 -0.133389
v 2.253068 -0.026548 -0.137675
v 2.241161 -0.052374 -0.133105
v 2.222242 -0.072998 -0.126303
v 2.198162 -0.086404 -0.117934
v 2.106637 -0.088651 -0.087217
v 2.014787 -0.088916 -0.056435
v 1.990208 -0.076177 -0.048486
v 1.970512 -0.056082 -0.042337
v 1.957625 -0.030596 -0.038592
v 1.952811 -0.002216 -0.037616
v 1.956540 0.026282 -0.039505
v 1.968447 0.052107 -0.044074
v 1.987366 0.072732 -0.050876
v 2.011446 0.086138 -0.059246
v 2.103279 0.087306 -0.090042
v 2.194821 0.088650 -0.120744
v 2.219400 0.075911 -0.128694
v 2.239097 0.055816 -0.134842
v 2.251983 0.030330 -0.138588
v 2.256797 0.001949 -0.139564
v 2.254094 -0.027578 -0.143856
v 2.241789 -0.054266 -0.139134
v 2.222238 -0.075580 -0.132104
v 2.197354 -0.089433 -0.123456
v 2.104931 -0.091843 -0.092434
v 2.012177 -0.091970 -0.061353
v 1.986778 -0.078806 -0.053138
v 1.966423 -0.058039 -0.046784
v 1.953107 -0.031702 -0.042914
v 1.948132 -0.002374 -0.041905
v 1.951985 0.027076 -0.043857
v 1.964290 0.053764 -0.048579
v 1.983841 0.075077 -0.055609
v 2.008725 0.088930 -0.064257
v 2.101455 0.090261 -0.095358
v 2.193901 0.091467 -0.126360
v 2.219301 0.078303 -0.134575
v 2.239655 0.057536 -0.140929
v 2.252972 0.031200 -0.144799
v 2.257947 0.001871 -0.145808
v 2.257039 -0.029092 -0.149460
v 2.244115 -0.057123 -0.144500
v 2.223580 -0.079510 -0.137117
v 2.197443 -0.094060 -0.128033
v 2.103622 -0.096724 -0.096537
v 2.009461 -0.096636 -0.064989
v 1.982783 -0.082809 -0.056361
v 1.961404 -0.060997 -0.049687
v 1.947417 -0.033335 -0.045622
v 1.942191 -0.002530 -0.044562
v 1.946239 0.028402 -0.046613
v 1.959163 0.056433 -0.051572
v 1.979698 0.078820 -0.058955
v 2.005835 0.093370 -0.068040
v 2.099964 0.094955 -0.099614
v 2.193817 0.095946 -0.131083
v 2.220495 0.082119 -0.139712
v 2.241874 0.060307 -0.146385
v 2.255861 0.032644 -0.150451
v 2.261086 0.001840 -0.151510
v 2.261616 -0.030942 -0.153938
v 2.247912 -0.060666 -0.148679
v 2.226136 -0.084404 -0.140850
v 2.198421 -0.099833 -0.131217
v 2.102838 -0.102816 -0.099124
v 2.006904 -0.102457 -0.066988
v 1.978614 -0.087796 -0.057838
v 1.955944 -0.064666 -0.050762
v 1.941113 -0.035333 -0.046451
v 1.935572 -0.002668 -0.045327
v 1.939864 0.030131 -0.047502
v 1.953568 0.059855 -0.052761
v 1.975343 0.083594 -0.060590
v 2.003058 0.099023 -0.070222
v 2.098949 0.100927 -0.102395
v 2.194576 0.101647 -0.134452
v 2.222865 0.086985 -0.143601
v 2.245535 0.063856 -0.150678
v 2.260367 0.034523 -0.154989
v 2.265908 0.001858 -0.156112
v 2.267376 -0.032947 -0.156852
v 2.252807 -0.064547 -0.151261
v 2.229657 -0.089784 -0.142938
v 2.200192 -0.106187 -0.132697
v 2.102656 -0.109524 -0.099941
v 2.004756 -0.108864 -0.067153
v 1.974680 -0.093277 -0.057426
v 1.950579 -0.068688 -0.049903
v 1.934812 -0.037503 -0.045320
v 1.928921 -0.002776 -0.044125
v 1.933484 0.032094 -0.046437
v 1.948053 0.063695 -0.052028
v 1.971203 0.088931 -0.060351
v 2.000668 0.105334 -0.070592
v 2.098512 0.107593 -0.103427
v 2.196104 0.108012 -0.136136
v 2.226179 0.092425 -0.145863
v 2.250280 0.067835 -0.153386
v 2.266048 0.036651 -0.157969
v 2.271939 0.001924 -0.159163
v 2.273756 -0.034909 -0.157917
v 2.258322 -0.068386 -0.151994
v 2.233797 -0.095121 -0.143176
v 2.202583 -0.112499 -0.132327
v 2.103093 -0.116190 -0.098909
v 2.003227 -0.115230 -0.065469
v 1.971366 -0.098717 -0.055165
v 1.945834 -0.072668 -0.047194
v 1.929130 -0.039631 -0.042339
v 1.922890 -0.002842 -0.041074
v 1.927723 0.034099 -0.043523
v 1.943158 0.067575 -0.049446
v 1.967682 0.094311 -0.058263
v 1.998897 0.111688 -0.069112
v 2.098694 0.114300 -0.102609
v 2.198252 0.114419 -0.135970
v 2.230113 0.097906 -0.146275
v 2.255645 0.071857 -0.154245
v 2.272349 0.038821 -0.159100
v 2.278590 0.002031 -0.160365
v 2.280132 -0.036639 -0.157028
v 2.263917 -0.071808 -0.150805
v 2.238152 -0.099895 -0.141542
v 2.205359 -0.118151 -0.130144
v 2.104107 -0.122162 -0.096129
v 2.002468 -0.120931 -0.062101
v 1.968996 -0.103583 -0.051275
v 1.942173 -0.076216 -0.042902
v 1.924625 -0.041510 -0.037801
v 1.918068 -0.002860 -0.036472
v 1.923146 0.035949 -0.039045
v 1.939361 0.071118 -0.045267
v 1.965126 0.099205 -0.054531
v 1.997919 0.117461 -0.065928
v 2.099478 0.120393 -0.100023
v 2.200810 0.120241 -0.133972
v 2.234282 0.102893 -0.144797
v 2.261105 0.075526 -0.153170
v 2.278653 0.040819 -0.158271
v 2.285209 0.002170 -0.159600
v 2.285878 -0.037965 -0.154272
v 2.269044 -0.074478 -0.147812
v 2.242295 -0.103638 -0.138195
v 2.208250 -0.122591 -0.126362
v 2.105599 -0.126855 -0.091872
v 2.002553 -0.125409 -0.057378
v 1.967802 -0.107399 -0.046138
v 1.939954 -0.078987 -0.037445
v 1.921736 -0.042954 -0.032150
v 1.914929 -0.002829 -0.030770
v 1.920201 0.037463 -0.033441
v 1.937035 0.073975 -0.039901
v 1.963784 0.103135 -0.049518
v 1.997829 0.122088 -0.061351
v 2.100787 0.125274 -0.095920
v 2.203526 0.124907 -0.130335
v 2.238277 0.106896 -0.141575
v 2.266124 0.078484 -0.150268
v 2.284343 0.042452 -0.155563
v 2.291150 0.002326 -0.156943
v 2.290433 -0.038759 -0.149920
v 2.273201 -0.076134 -0.143307
v 2.245820 -0.105983 -0.133463
v 2.210971 -0.125383 -0.121351
v 2.107422 -0.129811 -0.086556
v 2.003473 -0.128226 -0.051762
v 1.967901 -0.109791 -0.040257
v 1.939396 -0.080707 -0.031359
v 1.920746 -0.043824 -0.025938
v 1.913779 -0.002750 -0.024526
v 1.919175 0.038493 -0.027260
v 1.936407 0.075868 -0.033872
v 1.963788 0.105717 -0.043717
v 1.998637 0.125117 -0.055829
v 2.102493 0.128465 -0.090702
v 2.206136 0.127960 -0.125418
v 2.241707 0.109524 -0.136922
v 2.270212 0.080441 -0.145821
v 2.288862 0.043558 -0.151241
v 2.295829 0.002484 -0.152654
v 2.293350 -0.038942 -0.144397
v 2.275981 -0.076614 -0.137731
v 2.248383 -0.106700 -0.127809
v 2.213256 -0.126255 -0.115600
v 2.109399 -0.130739 -0.080701
v 2.005138 -0.129107 -0.045803
v 1.969283 -0.110524 -0.034207
v 1.940551 -0.081210 -0.025238
v 1.921754 -0.044033 -0.019774
v 1.914731 -0.002633 -0.018351
v 1.920170 0.038938 -0.021106
v 1.937539 0.076610 -0.027772
v 1.965138 0.106696 -0.037694
v 2.000264 0.126251 -0.049903
v 2.104429 0.129655 -0.084881
v 2.208383 0.129103 -0.119700
v 2.244237 0.110520 -0.131296
v 2.272969 0.081206 -0.140265
v 2.291767 0.044029 -0.145729
v 2.298790 0.002629 -0.147153
v 2.294345 -0.038497 -0.138244
v 2.277113 -0.075872 -0.131631
v 2.249732 -0.105721 -0.121786
v 2.214883 -0.125121 -0.109674
v 2.111335 -0.129549 -0.074880
v 2.007385 -0.127964 -0.040085
v 1.971813 -0.109528 -0.028581
v 1.943308 -0.080445 -0.019682
v 1.924659 -0.043562 -0.014262
v 1.917691 -0.002488 -0.012849
v 1.923088 0.038755 -0.015583
v 1.940320 0.076130 -0.022196
v 1.967700 0.105979 -0.032040
v 2.002550 0.125379 -0.044153
v 2.106406 0.128727 -0.079026
v 2.210048 0.128222 -0.113741
v 2.245619 0.109787 -0.125246
v 2.274125 0.080703 -0.134144
v 2.292774 0.043820 -0.139565
v 2.299741 0.002746 -0.140977
v 2.293320 -0.037467 -0.132062
v 2.276485 -0.073979 -0.125602
v 2.249736 -0.103139 -0.115985
v 2.215691 -0.122092 -0.104152
v 2.113041 -0.126357 -0.069662
v 2.009994 -0.124911 -0.035168
v 1.975244 -0.106900 -0.023928
v 1.947396 -0.078488 -0.015236
v 1.929177 -0.042456 -0.009940
v 1.922371 -0.002330 -0.008560
v 1.927643 0.037961 -0.011231
v 1.944477 0.074474 -0.017691
v 1.971226 0.103634 -0.027308
v 2.005271 0.122587 -0.039141
v 2.108229 0.125772 -0.073710
v 2.210968 0.125405 -0.108126
v 2.245718 0.107395 -0.119365
v 2.273566 0.078983 -0.128058
v 2.291785 0.042950 -0.133353
v 2.298591 0.002825 -0.134733
v 2.290374 -0.035953 -0.126458
v 2.274159 -0.071122 -0.120236
v 2.248394 -0.099209 -0.110973
v 2.215602 -0.117465 -0.099575
v 2.114350 -0.121476 -0.065559
v 2.012711 -0.120245 -0.031532
v 1.979239 -0.102897 -0.020706
v 1.952416 -0.075530 -0.012333
v 1.934867 -0.040823 -0.007232
v 1.928311 -0.002174 -0.005903
v 1.933389 0.036635 -0.008475
v 1.949604 0.071804 -0.014698
v 1.975369 0.099891 -0.023961
v 2.008161 0.118147 -0.035359
v 2.109721 0.121079 -0.069453
v 2.211052 0.120927 -0.103402
v 2.244524 0.103579 -0.114228
v 2.271347 0.076212 -0.122601
v 2.288896 0.041506 -0.127702
v 2.295452 0.002856 -0.129031
v 2.285797 -0.034103 -0.121980
v 2.270363 -0.067579 -0.116057
v 2.245838 -0.094315 -0.107240
v 2.214624 -0.111692 -0.096391
v 2.115134 -0.115383 -0.062973
v 2.015268 -0.114423 -0.029533
v 1.983407 -0.097910 -0.019228
v 1.957875 -0.071861 -0.011258
v 1.941171 -0.038825 -0.006403
v 1.934931 -0.002035 -0.005138
v 1.939764 0.034906 -0.007587
v 1.955199 0.068382 -0.013510
v 1.979723 0.095117 -0.022327
v 2.010937 0.112495 -0.033176
v 2.110735 0.115107 -0.066673
v 2.210293 0.115226 -0.100034
v 2.242154 0.098713 -0.110339
v 2.267686 0.072664 -0.118309
v 2.284390 0.039627 -0.123164
v 2.290631 0.002838 -0.124429
v 2.280037 -0.032098 -0.119066
v 2.265468 -0.063699 -0.113475
v 2.242317 -0.088935 -0.105152
v 2.212853 -0.105338 -0.094911
v 2.115316 -0.108676 -0.062155
v 2.017416 -0.108016 -0.029368
v 1.987341 -0.092429 -0.019640
v 1.963240 -0.067839 -0.012117
v 1.947472 -0.036655 -0.007534
v 1.941582 -0.001928 -0.006340
v 1.946144 0.032943 -0.008651
v 1.960713 0.064543 -0.014242
v 1.983864 0.089780 -0.022566
v 2.013328 0.106183 -0.032806
v 2.111172 0.108441 -0.065641
v 2.208765 0.108860 -0.098350
v 2.238840 0.093273 -0.108077
v 2.262941 0.068684 -0.115600
v 2.278709 0.037499 -0.120183
v 2.284599 0.002772 -0.121378
v 2.273657 -0.030135 -0.118002
v 2.259953 -0.059859 -0.112742
v 2.238177 -0.083597 -0.104913
v 2.210462 -0.099027 -0.095281
v 2.114879 -0.102010 -0.063187
v 2.018945 -0.101651 -0.031052
v 1.990655 -0.086989 -0.021902
v 1.967985 -0.063859 -0.014825
v 1.953154 -0.034527 -0.010514
v 1.947613 -0.001862 -0.009391
v 1.951904 0.030938 -0.011565
v 1.965609 0.060662 -0.016824
v 1.987384 0.084400 -0.024653
v 2.015099 0.099829 -0.034286
v 2.110990 0.101733 -0.066458
v 2.206617 0.102453 -0.098515
v 2.234906 0.087792 -0.107665
v 2.257576 0.064662 -0.114741
v 2.272407 0.035329 -0.119052
v 2.277948 0.002664 -0.120176
v 2.267282 -0.028406 -0.118890
v 2.254358 -0.056437 -0.113931
v 2.233823 -0.078824 -0.106548
v 2.207686 -0.093374 -0.097464
v 2.113864 -0.096038 -0.065968
v 2.019704 -0.095950 -0.034420
v 1.993025 -0.082123 -0.025791
v 1.971646 -0.060311 -0.019118
v 1.957660 -0.032648 -0.015052
v 1.952434 -0.001843 -0.013993
v 1.956481 0.029088 -0.016043
v 1.969405 0.057119 -0.021003
v 1.989941 0.079506 -0.028386
v 2.016077 0.094056 -0.037470
v 2.110206 0.095641 -0.069045
v 2.204059 0.096632 -0.100514
v 2.230738 0.082805 -0.109142
v 2.252117 0.060993 -0.115816
v 2.266103 0.033331 -0.119881
v 2.271329 0.002526 -0.120941
v 2.261535 -0.027080 -0.121646
v 2.249231 -0.053767 -0.116924
v 2.229680 -0.075081 -0.109895
v 2.204795 -0.088934 -0.101246
v 2.112373 -0.091344 -0.070224
v 2.019619 -0.091471 -0.039143
v 1.994219 -0.078307 -0.030928
v 1.973865 -0.057540 -0.024574
v 1.960549 -0.031204 -0.020704
v 1.955573 -0.001875 -0.019695
v 1.959427 0.027574 -0.021647
v 1.971731 0.054262 -0.026369
v 1.991282 0.075576 -0.033399
v 2.016167 0.089429 -0.042047
v 2.108897 0.090760 -0.073148
v 2.201343 0.091966 -0.104150
v 2.226743 0.078802 -0.112365
v 2.247097 0.058035 -0.118719
v 2.260414 0.031698 -0.122589
v 2.265389 0.002370 -0.123598
v 2.256981 -0.026286 -0.125998
v 2.245074 -0.052111 -0.121429
v 2.226154 -0.072736 -0.114627
v 2.202074 -0.086142 -0.106257
v 2.110549 -0.088389 -0.075540
v 2.018699 -0.088654 -0.044759
v 1.994120 -0.075915 -0.036809
v 1.974424 -0.055820 -0.030661
v 1.961538 -0.030334 -0.026915
v 1.956724 -0.001953 -0.025940
v 1.960452 0.026544 -0.027829
v 1.972359 0.052370 -0.032398
v 1.991278 0.072994 -0.039200
v 2.015358 0.086400 -0.047569
v 2.107191 0.087568 -0.078365
v 2.198733 0.088912 -0.109068
v 2.223312 0.076173 -0.117017
v 2.243009 0.056078 -0.123166
v 2.255895 0.030592 -0.126911
v 2.260709 0.002212 -0.127887
vt 0.279757 0.356669
vt 0.279757 0.341501
vt 0.283757 0.341697
vt 0.283757 0.357041
vt 0.275758 0.357041
vt 0.275758 0.341697
vt 0.279757 0.324687
vt 0.283757 0.324687
vt 0.287365 0.342265
vt 0.287365 0.358122
vt 0.279757 0.368707
vt 0.283757 0.369219
vt 0.272150 0.358122
vt 0.272150 0.342265
vt 0.275758 0.324687
vt 0.275758 0.369219
vt 0.279757 0.307873
vt 0.283757 0.307677
vt 0.287365 0.324687
vt 0.290228 0.343150
vt 0.290228 0.359805
vt 0.287365 0.370706
vt 0.269287 0.359805
vt 0.269287 0.343150
vt 0.272150 0.324687
vt 0.272150 0.370706
vt 0.275758 0.307677
vt 0.279757 0.292705
vt 0.283757 0.292333
vt 0.287365 0.307109
vt 0.290228 0.324687
vt 0.290228 0.373023
vt 0.269287 0.324687
vt 0.269287 0.373023
vt 0.272150 0.307109
vt 0.275758 0.292333
vt 0.279757 0.280667
vt 0.283757 0.280155
vt 0.287365 0.291252
vt 0.290228 0.306224
vt 0.269287 0.306224
vt 0.272150 0.291252
vt 0.275758 0.280155
vt 0.287365 0.278668
vt 0.290228 0.289569
vt 0.269287 0.289569
vt 0.272150 0.278668
vt 0.290228 0.276351
vt 0.269287 0.276351
vt 0.256656 0.307873
vt 0.256656 0.292705
vt 0.260655 0.292333
vt 0.260655 0.307677
vt 0.252656 0.307677
vt 0.252656 0.292333
vt 0.256656 0.280667
vt 0.260655 0.280155
vt 0.264263 0.291252
vt 0.264263 0.307109
vt 0.256656 0.324687
vt 0.260655 0.324687
vt 0.249048 0.307109
vt 0.249048 0.291252
vt 0.252656 0.280155
vt 0.252656 0.324687
vt 0.264263 0.278668
vt 0.267126 0.289569
vt 0.267126 0.306224
vt 0.264263 0.324687
vt 0.256656 0.341501
vt 0.260655 0.341697
vt 0.246185 0.306224
vt 0.246185 0.289569
vt 0.249048 0.278668
vt 0.249048 0.324687
vt 0.252656 0.341697
vt 0.267126 0.276351
vt 0.267126 0.324687
vt 0.264263 0.342265
vt 0.256656 0.356669
vt 0.260655 0.357041
vt 0.246185 0.276351
vt 0.246185 0.324687
vt 0.249048 0.342265
vt 0.252656 0.357041
vt 0.267126 0.343150
vt 0.264263 0.358122
vt 0.256656 0.368707
vt 0.260655 0.369219
vt 0.246185 0.343150
vt 0.249048 0.358122
vt 0.252656 0.369219
vt 0.267126 0.359805
vt 0.264263 0.370706
vt 0.246185 0.359805
vt 0.249048 0.370706
vt 0.267126 0.373023
vt 0.246185 0.373023
vt 0.333568 0.295568
vt 0.333568 0.317263
vt 0.329961 0.316695
vt 0.329961 0.294488
vt 0.336432 0.297251
vt 0.336432 0.318148
vt 0.333568 0.341312
vt 0.329961 0.341312
vt 0.325961 0.316499
vt 0.325961 0.294115
vt 0.333568 0.278351
vt 0.329961 0.276864
vt 0.336432 0.341312
vt 0.336432 0.280667
vt 0.333568 0.365361
vt 0.329961 0.365929
vt 0.325961 0.341312
vt 0.321962 0.316695
vt 0.321962 0.294488
vt 0.325961 0.276351
vt 0.336432 0.364476
vt 0.333568 0.387056
vt 0.329961 0.388136
vt 0.325961 0.366125
vt 0.321962 0.341312
vt 0.318354 0.317263
vt 0.318354 0.295568
vt 0.321962 0.276864
vt 0.336432 0.385373
vt 0.333568 0.404273
vt 0.329961 0.405760
vt 0.325961 0.388509
vt 0.321962 0.365929
vt 0.318354 0.341312
vt 0.315491 0.318148
vt 0.315491 0.297251
vt 0.318354 0.278351
vt 0.336432 0.401957
vt 0.325961 0.406273
vt 0.321962 0.388136
vt 0.318354 0.365361
vt 0.315491 0.341312
vt 0.315491 0.280667
vt 0.321962 0.405760
vt 0.318354 0.387056
vt 0.315491 0.364476
vt 0.318354 0.404273
vt 0.315491 0.385373
vt 0.315491 0.401957
vt 0.310467 0.365361
vt 0.310467 0.387056
vt 0.306859 0.388136
vt 0.306859 0.365929
vt 0.313330 0.364476
vt 0.313330 0.385373
vt 0.310467 0.404273
vt 0.306859 0.405760
vt 0.302859 0.388509
vt 0.302859 0.366125
vt 0.310467 0.341312
vt 0.306859 0.341312
vt 0.313330 0.401957
vt 0.313330 0.341312
vt 0.302859 0.406273
vt 0.298860 0.388136
vt 0.298860 0.365929
vt 0.302859 0.341312
vt 0.310467 0.317263
vt 0.306859 0.316695
vt 0.313330 0.318148
vt 0.298860 0.405760
vt 0.295252 0.387056
vt 0.295252 0.365361
vt 0.298860 0.341312
vt 0.302859 0.316499
vt 0.310467 0.295568
vt 0.306859 0.294488
vt 0.313330 0.297251
vt 0.295252 0.404273
vt 0.292389 0.385373
vt 0.292389 0.364476
vt 0.295252 0.341312
vt 0.298860 0.316695
vt 0.302859 0.294115
vt 0.310467 0.278351
vt 0.306859 0.276864
vt 0.313330 0.280667
vt 0.292389 0.401957
vt 0.292389 0.341312
vt 0.295252 0.317263
vt 0.298860 0.294488
vt 0.302859 0.276351
vt 0.292389 0.318148
vt 0.295252 0.295568
vt 0.298860 0.276864
vt 0.292389 0.297251
vt 0.295252 0.278351
vt 0.292389 0.280667
vt 0.130603 0.070013
vt 0.113948 0.061527
vt 0.115063 0.058096
vt 0.132724 0.067094
vt 0.095485 0.058603
vt 0.095485 0.054995
vt 0.116299 0.054292
vt 0.135075 0.063859
vt 0.143821 0.083231
vt 0.146740 0.081110
vt 0.077023 0.061527
vt 0.075908 0.058096
vt 0.095485 0.050995
vt 0.117534 0.050488
vt 0.137425 0.060623
vt 0.149975 0.078759
vt 0.152307 0.099886
vt 0.155738 0.098771
vt 0.060367 0.070013
vt 0.058247 0.067094
vt 0.074672 0.054292
vt 0.095485 0.046996
vt 0.118649 0.047057
vt 0.139546 0.057704
vt 0.153211 0.076409
vt 0.159542 0.097535
vt 0.149584 0.100771
vt 0.141504 0.084914
vt 0.153131 0.159076
vt 0.156739 0.159076
vt 0.047149 0.083231
vt 0.044231 0.081110
vt 0.055896 0.063859
vt 0.073436 0.050488
vt 0.095485 0.043388
vt 0.156130 0.074288
vt 0.163346 0.096300
vt 0.160739 0.159076
vt 0.150268 0.159076
vt 0.152307 0.218447
vt 0.155738 0.219562
vt 0.038663 0.099886
vt 0.035232 0.098771
vt 0.040995 0.078759
vt 0.053545 0.060623
vt 0.072321 0.047057
vt 0.166777 0.095185
vt 0.164738 0.159076
vt 0.159542 0.220798
vt 0.149584 0.217563
vt 0.143821 0.235103
vt 0.146740 0.237223
vt 0.049466 0.084914
vt 0.041386 0.100771
vt 0.038487 0.159076
vt 0.034879 0.159076
vt 0.031428 0.097535
vt 0.037759 0.076409
vt 0.051424 0.057704
vt 0.158446 0.072605
vt 0.169500 0.094300
vt 0.168346 0.159076
vt 0.163346 0.222034
vt 0.149975 0.239574
vt 0.141504 0.233420
vt 0.130603 0.248320
vt 0.132724 0.251239
vt 0.041350 0.159076
vt 0.038663 0.218447
vt 0.035232 0.219562
vt 0.030880 0.159076
vt 0.027624 0.096300
vt 0.034841 0.074288
vt 0.171209 0.159076
vt 0.166777 0.223149
vt 0.153211 0.241925
vt 0.135075 0.254475
vt 0.113948 0.256807
vt 0.115063 0.260238
vt 0.041386 0.217563
vt 0.047149 0.235103
vt 0.044231 0.237223
vt 0.031428 0.220798
vt 0.026880 0.159076
vt 0.024193 0.095185
vt 0.169500 0.224034
vt 0.156130 0.244046
vt 0.137425 0.257710
vt 0.116299 0.264042
vt 0.095485 0.259731
vt 0.095485 0.263339
vt 0.049466 0.233420
vt 0.060367 0.248320
vt 0.058247 0.251239
vt 0.040995 0.239574
vt 0.027624 0.222034
vt 0.023272 0.159076
vt 0.021470 0.094300
vt 0.032524 0.072605
vt 0.158446 0.245729
vt 0.139546 0.260629
vt 0.117534 0.267845
vt 0.095485 0.267338
vt 0.077023 0.256807
vt 0.075908 0.260238
vt 0.055896 0.254475
vt 0.037759 0.241925
vt 0.024193 0.223149
vt 0.020409 0.159076
vt 0.118649 0.271277
vt 0.095485 0.271338
vt 0.074672 0.264042
vt 0.053545 0.257710
vt 0.034841 0.244046
vt 0.021470 0.224034
vt 0.095485 0.274946
vt 0.073436 0.267845
vt 0.051424 0.260629
vt 0.032524 0.245729
vt 0.072321 0.271277
vt 0.205202 0.057704
vt 0.226099 0.047057
vt 0.227214 0.050488
vt 0.207323 0.060623
vt 0.249263 0.043388
vt 0.249263 0.046996
vt 0.228450 0.054292
vt 0.209674 0.063859
vt 0.188619 0.074288
vt 0.191538 0.076409
vt 0.272427 0.047057
vt 0.271313 0.050488
vt 0.249263 0.050995
vt 0.229686 0.058095
vt 0.212025 0.067094
vt 0.194773 0.078759
vt 0.177971 0.095185
vt 0.181403 0.096300
vt 0.293324 0.057704
vt 0.291203 0.060623
vt 0.270077 0.054292
vt 0.249263 0.054995
vt 0.230801 0.061527
vt 0.214145 0.070013
vt 0.198009 0.081110
vt 0.185206 0.097536
vt 0.175248 0.094300
vt 0.186302 0.072605
vt 0.176403 0.159076
vt 0.180010 0.159076
vt 0.309908 0.074288
vt 0.306989 0.076409
vt 0.288853 0.063859
vt 0.268841 0.058095
vt 0.249263 0.058603
vt 0.200928 0.083231
vt 0.189010 0.098771
vt 0.184010 0.159076
vt 0.173539 0.159076
vt 0.177971 0.223149
vt 0.181403 0.222034
vt 0.320555 0.095185
vt 0.317124 0.096300
vt 0.303753 0.078759
vt 0.286502 0.067094
vt 0.267726 0.061527
vt 0.192441 0.099886
vt 0.188009 0.159076
vt 0.185206 0.220798
vt 0.175248 0.224034
vt 0.188619 0.244046
vt 0.191538 0.241925
vt 0.312224 0.072605
vt 0.323278 0.094300
vt 0.321476 0.159076
vt 0.317868 0.159076
vt 0.313320 0.097536
vt 0.300518 0.081110
vt 0.284381 0.070013
vt 0.203244 0.084914
vt 0.195164 0.100771
vt 0.191617 0.159076
vt 0.189010 0.219562
vt 0.194773 0.239574
vt 0.186302 0.245729
vt 0.205202 0.260629
vt 0.207323 0.257710
vt 0.324340 0.159076
vt 0.320555 0.223149
vt 0.317124 0.222034
vt 0.313869 0.159076
vt 0.309517 0.098771
vt 0.297599 0.083231
vt 0.194480 0.159076
vt 0.192441 0.218447
vt 0.198009 0.237223
vt 0.209674 0.254475
vt 0.226099 0.271277
vt 0.227214 0.267845
vt 0.323278 0.224034
vt 0.309908 0.244046
vt 0.306989 0.241925
vt 0.313320 0.220798
vt 0.309870 0.159076
vt 0.306085 0.099886
vt 0.195164 0.217563
vt 0.200928 0.235103
vt 0.212025 0.251239
vt 0.228450 0.264042
vt 0.249263 0.274946
vt 0.249263 0.271338
vt 0.312224 0.245729
vt 0.293324 0.260629
vt 0.291203 0.257710
vt 0.303753 0.239574
vt 0.309517 0.219562
vt 0.306262 0.159076
vt 0.303362 0.100771
vt 0.295283 0.084914
vt 0.203244 0.233420
vt 0.214145 0.248320
vt 0.229686 0.260238
vt 0.249263 0.267338
vt 0.272428 0.271277
vt 0.271313 0.267845
vt 0.288853 0.254475
vt 0.300518 0.237223
vt 0.306085 0.218447
vt 0.303398 0.159076
vt 0.230801 0.256807
vt 0.249263 0.263339
vt 0.270077 0.264042
vt 0.286502 0.251239
vt 0.297599 0.235103
vt 0.303362 0.217563
vt 0.249263 0.259731
vt 0.268841 0.260238
vt 0.284381 0.248320
vt 0.295283 0.233420
vt 0.267726 0.256807
vt 0.363575 0.237444
vt 0.363575 0.222276
vt 0.367574 0.221904
vt 0.367574 0.237248
vt 0.359576 0.237248
vt 0.359576 0.221904
vt 0.371182 0.220823
vt 0.371182 0.236680
vt 0.363575 0.294986
vt 0.367574 0.294986
vt 0.355968 0.236680
vt 0.355968 0.220823
vt 0.359576 0.294986
vt 0.371182 0.294986
vt 0.363575 0.352708
vt 0.367574 0.352904
vt 0.355968 0.294986
vt 0.359576 0.352904
vt 0.371182 0.353472
vt 0.363575 0.367876
vt 0.367574 0.368248
vt 0.355968 0.353472
vt 0.359576 0.368248
vt 0.371182 0.369329
vt 0.355968 0.369329
vt 0.346200 0.352708
vt 0.346200 0.367876
vt 0.342200 0.368248
vt 0.342200 0.352904
vt 0.350199 0.352904
vt 0.350199 0.368248
vt 0.338592 0.369329
vt 0.338592 0.353472
vt 0.346200 0.294986
vt 0.342200 0.294986
vt 0.353807 0.353472
vt 0.353807 0.369329
vt 0.350199 0.294986
vt 0.338592 0.294986
vt 0.346200 0.237444
vt 0.342200 0.237248
vt 0.353807 0.294986
vt 0.350199 0.237248
vt 0.338592 0.236680
vt 0.346200 0.222276
vt 0.342200 0.221904
vt 0.353807 0.236680
vt 0.350199 0.221904
vt 0.338592 0.220823
vt 0.353807 0.220823
vt 0.326601 0.066536
vt 0.326601 0.044841
vt 0.330209 0.043760
vt 0.330209 0.065968
vt 0.334208 0.043388
vt 0.334208 0.065772
vt 0.326601 0.131312
vt 0.330209 0.131312
vt 0.338208 0.043760
vt 0.338208 0.065968
vt 0.334208 0.131312
vt 0.326601 0.196270
vt 0.330209 0.196838
vt 0.341816 0.044841
vt 0.341816 0.066536
vt 0.338208 0.131312
vt 0.334208 0.197033
vt 0.326601 0.217965
vt 0.330209 0.219045
vt 0.341816 0.131312
vt 0.338208 0.196838
vt 0.334208 0.219417
vt 0.341816 0.196270
vt 0.338208 0.219045
vt 0.341816 0.217965
vt 0.359661 0.196270
vt 0.359661 0.217965
vt 0.356053 0.219045
vt 0.356053 0.196838
vt 0.352054 0.219417
vt 0.352054 0.197033
vt 0.359661 0.131312
vt 0.356053 0.131312
vt 0.348055 0.219045
vt 0.348055 0.196838
vt 0.352054 0.131312
vt 0.359661 0.066536
vt 0.356053 0.065968
vt 0.344447 0.217965
vt 0.344447 0.196270
vt 0.348055 0.131312
vt 0.352054 0.065772
vt 0.359661 0.044841
vt 0.356053 0.043760
vt 0.344447 0.131312
vt 0.348055 0.065968
vt 0.352054 0.043388
vt 0.344447 0.066536
vt 0.348055 0.043760
vt 0.344447 0.044841
vn -0.778181 0.577094 0.247784
vn -0.907520 0.296564 0.297418
vn -0.961456 0.271749 -0.041900
vn -0.839791 0.535634 -0.088589
vn -0.572668 0.801131 0.173895
vn -0.646472 0.746378 -0.158095
vn -0.125803 0.991856 0.019885
vn -0.227619 0.924996 -0.304258
vn -0.019079 0.999689 -0.016050
vn -0.121844 0.937832 -0.324999
vn 0.087626 0.994811 -0.051693
vn -0.024915 0.927807 -0.372228
vn 0.541798 0.816400 -0.199864
vn 0.401871 0.760740 -0.509681
vn 0.755751 0.598111 -0.266651
vn 0.603130 0.555403 -0.572506
vn 0.895727 0.321274 -0.307337
vn 0.734800 0.294991 -0.610778
vn 0.948022 0.012989 -0.317938
vn 0.783993 0.004997 -0.620750
vn 0.907519 -0.296568 -0.297418
vn 0.745892 -0.286192 -0.601447
vn 0.778180 -0.577095 -0.247785
vn 0.624228 -0.550075 -0.554759
vn 0.572668 -0.801131 -0.173897
vn 0.430909 -0.760819 -0.485255
vn 0.117197 -0.992963 -0.016979
vn 0.002892 -0.940519 -0.339728
vn 0.019079 -0.999689 0.016048
vn -0.085504 -0.952020 -0.293847
vn -0.079487 -0.995632 0.048982
vn -0.184173 -0.943053 -0.277004
vn -0.541799 -0.816401 0.199860
vn -0.617433 -0.775183 -0.133668
vn -0.755752 -0.598111 0.266649
vn -0.818693 -0.569846 -0.070841
vn -0.895728 -0.321272 0.307337
vn -0.950364 -0.309432 -0.032570
vn -0.948022 -0.012990 0.317938
vn -0.999556 -0.019440 -0.022598
vn -0.905184 0.217093 -0.365394
vn -0.804665 0.435115 -0.403967
vn -0.644944 0.609233 -0.461392
vn -0.301576 0.754600 -0.582779
vn -0.209498 0.777538 -0.592912
vn -0.129595 0.756992 -0.640444
vn 0.221197 0.621099 -0.751870
vn 0.387477 0.451448 -0.803776
vn 0.496263 0.236297 -0.835396
vn 0.536905 -0.003297 -0.843636
vn 0.505428 -0.243878 -0.827687
vn 0.404908 -0.461898 -0.789113
vn 0.245189 -0.636014 -0.731688
vn -0.106612 -0.782210 -0.613825
vn -0.178926 -0.804484 -0.566384
vn -0.265938 -0.784360 -0.560407
vn -0.620953 -0.647883 -0.441209
vn -0.787234 -0.478232 -0.389304
vn -0.896020 -0.263079 -0.357685
vn -0.936662 -0.023487 -0.349447
vn -0.759100 0.142985 -0.635077
vn -0.688944 0.295148 -0.662000
vn -0.577470 0.416669 -0.702079
vn -0.340377 0.514715 -0.786901
vn -0.273312 0.544921 -0.792693
vn -0.215735 0.516453 -0.828694
vn 0.027037 0.424953 -0.904812
vn 0.143090 0.306548 -0.941038
vn 0.219014 0.156387 -0.963107
vn 0.247378 -0.010832 -0.968859
vn 0.225410 -0.178742 -0.957727
vn 0.155256 -0.330904 -0.930805
vn 0.043781 -0.452426 -0.890726
vn -0.199714 -0.550827 -0.810372
vn -0.251516 -0.581461 -0.773721
vn -0.315816 -0.552389 -0.771444
vn -0.560726 -0.460709 -0.687993
vn -0.676778 -0.342304 -0.651766
vn -0.752703 -0.192142 -0.629698
vn -0.781068 -0.024924 -0.623948
vn -0.550157 0.059321 -0.832951
vn -0.515347 0.134821 -0.846310
vn -0.460037 0.195118 -0.866196
vn -0.343686 0.239230 -0.908102
vn -0.309541 0.269195 -0.911986
vn -0.279303 0.240126 -0.929693
vn -0.160094 0.199227 -0.966788
vn -0.102512 0.140478 -0.984763
vn -0.064838 0.065972 -0.995713
vn -0.050763 -0.016999 -0.998566
vn -0.061665 -0.100313 -0.993043
vn -0.096475 -0.175812 -0.979685
vn -0.151786 -0.236108 -0.959799
vn -0.271442 -0.279992 -0.920828
vn -0.298330 -0.311297 -0.902271
vn -0.331798 -0.280804 -0.900588
vn -0.451728 -0.240219 -0.859207
vn -0.509312 -0.181469 -0.841232
vn -0.546985 -0.106962 -0.830281
vn -0.561060 -0.023991 -0.827428
vn -0.300629 -0.026815 -0.953364
vn -0.303044 -0.032053 -0.952437
vn -0.306882 -0.036237 -0.951057
vn -0.314394 -0.047132 -0.948122
vn -0.317566 -0.024592 -0.947917
vn -0.319658 -0.047212 -0.946356
vn -0.327693 -0.036522 -0.944078
vn -0.331688 -0.032446 -0.942831
vn -0.334302 -0.027276 -0.942071
vn -0.335279 -0.021519 -0.941873
vn -0.334522 -0.015739 -0.942256
vn -0.332107 -0.010500 -0.943183
vn -0.328269 -0.006317 -0.944563
vn -0.320460 0.005356 -0.947247
vn -0.317675 -0.018949 -0.948010
vn -0.315586 0.005417 -0.948881
vn -0.307459 -0.006032 -0.951542
vn -0.303463 -0.010108 -0.952790
vn -0.300849 -0.015277 -0.953549
vn -0.299873 -0.021034 -0.953747
vn -0.027018 -0.110341 -0.993527
vn -0.066298 -0.195537 -0.978453
vn -0.128712 -0.263576 -0.956013
vn -0.255927 -0.327010 -0.909706
vn -0.297807 -0.315751 -0.900895
vn -0.336155 -0.328137 -0.882794
vn -0.467171 -0.268214 -0.842504
vn -0.532150 -0.201920 -0.822219
vn -0.574659 -0.117845 -0.809864
vn -0.590539 -0.024220 -0.806645
vn -0.578240 0.069791 -0.812876
vn -0.538962 0.154987 -0.827949
vn -0.476547 0.223026 -0.850390
vn -0.345614 0.287633 -0.893207
vn -0.309119 0.274640 -0.910505
vn -0.269828 0.288645 -0.918628
vn -0.138087 0.227662 -0.963899
vn -0.073110 0.161368 -0.984183
vn -0.030600 0.077294 -0.996539
vn -0.014717 -0.016330 -0.999758
vn 0.255191 -0.186249 -0.948783
vn 0.181596 -0.345871 -0.920541
vn 0.064655 -0.473350 -0.878498
vn -0.171853 -0.584126 -0.793261
vn -0.250902 -0.584017 -0.771993
vn -0.326597 -0.586287 -0.741351
vn -0.569486 -0.482037 -0.665827
vn -0.691227 -0.357829 -0.627824
vn -0.770873 -0.200308 -0.604674
vn -0.800629 -0.024891 -0.598643
vn -0.777583 0.151250 -0.610319
vn -0.703989 0.310871 -0.638559
vn -0.587052 0.438350 -0.680602
vn -0.344192 0.550496 -0.760583
vn -0.272533 0.548905 -0.790208
vn -0.197417 0.552467 -0.809819
vn 0.047089 0.447039 -0.893274
vn 0.168833 0.322831 -0.931276
vn 0.248482 0.165308 -0.954426
vn 0.278238 -0.010108 -0.960459
vn 0.525330 -0.247974 -0.813964
vn 0.422849 -0.470259 -0.774633
vn 0.260005 -0.647779 -0.716086
vn -0.067395 -0.797479 -0.599571
vn -0.178504 -0.805434 -0.565165
vn -0.287821 -0.800545 -0.525630
vn -0.623074 -0.659876 -0.419932
vn -0.792605 -0.486909 -0.367011
vn -0.903518 -0.267552 -0.334769
vn -0.944956 -0.023274 -0.326367
vn -0.912861 0.222012 -0.342630
vn -0.810377 0.444292 -0.381961
vn -0.647534 0.621813 -0.440508
vn -0.312335 0.772899 -0.552335
vn -0.208712 0.779594 -0.590485
vn -0.102703 0.775728 -0.622655
vn 0.235543 0.633914 -0.736663
vn 0.405076 0.460947 -0.789583
vn 0.515986 0.241588 -0.821823
vn 0.557420 -0.002689 -0.830227
vn 0.754007 -0.287254 -0.590728
vn 0.631765 -0.552397 -0.543811
vn 0.437525 -0.764148 -0.473973
vn 0.048191 -0.940110 -0.337448
vn -0.085335 -0.952189 -0.293349
vn -0.218430 -0.943809 -0.248018
vn -0.615828 -0.778579 -0.120710
vn -0.818048 -0.572260 -0.057587
vn -0.950346 -0.310607 -0.019135
vn -0.999774 -0.019227 -0.009114
vn -0.961491 0.273354 -0.028509
vn -0.839247 0.538495 -0.075419
vn -0.645005 0.750246 -0.145253
vn -0.247738 0.927498 -0.279951
vn -0.121368 0.938393 -0.323556
vn 0.006218 0.930935 -0.365131
vn 0.408347 0.764679 -0.498516
vn 0.610568 0.558360 -0.561642
vn 0.742863 0.296705 -0.600100
vn 0.792288 0.005328 -0.610124
vn 0.907519 -0.296567 -0.297417
vn 0.778180 -0.577095 -0.247784
vn 0.572669 -0.801131 -0.173896
vn 0.160717 -0.986491 -0.031705
vn 0.019079 -0.999689 0.016049
vn -0.122703 -0.990420 0.063346
vn -0.541797 -0.816401 0.199863
vn -0.755753 -0.598109 0.266651
vn -0.895727 -0.321275 0.307337
vn -0.948022 -0.012989 0.317938
vn -0.907519 0.296568 0.297418
vn -0.778181 0.577093 0.247785
vn -0.572667 0.801132 0.173895
vn -0.153794 0.987667 0.029359
vn -0.019079 0.999689 -0.016049
vn 0.116297 0.991326 -0.061220
vn 0.541798 0.816400 -0.199863
vn 0.755752 0.598111 -0.266651
vn 0.895728 0.321275 -0.307335
vn 0.948023 0.012991 -0.317935
vn 0.961491 -0.273353 0.028513
vn 0.839246 -0.538496 0.075419
vn 0.645004 -0.750247 0.145253
vn 0.254392 -0.926295 0.277961
vn 0.121415 -0.938337 0.323699
vn -0.012236 -0.929994 0.367370
vn -0.408348 -0.764679 0.498517
vn -0.610567 -0.558359 0.561643
vn -0.742864 -0.296706 0.600099
vn -0.792292 -0.005326 0.610119
vn -0.754009 0.287255 0.590724
vn -0.631765 0.552396 0.543812
vn -0.437526 0.764147 0.473973
vn -0.041698 0.941303 0.334979
vn 0.085285 0.952238 0.293204
vn 0.212265 0.944740 0.249820
vn 0.615827 0.778580 0.120710
vn 0.818048 0.572260 0.057585
vn 0.950346 0.310606 0.019136
vn 0.999774 0.019229 0.009120
vn 0.912862 -0.222010 0.342629
vn 0.810378 -0.444295 0.381955
vn 0.647536 -0.621815 0.440504
vn 0.318054 -0.771655 0.550809
vn 0.208752 -0.779489 0.590609
vn 0.097619 -0.774722 0.624721
vn -0.235541 -0.633913 0.736665
vn -0.405073 -0.460945 0.789586
vn -0.515988 -0.241589 0.821822
vn -0.557427 0.002690 0.830222
vn -0.525330 0.247975 0.813963
vn -0.422844 0.470255 0.774637
vn -0.260002 0.647777 0.716089
vn 0.072862 0.798706 0.597293
vn 0.178460 0.805534 0.565038
vn 0.282505 0.801536 0.527003
vn 0.623074 0.659878 0.419929
vn 0.792606 0.486911 0.367007
vn 0.903518 0.267552 0.334770
vn 0.944955 0.023275 0.326372
vn 0.777586 -0.151250 0.610314
vn 0.703992 -0.310872 0.638556
vn 0.587051 -0.438351 0.680602
vn 0.348433 -0.549268 0.759539
vn 0.272524 -0.548949 0.790181
vn 0.193681 -0.551430 0.811426
vn -0.047089 -0.447038 0.893275
vn -0.168830 -0.322830 0.931277
vn -0.248477 -0.165308 0.954428
vn -0.278232 0.010109 0.960461
vn -0.255186 0.186249 0.948784
vn -0.181593 0.345871 0.920542
vn -0.064655 0.473349 0.878499
vn 0.175849 0.585337 0.791491
vn 0.250912 0.583975 0.772021
vn 0.322633 0.587309 0.742278
vn 0.569486 0.482038 0.665827
vn 0.691229 0.357830 0.627822
vn 0.770877 0.200307 0.604670
vn 0.800633 0.024891 0.598638
vn 0.578240 -0.069791 0.812876
vn 0.538960 -0.154986 0.827950
vn 0.476546 -0.223025 0.850390
vn 0.347972 -0.286551 0.892639
vn 0.309084 -0.275091 0.910380
vn 0.267741 -0.287678 0.919541
vn 0.138087 -0.227663 0.963899
vn 0.073108 -0.161370 0.984182
vn 0.030599 -0.077295 0.996539
vn 0.014719 0.016331 0.999758
vn 0.027018 0.110342 0.993526
vn 0.066296 0.195538 0.978453
vn 0.128711 0.263577 0.956013
vn 0.258136 0.328083 0.908695
vn 0.297860 0.315306 0.901034
vn 0.333925 0.329095 0.883284
vn 0.467171 0.268213 0.842504
vn 0.532148 0.201919 0.822221
vn 0.574658 0.117845 0.809864
vn 0.590541 0.024220 0.806644
vn 0.334522 0.015739 0.942256
vn 0.332107 0.010500 0.943183
vn 0.328269 0.006317 0.944563
vn 0.320653 -0.004586 0.947186
vn 0.317693 0.017969 0.948023
vn 0.315388 -0.004666 0.948951
vn 0.307458 0.006032 0.951542
vn 0.303463 0.010108 0.952790
vn 0.300849 0.015278 0.953549
vn 0.299873 0.021034 0.953747
vn 0.300629 0.026814 0.953364
vn 0.303044 0.032053 0.952437
vn 0.306882 0.036237 0.951058
vn 0.314574 0.047902 0.948024
vn 0.317586 0.023612 0.947936
vn 0.319448 0.047963 0.946389
vn 0.327693 0.036522 0.944078
vn 0.331688 0.032446 0.942831
vn 0.334302 0.027276 0.942071
vn 0.335278 0.021519 0.941873
vn 0.061665 0.100312 0.993043
vn 0.096476 0.175812 0.979685
vn 0.151786 0.236108 0.959799
vn 0.269299 0.280298 0.921364
vn 0.298489 0.309931 0.902689
vn 0.333681 0.281194 0.899770
vn 0.451728 0.240217 0.859207
vn 0.509311 0.181468 0.841232
vn 0.546984 0.106962 0.830282
vn 0.561060 0.023991 0.827428
vn 0.550158 -0.059322 0.832951
vn 0.515347 -0.134821 0.846310
vn 0.460037 -0.195117 0.866196
vn 0.341649 -0.238916 0.908953
vn 0.309435 -0.270578 0.911613
vn 0.281294 -0.239729 0.929195
vn 0.160094 -0.199228 0.966787
vn 0.102511 -0.140478 0.984763
vn 0.064838 -0.065971 0.995713
vn 0.050763 0.016999 0.998566
vn -0.225411 0.178741 0.957727
vn -0.155255 0.330904 0.930805
vn -0.043781 0.452425 0.890727
vn 0.195228 0.550599 0.811620
vn 0.251840 0.580105 0.774632
vn 0.319865 0.552337 0.769812
vn 0.560726 0.460709 0.687993
vn 0.676779 0.342304 0.651765
vn 0.752703 0.192143 0.629697
vn 0.781069 0.024923 0.623948
vn 0.759099 -0.142986 0.635077
vn 0.688945 -0.295148 0.661999
vn 0.577471 -0.416671 0.702078
vn 0.336048 -0.514933 0.788616
vn 0.273040 -0.546317 0.791825
vn 0.219951 -0.516494 0.827560
vn -0.027037 -0.424953 0.904812
vn -0.143088 -0.306548 0.941039
vn -0.219013 -0.156387 0.963108
vn -0.247378 0.010832 0.968858
vn -0.505428 0.243876 0.827688
vn -0.404909 0.461898 0.789113
vn -0.245188 0.636015 0.731688
vn 0.100032 0.781506 0.615826
vn 0.179322 0.803588 0.567529
vn 0.272005 0.783898 0.558137
vn 0.620954 0.647882 0.441210
vn 0.787234 0.478231 0.389304
vn 0.896020 0.263080 0.357684
vn 0.936662 0.023486 0.349447
vn 0.905184 -0.217095 0.365393
vn 0.804665 -0.435115 0.403968
vn 0.644945 -0.609232 0.461392
vn 0.295129 -0.755294 0.585175
vn 0.209137 -0.778484 0.591797
vn 0.135811 -0.757443 0.638620
vn -0.221196 -0.621099 0.751869
vn -0.387478 -0.451449 0.803775
vn -0.496263 -0.236296 0.835396
vn -0.536904 0.003296 0.843637
vn -0.745895 0.286191 0.601445
vn -0.624230 0.550076 0.554755
vn -0.430911 0.760820 0.485251
vn -0.010967 0.939511 0.342343
vn 0.085781 0.951743 0.294664
vn 0.191730 0.942322 0.274353
vn 0.617434 0.775183 0.133670
vn 0.818693 0.569845 0.070845
vn 0.950363 0.309433 0.032573
vn 0.999556 0.019439 0.022600
vn 0.961455 -0.271750 0.041903
vn 0.839791 -0.535633 0.088593
vn 0.646473 -0.746377 0.158098
vn 0.219612 -0.926000 0.307075
vn 0.121578 -0.938147 0.324191
vn 0.032553 -0.928533 0.369820
vn -0.401872 -0.760742 0.509678
vn -0.603132 -0.555404 0.572502
vn -0.734803 -0.294990 0.610774
vn -0.783995 -0.004998 0.620747
s 1
g pTorus9
usemtl initialShadingGroup
f 3352/4597/3501 3351/4598/3502 3371/4599/3503 3372/4600/3504
f 3353/4607/3505 3352/4597/3501 3372/4600/3504 3373/4608/3506
f 3354/5033/3507 3353/5034/3505 3373/5035/3506 3374/5036/3508
f 3355/5041/3509 3354/5033/3507 3374/5036/3508 3375/5042/3510
f 3356/5047/3511 3355/5041/3509 3375/5042/3510 3376/5048/3512
f 3357/5052/3513 3356/5047/3511 3376/5048/3512 3377/5053/3514
f 3358/4647/3515 3357/4652/3513 3377/4653/3514 3378/4648/3516
f 3359/4646/3517 3358/4647/3515 3378/4648/3516 3379/4649/3518
f 3360/4656/3519 3359/4646/3517 3379/4649/3518 3380/4657/3520
f 3361/4666/3521 3360/4656/3519 3380/4657/3520 3381/4667/3522
f 3362/4676/3523 3361/4666/3521 3381/4667/3522 3382/4677/3524
f 3363/4684/3525 3362/4676/3523 3382/4677/3524 3383/4685/3526
f 3364/5058/3527 3363/5059/3525 3383/5060/3526 3384/5061/3528
f 3365/5066/3529 3364/5058/3527 3384/5061/3528 3385/5067/3530
f 3366/5072/3531 3365/5066/3529 3385/5067/3530 3386/5073/3532
f 3367/5077/3533 3366/5072/3531 3386/5073/3532 3387/5078/3534
f 3368/4624/3535 3367/4633/3533 3387/4634/3534 3388/4625/3536
f 3369/4613/3537 3368/4624/3535 3388/4625/3536 3389/4614/3538
f 3370/4603/3539 3369/4613/3537 3389/4614/3538 3390/4604/3540
f 3351/4598/3502 3370/4603/3539 3390/4604/3540 3371/4599/3503
f 3372/4600/3504 3371/4599/3503 3391/4605/3541 3392/4606/3542
f 3373/4608/3506 3372/4600/3504 3392/4606/3542 3393/4618/3543
f 3374/5036/3508 3373/5035/3506 3393/5039/3543 3394/5040/3544
f 3375/5042/3510 3374/5036/3508 3394/5040/3544 3395/5046/3545
f 3376/5048/3512 3375/5042/3510 3395/5046/3545 3396/5051/3546
f 3377/5053/3514 3376/5048/3512 3396/5051/3546 3397/5056/3547
f 3378/4648/3516 3377/4653/3514 3397/4662/3547 3398/4654/3548
f 3379/4649/3518 3378/4648/3516 3398/4654/3548 3399/4655/3549
f 3380/4657/3520 3379/4649/3518 3399/4655/3549 3400/4665/3550
f 3381/4667/3522 3380/4657/3520 3400/4665/3550 3401/4675/3551
f 3382/4677/3524 3381/4667/3522 3401/4675/3551 3402/4683/3552
f 3383/4685/3526 3382/4677/3524 3402/4683/3552 3403/4690/3553
f 3384/5061/3528 3383/5060/3526 3403/5064/3553 3404/5065/3554
f 3385/5067/3530 3384/5061/3528 3404/5065/3554 3405/5071/3555
f 3386/5073/3532 3385/5067/3530 3405/5071/3555 3406/5076/3556
f 3387/5078/3534 3386/5073/3532 3406/5076/3556 3407/5081/3557
f 3388/4625/3536 3387/4634/3534 3407/4640/3557 3408/4635/3558
f 3389/4614/3538 3388/4625/3536 3408/4635/3558 3409/4626/3559
f 3390/4604/3540 3389/4614/3538 3409/4626/3559 3410/4615/3560
f 3371/4599/3503 3390/4604/3540 3410/4615/3560 3391/4605/3541
f 3392/4606/3542 3391/4605/3541 3411/4616/3561 3412/4617/3562
f 3393/4618/3543 3392/4606/3542 3412/4617/3562 3413/4628/3563
f 3394/4819/3544 3393/4820/3543 3413/4801/3563 3414/4809/3564
f 3395/4831/3545 3394/4819/3544 3414/4809/3564 3415/4821/3565
f 3396/4842/3546 3395/4831/3545 3415/4821/3565 3416/4832/3566
f 3397/4857/3547 3396/4842/3546 3416/4832/3566 3417/4843/3567
f 3398/4654/3548 3397/4662/3547 3417/4673/3567 3418/4663/3568
f 3399/4655/3549 3398/4654/3548 3418/4663/3568 3419/4664/3569
f 3400/4665/3550 3399/4655/3549 3419/4664/3569 3420/4674/3570
f 3401/4675/3551 3400/4665/3550 3420/4674/3570 3421/4682/3571
f 3402/4683/3552 3401/4675/3551 3421/4682/3571 3422/4689/3572
f 3403/4690/3553 3402/4683/3552 3422/4689/3572 3423/4693/3573
f 3404/4872/3554 3403/4884/3553 3423/4873/3573 3424/4861/3574
f 3405/4860/3555 3404/4872/3554 3424/4861/3574 3425/4847/3575
f 3406/4846/3556 3405/4860/3555 3425/4847/3575 3426/4834/3576
f 3407/4845/3557 3406/4846/3556 3426/4834/3576 3427/4823/3577
f 3408/4635/3558 3407/4640/3557 3427/4644/3577 3428/4641/3578
f 3409/4626/3559 3408/4635/3558 3428/4641/3578 3429/4636/3579
f 3410/4615/3560 3409/4626/3559 3429/4636/3579 3430/4627/3580
f 3391/4605/3541 3410/4615/3560 3430/4627/3580 3411/4616/3561
f 3412/4793/3562 3411/4794/3561 3431/4795/3581 3432/4796/3582
f 3413/4801/3563 3412/4793/3562 3432/4796/3582 3433/4802/3583
f 3414/4809/3564 3413/4801/3563 3433/4802/3583 3434/4810/3584
f 3415/4821/3565 3414/4809/3564 3434/4810/3584 3435/4822/3585
f 3416/4832/3566 3415/4821/3565 3435/4822/3585 3436/4833/3586
f 3417/4843/3567 3416/4832/3566 3436/4833/3586 3437/4844/3587
f 3418/4858/3568 3417/4843/3567 3437/4844/3587 3438/4859/3588
f 3419/4870/3569 3418/4858/3568 3438/4859/3588 3439/4871/3589
f 3420/4882/3570 3419/4870/3569 3439/4871/3589 3440/4883/3590
f 3421/4896/3571 3420/4882/3570 3440/4883/3590 3441/4897/3591
f 3422/4885/3572 3421/4896/3571 3441/4897/3591 3442/4886/3592
f 3423/4873/3573 3422/4885/3572 3442/4886/3592 3443/4874/3593
f 3424/4861/3574 3423/4873/3573 3443/4874/3593 3444/4862/3594
f 3425/4847/3575 3424/4861/3574 3444/4862/3594 3445/4848/3595
f 3426/4834/3576 3425/4847/3575 3445/4848/3595 3446/4835/3596
f 3427/4823/3577 3426/4834/3576 3446/4835/3596 3447/4824/3597
f 3428/4811/3578 3427/4823/3577 3447/4824/3597 3448/4812/3598
f 3429/4803/3579 3428/4811/3578 3448/4812/3598 3449/4804/3599
f 3430/4797/3580 3429/4803/3579 3449/4804/3599 3450/4798/3600
f 3411/4794/3561 3430/4797/3580 3450/4798/3600 3431/4795/3581
f 3432/4796/3582 3431/4795/3581 3451/4799/3601 3452/4800/3602
f 3433/4802/3583 3432/4796/3582 3452/4800/3602 3453/4808/3603
f 3434/4810/3584 3433/4802/3583 3453/4808/3603 3454/4818/3604
f 3435/4822/3585 3434/4810/3584 3454/4818/3604 3455/4830/3605
f 3436/4833/3586 3435/4822/3585 3455/4830/3605 3456/4841/3606
f 3437/4844/3587 3436/4833/3586 3456/4841/3606 3457/4856/3607
f 3438/4859/3588 3437/4844/3587 3457/4856/3607 3458/4869/3608
f 3439/4871/3589 3438/4859/3588 3458/4869/3608 3459/4881/3609
f 3440/4883/3590 3439/4871/3589 3459/4881/3609 3460/4895/3610
f 3441/4897/3591 3440/4883/3590 3460/4895/3610 3461/4904/3611
f 3442/4886/3592 3441/4897/3591 3461/4904/3611 3462/4898/3612
f 3443/4874/3593 3442/4886/3592 3462/4898/3612 3463/4887/3613
f 3444/4862/3594 3443/4874/3593 3463/4887/3613 3464/4875/3614
f 3445/4848/3595 3444/4862/3594 3464/4875/3614 3465/4863/3615
f 3446/4835/3596 3445/4848/3595 3465/4863/3615 3466/4849/3616
f 3447/4824/3597 3446/4835/3596 3466/4849/3616 3467/4836/3617
f 3448/4812/3598 3447/4824/3597 3467/4836/3617 3468/4825/3618
f 3449/4804/3599 3448/4812/3598 3468/4825/3618 3469/4813/3619
f 3450/4798/3600 3449/4804/3599 3469/4813/3619 3470/4805/3620
f 3431/4795/3581 3450/4798/3600 3470/4805/3620 3451/4799/3601
f 3452/4800/3602 3451/4799/3601 3471/4806/3621 3472/4807/3622
f 3453/4808/3603 3452/4800/3602 3472/4807/3622 3473/4817/3623
f 3454/4818/3604 3453/4808/3603 3473/4817/3623 3474/4829/3624
f 3455/4830/3605 3454/4818/3604 3474/4829/3624 3475/4840/3625
f 3456/4841/3606 3455/4830/3605 3475/4840/3625 3476/4855/3626
f 3457/4856/3607 3456/4841/3606 3476/4855/3626 3477/4868/3627
f 3458/4869/3608 3457/4856/3607 3477/4868/3627 3478/4880/3628
f 3459/4881/3609 3458/4869/3608 3478/4880/3628 3479/4894/3629
f 3460/4895/3610 3459/4881/3609 3479/4894/3629 3480/4903/3630
f 3461/4904/3611 3460/4895/3610 3480/4903/3630 3481/4909/3631
f 3462/4898/3612 3461/4904/3611 3481/4909/3631 3482/4905/3632
f 3463/4887/3613 3462/4898/3612 3482/4905/3632 3483/4899/3633
f 3464/4875/3614 3463/4887/3613 3483/4899/3633 3484/4888/3634
f 3465/4863/3615 3464/4875/3614 3484/4888/3634 3485/4876/3635
f 3466/4849/3616 3465/4863/3615 3485/4876/3635 3486/4864/3636
f 3467/4836/3617 3466/4849/3616 3486/4864/3636 3487/4850/3637
f 3468/4825/3618 3467/4836/3617 3487/4850/3637 3488/4837/3638
f 3469/4813/3619 3468/4825/3618 3488/4837/3638 3489/4826/3639
f 3470/4805/3620 3469/4813/3619 3489/4826/3639 3490/4814/3640
f 3451/4799/3601 3470/4805/3620 3490/4814/3640 3471/4806/3621
f 3472/4807/3622 3471/4806/3621 3491/4815/3641 3492/4816/3642
f 3473/4817/3623 3472/4807/3622 3492/4816/3642 3493/4828/3643
f 3474/4829/3624 3473/4817/3623 3493/4828/3643 3494/4839/3644
f 3475/4840/3625 3474/4829/3624 3494/4839/3644 3495/4854/3645
f 3476/4855/3626 3475/4840/3625 3495/4854/3645 3496/4867/3646
f 3477/4868/3627 3476/4855/3626 3496/4867/3646 3497/4879/3647
f 3478/4880/3628 3477/4868/3627 3497/4879/3647 3498/4893/3648
f 3479/4894/3629 3478/4880/3628 3498/4893/3648 3499/4902/3649
f 3480/4903/3630 3479/4894/3629 3499/4902/3649 3500/4908/3650
f 3481/4909/3631 3480/4903/3630 3500/4908/3650 3501/4912/3651
f 3482/4905/3632 3481/4909/3631 3501/4912/3651 3502/4910/3652
f 3483/4899/3633 3482/4905/3632 3502/4910/3652 3503/4906/3653
f 3484/4888/3634 3483/4899/3633 3503/4906/3653 3504/4900/3654
f 3485/4876/3635 3484/4888/3634 3504/4900/3654 3505/4889/3655
f 3486/4864/3636 3485/4876/3635 3505/4889/3655 3506/4877/3656
f 3487/4850/3637 3486/4864/3636 3506/4877/3656 3507/4865/3657
f 3488/4837/3638 3487/4850/3637 3507/4865/3657 3508/4851/3658
f 3489/4826/3639 3488/4837/3638 3508/4851/3658 3509/4838/3659
f 3490/4814/3640 3489/4826/3639 3509/4838/3659 3510/4827/3660
f 3471/4806/3621 3490/4814/3640 3510/4827/3660 3491/4815/3641
f 3492/4699/3642 3491/4700/3641 3511/4696/3661 3512/4695/3662
f 3493/4708/3643 3492/4699/3642 3512/4695/3662 3513/4705/3663
f 3494/4839/3644 3493/4828/3643 3513/4852/3663 3514/4853/3664
f 3495/4854/3645 3494/4839/3644 3514/4853/3664 3515/4866/3665
f 3496/4867/3646 3495/4854/3645 3515/4866/3665 3516/4878/3666
f 3497/4879/3647 3496/4867/3646 3516/4878/3666 3517/4892/3667
f 3498/4749/3648 3497/4756/3647 3517/4750/3667 3518/4745/3668
f 3499/4748/3649 3498/4749/3648 3518/4745/3668 3519/4744/3669
f 3500/4757/3650 3499/4748/3649 3519/4744/3669 3520/4754/3670
f 3501/4764/3651 3500/4757/3650 3520/4754/3670 3521/4762/3671
f 3502/4772/3652 3501/4764/3651 3521/4762/3671 3522/4770/3672
f 3503/4781/3653 3502/4772/3652 3522/4770/3672 3523/4779/3673
f 3504/4900/3654 3503/4906/3653 3523/4911/3673 3524/4907/3674
f 3505/4889/3655 3504/4900/3654 3524/4907/3674 3525/4901/3675
f 3506/4877/3656 3505/4889/3655 3525/4901/3675 3526/4890/3676
f 3507/4865/3657 3506/4877/3656 3526/4890/3676 3527/4891/3677
f 3508/4723/3658 3507/4732/3657 3527/4724/3677 3528/4716/3678
f 3509/4715/3659 3508/4723/3658 3528/4716/3678 3529/4709/3679
f 3510/4707/3660 3509/4715/3659 3529/4709/3679 3530/4701/3680
f 3491/4700/3641 3510/4707/3660 3530/4701/3680 3511/4696/3661
f 3512/4695/3662 3511/4696/3661 3531/4697/3681 3532/4698/3682
f 3513/4705/3663 3512/4695/3662 3532/4698/3682 3533/4706/3683
f 3514/5083/3664 3513/5084/3663 3533/5085/3683 3534/5086/3684
f 3515/5089/3665 3514/5083/3664 3534/5086/3684 3535/5090/3685
f 3516/5094/3666 3515/5089/3665 3535/5090/3685 3536/5095/3686
f 3517/5100/3667 3516/5094/3666 3536/5095/3686 3537/5101/3687
f 3518/4745/3668 3517/4750/3667 3537/4751/3687 3538/4746/3688
f 3519/4744/3669 3518/4745/3668 3538/4746/3688 3539/4747/3689
f 3520/4754/3670 3519/4744/3669 3539/4747/3689 3540/4755/3690
f 3521/4762/3671 3520/4754/3670 3540/4755/3690 3541/4763/3691
f 3522/4770/3672 3521/4762/3671 3541/4763/3691 3542/4771/3692
f 3523/4779/3673 3522/4770/3672 3542/4771/3692 3543/4780/3693
f 3524/5108/3674 3523/5109/3673 3543/5110/3693 3544/5111/3694
f 3525/5114/3675 3524/5108/3674 3544/5111/3694 3545/5115/3695
f 3526/5119/3676 3525/5114/3675 3545/5115/3695 3546/5120/3696
f 3527/5125/3677 3526/5119/3676 3546/5120/3696 3547/5126/3697
f 3528/4716/3678 3527/4724/3677 3547/4725/3697 3548/4717/3698
f 3529/4709/3679 3528/4716/3678 3548/4717/3698 3549/4710/3699
f 3530/4701/3680 3529/4709/3679 3549/4710/3699 3550/4702/3700
f 3511/4696/3661 3530/4701/3680 3550/4702/3700 3531/4697/3681
f 3532/4698/3682 3531/4697/3681 3551/4703/3701 3552/4704/3702
f 3533/4706/3683 3532/4698/3682 3552/4704/3702 3553/4714/3703
f 3534/5086/3684 3533/5085/3683 3553/5087/3703 3554/5088/3704
f 3535/5090/3685 3534/5086/3684 3554/5088/3704 3555/5093/3705
f 3536/5095/3686 3535/5090/3685 3555/5093/3705 3556/5099/3706
f 3537/5101/3687 3536/5095/3686 3556/5099/3706 3557/5104/3707
f 3538/4746/3688 3537/4751/3687 3557/4758/3707 3558/4752/3708
f 3539/4747/3689 3538/4746/3688 3558/4752/3708 3559/4753/3709
f 3540/4755/3690 3539/4747/3689 3559/4753/3709 3560/4761/3710
f 3541/4763/3691 3540/4755/3690 3560/4761/3710 3561/4769/3711
f 3542/4771/3692 3541/4763/3691 3561/4769/3711 3562/4778/3712
f 3543/4780/3693 3542/4771/3692 3562/4778/3712 3563/4786/3713
f 3544/5111/3694 3543/5110/3693 3563/5112/3713 3564/5113/3714
f 3545/5115/3695 3544/5111/3694 3564/5113/3714 3565/5118/3715
f 3546/5120/3696 3545/5115/3695 3565/5118/3715 3566/5124/3716
f 3547/5126/3697 3546/5120/3696 3566/5124/3716 3567/5129/3717
f 3548/4717/3698 3547/4725/3697 3567/4733/3717 3568/4726/3718
f 3549/4710/3699 3548/4717/3698 3568/4726/3718 3569/4718/3719
f 3550/4702/3700 3549/4710/3699 3569/4718/3719 3570/4711/3720
f 3531/4697/3681 3550/4702/3700 3570/4711/3720 3551/4703/3701
f 3552/4704/3702 3551/4703/3701 3571/4712/3721 3572/4713/3722
f 3553/4714/3703 3552/4704/3702 3572/4713/3722 3573/4722/3723
f 3554/5088/3704 3553/5087/3703 3573/5091/3723 3574/5092/3724
f 3555/5093/3705 3554/5088/3704 3574/5092/3724 3575/5098/3725
f 3556/5099/3706 3555/5093/3705 3575/5098/3725 3576/5103/3726
f 3557/5104/3707 3556/5099/3706 3576/5103/3726 3577/5106/3727
f 3558/4752/3708 3557/4758/3707 3577/4765/3727 3578/4759/3728
f 3559/4753/3709 3558/4752/3708 3578/4759/3728 3579/4760/3729
f 3560/4761/3710 3559/4753/3709 3579/4760/3729 3580/4768/3730
f 3561/4769/3711 3560/4761/3710 3580/4768/3730 3581/4777/3731
f 3562/4778/3712 3561/4769/3711 3581/4777/3731 3582/4785/3732
f 3563/4786/3713 3562/4778/3712 3582/4785/3732 3583/4789/3733
f 3564/5113/3714 3563/5112/3713 3583/5116/3733 3584/5117/3734
f 3565/5118/3715 3564/5113/3714 3584/5117/3734 3585/5123/3735
f 3566/5124/3716 3565/5118/3715 3585/5123/3735 3586/5128/3736
f 3567/5129/3717 3566/5124/3716 3586/5128/3736 3587/5131/3737
f 3568/4726/3718 3567/4733/3717 3587/4738/3737 3588/4734/3738
f 3569/4718/3719 3568/4726/3718 3588/4734/3738 3589/4727/3739
f 3570/4711/3720 3569/4718/3719 3589/4727/3739 3590/4719/3740
f 3551/4703/3701 3570/4711/3720 3590/4719/3740 3571/4712/3721
f 3572/4713/3722 3571/4712/3721 3591/4720/3741 3592/4721/3742
f 3573/4722/3723 3572/4713/3722 3592/4721/3742 3593/4731/3743
f 3574/5092/3724 3573/5091/3723 3593/5096/3743 3594/5097/3744
f 3575/5098/3725 3574/5092/3724 3594/5097/3744 3595/5102/3745
f 3576/5103/3726 3575/5098/3725 3595/5102/3745 3596/5105/3746
f 3577/5106/3727 3576/5103/3726 3596/5105/3746 3597/5107/3747
f 3578/4759/3728 3577/4765/3727 3597/4773/3747 3598/4766/3748
f 3579/4760/3729 3578/4759/3728 3598/4766/3748 3599/4767/3749
f 3580/4768/3730 3579/4760/3729 3599/4767/3749 3600/4776/3750
f 3581/4777/3731 3580/4768/3730 3600/4776/3750 3601/4784/3751
f 3582/4785/3732 3581/4777/3731 3601/4784/3751 3602/4788/3752
f 3583/4789/3733 3582/4785/3732 3602/4788/3752 3603/4791/3753
f 3584/5117/3734 3583/5116/3733 3603/5121/3753 3604/5122/3754
f 3585/5123/3735 3584/5117/3734 3604/5122/3754 3605/5127/3755
f 3586/5128/3736 3585/5123/3735 3605/5127/3755 3606/5130/3756
f 3587/5131/3737 3586/5128/3736 3606/5130/3756 3607/5132/3757
f 3588/4734/3738 3587/4738/3737 3607/4741/3757 3608/4739/3758
f 3589/4727/3739 3588/4734/3738 3608/4739/3758 3609/4735/3759
f 3590/4719/3740 3589/4727/3739 3609/4735/3759 3610/4728/3760
f 3571/4712/3721 3590/4719/3740 3610/4728/3760 3591/4720/3741
f 3592/4721/3742 3591/4720/3741 3611/4729/3761 3612/4730/3762
f 3593/4731/3743 3592/4721/3742 3612/4730/3762 3613/4737/3763
f 3594/4939/3744 3593/4940/3743 3613/4921/3763 3614/4929/3764
f 3595/4951/3745 3594/4939/3744 3614/4929/3764 3615/4941/3765
f 3596/4962/3746 3595/4951/3745 3615/4941/3765 3616/4952/3766
f 3597/4977/3747 3596/4962/3746 3616/4952/3766 3617/4963/3767
f 3598/4766/3748 3597/4773/3747 3617/4782/3767 3618/4774/3768
f 3599/4767/3749 3598/4766/3748 3618/4774/3768 3619/4775/3769
f 3600/4776/3750 3599/4767/3749 3619/4775/3769 3620/4783/3770
f 3601/4784/3751 3600/4776/3750 3620/4783/3770 3621/4787/3771
f 3602/4788/3752 3601/4784/3751 3621/4787/3771 3622/4790/3772
f 3603/4791/3753 3602/4788/3752 3622/4790/3772 3623/4792/3773
f 3604/4992/3754 3603/5004/3753 3623/4993/3773 3624/4981/3774
f 3605/4980/3755 3604/4992/3754 3624/4981/3774 3625/4967/3775
f 3606/4966/3756 3605/4980/3755 3625/4967/3775 3626/4954/3776
f 3607/4965/3757 3606/4966/3756 3626/4954/3776 3627/4943/3777
f 3608/4739/3758 3607/4741/3757 3627/4743/3777 3628/4742/3778
f 3609/4735/3759 3608/4739/3758 3628/4742/3778 3629/4740/3779
f 3610/4728/3760 3609/4735/3759 3629/4740/3779 3630/4736/3780
f 3591/4720/3741 3610/4728/3760 3630/4736/3780 3611/4729/3761
f 3612/4913/3762 3611/4914/3761 3631/4915/3781 3632/4916/3782
f 3613/4921/3763 3612/4913/3762 3632/4916/3782 3633/4922/3783
f 3614/4929/3764 3613/4921/3763 3633/4922/3783 3634/4930/3784
f 3615/4941/3765 3614/4929/3764 3634/4930/3784 3635/4942/3785
f 3616/4952/3766 3615/4941/3765 3635/4942/3785 3636/4953/3786
f 3617/4963/3767 3616/4952/3766 3636/4953/3786 3637/4964/3787
f 3618/4978/3768 3617/4963/3767 3637/4964/3787 3638/4979/3788
f 3619/4990/3769 3618/4978/3768 3638/4979/3788 3639/4991/3789
f 3620/5002/3770 3619/4990/3769 3639/4991/3789 3640/5003/3790
f 3621/5016/3771 3620/5002/3770 3640/5003/3790 3641/5017/3791
f 3622/5005/3772 3621/5016/3771 3641/5017/3791 3642/5006/3792
f 3623/4993/3773 3622/5005/3772 3642/5006/3792 3643/4994/3793
f 3624/4981/3774 3623/4993/3773 3643/4994/3793 3644/4982/3794
f 3625/4967/3775 3624/4981/3774 3644/4982/3794 3645/4968/3795
f 3626/4954/3776 3625/4967/3775 3645/4968/3795 3646/4955/3796
f 3627/4943/3777 3626/4954/3776 3646/4955/3796 3647/4944/3797
f 3628/4931/3778 3627/4943/3777 3647/4944/3797 3648/4932/3798
f 3629/4923/3779 3628/4931/3778 3648/4932/3798 3649/4924/3799
f 3630/4917/3780 3629/4923/3779 3649/4924/3799 3650/4918/3800
f 3611/4914/3761 3630/4917/3780 3650/4918/3800 3631/4915/3781
f 3632/4916/3782 3631/4915/3781 3651/4919/3801 3652/4920/3802
f 3633/4922/3783 3632/4916/3782 3652/4920/3802 3653/4928/3803
f 3634/4930/3784 3633/4922/3783 3653/4928/3803 3654/4938/3804
f 3635/4942/3785 3634/4930/3784 3654/4938/3804 3655/4950/3805
f 3636/4953/3786 3635/4942/3785 3655/4950/3805 3656/4961/3806
f 3637/4964/3787 3636/4953/3786 3656/4961/3806 3657/4976/3807
f 3638/4979/3788 3637/4964/3787 3657/4976/3807 3658/4989/3808
f 3639/4991/3789 3638/4979/3788 3658/4989/3808 3659/5001/3809
f 3640/5003/3790 3639/4991/3789 3659/5001/3809 3660/5015/3810
f 3641/5017/3791 3640/5003/3790 3660/5015/3810 3661/5024/3811
f 3642/5006/3792 3641/5017/3791 3661/5024/3811 3662/5018/3812
f 3643/4994/3793 3642/5006/3792 3662/5018/3812 3663/5007/3813
f 3644/4982/3794 3643/4994/3793 3663/5007/3813 3664/4995/3814
f 3645/4968/3795 3644/4982/3794 3664/4995/3814 3665/4983/3815
f 3646/4955/3796 3645/4968/3795 3665/4983/3815 3666/4969/3816
f 3647/4944/3797 3646/4955/3796 3666/4969/3816 3667/4956/3817
f 3648/4932/3798 3647/4944/3797 3667/4956/3817 3668/4945/3818
f 3649/4924/3799 3648/4932/3798 3668/4945/3818 3669/4933/3819
f 3650/4918/3800 3649/4924/3799 3669/4933/3819 3670/4925/3820
f 3631/4915/3781 3650/4918/3800 3670/4925/3820 3651/4919/3801
f 3652/4920/3802 3651/4919/3801 3671/4926/3821 3672/4927/3822
f 3653/4928/3803 3652/4920/3802 3672/4927/3822 3673/4937/3823
f 3654/4938/3804 3653/4928/3803 3673/4937/3823 3674/4949/3824
f 3655/4950/3805 3654/4938/3804 3674/4949/3824 3675/4960/3825
f 3656/4961/3806 3655/4950/3805 3675/4960/3825 3676/4975/3826
f 3657/4976/3807 3656/4961/3806 3676/4975/3826 3677/4988/3827
f 3658/4989/3808 3657/4976/3807 3677/4988/3827 3678/5000/3828
f 3659/5001/3809 3658/4989/3808 3678/5000/3828 3679/5014/3829
f 3660/5015/3810 3659/5001/3809 3679/5014/3829 3680/5023/3830
f 3661/5024/3811 3660/5015/3810 3680/5023/3830 3681/5029/3831
f 3662/5018/3812 3661/5024/3811 3681/5029/3831 3682/5025/3832
f 3663/5007/3813 3662/5018/3812 3682/5025/3832 3683/5019/3833
f 3664/4995/3814 3663/5007/3813 3683/5019/3833 3684/5008/3834
f 3665/4983/3815 3664/4995/3814 3684/5008/3834 3685/4996/3835
f 3666/4969/3816 3665/4983/3815 3685/4996/3835 3686/4984/3836
f 3667/4956/3817 3666/4969/3816 3686/4984/3836 3687/4970/3837
f 3668/4945/3818 3667/4956/3817 3687/4970/3837 3688/4957/3838
f 3669/4933/3819 3668/4945/3818 3688/4957/3838 3689/4946/3839
f 3670/4925/3820 3669/4933/3819 3689/4946/3839 3690/4934/3840
f 3651/4919/3801 3670/4925/3820 3690/4934/3840 3671/4926/3821
f 3672/4927/3822 3671/4926/3821 3691/4935/3841 3692/4936/3842
f 3673/4937/3823 3672/4927/3822 3692/4936/3842 3693/4948/3843
f 3674/4949/3824 3673/4937/3823 3693/4948/3843 3694/4959/3844
f 3675/4960/3825 3674/4949/3824 3694/4959/3844 3695/4974/3845
f 3676/4975/3826 3675/4960/3825 3695/4974/3845 3696/4987/3846
f 3677/4988/3827 3676/4975/3826 3696/4987/3846 3697/4999/3847
f 3678/5000/3828 3677/4988/3827 3697/4999/3847 3698/5013/3848
f 3679/5014/3829 3678/5000/3828 3698/5013/3848 3699/5022/3849
f 3680/5023/3830 3679/5014/3829 3699/5022/3849 3700/5028/3850
f 3681/5029/3831 3680/5023/3830 3700/5028/3850 3701/5032/3851
f 3682/5025/3832 3681/5029/3831 3701/5032/3851 3702/5030/3852
f 3683/5019/3833 3682/5025/3832 3702/5030/3852 3703/5026/3853
f 3684/5008/3834 3683/5019/3833 3703/5026/3853 3704/5020/3854
f 3685/4996/3835 3684/5008/3834 3704/5020/3854 3705/5009/3855
f 3686/4984/3836 3685/4996/3835 3705/5009/3855 3706/4997/3856
f 3687/4970/3837 3686/4984/3836 3706/4997/3856 3707/4985/3857
f 3688/4957/3838 3687/4970/3837 3707/4985/3857 3708/4971/3858
f 3689/4946/3839 3688/4957/3838 3708/4971/3858 3709/4958/3859
f 3690/4934/3840 3689/4946/3839 3709/4958/3859 3710/4947/3860
f 3671/4926/3821 3690/4934/3840 3710/4947/3860 3691/4935/3841
f 3692/4619/3842 3691/4620/3841 3711/4610/3861 3712/4609/3862
f 3693/4630/3843 3692/4619/3842 3712/4609/3862 3713/4622/3863
f 3694/4959/3844 3693/4948/3843 3713/4972/3863 3714/4973/3864
f 3695/4974/3845 3694/4959/3844 3714/4973/3864 3715/4986/3865
f 3696/4987/3846 3695/4974/3845 3715/4986/3865 3716/4998/3866
f 3697/4999/3847 3696/4987/3846 3716/4998/3866 3717/5012/3867
f 3698/4669/3848 3697/4678/3847 3717/4670/3867 3718/4659/3868
f 3699/4668/3849 3698/4669/3848 3718/4659/3868 3719/4658/3869
f 3700/4679/3850 3699/4668/3849 3719/4658/3869 3720/4671/3870
f 3701/4686/3851 3700/4679/3850 3720/4671/3870 3721/4680/3871
f 3702/4691/3852 3701/4686/3851 3721/4680/3871 3722/4687/3872
f 3703/4694/3853 3702/4691/3852 3722/4687/3872 3723/4692/3873
f 3704/5020/3854 3703/5026/3853 3723/5031/3873 3724/5027/3874
f 3705/5009/3855 3704/5020/3854 3724/5027/3874 3725/5021/3875
f 3706/4997/3856 3705/5009/3855 3725/5021/3875 3726/5010/3876
f 3707/4985/3857 3706/4997/3856 3726/5010/3876 3727/5011/3877
f 3708/4642/3858 3707/4645/3857 3727/4643/3877 3728/4638/3878
f 3709/4637/3859 3708/4642/3858 3728/4638/3878 3729/4631/3879
f 3710/4629/3860 3709/4637/3859 3729/4631/3879 3730/4621/3880
f 3691/4620/3841 3710/4629/3860 3730/4621/3880 3711/4610/3861
f 3712/4609/3862 3711/4610/3861 3731/4602/3881 3732/4601/3882
f 3713/4622/3863 3712/4609/3862 3732/4601/3882 3733/4612/3883
f 3714/5043/3864 3713/5044/3863 3733/5038/3883 3734/5037/3884
f 3715/5049/3865 3714/5043/3864 3734/5037/3884 3735/5045/3885
f 3716/5054/3866 3715/5049/3865 3735/5045/3885 3736/5050/3886
f 3717/5057/3867 3716/5054/3866 3736/5050/3886 3737/5055/3887
f 3718/4659/3868 3717/4670/3867 3737/4660/3887 3738/4651/3888
f 3719/4658/3869 3718/4659/3868 3738/4651/3888 3739/4650/3889
f 3720/4671/3870 3719/4658/3869 3739/4650/3889 3740/4661/3890
f 3721/4680/3871 3720/4671/3870 3740/4661/3890 3741/4672/3891
f 3722/4687/3872 3721/4680/3871 3741/4672/3891 3742/4681/3892
f 3723/4692/3873 3722/4687/3872 3742/4681/3892 3743/4688/3893
f 3724/5068/3874 3723/5069/3873 3743/5063/3893 3744/5062/3894
f 3725/5074/3875 3724/5068/3874 3744/5062/3894 3745/5070/3895
f 3726/5079/3876 3725/5074/3875 3745/5070/3895 3746/5075/3896
f 3727/5082/3877 3726/5079/3876 3746/5075/3896 3747/5080/3897
f 3728/4638/3878 3727/4643/3877 3747/4639/3897 3748/4632/3898
f 3729/4631/3879 3728/4638/3878 3748/4632/3898 3749/4623/3899
f 3730/4621/3880 3729/4631/3879 3749/4623/3899 3750/4611/3900
f 3711/4610/3861 3730/4621/3880 3750/4611/3900 3731/4602/3881
f 3732/4601/3882 3731/4602/3881 3351/4598/3502 3352/4597/3501
f 3733/4612/3883 3732/4601/3882 3352/4597/3501 3353/4607/3505
f 3734/5037/3884 3733/5038/3883 3353/5034/3505 3354/5033/3507
f 3735/5045/3885 3734/5037/3884 3354/5033/3507 3355/5041/3509
f 3736/5050/3886 3735/5045/3885 3355/5041/3509 3356/5047/3511
f 3737/5055/3887 3736/5050/3886 3356/5047/3511 3357/5052/3513
f 3738/4651/3888 3737/4660/3887 3357/4652/3513 3358/4647/3515
f 3739/4650/3889 3738/4651/3888 3358/4647/3515 3359/4646/3517
f 3740/4661/3890 3739/4650/3889 3359/4646/3517 3360/4656/3519
f 3741/4672/3891 3740/4661/3890 3360/4656/3519 3361/4666/3521
f 3742/4681/3892 3741/4672/3891 3361/4666/3521 3362/4676/3523
f 3743/4688/3893 3742/4681/3892 3362/4676/3523 3363/4684/3525
f 3744/5062/3894 3743/5063/3893 3363/5059/3525 3364/5058/3527
f 3745/5070/3895 3744/5062/3894 3364/5058/3527 3365/5066/3529
f 3746/5075/3896 3745/5070/3895 3365/5066/3529 3366/5072/3531
f 3747/5080/3897 3746/5075/3896 3366/5072/3531 3367/5077/3533
f 3748/4632/3898 3747/4639/3897 3367/4633/3533 3368/4624/3535
f 3749/4623/3899 3748/4632/3898 3368/4624/3535 3369/4613/3537
f 3750/4611/3900 3749/4623/3899 3369/4613/3537 3370/4603/3539
f 3731/4602/3881 3750/4611/3900 3370/4603/3539 3351/4598/3502
g default
v -1.157202 -0.131700 0.822362
v -0.880553 -0.131700 1.099011
v -0.880553 0.131700 1.099011
v -1.157202 0.131700 0.822362
v -0.733316 -0.131700 0.896357
v -0.733316 -0.131700 0.896357
v -0.954548 -0.131700 0.675126
v -0.954548 -0.131700 0.675125
v -0.954548 0.131700 0.675125
v -0.954548 0.131700 0.675126
v -0.733316 0.131700 0.896357
v -0.733316 0.131700 0.896357
v 0.866141 -0.131700 -0.647683
v 0.589492 -0.131700 -0.924331
v 0.589492 0.131700 -0.924331
v 0.866141 0.131700 -0.647683
v 0.442255 -0.131700 -0.721677
v 0.442255 -0.131700 -0.721677
v 0.663487 -0.131700 -0.500446
v 0.663487 -0.131700 -0.500446
v 0.663487 0.131700 -0.500446
v 0.663487 0.131700 -0.500446
v 0.442255 0.131700 -0.721677
v 0.442255 0.131700 -0.721677
v -0.454548 -0.131700 1.038397
v -0.454548 0.131700 1.038397
v 0.805526 -0.131700 -0.221677
v 0.805526 0.131700 -0.221677
v -0.531954 -0.131700 1.276630
v -0.531954 0.131700 1.276630
v 1.043760 -0.131700 -0.299084
v 1.043760 0.131700 -0.299084
v -0.454548 -0.131700 1.038397
v 0.805526 -0.131700 -0.221677
v -0.145531 -0.131700 1.337833
v -0.145531 0.131700 1.337833
v 1.104962 -0.131700 0.087340
v 1.104962 0.131700 0.087340
v 0.854469 -0.131700 0.087340
v 1.043759 -0.131700 0.473764
v 0.805526 -0.131700 0.396357
v 0.163486 -0.131700 1.038397
v 0.240893 -0.131700 1.276630
v -0.145531 -0.131700 1.087340
v -0.145531 -0.131700 1.087340
v 0.854469 -0.131700 0.087340
v 0.805526 -0.131700 0.396357
v 0.663486 -0.131700 0.675125
v 0.663486 0.131700 0.675125
v 0.805526 0.131700 0.396357
v 0.442254 -0.131700 0.896357
v 0.163486 -0.131700 1.038397
v 0.163486 0.131700 1.038397
v 0.442254 0.131700 0.896357
v -0.454548 0.131700 1.038397
v 0.805526 0.131700 -0.221677
v 0.805526 0.131700 0.396357
v 1.043759 0.131700 0.473764
v 0.854469 0.131700 0.087340
v -0.145531 0.131700 1.087340
v 0.240893 0.131700 1.276630
v 0.163486 0.131700 1.038397
v 0.663486 -0.131700 0.675126
v 0.866139 -0.131700 0.822362
v 0.589491 -0.131700 1.099010
v 0.442255 -0.131700 0.896357
v 0.866139 0.131700 0.822362
v 0.589491 0.131700 1.099010
v -0.145531 0.131700 1.087340
v 0.854469 0.131700 0.087340
v 0.442255 0.131700 0.896357
v 0.663486 0.131700 0.675126
v -1.096588 -0.131700 0.396357
v -1.096588 0.131700 0.396357
v 0.163486 -0.131700 -0.863717
v 0.163486 0.131700 -0.863717
v 0.240893 -0.131700 -1.101951
v 0.240893 0.131700 -1.101951
v -1.334821 -0.131700 0.473764
v -1.334821 0.131700 0.473764
v -1.096588 0.131700 0.396357
v 0.163486 0.131700 -0.863717
v -1.145531 0.131700 0.087340
v -1.396024 0.131700 0.087340
v -0.145531 0.131700 -1.163154
v -0.145531 0.131700 -0.912660
v -1.396024 -0.131700 0.087340
v -0.145531 -0.131700 -1.163154
v -1.096588 -0.131700 0.396357
v -1.145531 -0.131700 0.087340
v -0.145531 -0.131700 -0.912660
v 0.163486 -0.131700 -0.863717
v -1.096588 -0.131700 -0.221677
v -0.954548 -0.131700 -0.500445
v -0.954548 0.131700 -0.500445
v -1.096588 0.131700 -0.221677
v -0.733316 -0.131700 -0.721677
v -0.454548 -0.131700 -0.863717
v -0.454548 0.131700 -0.863717
v -0.733316 0.131700 -0.721677
v -1.334821 -0.131700 -0.299084
v -1.334821 0.131700 -0.299084
v -0.531955 -0.131700 -1.101950
v -0.531955 0.131700 -1.101950
v -0.733317 0.131700 -0.721677
v -0.880553 0.131700 -0.924331
v -1.157201 0.131700 -0.647682
v -0.954548 0.131700 -0.500445
v -1.157201 -0.131700 -0.647682
v -0.880553 -0.131700 -0.924331
v -1.145531 0.131700 0.087340
v -1.096588 0.131700 -0.221677
v -0.454548 0.131700 -0.863717
v -0.145531 0.131700 -0.912660
v -0.954548 -0.131700 -0.500445
v -0.733317 -0.131700 -0.721677
v -1.096588 -0.131700 -0.221677
v -1.145531 -0.131700 0.087340
v -0.145531 -0.131700 -0.912660
v -0.454548 -0.131700 -0.863717
vt 0.135739 0.873314
vt 0.135739 0.842667
vt 0.164696 0.842667
vt 0.164696 0.873314
vt 0.135739 0.842667
vt 0.135739 0.808694
vt 0.164696 0.808694
vt 0.164696 0.842667
vt 0.135739 0.897636
vt 0.135739 0.897636
vt 0.135739 0.873314
vt 0.164696 0.873314
vt 0.164696 0.897636
vt 0.164696 0.897636
vt 0.135739 0.808694
vt 0.135739 0.774721
vt 0.135739 0.774721
vt 0.164696 0.774721
vt 0.164696 0.774721
vt 0.164696 0.808694
vt 0.135739 0.744074
vt 0.164696 0.744074
vt 0.135739 0.744074
vt 0.135739 0.719752
vt 0.135739 0.719752
vt 0.164696 0.719752
vt 0.164696 0.719752
vt 0.164696 0.744074
vt 0.199971 0.788491
vt 0.199971 0.750166
vt 0.228929 0.750166
vt 0.228929 0.788491
vt 0.199971 0.719752
vt 0.228929 0.719752
vt 0.199971 0.830973
vt 0.228929 0.830973
vt 0.199971 0.873456
vt 0.228929 0.873456
vt 0.199971 0.911781
vt 0.228929 0.911781
vt 0.199971 0.942195
vt 0.228929 0.942195
vt 0.167855 0.873314
vt 0.167855 0.842667
vt 0.196813 0.842667
vt 0.196813 0.873314
vt 0.167855 0.842667
vt 0.167855 0.808694
vt 0.167855 0.808694
vt 0.196813 0.808694
vt 0.196813 0.808694
vt 0.196813 0.842667
vt 0.167855 0.897636
vt 0.167855 0.897636
vt 0.167855 0.873314
vt 0.196813 0.873314
vt 0.196813 0.897636
vt 0.196813 0.897636
vt 0.167855 0.774721
vt 0.167855 0.774721
vt 0.196813 0.774721
vt 0.196813 0.774721
vt 0.167855 0.744074
vt 0.196813 0.744074
vt 0.167855 0.744074
vt 0.167855 0.719752
vt 0.167855 0.719752
vt 0.196813 0.719752
vt 0.196813 0.719752
vt 0.196813 0.744074
vt 0.232087 0.788491
vt 0.232087 0.750166
vt 0.261045 0.750166
vt 0.261045 0.788491
vt 0.232087 0.719752
vt 0.261045 0.719752
vt 0.232087 0.830973
vt 0.261045 0.830973
vt 0.232087 0.873456
vt 0.261045 0.873456
vt 0.232087 0.911781
vt 0.261045 0.911781
vt 0.232087 0.942195
vt 0.261045 0.942195
vt 0.074952 0.515600
vt 0.052672 0.499413
vt 0.083087 0.468998
vt 0.099274 0.491278
vt 0.033145 0.537737
vt 0.074952 0.515600
vt 0.059336 0.546247
vt 0.059336 0.546247
vt 0.121411 0.449471
vt 0.129921 0.475662
vt 0.129921 0.475662
vt 0.099274 0.491278
vt 0.053955 0.580220
vt 0.026417 0.580220
vt 0.163894 0.442742
vt 0.163894 0.470281
vt 0.163894 0.470281
vt 0.033145 0.622703
vt 0.053955 0.580220
vt 0.059336 0.614193
vt 0.206377 0.449471
vt 0.197867 0.475662
vt 0.052672 0.661027
vt 0.059336 0.614193
vt 0.074952 0.644840
vt 0.074952 0.644840
vt 0.244701 0.468998
vt 0.228514 0.491278
vt 0.228514 0.491278
vt 0.197867 0.475662
vt 0.099274 0.669162
vt 0.083087 0.691441
vt 0.275115 0.499413
vt 0.252836 0.515600
vt 0.121411 0.710968
vt 0.099274 0.669162
vt 0.129921 0.684777
vt 0.129921 0.684777
vt 0.294643 0.537737
vt 0.268452 0.546247
vt 0.268452 0.546247
vt 0.252836 0.515600
vt 0.163894 0.717697
vt 0.163894 0.690158
vt 0.163894 0.690158
vt 0.301371 0.580220
vt 0.273832 0.580220
vt 0.197867 0.684777
vt 0.206377 0.710968
vt 0.294643 0.622703
vt 0.268452 0.614193
vt 0.273832 0.580220
vt 0.244701 0.691441
vt 0.197867 0.684777
vt 0.228514 0.669162
vt 0.228514 0.669162
vt 0.275116 0.661027
vt 0.252836 0.644840
vt 0.252836 0.644840
vt 0.268452 0.614193
vt 0.359198 0.987978
vt 0.320874 0.968451
vt 0.337060 0.946171
vt 0.337060 0.946171
vt 0.367708 0.961787
vt 0.367708 0.961787
vt 0.290459 0.938037
vt 0.312739 0.921849
vt 0.401681 0.994707
vt 0.401681 0.967168
vt 0.401681 0.967168
vt 0.270932 0.899712
vt 0.297123 0.891202
vt 0.297123 0.891202
vt 0.312739 0.921849
vt 0.435653 0.961787
vt 0.444164 0.987978
vt 0.264203 0.857229
vt 0.291742 0.857229
vt 0.482488 0.968451
vt 0.435653 0.961787
vt 0.466301 0.946171
vt 0.466301 0.946171
vt 0.270932 0.814746
vt 0.297123 0.823256
vt 0.291742 0.857229
vt 0.490623 0.921849
vt 0.512902 0.938037
vt 0.290459 0.776422
vt 0.312739 0.792609
vt 0.312739 0.792609
vt 0.297123 0.823256
vt 0.532429 0.899712
vt 0.490623 0.921849
vt 0.506238 0.891202
vt 0.506238 0.891202
vt 0.320873 0.746008
vt 0.337060 0.768287
vt 0.511619 0.857229
vt 0.539158 0.857229
vt 0.359198 0.726481
vt 0.367708 0.752671
vt 0.367708 0.752671
vt 0.337060 0.768287
vt 0.532429 0.814746
vt 0.511619 0.857229
vt 0.506238 0.823256
vt 0.401681 0.719752
vt 0.401681 0.747291
vt 0.401681 0.747291
vt 0.512902 0.776422
vt 0.506238 0.823256
vt 0.490623 0.792609
vt 0.490623 0.792609
vt 0.444164 0.726481
vt 0.435654 0.752671
vt 0.466301 0.768287
vt 0.482488 0.746008
vt 0.466301 0.768287
vt 0.435654 0.752671
vt 0.068348 0.818345
vt 0.068348 0.848992
vt 0.039390 0.848992
vt 0.039390 0.818345
vt 0.068348 0.784372
vt 0.068348 0.818345
vt 0.039390 0.818345
vt 0.039390 0.784372
vt 0.068348 0.750399
vt 0.068348 0.750399
vt 0.068348 0.784372
vt 0.039390 0.784372
vt 0.039390 0.750399
vt 0.039390 0.750399
vt 0.068348 0.719752
vt 0.039390 0.719752
vt 0.103622 0.881366
vt 0.103622 0.843042
vt 0.132580 0.843042
vt 0.132580 0.881366
vt 0.103622 0.800559
vt 0.132580 0.800559
vt 0.103622 0.758076
vt 0.132580 0.758076
vt 0.103622 0.719752
vt 0.132580 0.719752
vt 0.026417 0.881694
vt 0.026417 0.851047
vt 0.055374 0.851047
vt 0.055374 0.881694
vt 0.026417 0.915667
vt 0.026417 0.915667
vt 0.026417 0.881694
vt 0.055374 0.881694
vt 0.055374 0.915667
vt 0.055374 0.915667
vt 0.026417 0.949640
vt 0.026417 0.949640
vt 0.055374 0.949640
vt 0.055374 0.949640
vt 0.026417 0.980287
vt 0.055374 0.980287
vt 0.100464 0.719752
vt 0.100464 0.758076
vt 0.071506 0.758076
vt 0.071506 0.719752
vt 0.100464 0.800559
vt 0.071506 0.800559
vt 0.100464 0.843042
vt 0.071506 0.843042
vt 0.100464 0.881367
vt 0.071506 0.881367
vn -0.809017 0.000000 0.587785
vn -0.587785 0.000000 0.809018
vn -0.587785 0.000000 0.809018
vn -0.809017 0.000000 0.587785
vn 0.587785 0.000000 -0.809017
vn 0.707107 0.000000 -0.707107
vn 0.707107 0.000000 -0.707107
vn 0.809017 0.000000 -0.587785
vn 0.809017 0.000000 -0.587785
vn 0.707107 0.000000 -0.707107
vn 0.707107 0.000000 -0.707107
vn 0.587785 0.000000 -0.809017
vn 0.809017 0.000000 -0.587785
vn 0.587784 0.000000 -0.809018
vn 0.587784 0.000000 -0.809018
vn 0.809017 0.000000 -0.587785
vn -0.587785 0.000000 0.809017
vn -0.707107 0.000000 0.707107
vn -0.707107 0.000000 0.707107
vn -0.809017 0.000000 0.587785
vn -0.809017 0.000000 0.587785
vn -0.707107 0.000000 0.707107
vn -0.707107 0.000000 0.707107
vn -0.587785 0.000000 0.809017
vn 0.000000 1.000000 -0.000000
vn 0.000000 1.000000 -0.000000
vn 0.000000 1.000000 0.000000
vn 0.000000 1.000000 0.000000
vn 0.000000 1.000000 0.000000
vn 0.000000 1.000000 0.000000
vn 0.000000 1.000000 0.000000
vn 0.000000 1.000000 0.000000
vn 0.309017 0.000000 -0.951057
vn 0.309017 0.000000 -0.951057
vn -0.951057 -0.000000 0.309016
vn -0.951057 -0.000000 0.309016
vn -0.309017 0.000000 0.951057
vn -0.309017 0.000000 0.951057
vn 0.951057 0.000000 -0.309014
vn 0.951057 0.000000 -0.309014
vn 0.000000 -1.000000 -0.000000
vn 0.000000 -1.000000 0.000000
vn 0.000000 -1.000000 0.000000
vn 0.000000 -1.000000 0.000000
vn 0.000000 -1.000000 0.000000
vn 0.000000 -1.000000 -0.000000
vn 0.000000 -1.000000 0.000000
vn 0.000000 -1.000000 0.000000
vn 0.000000 -1.000000 0.000000
vn 0.000000 -1.000000 0.000000
vn 0.000000 -1.000000 0.000000
vn 0.000000 -1.000000 0.000000
vn 0.000000 0.000000 1.000000
vn 0.000000 0.000000 1.000000
vn 1.000000 0.000000 0.000001
vn 1.000000 0.000000 0.000001
vn 0.000000 -1.000000 0.000000
vn 0.000000 -1.000000 0.000000
vn 0.000000 -1.000000 0.000000
vn 0.000000 -1.000000 0.000000
vn 0.000000 -1.000000 -0.000000
vn 0.000000 -1.000000 -0.000000
vn 0.000000 -1.000000 -0.000000
vn 0.000000 -1.000000 -0.000000
vn 0.000000 -1.000000 -0.000000
vn 0.000000 -1.000000 0.000000
vn -0.951057 -0.000000 -0.309017
vn -0.809017 0.000000 -0.587785
vn -0.809017 0.000000 -0.587785
vn -0.951057 -0.000000 -0.309017
vn -0.587785 0.000000 -0.809017
vn -0.309017 0.000000 -0.951057
vn -0.309017 0.000000 -0.951057
vn -0.587785 0.000000 -0.809017
vn 0.000000 1.000000 -0.000000
vn 0.000000 1.000000 -0.000000
vn 0.000000 1.000000 0.000000
vn 0.000000 1.000000 0.000000
vn 0.000000 1.000000 -0.000000
vn 0.000000 1.000000 0.000000
vn 0.000000 1.000000 0.000000
vn 0.000000 1.000000 -0.000000
vn 0.000000 1.000000 0.000000
vn 0.000000 1.000000 0.000000
vn 0.000000 1.000000 -0.000000
vn 0.000000 1.000000 0.000000
vn 0.000000 1.000000 -0.000000
vn 0.000000 1.000000 -0.000000
vn 0.000000 1.000000 -0.000000
vn 0.000000 1.000000 -0.000000
vn 0.309016 0.000000 0.951057
vn 0.309016 0.000000 0.951057
vn 0.951057 0.000000 0.309016
vn 0.951057 0.000000 0.309016
vn 0.000000 -1.000000 0.000000
vn 0.000000 -1.000000 0.000000
vn 0.000000 -1.000000 -0.000000
vn 0.000000 -1.000000 -0.000000
vn 0.809017 0.000000 0.587785
vn 0.809017 0.000000 0.587785
vn 0.587785 0.000000 0.809017
vn 0.587785 0.000000 0.809017
vn 0.000000 1.000000 -0.000000
vn 0.000000 1.000000 -0.000000
vn 0.000000 1.000000 -0.000000
vn 0.000000 1.000000 -0.000000
vn 0.000000 1.000000 -0.000000
vn 0.000000 1.000000 -0.000000
vn -0.000000 0.000000 -1.000000
vn 0.156434 0.000000 -0.987688
vn 0.156434 0.000000 -0.987688
vn -0.000000 0.000000 -1.000000
vn -0.987689 -0.000000 0.156432
vn -1.000000 -0.000000 -0.000001
vn -1.000000 -0.000000 -0.000001
vn -0.987689 -0.000000 0.156432
vn 0.000000 -1.000000 0.000000
vn 0.000000 -1.000000 0.000000
vn 0.000000 -1.000000 0.000000
vn 0.000000 -1.000000 0.000000
vn 0.000000 1.000000 -0.000000
vn 0.000000 1.000000 -0.000000
vn 0.000000 1.000000 0.000000
vn 0.000000 1.000000 0.000000
vn -0.987688 -0.000000 -0.156434
vn -0.987688 -0.000000 -0.156434
vn -0.987688 -0.000000 -0.156434
vn -0.987688 -0.000000 -0.156434
vn -0.156435 0.000000 -0.987688
vn -0.156435 0.000000 -0.987688
vn -0.156435 0.000000 -0.987688
vn -0.156435 0.000000 -0.987688
vn -0.707107 0.000000 -0.707107
vn -0.707107 0.000000 -0.707107
vn -0.707107 0.000000 -0.707107
vn -0.707107 0.000000 -0.707107
vn 0.000000 -1.000000 0.000000
vn 0.000000 -1.000000 0.000000
vn 0.000000 -1.000000 -0.000000
vn 0.000000 -1.000000 0.000000
vn 0.951057 -0.000000 -0.309017
vn 0.951057 -0.000000 -0.309017
vn -0.309017 0.000000 0.951057
vn -0.309017 0.000000 0.951057
vn 0.309017 0.000000 -0.951057
vn 0.309017 0.000000 -0.951057
vn -0.951057 0.000000 0.309016
vn -0.951057 0.000000 0.309016
vn 0.000000 1.000000 -0.000000
vn 0.000000 1.000000 -0.000000
vn 0.000000 1.000000 -0.000000
vn 0.000000 1.000000 0.000000
vn 0.000000 1.000000 -0.000000
vn 0.000000 1.000000 -0.000000
vn 0.000000 1.000000 0.000000
vn 0.000000 1.000000 0.000000
vn 0.000000 1.000000 0.000000
vn 0.000000 1.000000 -0.000000
vn 0.000000 1.000000 -0.000000
vn 0.000000 1.000000 -0.000000
vn -1.000000 0.000000 0.000000
vn -1.000000 0.000000 0.000000
vn -0.000000 0.000000 -1.000000
vn -0.000000 0.000000 -1.000000
vn 0.000000 -1.000000 0.000000
vn 0.000000 -1.000000 0.000000
vn 0.000000 -1.000000 0.000000
vn 0.000000 -1.000000 0.000000
vn 0.000000 -1.000000 -0.000000
vn 0.000000 -1.000000 -0.000000
vn 0.000000 -1.000000 -0.000000
vn 0.000000 -1.000000 -0.000000
vn 0.951057 0.000000 0.309017
vn 0.809017 0.000000 0.587785
vn 0.809017 0.000000 0.587785
vn 0.951057 0.000000 0.309017
vn 0.587785 0.000000 0.809017
vn 0.309017 0.000000 0.951057
vn 0.309017 0.000000 0.951057
vn 0.587785 0.000000 0.809017
vn 0.000000 -1.000000 -0.000000
vn 0.000000 -1.000000 -0.000000
vn 0.000000 -1.000000 0.000000
vn 0.000000 -1.000000 0.000000
vn -0.951057 0.000000 -0.309017
vn -0.951057 0.000000 -0.309017
vn -0.309017 0.000000 -0.951057
vn -0.309017 0.000000 -0.951057
vn 0.000000 1.000000 0.000000
vn 0.000000 1.000000 0.000000
vn 0.000000 1.000000 0.000000
vn 0.000000 1.000000 0.000000
vn -0.809018 0.000000 -0.587785
vn -0.809018 0.000000 -0.587785
vn -0.587785 0.000000 -0.809017
vn -0.587785 0.000000 -0.809017
vn 0.000000 1.000000 -0.000000
vn 0.000000 1.000000 -0.000000
vn 0.000000 1.000000 -0.000000
vn 0.000000 1.000000 0.000000
vn 0.000000 1.000000 0.000000
vn 0.000000 1.000000 -0.000000
vn 0.000000 -1.000000 0.000000
vn 0.000000 -1.000000 0.000000
vn 0.000000 -1.000000 0.000000
vn 0.000000 -1.000000 0.000000
vn 0.000000 -1.000000 0.000000
vn 0.000000 -1.000000 -0.000000
vn 0.000000 -1.000000 -0.000000
vn 0.000000 -1.000000 0.000000
vn 0.000000 -1.000000 -0.000000
vn 0.000000 -1.000000 0.000000
vn 1.000000 -0.000000 0.000000
vn 0.987688 0.000000 0.156434
vn 0.987688 0.000000 0.156434
vn 1.000000 -0.000000 0.000000
vn 0.156435 0.000000 0.987688
vn 0.000000 0.000000 1.000000
vn 0.000000 0.000000 1.000000
vn 0.156435 0.000000 0.987688
vn 0.000000 1.000000 0.000000
vn 0.000000 1.000000 0.000000
vn 0.000000 1.000000 0.000000
vn 0.000000 1.000000 0.000000
vn 0.987688 -0.000000 -0.156434
vn 0.987688 -0.000000 -0.156434
vn 0.987688 -0.000000 -0.156434
vn 0.987688 -0.000000 -0.156434
vn -0.156434 0.000000 0.987688
vn -0.156434 0.000000 0.987688
vn -0.156434 0.000000 0.987688
vn -0.156434 0.000000 0.987688
vn 0.000000 -1.000000 0.000000
vn 0.000000 -1.000000 0.000000
vn 0.000000 -1.000000 0.000000
vn 0.000000 -1.000000 0.000000
vn 0.707107 0.000000 0.707107
vn 0.707107 0.000000 0.707107
vn 0.707107 0.000000 0.707107
vn 0.707107 0.000000 0.707107
s 1
g pCylinder6
usemtl initialShadingGroup
f 3751/5204/3901 3752/5207/3902 3753/5208/3903 3754/5205/3904
s 2
f 3755/5185/3905 3756/5186/3906 3757/5187/3907 3758/5175/3908 3759/5178/3909 3760/5188/3910 3761/5189/3911 3762/5190/3912
s 1
f 3763/5162/3913 3764/5165/3914 3765/5166/3915 3766/5163/3916
s 2
f 3767/5141/3917 3768/5142/3918 3769/5143/3919 3770/5133/3920 3771/5136/3921 3772/5144/3922 3773/5145/3923 3774/5146/3924
s 5
f 3760/5217/3925 3754/5218/3926 3753/5219/3927 3761/5220/3928
f 3772/5274/3929 3766/5273/3930 3765/5269/3931 3773/5272/3932
s 2
f 3775/5337/3933 3755/5338/3905 3762/5339/3912 3776/5340/3934
f 3770/5133/3920 3777/5134/3935 3778/5135/3936 3771/5136/3921
s 1
f 3752/5353/3902 3779/5354/3937 3780/5355/3938 3753/5356/3903
f 3781/5161/3939 3763/5162/3913 3766/5163/3916 3782/5164/3940
s 7
f 3779/5277/3941 3752/5278/3942 3756/5279/3943 3755/5280/3944 3775/5281/3945 3783/5282/3946
f 3763/5327/3947 3781/5321/3948 3784/5323/3949 3777/5328/3950 3770/5329/3951 3769/5330/3952
s 1
f 3779/5354/3937 3785/5357/3953 3786/5358/3954 3780/5355/3938
f 3787/5167/3955 3781/5161/3939 3782/5164/3940 3788/5168/3956
s 7
f 3789/5315/3957 3787/5316/3958 3790/5309/3959 3791/5312/3960
f 3792/5292/3961 3793/5293/3962 3785/5285/3963 3794/5287/3964
f 3785/5285/3963 3779/5277/3941 3783/5282/3946 3795/5286/3965 3794/5287/3964
f 3781/5321/3948 3787/5316/3958 3789/5315/3957 3796/5322/3966 3784/5323/3949
s 2
f 3797/5149/3967 3798/5153/3968 3799/5154/3969 3800/5150/3970
f 3801/5351/3971 3802/5345/3972 3803/5350/3973 3804/5352/3974
s 5
f 3753/5219/3927 3780/5225/3975 3805/5226/3976 3776/5227/3977 3762/5228/3978 3761/5220/3928
f 3782/5266/3979 3766/5273/3930 3772/5274/3929 3771/5275/3980 3778/5276/3981 3806/5267/3982
f 3807/5256/3983 3808/5255/3984 3788/5262/3985 3809/5263/3986
f 3810/5232/3987 3786/5231/3988 3811/5237/3989 3812/5238/3990
s 1
f 3785/5357/3953 3793/5359/3991 3811/5360/3992 3786/5358/3954
f 3790/5169/3993 3787/5167/3955 3788/5168/3956 3808/5170/3994
s 7
f 3813/5303/3995 3814/5304/3996 3815/5296/3997 3816/5299/3998
s 1
f 3814/5171/3999 3790/5169/3993 3808/5170/3994 3817/5172/4000
f 3793/5359/3991 3815/5361/4001 3818/5362/4002 3811/5360/3992
s 5
f 3780/5225/3975 3786/5231/3988 3810/5232/3987 3819/5233/4003 3805/5226/3976
f 3788/5262/3985 3782/5266/3979 3806/5267/3982 3820/5268/4004 3809/5263/3986
f 3821/5244/4005 3818/5243/4006 3817/5249/4007 3822/5250/4008
s 2
f 3795/5341/4009 3783/5342/4010 3775/5337/3933 3776/5340/3934 3805/5343/4011 3819/5344/4012
f 3777/5134/3935 3784/5137/4013 3796/5138/4014 3820/5139/4015 3806/5140/4016 3778/5135/3936
s 1
f 3815/5173/4001 3814/5171/3999 3817/5172/4000 3818/5174/4002
s 7
f 3790/5309/3959 3814/5304/3996 3813/5303/3995 3798/5310/4017 3797/5311/4018 3791/5312/3960
f 3815/5296/3997 3793/5293/3962 3792/5292/3961 3802/5297/4019 3801/5298/4020 3816/5299/3998
s 5
f 3817/5249/4007 3808/5255/3984 3807/5256/3983 3800/5257/4021 3799/5258/4022 3822/5250/4008
f 3811/5237/3989 3818/5243/4006 3821/5244/4005 3804/5245/4023 3803/5246/4024 3812/5238/3990
s 2
f 3796/5138/4014 3789/5147/4025 3791/5148/4026 3797/5149/3967 3800/5150/3970 3807/5151/4027 3809/5152/4028 3820/5139/4015
f 3802/5345/3972 3792/5346/4029 3794/5347/4030 3795/5341/4009 3819/5344/4012 3810/5348/4031 3812/5349/4032 3803/5350/3973
f 3798/5153/3968 3813/5155/4033 3816/5156/4034 3801/5157/3971 3804/5158/3974 3821/5159/4035 3822/5160/4036 3799/5154/3969
s 7
f 3768/5333/4037 3764/5334/4038 3763/5327/3947 3769/5330/3952
f 3756/5279/3943 3752/5278/3942 3751/5283/4039 3757/5284/4040
s 2
f 3758/5175/3908 3823/5176/4041 3824/5177/4042 3759/5178/3909
f 3825/5363/4043 3767/5364/3917 3774/5365/3924 3826/5366/4044
s 1
f 3764/5379/3914 3827/5380/4045 3828/5381/4046 3765/5382/3915
f 3829/5203/4047 3751/5204/3901 3754/5205/3904 3830/5206/4048
s 5
f 3830/5221/4049 3754/5218/3926 3760/5217/3925 3759/5222/4050 3824/5223/4051 3831/5224/4052
f 3765/5269/3931 3828/5265/4053 3832/5264/4054 3826/5270/4055 3774/5271/4056 3773/5272/3932
f 3833/5229/4057 3834/5230/4058 3830/5221/4049 3831/5224/4052
f 3832/5264/4054 3828/5265/4053 3835/5259/4059 3836/5261/4060
s 1
f 3837/5209/4061 3829/5203/4047 3830/5206/4048 3834/5210/4062
f 3827/5380/4045 3838/5383/4063 3835/5384/4064 3828/5381/4046
s 7
f 3839/5289/4065 3829/5288/4066 3837/5294/4067 3840/5295/4068
f 3841/5325/4069 3838/5324/4070 3827/5331/4071 3842/5332/4072
s 2
f 3843/5192/4073 3844/5195/4074 3845/5196/4075 3846/5193/4076
f 3847/5377/4077 3848/5373/4078 3849/5376/4079 3850/5378/4080
s 7
f 3751/5283/4039 3829/5288/4066 3839/5289/4065 3823/5290/4081 3758/5291/4082 3757/5284/4040
f 3827/5331/4071 3764/5334/4038 3768/5333/4037 3767/5335/4083 3825/5336/4084 3842/5332/4072
s 1
f 3851/5211/4085 3837/5209/4061 3834/5210/4062 3852/5212/4086
f 3838/5383/4063 3853/5385/4087 3854/5386/4088 3835/5384/4064
s 5
f 3855/5247/4089 3856/5248/4090 3857/5239/4091 3858/5242/4092
s 1
f 3859/5213/4093 3851/5211/4085 3852/5212/4086 3857/5214/4094
f 3853/5385/4087 3860/5387/4095 3856/5388/4096 3854/5386/4088
s 5
f 3852/5234/4097 3834/5230/4058 3833/5229/4057 3861/5235/4098 3862/5236/4099
f 3835/5259/4059 3854/5251/4100 3863/5254/4101 3864/5260/4102 3836/5261/4060
s 7
f 3865/5306/4103 3859/5305/4104 3860/5313/4105 3866/5314/4106
s 1
f 3860/5215/4095 3859/5213/4093 3857/5214/4094 3856/5216/4096
s 7
f 3837/5294/4067 3851/5300/4107 3867/5301/4108 3868/5302/4109 3840/5295/4068
f 3853/5317/4110 3838/5324/4070 3841/5325/4069 3869/5326/4111 3870/5318/4112
s 2
f 3868/5181/4113 3867/5191/4114 3843/5192/4073 3846/5193/4076 3862/5194/4115 3861/5182/4116
f 3848/5373/4078 3870/5374/4117 3869/5367/4118 3864/5372/4119 3863/5375/4120 3849/5376/4079
s 5
f 3857/5239/4091 3852/5234/4097 3862/5236/4099 3846/5240/4121 3845/5241/4122 3858/5242/4092
f 3854/5251/4100 3856/5248/4090 3855/5247/4089 3850/5252/4123 3849/5253/4124 3863/5254/4101
s 2
f 3823/5176/4041 3839/5179/4125 3840/5180/4126 3868/5181/4113 3861/5182/4116 3833/5183/4127 3831/5184/4128 3824/5177/4042
f 3869/5367/4118 3841/5368/4129 3842/5369/4130 3825/5363/4043 3826/5366/4044 3832/5370/4131 3836/5371/4132 3864/5372/4119
s 7
f 3851/5300/4107 3859/5305/4104 3865/5306/4103 3844/5307/4133 3843/5308/4134 3867/5301/4108
f 3860/5313/4105 3853/5317/4110 3870/5318/4112 3848/5319/4135 3847/5320/4136 3866/5314/4106
s 2
f 3844/5195/4074 3865/5197/4137 3866/5198/4138 3847/5199/4077 3850/5200/4080 3855/5201/4139 3858/5202/4140 3845/5196/4075
g default
v 2.052911 -0.022818 -0.040006
v 2.004980 -0.022818 -0.087936
v 2.004980 0.022818 -0.087936
v 2.052911 0.022818 -0.040006
v 1.979471 -0.022818 -0.052825
v 1.979471 -0.022818 -0.052825
v 2.017800 -0.022818 -0.014496
v 2.017800 -0.022818 -0.014496
v 2.017800 0.022818 -0.014496
v 2.017800 0.022818 -0.014496
v 1.979471 0.022818 -0.052825
v 1.979471 0.022818 -0.052825
v 2.042409 -0.022818 0.033801
v 2.042409 0.022818 0.033801
v 2.083684 -0.022818 0.020390
v 2.083684 0.022818 0.020390
v 2.042409 -0.022818 0.033801
v 1.877635 -0.022818 0.303992
v 1.877635 0.022818 0.303992
v 2.094287 -0.022818 0.087340
v 2.094287 0.022818 0.087340
v 2.050889 -0.022818 0.087340
v 2.083684 -0.022818 0.154289
v 2.042409 -0.022818 0.140878
v 1.931173 -0.022818 0.252114
v 1.944584 -0.022818 0.293388
v 1.877635 -0.022818 0.260593
v 1.877635 -0.022818 0.260593
v 2.050889 -0.022818 0.087340
v 2.042409 -0.022818 0.140878
v 2.017800 -0.022818 0.189176
v 2.017800 0.022818 0.189176
v 2.042409 0.022818 0.140878
v 1.979471 -0.022818 0.227505
v 1.931173 -0.022818 0.252114
v 1.931173 0.022818 0.252114
v 1.979471 0.022818 0.227505
v 2.042409 0.022818 0.033801
v 2.042409 0.022818 0.140878
v 2.083684 0.022818 0.154289
v 2.050889 0.022818 0.087340
v 1.877635 0.022818 0.260593
v 1.944584 0.022818 0.293388
v 1.931173 0.022818 0.252114
v 2.017800 -0.022818 0.189176
v 2.052911 -0.022818 0.214685
v 2.004980 -0.022818 0.262615
v 1.979471 -0.022818 0.227505
v 2.052911 0.022818 0.214685
v 2.004980 0.022818 0.262615
v 1.877635 0.022818 0.260593
v 2.050889 0.022818 0.087340
v 1.979471 0.022818 0.227505
v 2.017800 0.022818 0.189176
v 1.931173 -0.022818 -0.077434
v 1.931173 0.022818 -0.077434
v 1.944584 -0.022818 -0.118709
v 1.944584 0.022818 -0.118709
v 1.931173 0.022818 -0.077434
v 1.877635 0.022818 -0.129313
v 1.877635 0.022818 -0.085914
v 1.877635 -0.022818 -0.129313
v 1.877635 -0.022818 -0.085914
v 1.931173 -0.022818 -0.077434
v 1.877635 0.022818 -0.085914
v 1.877635 -0.022818 -0.085914
vt 0.931789 0.762317
vt 0.931789 0.725815
vt 0.966278 0.725815
vt 0.966278 0.762317
vt 0.931789 0.725815
vt 0.931789 0.685352
vt 0.966278 0.685352
vt 0.966278 0.725815
vt 0.931789 0.791285
vt 0.931789 0.791285
vt 0.931789 0.762317
vt 0.966278 0.762317
vt 0.966278 0.791285
vt 0.966278 0.791285
vt 0.931789 0.685352
vt 0.931789 0.644889
vt 0.931789 0.644889
vt 0.966278 0.644889
vt 0.966278 0.644889
vt 0.966278 0.685352
vt 0.931789 0.608387
vt 0.966278 0.608387
vt 0.931789 0.608386
vt 0.931789 0.579418
vt 0.931789 0.579418
vt 0.966278 0.579418
vt 0.966278 0.579418
vt 0.966278 0.608386
vt 0.894469 0.661289
vt 0.894469 0.615643
vt 0.928958 0.615643
vt 0.928958 0.661289
vt 0.894469 0.579418
vt 0.928958 0.579418
vt 0.894469 0.711887
vt 0.928958 0.711887
vt 0.894469 0.762486
vt 0.928958 0.762486
vt 0.894469 0.808132
vt 0.928958 0.808132
vt 0.894469 0.844357
vt 0.928958 0.844357
vt 0.666136 0.820124
vt 0.692672 0.839404
vt 0.656447 0.875628
vt 0.637168 0.849093
vt 0.715929 0.793758
vt 0.666136 0.820124
vt 0.684735 0.783622
vt 0.684735 0.783622
vt 0.610801 0.898886
vt 0.600665 0.867691
vt 0.600665 0.867691
vt 0.637168 0.849093
vt 0.723943 0.743159
vt 0.691143 0.743159
vt 0.691143 0.743159
vt 0.560203 0.906900
vt 0.560203 0.874100
vt 0.684735 0.702696
vt 0.715929 0.692560
vt 0.692671 0.646914
vt 0.684735 0.702696
vt 0.666136 0.666194
vt 0.666136 0.666194
vt 0.637168 0.637226
vt 0.656447 0.610690
vt 0.610801 0.587432
vt 0.637167 0.637226
vt 0.600665 0.618627
vt 0.600665 0.618627
vt 0.560203 0.612218
vt 0.560203 0.579418
vt 0.859847 0.646915
vt 0.883105 0.692560
vt 0.851910 0.702696
vt 0.851910 0.702696
vt 0.833312 0.666194
vt 0.833312 0.666194
vt 0.891119 0.743159
vt 0.858319 0.743159
vt 0.858319 0.743159
vt 0.804343 0.637226
vt 0.823623 0.610690
vt 0.883105 0.793758
vt 0.851910 0.783622
vt 0.777977 0.587432
vt 0.804343 0.637226
vt 0.767841 0.618627
vt 0.767841 0.618627
vt 0.859847 0.839404
vt 0.833311 0.820124
vt 0.833312 0.820124
vt 0.851910 0.783622
vt 0.727378 0.612218
vt 0.727378 0.579418
vt 0.823623 0.875628
vt 0.804343 0.849093
vt 0.777977 0.898886
vt 0.767841 0.867691
vt 0.767841 0.867691
vt 0.804343 0.849093
vt 0.727378 0.906900
vt 0.727378 0.874100
vt 0.919344 0.908637
vt 0.919344 0.945139
vt 0.884855 0.945139
vt 0.884855 0.908637
vt 0.919344 0.945139
vt 0.919344 0.985602
vt 0.919344 0.985602
vt 0.884855 0.985602
vt 0.884855 0.985602
vt 0.884855 0.945139
vt 0.959175 0.889267
vt 0.959175 0.838668
vt 0.993665 0.838668
vt 0.993665 0.889267
vt 0.959175 0.793022
vt 0.993665 0.793022
vt 0.847695 0.945139
vt 0.847695 0.908637
vt 0.882185 0.908637
vt 0.882185 0.945139
vt 0.847695 0.985602
vt 0.847695 0.985602
vt 0.847695 0.945139
vt 0.882185 0.945139
vt 0.882185 0.985602
vt 0.882185 0.985602
vt 0.956505 0.846094
vt 0.956505 0.891740
vt 0.922014 0.891740
vt 0.922014 0.846094
vt 0.956505 0.942338
vt 0.922014 0.942338
vn 0.809017 0.000000 -0.587785
vn 0.587784 0.000000 -0.809018
vn 0.587784 0.000000 -0.809018
vn 0.809017 0.000000 -0.587785
vn -0.587785 0.000000 0.809017
vn -0.707107 0.000000 0.707107
vn -0.707107 0.000000 0.707107
vn -0.809017 0.000000 0.587785
vn -0.809017 0.000000 0.587785
vn -0.707107 0.000000 0.707107
vn -0.707107 0.000000 0.707107
vn -0.587785 0.000000 0.809017
vn 0.000000 1.000000 0.000000
vn 0.000000 1.000000 0.000000
vn 0.000000 1.000000 0.000000
vn 0.000000 1.000000 0.000000
vn -0.951057 -0.000000 0.309016
vn -0.951057 -0.000000 0.309016
vn 0.951057 0.000000 -0.309014
vn 0.951057 0.000000 -0.309014
vn 0.000000 -1.000000 0.000000
vn 0.000000 -1.000000 0.000000
vn 0.000000 -1.000000 0.000000
vn 0.000000 -1.000000 0.000000
vn 0.000000 -1.000000 0.000000
vn 0.000000 -1.000000 0.000000
vn 1.000000 0.000000 0.000001
vn 1.000000 0.000000 0.000001
vn 0.000000 -1.000000 0.000000
vn 0.000000 -1.000000 0.000000
vn 0.000000 -1.000000 0.000000
vn 0.000000 -1.000000 0.000000
vn 0.000000 -1.000000 -0.000000
vn 0.000000 -1.000000 -0.000000
vn 0.000000 -1.000000 -0.000000
vn 0.000000 -1.000000 -0.000000
vn 0.000000 -1.000000 0.000000
vn -0.951057 -0.000000 -0.309017
vn -0.809017 0.000000 -0.587785
vn -0.809017 0.000000 -0.587785
vn -0.951057 -0.000000 -0.309017
vn -0.587785 0.000000 -0.809017
vn -0.309017 0.000000 -0.951056
vn -0.309017 0.000000 -0.951056
vn -0.587785 0.000000 -0.809017
vn 0.000000 1.000000 -0.000000
vn 0.000000 1.000000 0.000000
vn 0.000000 1.000000 0.000000
vn 0.000000 1.000000 -0.000000
vn 0.000000 1.000000 0.000000
vn 0.000000 1.000000 0.000000
vn 0.000000 1.000000 -0.000000
vn 0.000000 1.000000 0.000000
vn 0.000000 1.000000 -0.000000
vn 0.000000 1.000000 -0.000000
vn 0.000000 1.000000 -0.000000
vn 0.000000 1.000000 -0.000000
vn 0.156433 0.000000 0.987689
vn 0.309016 0.000000 0.951057
vn 0.309016 0.000000 0.951057
vn 0.156433 0.000000 0.987689
vn 0.951057 0.000000 0.309016
vn 0.951057 0.000000 0.309016
vn 0.000000 -1.000000 0.000000
vn 0.000000 -1.000000 0.000000
vn 0.000000 -1.000000 -0.000000
vn 0.000000 -1.000000 -0.000000
vn 0.809017 0.000000 0.587785
vn 0.809017 0.000000 0.587785
vn 0.587785 0.000000 0.809017
vn 0.587785 0.000000 0.809017
vn 0.000000 1.000000 -0.000000
vn 0.000000 1.000000 -0.000000
vn 0.000000 1.000000 -0.000000
vn 0.000000 1.000000 -0.000000
vn 0.000000 1.000000 -0.000000
vn -0.987689 -0.000000 0.156432
vn -1.000000 -0.000000 -0.000001
vn -1.000000 -0.000000 -0.000001
vn -0.987689 -0.000000 0.156432
vn 0.000000 -1.000000 0.000000
vn 0.000000 -1.000000 0.000000
vn 0.000000 -1.000000 0.000000
vn 0.000000 -1.000000 0.000000
vn 0.000000 1.000000 -0.000000
vn 0.000000 1.000000 -0.000000
vn 0.000000 1.000000 0.000000
vn 0.000000 1.000000 0.000000
vn -0.987688 -0.000000 -0.156434
vn -0.987688 -0.000000 -0.156434
vn -0.987688 -0.000000 -0.156434
vn -0.987688 -0.000000 -0.156434
vn -0.156435 0.000000 -0.987688
vn -0.156435 0.000000 -0.987688
vn -0.156435 0.000000 -0.987688
vn -0.156435 0.000000 -0.987688
vn -0.156435 0.000000 -0.987688
vn -0.156435 0.000000 -0.987688
vn -0.707107 0.000000 -0.707107
vn -0.707107 0.000000 -0.707107
vn -0.707107 0.000000 -0.707107
vn -0.707107 0.000000 -0.707107
vn 0.000000 -1.000000 0.000000
vn 0.000000 -1.000000 0.000000
vn -0.309017 0.000000 0.951057
vn -0.309017 0.000000 0.951057
vn 0.309017 0.000000 -0.951057
vn 0.309017 0.000000 -0.951057
vn 0.000000 1.000000 -0.000000
vn 0.000000 1.000000 -0.000000
vn 0.000000 1.000000 0.000000
vn 0.000000 1.000000 0.000000
vn 0.000000 1.000000 -0.000000
vn 0.000000 1.000000 -0.000000
vn 0.156434 0.000000 -0.987688
vn 0.156434 0.000000 -0.987688
vn 0.000000 -1.000000 -0.000000
vn 0.000000 -1.000000 -0.000000
vn 0.000000 -1.000000 -0.000000
vn 0.000000 -1.000000 -0.000000
vn 0.000000 -1.000000 0.000000
vn 0.000000 -1.000000 0.000000
vn -0.156434 0.000000 0.987688
vn -0.156434 0.000000 0.987688
vn -0.156434 0.000000 0.987688
vn -0.156434 0.000000 0.987688
vn -0.156434 0.000000 0.987688
vn -0.156434 0.000000 0.987688
s 1
g pCylinder7
usemtl initialShadingGroup
f 3871/5418/4141 3872/5421/4142 3873/5422/4143 3874/5419/4144
s 2
f 3875/5397/4145 3876/5398/4146 3877/5399/4147 3878/5389/4148 3879/5392/4149 3880/5400/4150 3881/5401/4151 3882/5402/4152
s 3
f 3880/5431/4153 3874/5432/4154 3873/5433/4155 3881/5434/4156
s 2
f 3878/5389/4148 3883/5390/4157 3884/5391/4158 3879/5392/4149
s 1
f 3885/5417/4159 3871/5418/4141 3874/5419/4144 3886/5420/4160
s 4
f 3871/5462/4161 3885/5463/4162 3887/5464/4163 3883/5465/4164 3878/5466/4165 3877/5467/4166
s 1
f 3890/5423/4167 3885/5417/4159 3886/5420/4160 3891/5424/4168
s 4
f 3892/5469/4169 3890/5468/4170 3893/5473/4171 3894/5474/4172
f 3895/5488/4173 3896/5487/4174 3888/5491/4175 3897/5492/4176
f 3885/5463/4162 3890/5468/4170 3892/5469/4169 3899/5470/4177 3887/5464/4163
s 2
f 3900/5405/4178 3901/5409/4179 3902/5410/4180 3903/5406/4181
f 3904/5493/4182 3905/5494/4183 3906/5495/4184 3907/5496/4185
s 3
f 3886/5435/4186 3874/5432/4154 3880/5431/4153 3879/5436/4187 3884/5437/4188 3908/5438/4189
f 3909/5448/4190 3910/5449/4191 3891/5443/4192 3911/5445/4193
f 3912/5460/4194 3889/5461/4195 3913/5456/4196 3914/5459/4197
s 1
f 3888/5503/4198 3896/5504/4199 3913/5505/4200 3889/5506/4201
f 3893/5425/4202 3890/5423/4167 3891/5424/4168 3910/5426/4203
s 4
f 3915/5480/4204 3916/5479/4205 3917/5485/4206 3918/5486/4207
s 1
f 3916/5427/4208 3893/5425/4202 3910/5426/4203 3919/5428/4209
f 3896/5504/4199 3917/5507/4210 3920/5508/4211 3913/5505/4200
s 3
f 3891/5443/4192 3886/5435/4186 3908/5438/4189 3922/5444/4212 3911/5445/4193
f 3923/5454/4213 3920/5455/4214 3919/5450/4215 3924/5453/4216
s 2
f 3883/5390/4157 3887/5393/4217 3899/5394/4218 3922/5395/4219 3908/5396/4220 3884/5391/4158
s 1
f 3917/5429/4210 3916/5427/4208 3919/5428/4209 3920/5430/4211
s 4
f 3893/5473/4171 3916/5479/4205 3915/5480/4204 3901/5481/4221 3900/5482/4222 3894/5474/4172
f 3917/5485/4206 3896/5487/4174 3895/5488/4173 3905/5489/4223 3904/5490/4224 3918/5486/4207
s 3
f 3919/5450/4215 3910/5449/4191 3909/5448/4190 3903/5451/4225 3902/5452/4226 3924/5453/4216
f 3913/5456/4196 3920/5455/4214 3923/5454/4213 3907/5457/4227 3906/5458/4228 3914/5459/4197
s 2
f 3899/5394/4218 3892/5403/4229 3894/5404/4230 3900/5405/4178 3903/5406/4181 3909/5407/4231 3911/5408/4232 3922/5395/4219
f 3905/5494/4183 3895/5497/4233 3897/5498/4234 3898/5499/4235 3921/5500/4236 3912/5501/4237 3914/5502/4238 3906/5495/4184
f 3901/5409/4179 3915/5411/4239 3918/5412/4240 3904/5413/4182 3907/5414/4185 3923/5415/4241 3924/5416/4242 3902/5410/4180
s 4
f 3876/5471/4243 3872/5472/4244 3871/5462/4161 3877/5467/4166
s 2
f 3925/5509/4245 3875/5510/4145 3882/5511/4152 3926/5512/4246
s 1
f 3872/5519/4142 3927/5520/4247 3928/5521/4248 3873/5522/4143
s 3
f 3873/5433/4155 3928/5439/4249 3929/5440/4250 3926/5441/4251 3882/5442/4252 3881/5434/4156
f 3929/5440/4250 3928/5439/4249 3930/5446/4253 3931/5447/4254
s 1
f 3927/5520/4247 3932/5523/4255 3930/5524/4256 3928/5521/4248
s 4
f 3933/5483/4257 3932/5484/4258 3927/5475/4259 3934/5478/4260
f 3927/5475/4259 3872/5472/4244 3876/5471/4243 3875/5476/4261 3925/5477/4262 3934/5478/4260
s 2
f 3936/5513/4263 3933/5514/4264 3934/5515/4265 3925/5509/4245 3926/5512/4246 3929/5516/4266 3931/5517/4267 3935/5518/4268
g default
v 5.128060 -0.131700 -2.008628
v 5.133449 -0.131700 -2.017640
v 5.126902 -0.131700 -2.021556
v 5.074850 -0.267899 -2.052681
v 5.074847 -0.131700 -2.052683
v 5.126902 0.131700 -2.021556
v 5.133449 0.131700 -2.017640
v 5.128060 0.131700 -2.008628
v 4.812260 -0.267899 -2.070481
v 4.812260 -0.131700 -2.070481
v 5.008800 0.131700 -1.809181
v 5.008800 -0.131700 -1.809181
v 4.756432 -0.131700 -1.826287
v 4.756432 0.131700 -1.826287
v 4.812260 0.267899 -2.070481
v 5.074850 0.267899 -2.052681
v 5.074847 0.131700 -2.052683
v 4.812260 0.131700 -2.070481
v 4.089820 -0.131700 -2.641685
v 4.083273 -0.131700 -2.645600
v 4.077884 -0.131700 -2.636587
v 4.077884 0.131700 -2.636587
v 4.083273 0.131700 -2.645600
v 4.089820 0.131700 -2.641685
v 4.521922 -0.267899 -2.187063
v 4.521922 -0.131700 -2.187063
v 4.812260 -0.131700 -2.070481
v 4.393369 -0.131700 -1.972074
v 4.393369 0.131700 -1.972074
v 4.281821 -0.267899 -2.387659
v 4.141873 -0.267899 -2.610558
v 4.141876 -0.131700 -2.610556
v 4.281821 -0.131700 -2.387659
v 4.521922 -0.131700 -2.187063
v 4.281822 -0.131700 -2.387659
v 4.093124 -0.131700 -2.222917
v 4.281822 0.131700 -2.387659
v 4.521922 0.131700 -2.187063
v 4.093124 0.131700 -2.222917
v 4.281821 0.131700 -2.387659
v 4.141876 0.131700 -2.610556
v 4.141873 0.267899 -2.610558
v 4.281821 0.267899 -2.387659
v 4.521922 0.267899 -2.187063
v 4.812260 0.131700 -2.070481
v 4.521922 0.131700 -2.187063
v 3.958624 -0.131700 -2.437141
v 3.958624 0.131700 -2.437141
v 3.522808 -0.247902 -1.669332
v 3.564242 -0.267899 -1.644556
v 3.539466 -0.247902 -1.603121
v 3.529204 -0.199625 -1.585959
v 3.498032 -0.199625 -1.627897
v 3.505645 -0.199625 -1.679594
v 4.538659 -0.247902 -1.061898
v 4.555822 -0.199625 -1.051636
v 4.513884 -0.199625 -1.020464
v 4.462187 -0.199625 -1.028077
v 4.472449 -0.247902 -1.045239
v 4.497225 -0.267899 -1.086674
v 4.538659 0.247902 -1.061898
v 4.497225 0.267899 -1.086674
v 4.472449 0.247902 -1.045239
v 4.462187 0.199625 -1.028077
v 4.513884 0.199625 -1.020464
v 4.555822 0.199625 -1.051636
v 3.522808 0.247902 -1.669332
v 3.505645 0.199625 -1.679594
v 3.498032 0.199625 -1.627897
v 3.529204 0.199625 -1.585959
v 3.539466 0.247902 -1.603121
v 3.564242 0.267899 -1.644556
v 5.116287 0.247902 -2.027903
v 5.133449 0.199625 -2.017640
v 5.116287 -0.247902 -2.027903
v 5.133449 -0.199625 -2.017640
v 4.100435 -0.247902 -2.635337
v 4.083273 -0.199625 -2.645600
v 4.100435 0.247902 -2.635337
v 4.083273 0.199625 -2.645600
v 3.510201 -0.239030 -1.630959
v 4.510822 -0.239030 -1.032632
v 4.510822 0.239030 -1.032632
v 3.510201 0.239030 -1.630959
vt 0.623214 0.269092
vt 0.594314 0.269093
vt 0.594314 0.219333
vt 0.623214 0.219333
vt 0.598557 0.279337
vt 0.623214 0.281961
vt 0.623214 0.283580
vt 0.608801 0.283580
vt 0.594314 0.153764
vt 0.623214 0.153764
vt 0.623214 0.219333
vt 0.594314 0.088194
vt 0.623214 0.088194
vt 0.623214 0.088195
vt 0.623214 0.153764
vt 0.594314 0.038435
vt 0.623214 0.038436
vt 0.598557 0.028191
vt 0.608801 0.023948
vt 0.623214 0.023948
vt 0.623214 0.025566
vt 0.682953 0.283580
vt 0.627063 0.283580
vt 0.627063 0.235758
vt 0.682953 0.235758
vt 0.627063 0.153764
vt 0.682953 0.153764
vt 0.627063 0.071770
vt 0.682953 0.071770
vt 0.627063 0.023948
vt 0.682953 0.023948
vt 0.715813 0.219333
vt 0.715813 0.269093
vt 0.686913 0.269092
vt 0.686913 0.219333
vt 0.711570 0.279337
vt 0.701326 0.283580
vt 0.686913 0.283580
vt 0.686913 0.281961
vt 0.715813 0.153764
vt 0.686913 0.219333
vt 0.686913 0.153764
vt 0.715813 0.088194
vt 0.686913 0.153764
vt 0.686913 0.088195
vt 0.686913 0.088194
vt 0.686913 0.038436
vt 0.715813 0.038435
vt 0.711570 0.028191
vt 0.686913 0.025566
vt 0.686913 0.023948
vt 0.701326 0.023948
vt 0.891152 0.518310
vt 0.880908 0.518310
vt 0.880908 0.287651
vt 0.891152 0.287650
vt 0.891152 0.528553
vt 0.882791 0.526671
vt 0.891152 0.277407
vt 0.882791 0.279290
vt 0.975868 0.287650
vt 0.975868 0.518310
vt 0.975868 0.528553
vt 0.975868 0.277407
vt 0.986112 0.287651
vt 0.986112 0.518310
vt 0.984229 0.526671
vt 0.984229 0.279290
vt 0.411232 0.283580
vt 0.409004 0.283580
vt 0.409004 0.281961
vt 0.460541 0.283580
vt 0.409004 0.269092
vt 0.434357 0.219333
vt 0.434357 0.219333
vt 0.484907 0.235758
vt 0.444742 0.153764
vt 0.444742 0.153764
vt 0.497893 0.153764
vt 0.434357 0.088195
vt 0.484907 0.071770
vt 0.434357 0.088194
vt 0.409004 0.038436
vt 0.409004 0.025566
vt 0.411232 0.023948
vt 0.460540 0.023948
vt 0.409004 0.023948
vt 0.501716 0.025567
vt 0.501716 0.023948
vt 0.503944 0.023948
vt 0.577619 0.071770
vt 0.527069 0.088195
vt 0.527069 0.088195
vt 0.501715 0.038436
vt 0.553253 0.023948
vt 0.590605 0.153764
vt 0.537454 0.153764
vt 0.537454 0.153764
vt 0.527069 0.219333
vt 0.577619 0.235758
vt 0.553252 0.283580
vt 0.503944 0.283580
vt 0.501715 0.281962
vt 0.501716 0.269092
vt 0.527069 0.219333
vt 0.501715 0.283580
vt 0.958485 0.264850
vt 0.958485 0.275094
vt 0.719662 0.275094
vt 0.719662 0.264850
vt 0.968728 0.264850
vt 0.966846 0.273211
vt 0.719662 0.034192
vt 0.958485 0.034191
vt 0.745015 0.215090
vt 0.755400 0.149521
vt 0.745015 0.083952
vt 0.968728 0.034191
vt 0.958485 0.023948
vt 0.719662 0.023948
vt 0.966846 0.025830
vt 0.867110 0.526796
vt 0.867110 0.537039
vt 0.628287 0.537039
vt 0.628287 0.526795
vt 0.877353 0.526796
vt 0.875471 0.535157
vt 0.628287 0.296138
vt 0.867110 0.296137
vt 0.653640 0.477036
vt 0.664025 0.411466
vt 0.653640 0.345897
vt 0.877353 0.296137
vt 0.867110 0.285893
vt 0.628287 0.285893
vt 0.875471 0.287776
vt 0.519529 0.296137
vt 0.529772 0.296137
vt 0.529772 0.534960
vt 0.519529 0.534960
vt 0.529772 0.285893
vt 0.521411 0.287776
vt 0.614488 0.296137
vt 0.614488 0.534960
vt 0.600075 0.534960
vt 0.600075 0.532732
vt 0.600075 0.483423
vt 0.544185 0.483423
vt 0.544185 0.532732
vt 0.544185 0.534960
vt 0.614488 0.285893
vt 0.624732 0.296137
vt 0.624732 0.534960
vt 0.622849 0.287776
vt 0.505730 0.296137
vt 0.515974 0.296137
vt 0.515974 0.534960
vt 0.505730 0.534960
vt 0.505730 0.285893
vt 0.514091 0.287776
vt 0.421014 0.534960
vt 0.421014 0.296137
vt 0.491317 0.534960
vt 0.491317 0.532731
vt 0.491317 0.483423
vt 0.435427 0.483423
vt 0.435427 0.532731
vt 0.435427 0.534960
vt 0.421014 0.285893
vt 0.410770 0.296137
vt 0.410770 0.534960
vt 0.412653 0.287776
vn 0.000000 1.000000 0.000000
vn -0.000000 1.000000 0.000000
vn 0.000000 1.000000 0.000000
vn -0.000000 -1.000000 -0.000000
vn 0.000000 -1.000000 0.000000
vn -0.000000 -1.000000 -0.000000
vn 0.150837 -0.000007 -0.988559
vn 0.132848 -0.000007 -0.991136
vn 0.236162 -0.000003 -0.971714
vn 0.067628 -0.000007 -0.997711
vn 0.067625 0.000000 -0.997711
vn 0.067625 0.000000 -0.997711
vn 0.255869 0.000000 -0.966712
vn 0.255869 0.000000 -0.966712
vn 0.236162 0.000003 -0.971714
vn 0.132849 0.000007 -0.991136
vn 0.150837 0.000007 -0.988559
vn 0.067628 0.000007 -0.997711
vn 0.000000 1.000000 0.000000
vn -0.000000 1.000000 0.000000
vn 0.000000 1.000000 0.000000
vn 0.000000 -1.000000 0.000000
vn 0.000000 -1.000000 0.000000
vn 0.000000 -1.000000 0.000000
vn 0.513205 0.000000 -0.858266
vn 0.372624 0.000000 -0.927983
vn 0.000000 0.000000 -0.000000
vn 0.513206 0.000000 -0.858265
vn 0.513206 0.000000 -0.858265
vn 0.000000 1.000000 0.000000
vn 0.000000 1.000000 0.000000
vn 0.000000 0.000000 0.000000
vn 0.000000 1.000000 0.000000
vn 0.000000 1.000000 0.000000
vn 0.744252 -0.000003 -0.667899
vn 0.810256 -0.000006 -0.586077
vn 0.799473 -0.000005 -0.600702
vn 0.744252 -0.000003 -0.667899
vn -0.000000 1.000000 -0.000000
vn -0.000000 1.000000 -0.000000
vn 0.000000 1.000000 0.000000
vn -0.000000 1.000000 -0.000000
vn 0.000000 0.000000 0.000000
vn -0.000000 -1.000000 -0.000000
vn -0.000000 -1.000000 -0.000000
vn -0.000000 -1.000000 -0.000000
vn -0.000000 -1.000000 -0.000000
vn 0.730521 0.000000 -0.682891
vn 0.730521 0.000000 -0.682891
vn 0.744252 0.000003 -0.667899
vn 0.799473 0.000005 -0.600702
vn 0.810256 0.000006 -0.586077
vn 0.744252 0.000003 -0.667899
vn 0.513205 0.000000 -0.858266
vn 0.000000 0.000000 -0.000000
vn 0.372624 0.000000 -0.927983
vn 0.846913 0.000000 -0.531732
vn 0.846913 0.000000 -0.531732
vn 0.000000 -0.000000 0.000000
vn 0.000000 -1.000000 0.000000
vn 0.000000 -1.000000 0.000000
vn -0.000000 -0.000000 -0.000000
vn -0.000000 -1.000000 -0.000000
vn -0.000000 -1.000000 -0.000000
vn 0.641149 0.000000 -0.767417
vn 0.000000 0.000000 -0.000000
vn 0.000000 0.000000 -0.000000
vn 0.641149 0.000000 -0.767417
vn 0.000000 1.000000 0.000000
vn 0.000000 1.000000 0.000000
vn 0.000000 1.000000 0.000000
vn 0.000000 -1.000000 0.000000
vn 0.000000 -1.000000 0.000000
vn 0.000000 -1.000000 0.000000
vn -0.025783 -0.999649 0.006026
vn -0.332851 -0.924324 -0.186644
vn -0.328432 -0.923886 -0.196388
vn -0.023296 -0.999632 -0.013930
vn -0.798768 -0.381473 -0.465240
vn -0.866619 -0.050150 -0.496443
vn -0.857144 -0.051116 -0.512534
vn -0.792935 -0.382681 -0.474140
vn -0.527187 -0.044028 0.848608
vn -0.483810 -0.381424 0.787683
vn -0.464936 -0.381423 0.798969
vn -0.498079 -0.044028 0.866013
vn -0.205190 -0.924331 0.321727
vn 0.006894 -0.999649 0.025565
vn -0.186316 -0.924331 0.333013
vn -0.988426 -0.028367 -0.149026
vn -0.988426 0.028367 -0.149026
vn -0.866619 0.050150 -0.496443
vn -0.800211 -0.028367 0.599047
vn -0.527187 0.044028 0.848608
vn -0.800211 0.028367 0.599047
vn 0.847454 -0.050151 0.528495
vn 0.787854 -0.381479 0.483488
vn 0.792934 -0.382687 0.474138
vn 0.857144 -0.051118 0.512533
vn 0.321945 -0.924321 0.204895
vn 0.023296 -0.999632 0.013930
vn 0.328438 -0.923883 0.196391
vn -0.149031 -0.028366 0.988426
vn -0.149031 0.028366 0.988426
vn -0.498079 0.044028 0.866013
vn 0.599052 -0.028367 0.800208
vn 0.847454 0.050151 0.528495
vn 0.599052 0.028367 0.800208
vn 0.006894 0.999649 0.025565
vn 0.321945 0.924321 0.204895
vn 0.328438 0.923883 0.196391
vn 0.023296 0.999632 0.013930
vn 0.787854 0.381479 0.483488
vn 0.857144 0.051118 0.512533
vn 0.792933 0.382687 0.474138
vn -0.464936 0.381423 0.798969
vn -0.483810 0.381424 0.787683
vn -0.186316 0.924331 0.333013
vn -0.025783 0.999649 0.006026
vn -0.205190 0.924331 0.321727
vn -0.798768 0.381473 -0.465240
vn -0.792935 0.382681 -0.474140
vn -0.857144 0.051116 -0.512534
vn -0.332851 0.924324 -0.186644
vn -0.023296 0.999632 -0.013930
vn -0.328432 0.923885 -0.196388
vn 0.858267 0.000000 0.513204
vn 0.858267 0.000000 0.513204
vn 0.858267 0.000000 0.513204
vn 0.858267 0.000000 0.513204
vn 0.858267 0.000000 0.513204
vn 0.858267 0.000000 0.513204
vn -0.000000 -1.000000 -0.000000
vn -0.000000 -1.000000 -0.000000
vn -0.000000 -1.000000 -0.000000
vn -0.000000 1.000000 -0.000000
vn -0.000000 1.000000 -0.000000
vn -0.000000 1.000000 -0.000000
vn -0.858266 0.000000 -0.513205
vn -0.858266 0.000000 -0.513205
vn -0.858266 0.000000 -0.513205
vn -0.858266 0.000000 -0.513205
vn -0.858266 0.000000 -0.513205
vn -0.858266 0.000000 -0.513205
vn 0.513215 0.000004 -0.858260
vn 0.513215 0.000004 -0.858260
vn 0.513215 0.000004 -0.858260
vn 0.513215 0.000004 -0.858260
vn 0.513215 -0.000004 -0.858260
vn 0.513215 -0.000004 -0.858260
vn 0.513215 -0.000004 -0.858260
vn 0.513215 -0.000004 -0.858260
vn 0.513216 -0.000001 -0.858260
vn 0.513216 -0.000001 -0.858260
vn 0.513216 -0.000001 -0.858260
vn 0.513216 -0.000001 -0.858260
vn 0.513216 0.000001 -0.858260
vn 0.513216 0.000001 -0.858260
vn 0.513216 0.000001 -0.858260
vn 0.513216 0.000001 -0.858260
vn -0.929000 -0.325271 -0.176515
vn -0.446100 -0.887917 0.112238
vn -0.734852 -0.325270 0.595141
vn 0.112238 -0.887919 0.446097
vn 0.595147 -0.325269 0.734847
vn -0.176518 -0.325261 0.929003
vn 0.595147 0.325269 0.734847
vn 0.112238 0.887919 0.446097
vn -0.176518 0.325261 0.929003
vn -0.446101 0.887917 0.112238
vn -0.929000 0.325271 -0.176514
vn -0.734852 0.325270 0.595141
s 1
g pCube3
usemtl initialShadingGroup
f 3937/5593/4269 3938/5594/4270 3939/5595/4271
s 2
f 3942/5612/4272 3943/5613/4273 3944/5614/4274
s 3
f 3941/5525/4275 3940/5526/4276 3945/5527/4277 3946/5528/4278
s 4
f 3947/5546/4279 3948/5547/4280 3949/5548/4281 3950/5549/4282
s 5
f 3951/5556/4283 3952/5557/4284 3953/5558/4285 3954/5559/4286
s 1
f 3955/5608/4287 3956/5611/4288 3957/5609/4289
s 2
f 3958/5626/4290 3959/5630/4291 3960/5627/4292
s 3
f 3945/5527/4277 3961/5533/4293 3962/5534/4294 3963/5535/4295 3946/5528/4278
s 4
f 3964/5550/4296 3965/5551/4297 3950/5549/4282 3949/5548/4281
s 1
f 3948/5596/4298 3937/5593/4269 3939/5595/4271 3941/5597/4299 3946/5598/4300 3963/5599/4301 3949/5600/4302
s 3
f 3966/5536/4303 3967/5540/4304 3968/5541/4305 3969/5537/4306
s 1
f 3970/5602/4307 3971/5604/4308 3972/5605/4309 3964/5603/4310
f 3949/5600/4302 3963/5599/4301 3962/5601/4311 3970/5602/4307 3964/5603/4310
s 2
f 3973/5623/4312 3974/5621/4313 3965/5620/4314 3975/5624/4315
s 4
f 3972/5552/4316 3975/5553/4317 3965/5551/4297 3964/5550/4296
s 5
f 3976/5570/4318 3977/5571/4319 3978/5572/4320 3979/5567/4321
f 3980/5564/4322 3951/5556/4283 3954/5559/4286 3981/5565/4323 3982/5566/4324
s 4
f 3983/5554/4325 3984/5555/4326 3975/5553/4317 3972/5552/4316
s 2
f 3965/5620/4314 3974/5621/4313 3982/5622/4327 3981/5616/4328 3950/5615/4329
f 3950/5615/4329 3981/5616/4328 3954/5617/4330 3953/5618/4331 3942/5612/4272 3944/5614/4274 3947/5619/4332
s 3
f 3961/5533/4293 3966/5536/4303 3969/5537/4306 3971/5538/4333 3970/5539/4334 3962/5534/4294
s 5
f 3979/5567/4321 3980/5564/4322 3982/5566/4324 3974/5568/4335 3973/5569/4336 3976/5570/4318
s 1
f 3972/5605/4309 3971/5604/4308 3969/5606/4337 3968/5607/4338 3955/5608/4287 3957/5609/4289 3983/5610/4339
s 2
f 3984/5625/4340 3958/5626/4290 3960/5627/4292 3977/5628/4341 3976/5629/4342 3973/5623/4312 3975/5624/4315
s 11
f 3986/5631/4343 3985/5632/4344 4013/5633/4345 3967/5634/4346
s 12
f 3985/5661/4347 3990/5662/4348 4014/5663/4349 4013/5664/4350
s 13
f 3988/5577/4351 3987/5578/4352 3995/5579/4353 3994/5580/4354
s 11
f 3987/5635/4355 3986/5631/4343 3996/5638/4356 3995/5642/4357
s 12
f 3990/5662/4348 3989/5665/4358 4005/5675/4359 4004/5667/4360
s 13
f 3989/5581/4361 3988/5577/4351 4006/5586/4362 4005/5587/4363
s 14
f 3992/5679/4364 3991/5680/4365 4011/5681/4366 4012/5682/4367
s 11
f 3991/5643/4368 3996/5638/4356 3940/5637/4369 4011/5644/4370
s 13
f 3994/5580/4354 3993/5583/4371 4001/5588/4372 4000/5585/4373
s 14
f 3993/5683/4374 3992/5679/4364 4002/5686/4375 4001/5693/4376
s 15
f 3998/5646/4377 3997/5647/4378 4009/5648/4379 3952/5649/4380
s 14
f 3997/5694/4381 4002/5686/4375 4010/5685/4382 4009/5695/4383
s 13
f 4000/5585/4373 3999/5589/4384 4007/5590/4385 4006/5586/4362
s 15
f 3999/5650/4386 3998/5646/4377 4008/5653/4387 4007/5657/4388
s 12
f 4004/5667/4360 4003/5676/4389 4015/5677/4390 4016/5668/4391
s 15
f 4003/5658/4392 4008/5653/4387 3978/5652/4393 4015/5659/4394
s 13
f 3988/5577/4351 3994/5580/4354 4000/5585/4373 4006/5586/4362
s 14
f 4010/5685/4382 4002/5686/4375 3992/5679/4364 4012/5682/4367 3938/5687/4395 3937/5688/4396 3948/5689/4397 3947/5690/4398 3944/5691/4399 3943/5692/4400
s 11
f 3940/5637/4369 3996/5638/4356 3986/5631/4343 3967/5634/4346 3966/5639/4401 3961/5640/4402 3945/5641/4403
s 15
f 3978/5652/4393 4008/5653/4387 3998/5646/4377 3952/5649/4380 3951/5654/4404 3980/5655/4405 3979/5656/4406
s 12
f 4014/5663/4349 3990/5662/4348 4004/5667/4360 4016/5668/4391 3959/5669/4407 3958/5670/4408 3984/5671/4409 3983/5672/4410 3957/5673/4411 3956/5674/4412
s 5
f 4009/5560/4413 4010/5561/4414 3943/5562/4415 3942/5563/4416 3953/5558/4285 3952/5557/4284
s 3
f 4011/5529/4417 3940/5526/4276 3941/5525/4275 3939/5530/4418 3938/5531/4419 4012/5532/4420
f 4013/5542/4421 4014/5543/4422 3956/5544/4423 3955/5545/4424 3968/5541/4305 3967/5540/4304
s 5
f 4015/5573/4425 3978/5572/4320 3977/5571/4319 3960/5574/4426 3959/5575/4427 4016/5576/4428
s 12
f 3989/5665/4358 3990/5662/4348 3985/5661/4347 4017/5666/4429
s 11
f 3985/5632/4344 3986/5631/4343 3987/5635/4355 4017/5636/4430
s 13
f 3987/5578/4352 3988/5577/4351 3989/5581/4361 4017/5582/4431
s 11
f 3995/5642/4357 3996/5638/4356 3991/5643/4368 4018/5645/4432
s 14
f 3991/5680/4365 3992/5679/4364 3993/5683/4374 4018/5684/4433
s 13
f 3993/5583/4371 3994/5580/4354 3995/5579/4353 4018/5584/4434
s 14
f 4001/5693/4376 4002/5686/4375 3997/5694/4381 4019/5696/4435
s 15
f 3997/5647/4378 3998/5646/4377 3999/5650/4386 4019/5651/4436
s 13
f 3999/5589/4384 4000/5585/4373 4001/5588/4372 4019/5592/4437
s 15
f 4007/5657/4388 4008/5653/4387 4003/5658/4392 4020/5660/4438
s 12
f 4003/5676/4389 4004/5667/4360 4005/5675/4359 4020/5678/4439
s 13
f 4005/5587/4363 4006/5586/4362 4007/5590/4385 4020/5591/4440
g default
v 4.923476 -0.131700 -4.290829
v 4.544061 -0.131700 -4.195368
v 4.544061 0.131700 -4.195368
v 4.923476 0.131700 -4.290829
v 4.642429 -0.131700 -3.964997
v 4.642429 -0.131700 -3.964997
v 4.945842 -0.131700 -4.041336
v 4.945842 -0.131700 -4.041336
v 4.945842 0.131700 -4.041336
v 4.945842 0.131700 -4.041336
v 4.642429 0.131700 -3.964997
v 4.642429 0.131700 -3.964997
v 5.146778 -0.131700 -1.799829
v 5.526193 -0.131700 -1.895290
v 5.526193 0.131700 -1.895290
v 5.146778 0.131700 -1.799829
v 5.427825 -0.131700 -2.125662
v 5.427825 -0.131700 -2.125662
v 5.124412 -0.131700 -2.049323
v 5.124412 -0.131700 -2.049323
v 5.124412 0.131700 -2.049323
v 5.124412 0.131700 -2.049323
v 5.427825 0.131700 -2.125662
v 5.427825 0.131700 -2.125662
v 4.377456 -0.131700 -3.798635
v 4.377456 0.131700 -3.798635
v 4.812259 -0.131700 -2.070480
v 4.812259 0.131700 -2.070480
v 4.212714 -0.131700 -3.987333
v 4.212714 0.131700 -3.987333
v 4.756432 -0.131700 -1.826287
v 4.756432 0.131700 -1.826287
v 4.377456 -0.131700 -3.798635
v 4.812259 -0.131700 -2.070480
v 3.961871 -0.131700 -3.687088
v 3.961871 0.131700 -3.687088
v 4.393368 -0.131700 -1.972074
v 4.393368 0.131700 -1.972074
v 4.521922 -0.131700 -2.187063
v 4.093124 -0.131700 -2.222916
v 4.281822 -0.131700 -2.387659
v 4.060278 -0.131700 -3.268197
v 3.816085 -0.131700 -3.324024
v 4.176861 -0.131700 -3.558534
v 4.176861 -0.131700 -3.558534
v 4.521922 -0.131700 -2.187063
v 4.281822 -0.131700 -2.387659
v 4.115459 -0.131700 -2.652632
v 4.115459 0.131700 -2.652632
v 4.281822 0.131700 -2.387659
v 4.039121 -0.131700 -2.956045
v 4.060278 -0.131700 -3.268197
v 4.060278 0.131700 -3.268197
v 4.039121 0.131700 -2.956045
v 4.377456 0.131700 -3.798635
v 4.812259 0.131700 -2.070480
v 4.281822 0.131700 -2.387659
v 4.093124 0.131700 -2.222916
v 4.521922 0.131700 -2.187063
v 4.176861 0.131700 -3.558534
v 3.816085 0.131700 -3.324024
v 4.060278 0.131700 -3.268197
v 4.115459 -0.131700 -2.652632
v 3.885088 -0.131700 -2.554264
v 3.789628 -0.131700 -2.933679
v 4.039121 -0.131700 -2.956044
v 3.885088 0.131700 -2.554264
v 3.789628 0.131700 -2.933679
v 4.176861 0.131700 -3.558534
v 4.521922 0.131700 -2.187063
v 4.039121 0.131700 -2.956044
v 4.115459 0.131700 -2.652632
v 5.257995 -0.131700 -4.020179
v 5.257995 0.131700 -4.020179
v 5.692798 -0.131700 -2.292024
v 5.692798 0.131700 -2.292024
v 5.857541 -0.131700 -2.103326
v 5.857541 0.131700 -2.103326
v 5.313822 -0.131700 -4.264372
v 5.313822 0.131700 -4.264372
v 5.257995 0.131700 -4.020179
v 5.692798 0.131700 -2.292024
v 5.548332 0.131700 -3.903596
v 5.676886 0.131700 -4.118586
v 6.108384 0.131700 -2.403571
v 5.893394 0.131700 -2.532125
v 5.676886 -0.131700 -4.118586
v 6.108384 -0.131700 -2.403571
v 5.257995 -0.131700 -4.020179
v 5.548332 -0.131700 -3.903596
v 5.893394 -0.131700 -2.532125
v 5.692798 -0.131700 -2.292024
v 5.788433 -0.131700 -3.703001
v 5.954795 -0.131700 -3.438028
v 5.954795 0.131700 -3.438028
v 5.788433 0.131700 -3.703001
v 6.031134 -0.131700 -3.134615
v 6.009976 -0.131700 -2.822462
v 6.009976 0.131700 -2.822462
v 6.031134 0.131700 -3.134615
v 5.977131 -0.131700 -3.867743
v 5.977131 0.131700 -3.867743
v 6.254169 -0.131700 -2.766635
v 6.254169 0.131700 -2.766635
v 6.031133 0.131700 -3.134615
v 6.280627 0.131700 -3.156981
v 6.185166 0.131700 -3.536396
v 5.954795 0.131700 -3.438028
v 6.185166 -0.131700 -3.536396
v 6.280627 -0.131700 -3.156981
v 5.548332 0.131700 -3.903596
v 5.788432 0.131700 -3.703001
v 6.009976 0.131700 -2.822462
v 5.893394 0.131700 -2.532125
v 5.954795 -0.131700 -3.438028
v 6.031133 -0.131700 -3.134615
v 5.788432 -0.131700 -3.703001
v 5.548332 -0.131700 -3.903596
v 5.893394 -0.131700 -2.532125
v 6.009976 -0.131700 -2.822462
vt 0.135739 0.873314
vt 0.135739 0.842667
vt 0.164696 0.842667
vt 0.164696 0.873314
vt 0.135739 0.842667
vt 0.135739 0.808694
vt 0.164696 0.808694
vt 0.164696 0.842667
vt 0.135739 0.897636
vt 0.135739 0.897636
vt 0.135739 0.873314
vt 0.164696 0.873314
vt 0.164696 0.897636
vt 0.164696 0.897636
vt 0.135739 0.808694
vt 0.135739 0.774721
vt 0.135739 0.774721
vt 0.164696 0.774721
vt 0.164696 0.774721
vt 0.164696 0.808694
vt 0.135739 0.744074
vt 0.164696 0.744074
vt 0.135739 0.744074
vt 0.135739 0.719752
vt 0.135739 0.719752
vt 0.164696 0.719752
vt 0.164696 0.719752
vt 0.164696 0.744074
vt 0.199971 0.788491
vt 0.199971 0.750166
vt 0.228929 0.750166
vt 0.228929 0.788491
vt 0.199971 0.719752
vt 0.228929 0.719752
vt 0.199971 0.830973
vt 0.228929 0.830973
vt 0.199971 0.873456
vt 0.228929 0.873456
vt 0.199971 0.911781
vt 0.228929 0.911781
vt 0.199971 0.942195
vt 0.228929 0.942195
vt 0.167855 0.873314
vt 0.167855 0.842667
vt 0.196813 0.842667
vt 0.196813 0.873314
vt 0.167855 0.842667
vt 0.167855 0.808694
vt 0.167855 0.808694
vt 0.196813 0.808694
vt 0.196813 0.808694
vt 0.196813 0.842667
vt 0.167855 0.897636
vt 0.167855 0.897636
vt 0.167855 0.873314
vt 0.196813 0.873314
vt 0.196813 0.897636
vt 0.196813 0.897636
vt 0.167855 0.774721
vt 0.167855 0.774721
vt 0.196813 0.774721
vt 0.196813 0.774721
vt 0.167855 0.744074
vt 0.196813 0.744074
vt 0.167855 0.744074
vt 0.167855 0.719752
vt 0.167855 0.719752
vt 0.196813 0.719752
vt 0.196813 0.719752
vt 0.196813 0.744074
vt 0.232087 0.788491
vt 0.232087 0.750166
vt 0.261045 0.750166
vt 0.261045 0.788491
vt 0.232087 0.719752
vt 0.261045 0.719752
vt 0.232087 0.830973
vt 0.261045 0.830973
vt 0.232087 0.873456
vt 0.261045 0.873456
vt 0.232087 0.911781
vt 0.261045 0.911781
vt 0.232087 0.942195
vt 0.261045 0.942195
vt 0.074952 0.515600
vt 0.052672 0.499413
vt 0.083087 0.468998
vt 0.099274 0.491278
vt 0.033145 0.537737
vt 0.074952 0.515600
vt 0.059336 0.546247
vt 0.059336 0.546247
vt 0.121411 0.449471
vt 0.129921 0.475662
vt 0.129921 0.475662
vt 0.099274 0.491278
vt 0.053955 0.580220
vt 0.026417 0.580220
vt 0.163894 0.442742
vt 0.163894 0.470281
vt 0.163894 0.470281
vt 0.033145 0.622703
vt 0.053955 0.580220
vt 0.059336 0.614193
vt 0.206377 0.449471
vt 0.197867 0.475662
vt 0.052672 0.661027
vt 0.059336 0.614193
vt 0.074952 0.644840
vt 0.074952 0.644840
vt 0.244701 0.468998
vt 0.228514 0.491278
vt 0.228514 0.491278
vt 0.197867 0.475662
vt 0.099274 0.669162
vt 0.083087 0.691441
vt 0.275115 0.499413
vt 0.252836 0.515600
vt 0.121411 0.710968
vt 0.099274 0.669162
vt 0.129921 0.684777
vt 0.129921 0.684777
vt 0.294643 0.537737
vt 0.268452 0.546247
vt 0.268452 0.546247
vt 0.252836 0.515600
vt 0.163894 0.717697
vt 0.163894 0.690158
vt 0.163894 0.690158
vt 0.301371 0.580220
vt 0.273832 0.580220
vt 0.197867 0.684777
vt 0.206377 0.710968
vt 0.294643 0.622703
vt 0.268452 0.614193
vt 0.273832 0.580220
vt 0.244701 0.691441
vt 0.197867 0.684777
vt 0.228514 0.669162
vt 0.228514 0.669162
vt 0.275116 0.661027
vt 0.252836 0.644840
vt 0.252836 0.644840
vt 0.268452 0.614193
vt 0.359198 0.987978
vt 0.320874 0.968451
vt 0.337060 0.946171
vt 0.337060 0.946171
vt 0.367708 0.961787
vt 0.367708 0.961787
vt 0.290459 0.938037
vt 0.312739 0.921849
vt 0.401681 0.994707
vt 0.401681 0.967168
vt 0.401681 0.967168
vt 0.270932 0.899712
vt 0.297123 0.891202
vt 0.297123 0.891202
vt 0.312739 0.921849
vt 0.435653 0.961787
vt 0.444164 0.987978
vt 0.264203 0.857229
vt 0.291742 0.857229
vt 0.482488 0.968451
vt 0.435653 0.961787
vt 0.466301 0.946171
vt 0.466301 0.946171
vt 0.270932 0.814746
vt 0.297123 0.823256
vt 0.291742 0.857229
vt 0.490623 0.921849
vt 0.512902 0.938037
vt 0.290459 0.776422
vt 0.312739 0.792609
vt 0.312739 0.792609
vt 0.297123 0.823256
vt 0.532429 0.899712
vt 0.490623 0.921849
vt 0.506238 0.891202
vt 0.506238 0.891202
vt 0.320873 0.746008
vt 0.337060 0.768287
vt 0.511619 0.857229
vt 0.539158 0.857229
vt 0.359198 0.726481
vt 0.367708 0.752671
vt 0.367708 0.752671
vt 0.337060 0.768287
vt 0.532429 0.814746
vt 0.511619 0.857229
vt 0.506238 0.823256
vt 0.401681 0.719752
vt 0.401681 0.747291
vt 0.401681 0.747291
vt 0.512902 0.776422
vt 0.506238 0.823256
vt 0.490623 0.792609
vt 0.490623 0.792609
vt 0.444164 0.726481
vt 0.435654 0.752671
vt 0.466301 0.768287
vt 0.482488 0.746008
vt 0.466301 0.768287
vt 0.435654 0.752671
vt 0.068348 0.818345
vt 0.068348 0.848992
vt 0.039390 0.848992
vt 0.039390 0.818345
vt 0.068348 0.784372
vt 0.068348 0.818345
vt 0.039390 0.818345
vt 0.039390 0.784372
vt 0.068348 0.750399
vt 0.068348 0.750399
vt 0.068348 0.784372
vt 0.039390 0.784372
vt 0.039390 0.750399
vt 0.039390 0.750399
vt 0.068348 0.719752
vt 0.039390 0.719752
vt 0.103622 0.881366
vt 0.103622 0.843042
vt 0.132580 0.843042
vt 0.132580 0.881366
vt 0.103622 0.800559
vt 0.132580 0.800559
vt 0.103622 0.758076
vt 0.132580 0.758076
vt 0.103622 0.719752
vt 0.132580 0.719752
vt 0.026417 0.881694
vt 0.026417 0.851047
vt 0.055374 0.851047
vt 0.055374 0.881694
vt 0.026417 0.915667
vt 0.026417 0.915667
vt 0.026417 0.881694
vt 0.055374 0.881694
vt 0.055374 0.915667
vt 0.055374 0.915667
vt 0.026417 0.949640
vt 0.026417 0.949640
vt 0.055374 0.949640
vt 0.055374 0.949640
vt 0.026417 0.980287
vt 0.055374 0.980287
vt 0.100464 0.719752
vt 0.100464 0.758076
vt 0.071506 0.758076
vt 0.071506 0.719752
vt 0.100464 0.800559
vt 0.071506 0.800559
vt 0.100464 0.843042
vt 0.071506 0.843042
vt 0.100464 0.881367
vt 0.071506 0.881367
vn -0.089285 0.000000 -0.996006
vn -0.392699 0.000000 -0.919667
vn -0.392699 0.000000 -0.919667
vn -0.089285 0.000000 -0.996006
vn 0.392698 0.000000 0.919667
vn 0.243996 0.000000 0.969776
vn 0.243996 0.000000 0.969776
vn 0.089285 0.000000 0.996006
vn 0.089285 0.000000 0.996006
vn 0.243996 0.000000 0.969776
vn 0.243996 0.000000 0.969776
vn 0.392698 0.000000 0.919667
vn 0.089285 0.000000 0.996006
vn 0.392699 0.000000 0.919667
vn 0.392699 0.000000 0.919667
vn 0.089285 0.000000 0.996006
vn -0.392698 0.000000 -0.919667
vn -0.243996 0.000000 -0.969776
vn -0.243996 0.000000 -0.969776
vn -0.089285 0.000000 -0.996006
vn -0.089285 0.000000 -0.996006
vn -0.243996 0.000000 -0.969776
vn -0.243996 0.000000 -0.969776
vn -0.392698 0.000000 -0.919667
vn 0.000000 1.000000 0.000000
vn 0.000000 1.000000 0.000000
vn -0.000000 1.000000 -0.000000
vn -0.000000 1.000000 -0.000000
vn -0.000000 1.000000 -0.000000
vn -0.000000 1.000000 -0.000000
vn -0.000000 1.000000 -0.000000
vn -0.000000 1.000000 -0.000000
vn 0.657671 0.000000 0.753305
vn 0.657671 0.000000 0.753305
vn 0.222869 -0.000000 -0.974849
vn 0.222869 -0.000000 -0.974849
vn -0.657671 0.000000 -0.753305
vn -0.657671 0.000000 -0.753305
vn -0.222870 0.000000 0.974848
vn -0.222870 0.000000 0.974848
vn 0.000000 -1.000000 0.000000
vn -0.000000 -1.000000 -0.000000
vn -0.000000 -1.000000 -0.000000
vn 0.000000 -1.000000 0.000000
vn 0.000000 -1.000000 0.000000
vn 0.000000 -1.000000 0.000000
vn -0.000000 -1.000000 -0.000000
vn 0.000000 -1.000000 0.000000
vn 0.000000 -1.000000 0.000000
vn 0.000000 -1.000000 0.000000
vn 0.000000 -1.000000 0.000000
vn -0.000000 -1.000000 -0.000000
vn -0.858266 0.000000 -0.513205
vn -0.858266 0.000000 -0.513205
vn -0.513206 0.000000 0.858266
vn -0.513206 0.000000 0.858266
vn -0.000000 -1.000000 -0.000000
vn -0.000000 -1.000000 -0.000000
vn -0.000000 -1.000000 -0.000000
vn -0.000000 -1.000000 -0.000000
vn 0.000000 -1.000000 0.000000
vn 0.000000 -1.000000 0.000000
vn 0.000000 -1.000000 0.000000
vn 0.000000 -1.000000 0.000000
vn 0.000000 -1.000000 0.000000
vn 0.000000 -1.000000 0.000000
vn 0.753305 -0.000000 -0.657671
vn 0.919667 0.000000 -0.392698
vn 0.919667 0.000000 -0.392698
vn 0.753305 -0.000000 -0.657671
vn 0.996006 0.000000 -0.089285
vn 0.974849 0.000000 0.222868
vn 0.974849 0.000000 0.222868
vn 0.996006 0.000000 -0.089285
vn 0.000000 1.000000 0.000000
vn 0.000000 1.000000 0.000000
vn -0.000000 1.000000 0.000000
vn -0.000000 1.000000 0.000000
vn 0.000000 1.000000 0.000000
vn -0.000000 1.000000 0.000000
vn -0.000000 1.000000 0.000000
vn 0.000000 1.000000 0.000000
vn -0.000000 1.000000 -0.000000
vn -0.000000 1.000000 -0.000000
vn 0.000000 1.000000 0.000000
vn -0.000000 1.000000 -0.000000
vn 0.000000 1.000000 0.000000
vn 0.000000 1.000000 0.000000
vn 0.000000 1.000000 0.000000
vn 0.000000 1.000000 0.000000
vn -0.974849 0.000000 -0.222868
vn -0.974849 0.000000 -0.222868
vn -0.753305 0.000000 0.657671
vn -0.753305 0.000000 0.657671
vn -0.000000 -1.000000 -0.000000
vn -0.000000 -1.000000 -0.000000
vn 0.000000 -1.000000 0.000000
vn 0.000000 -1.000000 0.000000
vn -0.919667 0.000000 0.392699
vn -0.919667 0.000000 0.392699
vn -0.996006 0.000000 0.089285
vn -0.996006 0.000000 0.089285
vn 0.000000 1.000000 0.000000
vn 0.000000 1.000000 0.000000
vn 0.000000 1.000000 0.000000
vn 0.000000 1.000000 0.000000
vn 0.000000 1.000000 0.000000
vn 0.000000 1.000000 0.000000
vn 0.858266 0.000000 0.513204
vn 0.767417 0.000000 0.641149
vn 0.767417 0.000000 0.641149
vn 0.858266 0.000000 0.513204
vn 0.372626 -0.000000 -0.927982
vn 0.513205 -0.000000 -0.858266
vn 0.513205 -0.000000 -0.858266
vn 0.372626 -0.000000 -0.927982
vn -0.000000 -1.000000 -0.000000
vn -0.000000 -1.000000 -0.000000
vn -0.000000 -1.000000 -0.000000
vn -0.000000 -1.000000 -0.000000
vn 0.000000 1.000000 0.000000
vn 0.000000 1.000000 0.000000
vn -0.000000 1.000000 -0.000000
vn -0.000000 1.000000 -0.000000
vn 0.641149 -0.000000 -0.767417
vn 0.641149 -0.000000 -0.767417
vn 0.641149 -0.000000 -0.767417
vn 0.641149 -0.000000 -0.767417
vn 0.927983 0.000000 0.372624
vn 0.927983 0.000000 0.372624
vn 0.927983 0.000000 0.372624
vn 0.927983 0.000000 0.372624
vn 0.969776 0.000000 -0.243995
vn 0.969776 0.000000 -0.243995
vn 0.969776 0.000000 -0.243995
vn 0.969776 0.000000 -0.243995
vn -0.000000 -1.000000 -0.000000
vn -0.000000 -1.000000 -0.000000
vn 0.000000 -1.000000 0.000000
vn -0.000000 -1.000000 -0.000000
vn -0.222868 -0.000000 0.974849
vn -0.222868 -0.000000 0.974849
vn -0.657671 0.000000 -0.753305
vn -0.657671 0.000000 -0.753305
vn 0.657671 0.000000 0.753305
vn 0.657671 0.000000 0.753305
vn 0.222869 0.000000 -0.974849
vn 0.222869 0.000000 -0.974849
vn 0.000000 1.000000 0.000000
vn 0.000000 1.000000 0.000000
vn 0.000000 1.000000 0.000000
vn -0.000000 1.000000 -0.000000
vn 0.000000 1.000000 0.000000
vn 0.000000 1.000000 0.000000
vn -0.000000 1.000000 0.000000
vn -0.000000 1.000000 0.000000
vn -0.000000 1.000000 -0.000000
vn 0.000000 1.000000 0.000000
vn 0.000000 1.000000 0.000000
vn 0.000000 1.000000 0.000000
vn 0.513205 0.000000 -0.858266
vn 0.513205 0.000000 -0.858266
vn 0.858267 0.000000 0.513204
vn 0.858267 0.000000 0.513204
vn -0.000000 -1.000000 -0.000000
vn -0.000000 -1.000000 -0.000000
vn 0.000000 -1.000000 0.000000
vn -0.000000 -1.000000 -0.000000
vn 0.000000 -1.000000 0.000000
vn 0.000000 -1.000000 0.000000
vn 0.000000 -1.000000 0.000000
vn 0.000000 -1.000000 0.000000
vn -0.753305 0.000000 0.657671
vn -0.919667 0.000000 0.392698
vn -0.919667 0.000000 0.392698
vn -0.753305 0.000000 0.657671
vn -0.996006 0.000000 0.089285
vn -0.974849 0.000000 -0.222868
vn -0.974849 0.000000 -0.222868
vn -0.996006 0.000000 0.089285
vn 0.000000 -1.000000 0.000000
vn 0.000000 -1.000000 0.000000
vn -0.000000 -1.000000 -0.000000
vn -0.000000 -1.000000 -0.000000
vn 0.753305 0.000000 -0.657671
vn 0.753305 0.000000 -0.657671
vn 0.974849 0.000000 0.222868
vn 0.974849 0.000000 0.222868
vn -0.000000 1.000000 -0.000000
vn -0.000000 1.000000 -0.000000
vn -0.000000 1.000000 -0.000000
vn -0.000000 1.000000 -0.000000
vn 0.919667 0.000000 -0.392699
vn 0.919667 0.000000 -0.392699
vn 0.996006 0.000000 -0.089285
vn 0.996006 0.000000 -0.089285
vn 0.000000 1.000000 0.000000
vn 0.000000 1.000000 0.000000
vn 0.000000 1.000000 0.000000
vn -0.000000 1.000000 -0.000000
vn -0.000000 1.000000 -0.000000
vn 0.000000 1.000000 0.000000
vn -0.000000 -1.000000 -0.000000
vn -0.000000 -1.000000 -0.000000
vn -0.000000 -1.000000 -0.000000
vn -0.000000 -1.000000 -0.000000
vn -0.000000 -1.000000 -0.000000
vn 0.000000 -1.000000 0.000000
vn 0.000000 -1.000000 0.000000
vn -0.000000 -1.000000 -0.000000
vn 0.000000 -1.000000 0.000000
vn -0.000000 -1.000000 -0.000000
vn -0.513205 -0.000000 0.858266
vn -0.641148 0.000000 0.767417
vn -0.641148 0.000000 0.767417
vn -0.513205 -0.000000 0.858266
vn -0.927983 0.000000 -0.372624
vn -0.858266 0.000000 -0.513204
vn -0.858266 0.000000 -0.513204
vn -0.927983 0.000000 -0.372624
vn -0.000000 1.000000 -0.000000
vn -0.000000 1.000000 -0.000000
vn -0.000000 1.000000 -0.000000
vn -0.000000 1.000000 -0.000000
vn -0.372624 -0.000000 0.927983
vn -0.372624 -0.000000 0.927983
vn -0.372624 -0.000000 0.927983
vn -0.372624 -0.000000 0.927983
vn -0.767417 0.000000 -0.641148
vn -0.767417 0.000000 -0.641148
vn -0.767417 0.000000 -0.641148
vn -0.767417 0.000000 -0.641148
vn -0.000000 -1.000000 -0.000000
vn -0.000000 -1.000000 -0.000000
vn -0.000000 -1.000000 -0.000000
vn -0.000000 -1.000000 -0.000000
vn -0.969776 0.000000 0.243996
vn -0.969776 0.000000 0.243996
vn -0.969776 0.000000 0.243996
vn -0.969776 0.000000 0.243996
s 1
g pCylinder8
usemtl initialShadingGroup
f 4021/5768/4441 4022/5771/4442 4023/5772/4443 4024/5769/4444
s 2
f 4025/5749/4445 4026/5750/4446 4027/5751/4447 4028/5739/4448 4029/5742/4449 4030/5752/4450 4031/5753/4451 4032/5754/4452
s 1
f 4033/5726/4453 4034/5729/4454 4035/5730/4455 4036/5727/4456
s 2
f 4037/5705/4457 4038/5706/4458 4039/5707/4459 4040/5697/4460 4041/5700/4461 4042/5708/4462 4043/5709/4463 4044/5710/4464
s 5
f 4030/5781/4465 4024/5782/4466 4023/5783/4467 4031/5784/4468
f 4042/5838/4469 4036/5837/4470 4035/5833/4471 4043/5836/4472
s 2
f 4045/5901/4473 4025/5902/4445 4032/5903/4452 4046/5904/4474
f 4040/5697/4460 4047/5698/4475 4048/5699/4476 4041/5700/4461
s 1
f 4022/5917/4442 4049/5918/4477 4050/5919/4478 4023/5920/4443
f 4051/5725/4479 4033/5726/4453 4036/5727/4456 4052/5728/4480
s 7
f 4049/5841/4481 4022/5842/4482 4026/5843/4483 4025/5844/4484 4045/5845/4485 4053/5846/4486
f 4033/5891/4487 4051/5885/4488 4054/5887/4489 4047/5892/4490 4040/5893/4491 4039/5894/4492
s 1
f 4049/5918/4477 4055/5921/4493 4056/5922/4494 4050/5919/4478
f 4057/5731/4495 4051/5725/4479 4052/5728/4480 4058/5732/4496
s 7
f 4059/5879/4497 4057/5880/4498 4060/5873/4499 4061/5876/4500
f 4062/5856/4501 4063/5857/4502 4055/5849/4503 4064/5851/4504
f 4055/5849/4503 4049/5841/4481 4053/5846/4486 4065/5850/4505 4064/5851/4504
f 4051/5885/4488 4057/5880/4498 4059/5879/4497 4066/5886/4506 4054/5887/4489
s 2
f 4067/5713/4507 4068/5717/4508 4069/5718/4509 4070/5714/4510
f 4071/5915/4511 4072/5909/4512 4073/5914/4513 4074/5916/4514
s 5
f 4023/5783/4467 4050/5789/4515 4075/5790/4516 4046/5791/4517 4032/5792/4518 4031/5784/4468
f 4052/5830/4519 4036/5837/4470 4042/5838/4469 4041/5839/4520 4048/5840/4521 4076/5831/4522
f 4077/5820/4523 4078/5819/4524 4058/5826/4525 4079/5827/4526
f 4080/5796/4527 4056/5795/4528 4081/5801/4529 4082/5802/4530
s 1
f 4055/5921/4493 4063/5923/4531 4081/5924/4532 4056/5922/4494
f 4060/5733/4533 4057/5731/4495 4058/5732/4496 4078/5734/4534
s 7
f 4083/5867/4535 4084/5868/4536 4085/5860/4537 4086/5863/4538
s 1
f 4084/5735/4539 4060/5733/4533 4078/5734/4534 4087/5736/4540
f 4063/5923/4531 4085/5925/4541 4088/5926/4542 4081/5924/4532
s 5
f 4050/5789/4515 4056/5795/4528 4080/5796/4527 4089/5797/4543 4075/5790/4516
f 4058/5826/4525 4052/5830/4519 4076/5831/4522 4090/5832/4544 4079/5827/4526
f 4091/5808/4545 4088/5807/4546 4087/5813/4547 4092/5814/4548
s 2
f 4065/5905/4549 4053/5906/4550 4045/5901/4473 4046/5904/4474 4075/5907/4551 4089/5908/4552
f 4047/5698/4475 4054/5701/4553 4066/5702/4554 4090/5703/4555 4076/5704/4556 4048/5699/4476
s 1
f 4085/5737/4541 4084/5735/4539 4087/5736/4540 4088/5738/4542
s 7
f 4060/5873/4499 4084/5868/4536 4083/5867/4535 4068/5874/4557 4067/5875/4558 4061/5876/4500
f 4085/5860/4537 4063/5857/4502 4062/5856/4501 4072/5861/4559 4071/5862/4560 4086/5863/4538
s 5
f 4087/5813/4547 4078/5819/4524 4077/5820/4523 4070/5821/4561 4069/5822/4562 4092/5814/4548
f 4081/5801/4529 4088/5807/4546 4091/5808/4545 4074/5809/4563 4073/5810/4564 4082/5802/4530
s 2
f 4066/5702/4554 4059/5711/4565 4061/5712/4566 4067/5713/4507 4070/5714/4510 4077/5715/4567 4079/5716/4568 4090/5703/4555
f 4072/5909/4512 4062/5910/4569 4064/5911/4570 4065/5905/4549 4089/5908/4552 4080/5912/4571 4082/5913/4572 4073/5914/4513
f 4068/5717/4508 4083/5719/4573 4086/5720/4574 4071/5721/4511 4074/5722/4514 4091/5723/4575 4092/5724/4576 4069/5718/4509
s 7
f 4038/5897/4577 4034/5898/4578 4033/5891/4487 4039/5894/4492
f 4026/5843/4483 4022/5842/4482 4021/5847/4579 4027/5848/4580
s 2
f 4028/5739/4448 4093/5740/4581 4094/5741/4582 4029/5742/4449
f 4095/5927/4583 4037/5928/4457 4044/5929/4464 4096/5930/4584
s 1
f 4034/5943/4454 4097/5944/4585 4098/5945/4586 4035/5946/4455
f 4099/5767/4587 4021/5768/4441 4024/5769/4444 4100/5770/4588
s 5
f 4100/5785/4589 4024/5782/4466 4030/5781/4465 4029/5786/4590 4094/5787/4591 4101/5788/4592
f 4035/5833/4471 4098/5829/4593 4102/5828/4594 4096/5834/4595 4044/5835/4596 4043/5836/4472
f 4103/5793/4597 4104/5794/4598 4100/5785/4589 4101/5788/4592
f 4102/5828/4594 4098/5829/4593 4105/5823/4599 4106/5825/4600
s 1
f 4107/5773/4601 4099/5767/4587 4100/5770/4588 4104/5774/4602
f 4097/5944/4585 4108/5947/4603 4105/5948/4604 4098/5945/4586
s 7
f 4109/5853/4605 4099/5852/4606 4107/5858/4607 4110/5859/4608
f 4111/5889/4609 4108/5888/4610 4097/5895/4611 4112/5896/4612
s 2
f 4113/5756/4613 4114/5759/4614 4115/5760/4615 4116/5757/4616
f 4117/5941/4617 4118/5937/4618 4119/5940/4619 4120/5942/4620
s 7
f 4021/5847/4579 4099/5852/4606 4109/5853/4605 4093/5854/4621 4028/5855/4622 4027/5848/4580
f 4097/5895/4611 4034/5898/4578 4038/5897/4577 4037/5899/4623 4095/5900/4624 4112/5896/4612
s 1
f 4121/5775/4625 4107/5773/4601 4104/5774/4602 4122/5776/4626
f 4108/5947/4603 4123/5949/4627 4124/5950/4628 4105/5948/4604
s 5
f 4125/5811/4629 4126/5812/4630 4127/5803/4631 4128/5806/4632
s 1
f 4129/5777/4633 4121/5775/4625 4122/5776/4626 4127/5778/4634
f 4123/5949/4627 4130/5951/4635 4126/5952/4636 4124/5950/4628
s 5
f 4122/5798/4637 4104/5794/4598 4103/5793/4597 4131/5799/4638 4132/5800/4639
f 4105/5823/4599 4124/5815/4640 4133/5818/4641 4134/5824/4642 4106/5825/4600
s 7
f 4135/5870/4643 4129/5869/4644 4130/5877/4645 4136/5878/4646
s 1
f 4130/5779/4635 4129/5777/4633 4127/5778/4634 4126/5780/4636
s 7
f 4107/5858/4607 4121/5864/4647 4137/5865/4648 4138/5866/4649 4110/5859/4608
f 4123/5881/4650 4108/5888/4610 4111/5889/4609 4139/5890/4651 4140/5882/4652
s 2
f 4138/5745/4653 4137/5755/4654 4113/5756/4613 4116/5757/4616 4132/5758/4655 4131/5746/4656
f 4118/5937/4618 4140/5938/4657 4139/5931/4658 4134/5936/4659 4133/5939/4660 4119/5940/4619
s 5
f 4127/5803/4631 4122/5798/4637 4132/5800/4639 4116/5804/4661 4115/5805/4662 4128/5806/4632
f 4124/5815/4640 4126/5812/4630 4125/5811/4629 4120/5816/4663 4119/5817/4664 4133/5818/4641
s 2
f 4093/5740/4581 4109/5743/4665 4110/5744/4666 4138/5745/4653 4131/5746/4656 4103/5747/4667 4101/5748/4668 4094/5741/4582
f 4139/5931/4658 4111/5932/4669 4112/5933/4670 4095/5927/4583 4096/5930/4584 4102/5934/4671 4106/5935/4672 4134/5936/4659
s 7
f 4121/5864/4647 4129/5869/4644 4135/5870/4643 4114/5871/4673 4113/5872/4674 4137/5865/4648
f 4130/5877/4645 4123/5881/4650 4140/5882/4652 4118/5883/4675 4117/5884/4676 4136/5878/4646
s 2
f 4114/5759/4614 4135/5761/4677 4136/5762/4678 4117/5763/4617 4120/5764/4620 4125/5765/4679 4128/5766/4680 4115/5760/4615
