# This file uses centimeters as units for non-parametric coordinates.

mtllib Boulet.mtl
g default
v 0.028497 -0.987688 -0.048341
v 0.006277 -0.987688 -0.091950
v -0.028331 -0.987688 -0.126558
v -0.071940 -0.987688 -0.148778
v -0.120281 -0.987688 -0.156435
v -0.168622 -0.987688 -0.148778
v -0.212231 -0.987688 -0.126558
v -0.246839 -0.987688 -0.091950
v -0.269059 -0.987688 -0.048341
v -0.276715 -0.987688 0.000000
v -0.269059 -0.987688 0.048341
v -0.246839 -0.987688 0.091950
v -0.212231 -0.987688 0.126558
v -0.168622 -0.987688 0.148778
v -0.120281 -0.987688 0.156434
v -0.071940 -0.987688 0.148778
v -0.028331 -0.987688 0.126558
v 0.006277 -0.987688 0.091950
v 0.028497 -0.987688 0.048341
v 0.036154 -0.987688 0.000000
v 0.173612 -0.951057 -0.095492
v 0.129719 -0.951057 -0.181636
v 0.061355 -0.951057 -0.250000
v -0.024789 -0.951057 -0.293893
v -0.120281 -0.951057 -0.309017
v -0.215772 -0.951057 -0.293893
v -0.301917 -0.951057 -0.250000
v -0.370281 -0.951057 -0.181636
v -0.414174 -0.951057 -0.095492
v -0.429298 -0.951057 0.000000
v -0.414174 -0.951057 0.095492
v -0.370281 -0.951057 0.181636
v -0.301916 -0.951057 0.250000
v -0.215772 -0.951057 0.293893
v -0.120281 -0.951057 0.309017
v -0.024789 -0.951057 0.293893
v 0.061355 -0.951057 0.250000
v 0.129719 -0.951057 0.181636
v 0.173612 -0.951057 0.095492
v 0.188736 -0.951057 0.000000
v 0.311490 -0.891007 -0.140291
v 0.247005 -0.891007 -0.266849
v 0.146568 -0.891007 -0.367286
v 0.020010 -0.891007 -0.431771
v -0.120281 -0.891007 -0.453991
v -0.260572 -0.891007 -0.431771
v -0.387130 -0.891007 -0.367286
v -0.487567 -0.891007 -0.266849
v -0.552052 -0.891007 -0.140291
v -0.574271 -0.891007 0.000000
v -0.552052 -0.891007 0.140291
v -0.487567 -0.891007 0.266849
v -0.387130 -0.891007 0.367286
v -0.260572 -0.891007 0.431771
v -0.120281 -0.891007 0.453991
v 0.020010 -0.891007 0.431771
v 0.146568 -0.891007 0.367286
v 0.247005 -0.891007 0.266849
v 0.311490 -0.891007 0.140291
v 0.333710 -0.891007 0.000000
v 0.438737 -0.809017 -0.181636
v 0.355248 -0.809017 -0.345492
v 0.225211 -0.809017 -0.475529
v 0.061355 -0.809017 -0.559017
v -0.120281 -0.809017 -0.587786
v -0.301917 -0.809017 -0.559017
v -0.465772 -0.809017 -0.475528
v -0.595809 -0.809017 -0.345492
v -0.679298 -0.809017 -0.181636
v -0.708066 -0.809017 0.000000
v -0.679298 -0.809017 0.181636
v -0.595809 -0.809017 0.345492
v -0.465772 -0.809017 0.475528
v -0.301916 -0.809017 0.559017
v -0.120281 -0.809017 0.587785
v 0.061355 -0.809017 0.559017
v 0.225211 -0.809017 0.475528
v 0.355247 -0.809017 0.345492
v 0.438736 -0.809017 0.181636
v 0.467504 -0.809017 0.000000
v 0.552218 -0.707107 -0.218508
v 0.451781 -0.707107 -0.415627
v 0.295346 -0.707107 -0.572062
v 0.098227 -0.707107 -0.672499
v -0.120281 -0.707107 -0.707107
v -0.338789 -0.707107 -0.672499
v -0.535908 -0.707107 -0.572062
v -0.692342 -0.707107 -0.415627
v -0.792780 -0.707107 -0.218508
v -0.827388 -0.707107 0.000000
v -0.792780 -0.707107 0.218508
v -0.692342 -0.707107 0.415627
v -0.535908 -0.707107 0.572061
v -0.338789 -0.707107 0.672499
v -0.120281 -0.707107 0.707107
v 0.098227 -0.707107 0.672499
v 0.295346 -0.707107 0.572061
v 0.451781 -0.707107 0.415627
v 0.552218 -0.707107 0.218508
v 0.586826 -0.707107 0.000000
v 0.649141 -0.587785 -0.250000
v 0.534228 -0.587785 -0.475529
v 0.355248 -0.587785 -0.654509
v 0.129719 -0.587785 -0.769421
v -0.120281 -0.587785 -0.809017
v -0.370281 -0.587785 -0.769421
v -0.595809 -0.587785 -0.654509
v -0.774790 -0.587785 -0.475528
v -0.889702 -0.587785 -0.250000
v -0.929298 -0.587785 0.000000
v -0.889702 -0.587785 0.250000
v -0.774789 -0.587785 0.475528
v -0.595809 -0.587785 0.654509
v -0.370281 -0.587785 0.769421
v -0.120281 -0.587785 0.809017
v 0.129719 -0.587785 0.769421
v 0.355247 -0.587785 0.654509
v 0.534228 -0.587785 0.475528
v 0.649140 -0.587785 0.250000
v 0.688736 -0.587785 0.000000
v 0.727117 -0.453991 -0.275336
v 0.600559 -0.453991 -0.523721
v 0.403440 -0.453991 -0.720840
v 0.155055 -0.453991 -0.847398
v -0.120281 -0.453991 -0.891007
v -0.395617 -0.453991 -0.847398
v -0.644001 -0.453991 -0.720840
v -0.841120 -0.453991 -0.523721
v -0.967679 -0.453991 -0.275336
v -1.011288 -0.453991 0.000000
v -0.967679 -0.453991 0.275336
v -0.841120 -0.453991 0.523721
v -0.644001 -0.453991 0.720840
v -0.395617 -0.453991 0.847398
v -0.120281 -0.453991 0.891007
v 0.155055 -0.453991 0.847398
v 0.403440 -0.453991 0.720840
v 0.600559 -0.453991 0.523721
v 0.727117 -0.453991 0.275336
v 0.770726 -0.453991 0.000000
v 0.828919 -0.201294 -0.190964
v 0.649141 -0.309017 -0.559017
v 0.438737 -0.309017 -0.769421
v 0.173612 -0.309017 -0.904509
v -0.120281 -0.309017 -0.951057
v -0.414174 -0.309017 -0.904509
v -0.679298 -0.309017 -0.769421
v -0.889702 -0.309017 -0.559017
v -1.024790 -0.309017 -0.293893
v -1.071338 -0.309017 0.000000
v -1.024790 -0.309017 0.293893
v -0.889702 -0.309017 0.559017
v -0.679298 -0.309017 0.769421
v -0.414174 -0.309017 0.904509
v -0.120281 -0.309017 0.951057
v 0.173612 -0.309017 0.904509
v 0.438736 -0.309017 0.769421
v 0.649140 -0.309017 0.559017
v 0.828918 -0.202187 0.192765
v 0.828919 -0.278406 0.000136
v 0.828919 -0.126538 -0.246621
v 0.678776 -0.156434 -0.580549
v 0.460268 -0.156434 -0.799057
v 0.184932 -0.156434 -0.939348
v -0.120281 -0.156434 -0.987689
v -0.425493 -0.156434 -0.939348
v -0.700830 -0.156434 -0.799057
v -0.919338 -0.156434 -0.580549
v -1.059628 -0.156434 -0.305213
v -1.107969 -0.156434 0.000000
v -1.059628 -0.156434 0.305213
v -0.919338 -0.156434 0.580549
v -0.700830 -0.156434 0.799057
v -0.425493 -0.156434 0.939348
v -0.120281 -0.156434 0.987688
v 0.184932 -0.156434 0.939348
v 0.460268 -0.156434 0.799057
v 0.678776 -0.156434 0.580549
v 0.828918 -0.127441 0.248898
v 0.828919 0.000000 -0.277039
v 0.688737 0.000000 -0.587786
v 0.467505 0.000000 -0.809017
v 0.188736 0.000000 -0.951057
v -0.120281 0.000000 -1.000000
v -0.429298 0.000000 -0.951057
v -0.708066 0.000000 -0.809017
v -0.929298 0.000000 -0.587785
v -1.071338 0.000000 -0.309017
v -1.120281 0.000000 0.000000
v -1.071338 0.000000 0.309017
v -0.929298 0.000000 0.587785
v -0.708066 0.000000 0.809017
v -0.429298 0.000000 0.951057
v -0.120281 0.000000 1.000000
v 0.188736 0.000000 0.951057
v 0.467504 0.000000 0.809017
v 0.688736 0.000000 0.587785
v 0.828918 0.000000 0.279779
v 0.828919 0.126538 -0.246621
v 0.678776 0.156434 -0.580549
v 0.460268 0.156434 -0.799057
v 0.184932 0.156434 -0.939348
v -0.120281 0.156434 -0.987689
v -0.425493 0.156434 -0.939348
v -0.700830 0.156434 -0.799057
v -0.919338 0.156434 -0.580549
v -1.059628 0.156434 -0.305213
v -1.107969 0.156434 0.000000
v -1.059628 0.156434 0.305213
v -0.919338 0.156434 0.580549
v -0.700830 0.156434 0.799057
v -0.425493 0.156434 0.939348
v -0.120281 0.156434 0.987688
v 0.184932 0.156434 0.939348
v 0.460268 0.156434 0.799057
v 0.678776 0.156434 0.580549
v 0.828918 0.127441 0.248898
v 0.828919 0.201294 -0.190964
v 0.649141 0.309017 -0.559017
v 0.438737 0.309017 -0.769421
v 0.173612 0.309017 -0.904509
v -0.120281 0.309017 -0.951057
v -0.414174 0.309017 -0.904509
v -0.679298 0.309017 -0.769421
v -0.889702 0.309017 -0.559017
v -1.024790 0.309017 -0.293893
v -1.071338 0.309017 0.000000
v -1.024790 0.309017 0.293893
v -0.889702 0.309017 0.559017
v -0.679298 0.309017 0.769421
v -0.414174 0.309017 0.904509
v -0.120281 0.309017 0.951057
v 0.173612 0.309017 0.904509
v 0.438736 0.309017 0.769421
v 0.649140 0.309017 0.559017
v 0.828918 0.202187 0.192765
v 0.828919 0.278406 0.000136
v 0.727117 0.453991 -0.275336
v 0.600559 0.453991 -0.523721
v 0.403440 0.453991 -0.720840
v 0.155055 0.453991 -0.847398
v -0.120281 0.453991 -0.891007
v -0.395617 0.453991 -0.847398
v -0.644001 0.453991 -0.720840
v -0.841120 0.453991 -0.523721
v -0.967679 0.453991 -0.275336
v -1.011288 0.453991 0.000000
v -0.967679 0.453991 0.275336
v -0.841120 0.453991 0.523721
v -0.644001 0.453991 0.720840
v -0.395617 0.453991 0.847398
v -0.120281 0.453991 0.891007
v 0.155055 0.453991 0.847398
v 0.403440 0.453991 0.720840
v 0.600559 0.453991 0.523721
v 0.727117 0.453991 0.275336
v 0.770726 0.453991 0.000000
v 0.649141 0.587785 -0.250000
v 0.534228 0.587785 -0.475529
v 0.355248 0.587785 -0.654509
v 0.129719 0.587785 -0.769421
v -0.120281 0.587785 -0.809017
v -0.370281 0.587785 -0.769421
v -0.595809 0.587785 -0.654509
v -0.774790 0.587785 -0.475528
v -0.889702 0.587785 -0.250000
v -0.929298 0.587785 0.000000
v -0.889702 0.587785 0.250000
v -0.774789 0.587785 0.475528
v -0.595809 0.587785 0.654509
v -0.370281 0.587785 0.769421
v -0.120281 0.587785 0.809017
v 0.129719 0.587785 0.769421
v 0.355247 0.587785 0.654509
v 0.534228 0.587785 0.475528
v 0.649140 0.587785 0.250000
v 0.688736 0.587785 0.000000
v 0.552218 0.707107 -0.218508
v 0.451781 0.707107 -0.415627
v 0.295346 0.707107 -0.572062
v 0.098227 0.707107 -0.672499
v -0.120281 0.707107 -0.707107
v -0.338789 0.707107 -0.672499
v -0.535908 0.707107 -0.572062
v -0.692342 0.707107 -0.415627
v -0.792780 0.707107 -0.218508
v -0.827388 0.707107 0.000000
v -0.792780 0.707107 0.218508
v -0.692342 0.707107 0.415627
v -0.535908 0.707107 0.572061
v -0.338789 0.707107 0.672499
v -0.120281 0.707107 0.707107
v 0.098227 0.707107 0.672499
v 0.295346 0.707107 0.572061
v 0.451781 0.707107 0.415627
v 0.552218 0.707107 0.218508
v 0.586826 0.707107 0.000000
v 0.438737 0.809017 -0.181636
v 0.355248 0.809017 -0.345492
v 0.225211 0.809017 -0.475529
v 0.061355 0.809017 -0.559017
v -0.120281 0.809017 -0.587786
v -0.301917 0.809017 -0.559017
v -0.465772 0.809017 -0.475528
v -0.595809 0.809017 -0.345492
v -0.679298 0.809017 -0.181636
v -0.708066 0.809017 0.000000
v -0.679298 0.809017 0.181636
v -0.595809 0.809017 0.345492
v -0.465772 0.809017 0.475528
v -0.301916 0.809017 0.559017
v -0.120281 0.809017 0.587785
v 0.061355 0.809017 0.559017
v 0.225211 0.809017 0.475528
v 0.355247 0.809017 0.345492
v 0.438736 0.809017 0.181636
v 0.467504 0.809017 0.000000
v 0.311490 0.891007 -0.140291
v 0.247005 0.891007 -0.266849
v 0.146568 0.891007 -0.367286
v 0.020010 0.891007 -0.431771
v -0.120281 0.891007 -0.453991
v -0.260572 0.891007 -0.431771
v -0.387130 0.891007 -0.367286
v -0.487567 0.891007 -0.266849
v -0.552052 0.891007 -0.140291
v -0.574271 0.891007 0.000000
v -0.552052 0.891007 0.140291
v -0.487567 0.891007 0.266849
v -0.387130 0.891007 0.367286
v -0.260572 0.891007 0.431771
v -0.120281 0.891007 0.453991
v 0.020010 0.891007 0.431771
v 0.146568 0.891007 0.367286
v 0.247005 0.891007 0.266849
v 0.311490 0.891007 0.140291
v 0.333710 0.891007 0.000000
v 0.173612 0.951057 -0.095492
v 0.129719 0.951057 -0.181636
v 0.061355 0.951057 -0.250000
v -0.024789 0.951057 -0.293893
v -0.120281 0.951057 -0.309017
v -0.215772 0.951057 -0.293893
v -0.301917 0.951057 -0.250000
v -0.370281 0.951057 -0.181636
v -0.414174 0.951057 -0.095492
v -0.429298 0.951057 0.000000
v -0.414174 0.951057 0.095492
v -0.370281 0.951057 0.181636
v -0.301916 0.951057 0.250000
v -0.215772 0.951057 0.293893
v -0.120281 0.951057 0.309017
v -0.024789 0.951057 0.293893
v 0.061355 0.951057 0.250000
v 0.129719 0.951057 0.181636
v 0.173612 0.951057 0.095492
v 0.188736 0.951057 0.000000
v 0.028497 0.987688 -0.048341
v 0.006277 0.987688 -0.091950
v -0.028331 0.987688 -0.126558
v -0.071940 0.987688 -0.148778
v -0.120281 0.987688 -0.156435
v -0.168622 0.987688 -0.148778
v -0.212231 0.987688 -0.126558
v -0.246839 0.987688 -0.091950
v -0.269059 0.987688 -0.048341
v -0.276715 0.987688 0.000000
v -0.269059 0.987688 0.048341
v -0.246839 0.987688 0.091950
v -0.212231 0.987688 0.126558
v -0.168622 0.987688 0.148778
v -0.120281 0.987688 0.156434
v -0.071940 0.987688 0.148778
v -0.028331 0.987688 0.126558
v 0.006277 0.987688 0.091950
v 0.028497 0.987688 0.048341
v 0.036154 0.987688 0.000000
v -0.120281 -1.000000 0.000000
v -0.120281 1.000000 0.000000
v 0.032323 -0.987688 0.024183
v 0.181170 -0.951056 0.047770
v 0.322594 -0.891006 0.070182
v 0.453113 -0.809017 0.090865
v 0.569513 -0.707107 0.109310
v 0.668928 -0.587785 0.125065
v 0.748910 -0.453991 0.137739
v 0.828919 -0.251836 0.120071
v 0.828919 0.251836 0.120071
v 0.748910 0.453991 0.137739
v 0.668928 0.587785 0.125065
v 0.569513 0.707107 0.109310
v 0.453113 0.809017 0.090865
v 0.322594 0.891006 0.070182
v 0.181170 0.951056 0.047770
v 0.032323 0.987688 0.024183
v 0.032351 -0.987688 -0.024010
v 0.181224 -0.951057 -0.047428
v 0.322674 -0.891007 -0.069678
v 0.453216 -0.809017 -0.090213
v 0.569637 -0.707107 -0.108527
v 0.669070 -0.587785 -0.124168
v 0.749067 -0.453991 -0.136751
v 0.828919 -0.251305 -0.118451
v 0.828919 0.251305 -0.118451
v 0.749067 0.453991 -0.136751
v 0.669070 0.587785 -0.124168
v 0.569637 0.707107 -0.108527
v 0.453216 0.809017 -0.090213
v 0.322674 0.891007 -0.069678
v 0.181224 0.951057 -0.047428
v 0.032351 0.987688 -0.024010
v 0.828919 -0.228463 -0.157740
v 0.828919 0.228463 -0.157740
v 0.738996 0.453991 -0.200338
v 0.659926 0.587785 -0.181903
v 0.561645 0.707107 -0.158989
v 0.446573 0.809017 -0.132161
v 0.317542 0.891007 -0.102077
v 0.177732 0.951057 -0.069481
v 0.030583 0.987688 -0.035174
v -0.035623 0.993337 0.000000
v 0.030568 0.987688 0.035267
v 0.177702 0.951056 0.069666
v 0.317499 0.891006 0.102350
v 0.446516 0.809017 0.132513
v 0.561577 0.707107 0.159414
v 0.659849 0.587785 0.182389
v 0.738911 0.453991 0.200873
v 0.828918 0.229215 0.159394
v 0.828919 -0.229215 0.159394
v 0.738911 -0.453991 0.200873
v 0.659849 -0.587785 0.182389
v 0.561577 -0.707107 0.159414
v 0.446516 -0.809017 0.132513
v 0.317499 -0.891006 0.102350
v 0.177702 -0.951056 0.069666
v 0.030568 -0.987688 0.035267
v -0.035623 -0.993337 0.000000
v 0.030583 -0.987688 -0.035174
v 0.177732 -0.951057 -0.069481
v 0.317542 -0.891007 -0.102077
v 0.446573 -0.809017 -0.132161
v 0.561645 -0.707107 -0.158989
v 0.659926 -0.587785 -0.181903
v 0.738996 -0.453991 -0.200338
v -0.050191 -0.994200 -0.022774
v 0.034362 -0.987688 -0.011311
v 0.185197 -0.951057 -0.022343
v 0.328511 -0.891007 -0.032826
v 0.460773 -0.809017 -0.042500
v 0.578728 -0.707107 -0.051127
v 0.679471 -0.587785 -0.058496
v 0.760522 -0.453991 -0.064424
v 0.828919 -0.271504 -0.060252
v 0.828919 0.271504 -0.060252
v 0.760522 0.453991 -0.064424
v 0.679471 0.587785 -0.058496
v 0.578728 0.707107 -0.051127
v 0.460773 0.809017 -0.042500
v 0.328511 0.891007 -0.032826
v 0.185197 0.951057 -0.022343
v 0.034362 0.987688 -0.011311
v -0.050191 0.994200 -0.022774
v -0.040174 -0.993371 0.026028
v 0.034091 -0.987688 0.013021
v 0.184662 -0.951057 0.025721
v 0.327725 -0.891007 0.037788
v 0.459756 -0.809017 0.048924
v 0.577504 -0.707107 0.058856
v 0.678071 -0.587785 0.067338
v 0.758980 -0.453991 0.074163
v 0.828919 -0.269985 0.069335
v 0.828919 0.269985 0.069335
v 0.758980 0.453991 0.074163
v 0.678071 0.587785 0.067338
v 0.577504 0.707107 0.058856
v 0.459756 0.809017 0.048924
v 0.327725 0.891007 0.037788
v 0.184662 0.951057 0.025721
v 0.034091 0.987688 0.013021
v -0.040174 0.993371 0.026028
v 0.989090 -0.127456 0.186959
v 0.989090 -0.129902 0.126282
v 0.989090 -0.135515 0.000106
v 0.989090 -0.134312 0.063627
v 0.989090 -0.134087 -0.059247
v 0.989090 -0.126779 -0.183675
v 0.989090 -0.129337 -0.125324
v 0.989090 -0.000000 0.210127
v 0.989090 -0.000000 0.145360
v 0.989090 -0.000000 0.000623
v 0.989090 -0.000000 0.071666
v 0.989090 -0.000000 -0.066520
v 0.989090 -0.000000 -0.206469
v 0.989090 0.000000 -0.143833
v 0.989090 0.127456 0.186959
v 0.989090 0.129902 0.126282
v 0.989090 0.135515 0.000106
v 0.989090 0.134313 0.063627
v 0.989090 0.134087 -0.059247
v 0.989090 0.126779 -0.183675
v 0.989090 0.129337 -0.125324
v 0.937872 -0.127441 0.248898
v 0.974089 -0.120974 0.235030
v 0.989090 -0.105363 0.201548
v 0.989090 -0.166369 0.155610
v 0.974089 -0.191696 0.181882
v 0.937872 -0.202187 0.192765
v 0.989090 -0.186850 0.130324
v 0.974089 -0.216807 0.150880
v 0.937872 -0.229215 0.159394
v 0.989090 -0.205154 0.098504
v 0.974089 -0.238164 0.113754
v 0.937872 -0.251836 0.120071
v 0.989090 -0.219833 0.057470
v 0.974089 -0.255296 0.065860
v 0.937872 -0.269985 0.069335
v 0.989090 -0.226833 -0.000052
v 0.974089 -0.263301 0.000081
v 0.937872 -0.278406 0.000136
v 0.989090 -0.221260 -0.048809
v 0.974089 -0.256788 -0.056900
v 0.937872 -0.271504 -0.060252
v 0.989090 -0.204540 -0.096985
v 0.974089 -0.237608 -0.112164
v 0.937872 -0.251305 -0.118451
v 0.989090 -0.186234 -0.128472
v 0.974089 -0.216095 -0.149168
v 0.937872 -0.228463 -0.157740
v 0.989090 -0.165642 -0.153652
v 0.974089 -0.190851 -0.180036
v 0.937872 -0.201294 -0.190964
v 0.989090 -0.104182 -0.199360
v 0.974077 -0.119990 -0.232779
v 0.937831 -0.126538 -0.246621
v 0.937872 -0.000000 0.279779
v 0.974089 -0.000000 0.264343
v 0.989090 -0.000000 0.227078
v 0.989090 0.000000 -0.224362
v 0.974089 0.000000 -0.261610
v 0.937872 0.000000 -0.277039
v 0.937872 0.127441 0.248898
v 0.974089 0.120846 0.235090
v 0.989090 0.104925 0.201754
v 0.989090 0.104551 -0.199187
v 0.974077 0.120098 -0.232728
v 0.937831 0.126538 -0.246621
v 0.989090 0.186850 0.130324
v 0.974089 0.216807 0.150880
v 0.937872 0.229215 0.159394
v 0.937872 0.251836 0.120071
v 0.974089 0.238164 0.113754
v 0.989090 0.205155 0.098504
v 0.989090 0.166369 0.155610
v 0.974089 0.191696 0.181882
v 0.937872 0.202187 0.192765
v 0.937872 0.278406 0.000136
v 0.974089 0.263301 0.000081
v 0.989090 0.226833 -0.000052
v 0.989090 0.219833 0.057470
v 0.974089 0.255296 0.065860
v 0.937872 0.269985 0.069335
v 0.937872 0.271504 -0.060252
v 0.974089 0.256788 -0.056900
v 0.989090 0.221260 -0.048809
v 0.989090 0.165642 -0.153652
v 0.974089 0.190851 -0.180036
v 0.937872 0.201293 -0.190964
v 0.989090 0.186234 -0.128472
v 0.974089 0.216095 -0.149168
v 0.937872 0.228463 -0.157740
v 0.989090 0.204540 -0.096985
v 0.974089 0.237608 -0.112164
v 0.937872 0.251305 -0.118451
vt 0.856960 0.536448
vt 0.916343 0.536448
vt 0.924782 0.571107
vt 0.836789 0.596861
vt 0.850903 0.504460
vt 0.904822 0.504460
vt 0.963470 0.536448
vt 0.975084 0.571107
vt 0.929929 0.607586
vt 0.850095 0.614734
vt 0.805539 0.580076
vt 0.791101 0.578426
vt 0.791134 0.536448
vt 0.806536 0.536448
vt 0.823828 0.536448
vt 0.839030 0.536448
vt 0.828846 0.590366
vt 0.819453 0.584905
vt 0.843374 0.475933
vt 0.890501 0.475933
vt 0.947612 0.504460
vt 0.791134 0.504460
vt 0.805119 0.504460
vt 0.820819 0.504460
vt 0.834623 0.504460
vt 0.982170 0.607586
vt 0.931660 0.644986
vt 0.857367 0.644986
vt 0.762428 0.584778
vt 0.753026 0.590186
vt 0.745048 0.596648
vt 0.725307 0.536448
vt 0.743110 0.536448
vt 0.758204 0.536448
vt 0.773403 0.536448
vt 0.774557 0.580439
vt 0.834559 0.451569
vt 0.873733 0.451569
vt 0.927900 0.475933
vt 0.791134 0.475933
vt 0.803357 0.475933
vt 0.817080 0.475933
vt 0.829144 0.475933
vt 0.731365 0.504460
vt 0.747529 0.504460
vt 0.761234 0.504460
vt 0.775035 0.504460
vt 0.984551 0.644986
vt 0.929929 0.682386
vt 0.850095 0.675238
vt 0.665924 0.536448
vt 0.657486 0.571107
vt 0.791134 0.451569
vt 0.801295 0.451569
vt 0.812702 0.451569
vt 0.822730 0.451569
vt 0.738894 0.475933
vt 0.753022 0.475933
vt 0.765000 0.475933
vt 0.777063 0.475933
vt 0.677446 0.504460
vt 0.982170 0.682386
vt 0.924782 0.718865
vt 0.836789 0.693111
vt 0.731628 0.614518
vt 0.652338 0.607586
vt 0.618798 0.536448
vt 0.607183 0.571107
vt 0.747709 0.451569
vt 0.759453 0.451569
vt 0.769410 0.451569
vt 0.779437 0.451569
vt 0.791134 0.431967
vt 0.798982 0.431967
vt 0.807792 0.431967
vt 0.815538 0.431967
vt 0.824674 0.431967
vt 0.691767 0.475933
vt 0.634656 0.504460
vt 0.975084 0.718865
vt 0.916343 0.753525
vt 0.856960 0.753525
vt 0.724245 0.644986
vt 0.650608 0.644986
vt 0.600098 0.607586
vt 0.708535 0.451569
vt 0.757594 0.431967
vt 0.766664 0.431967
vt 0.774355 0.431967
vt 0.782100 0.431967
vt 0.654367 0.475933
vt 0.963470 0.753525
vt 0.904822 0.785512
vt 0.850903 0.785512
vt 0.806536 0.753525
vt 0.791134 0.753525
vt 0.791101 0.711546
vt 0.805539 0.709896
vt 0.819453 0.705067
vt 0.828846 0.699606
vt 0.839030 0.753525
vt 0.823828 0.753525
vt 0.731628 0.675454
vt 0.652338 0.682386
vt 0.597717 0.644986
vt 0.947612 0.785512
vt 0.890501 0.814039
vt 0.843374 0.814039
vt 0.805119 0.785512
vt 0.791134 0.785512
vt 0.834623 0.785512
vt 0.820819 0.785512
vt 0.758204 0.753525
vt 0.743110 0.753525
vt 0.725307 0.753525
vt 0.745048 0.693324
vt 0.753026 0.699786
vt 0.762428 0.705194
vt 0.774557 0.709533
vt 0.773403 0.753525
vt 0.657486 0.718865
vt 0.600098 0.682386
vt 0.927900 0.814039
vt 0.873733 0.838403
vt 0.834559 0.838403
vt 0.803357 0.814039
vt 0.791134 0.814039
vt 0.829144 0.814039
vt 0.817080 0.814039
vt 0.761234 0.785512
vt 0.747529 0.785512
vt 0.731365 0.785512
vt 0.775035 0.785512
vt 0.665924 0.753525
vt 0.607183 0.718865
vt 0.801295 0.838403
vt 0.791134 0.838403
vt 0.822730 0.838403
vt 0.812702 0.838403
vt 0.765000 0.814039
vt 0.753022 0.814039
vt 0.738894 0.814039
vt 0.777063 0.814039
vt 0.677446 0.785512
vt 0.618798 0.753525
vt 0.798982 0.858005
vt 0.791134 0.858005
vt 0.824674 0.858005
vt 0.815538 0.858005
vt 0.807792 0.858005
vt 0.769410 0.838403
vt 0.759453 0.838403
vt 0.747709 0.838403
vt 0.779437 0.838403
vt 0.691767 0.814039
vt 0.634656 0.785512
vt 0.774355 0.858005
vt 0.766664 0.858005
vt 0.757594 0.858005
vt 0.782100 0.858005
vt 0.708535 0.838403
vt 0.654367 0.814039
vt 0.351075 0.106472
vt 0.410458 0.106472
vt 0.406022 0.141132
vt 0.342637 0.141132
vt 0.362597 0.074485
vt 0.416516 0.074485
vt 0.476285 0.106472
vt 0.476285 0.141132
vt 0.403316 0.177611
vt 0.337489 0.177611
vt 0.303949 0.106472
vt 0.292334 0.141132
vt 0.376918 0.045958
vt 0.424045 0.045958
vt 0.476285 0.074485
vt 0.319807 0.074485
vt 0.542111 0.106472
vt 0.546548 0.141132
vt 0.476285 0.177611
vt 0.402406 0.215011
vt 0.335759 0.215011
vt 0.285249 0.177611
vt 0.393686 0.021594
vt 0.432860 0.021594
vt 0.476285 0.045958
vt 0.339518 0.045958
vt 0.536054 0.074485
vt 0.601494 0.106472
vt 0.609933 0.141132
vt 0.549254 0.177611
vt 0.476285 0.215011
vt 0.403316 0.252411
vt 0.337489 0.252411
vt 0.282868 0.215011
vt 0.476285 0.021594
vt 0.528525 0.045958
vt 0.589972 0.074485
vt 0.648621 0.106472
vt 0.660235 0.141132
vt 0.615080 0.177611
vt 0.550164 0.215011
vt 0.476285 0.252411
vt 0.406022 0.288890
vt 0.342637 0.288890
vt 0.285249 0.252411
vt 0.442745 0.001992
vt 0.476285 0.001992
vt 0.519710 0.021594
vt 0.575651 0.045958
vt 0.632762 0.074485
vt 0.667320 0.177611
vt 0.616811 0.215011
vt 0.549254 0.252411
vt 0.476285 0.288890
vt 0.410458 0.323549
vt 0.351075 0.323549
vt 0.292334 0.288890
vt 0.509825 0.001992
vt 0.558884 0.021594
vt 0.613051 0.045958
vt 0.669702 0.215011
vt 0.615080 0.252411
vt 0.546548 0.288890
vt 0.476285 0.323549
vt 0.416516 0.355536
vt 0.362597 0.355536
vt 0.303949 0.323549
vt 0.667320 0.252411
vt 0.609933 0.288890
vt 0.542111 0.323549
vt 0.476285 0.355536
vt 0.424045 0.384063
vt 0.376918 0.384063
vt 0.319807 0.355536
vt 0.660235 0.288890
vt 0.601494 0.323549
vt 0.536054 0.355536
vt 0.476285 0.384063
vt 0.432860 0.408428
vt 0.393686 0.408428
vt 0.339518 0.384063
vt 0.648621 0.323549
vt 0.589972 0.355536
vt 0.528525 0.384063
vt 0.476285 0.408428
vt 0.632762 0.355536
vt 0.575651 0.384063
vt 0.519710 0.408428
vt 0.476285 0.428030
vt 0.442745 0.428030
vt 0.613051 0.384063
vt 0.558884 0.408428
vt 0.509825 0.428030
vt 0.262947 0.972673
vt 0.259214 0.980678
vt 0.242306 0.967971
vt 0.248361 0.961690
vt 0.288137 0.978777
vt 0.288137 0.987686
vt 0.236303 0.960559
vt 0.243465 0.955645
vt 0.313222 0.972722
vt 0.317028 0.980692
vt 0.231197 0.951683
vt 0.239089 0.948038
vt 0.319193 0.954679
vt 0.318608 0.969185
vt 0.288137 0.974724
vt 0.288137 0.959240
vt 0.288137 0.941621
vt 0.288137 0.924636
vt 0.320535 0.924513
vt 0.320248 0.939699
vt 0.227101 0.940233
vt 0.235580 0.938227
vt 0.320193 0.910323
vt 0.288137 0.908584
vt 0.288137 0.890100
vt 0.288137 0.875126
vt 0.288137 0.870848
vt 0.313132 0.876866
vt 0.318446 0.880575
vt 0.319058 0.894525
vt 0.225188 0.924507
vt 0.233906 0.924475
vt 0.255738 0.924513
vt 0.256079 0.910323
vt 0.257215 0.894525
vt 0.257827 0.880575
vt 0.263229 0.876825
vt 0.288137 0.861943
vt 0.316849 0.868848
vt 0.226745 0.910884
vt 0.235238 0.912818
vt 0.259450 0.868836
vt 0.231330 0.897672
vt 0.239236 0.901301
vt 0.236473 0.888825
vt 0.243612 0.893773
vt 0.242508 0.881445
vt 0.248535 0.887753
vt 0.438525 0.953654
vt 0.431363 0.948740
vt 0.435739 0.941132
vt 0.443631 0.944778
vt 0.432521 0.961066
vt 0.426466 0.954785
vt 0.411776 0.965817
vt 0.417163 0.962280
vt 0.417748 0.947774
vt 0.418802 0.932794
vt 0.419090 0.917608
vt 0.440922 0.917570
vt 0.439248 0.931322
vt 0.447727 0.933328
vt 0.439589 0.905913
vt 0.418748 0.903418
vt 0.417613 0.887620
vt 0.417001 0.873670
vt 0.411687 0.869961
vt 0.426292 0.880848
vt 0.431215 0.886868
vt 0.435592 0.894396
vt 0.449640 0.917602
vt 0.448083 0.903979
vt 0.415404 0.861943
vt 0.432319 0.874540
vt 0.438354 0.881920
vt 0.443498 0.890767
vt 0.479082 0.939796
vt 0.479667 0.954302
vt 0.484949 0.957790
vt 0.470364 0.946808
vt 0.465467 0.940762
vt 0.461091 0.933155
vt 0.457582 0.923345
vt 0.455908 0.909593
vt 0.477740 0.909630
vt 0.478028 0.924817
vt 0.478082 0.895440
vt 0.457241 0.897936
vt 0.461238 0.886418
vt 0.465615 0.878890
vt 0.470538 0.872870
vt 0.485231 0.861943
vt 0.479829 0.865693
vt 0.479217 0.879643
vt 0.609435 0.896670
vt 0.609435 0.912154
vt 0.609435 0.916206
vt 0.584245 0.910103
vt 0.578963 0.906615
vt 0.578379 0.892108
vt 0.577324 0.877129
vt 0.577037 0.861943
vt 0.609435 0.862066
vt 0.609435 0.879051
vt 0.642408 0.867969
vt 0.648715 0.861943
vt 0.661325 0.878884
vt 0.653335 0.882663
vt 0.615490 0.865749
vt 0.623460 0.861943
vt 0.634492 0.876632
vt 0.628211 0.882687
vt 0.174301 0.203454
vt 0.168989 0.193028
vt 0.198501 0.171586
vt 0.208995 0.192181
vt 0.155489 0.209566
vt 0.138732 0.215011
vt 0.160715 0.184754
vt 0.182157 0.155242
vt 0.226541 0.151214
vt 0.241958 0.181471
vt 0.211764 0.209669
vt 0.212610 0.215011
vt 0.176132 0.215011
vt 0.175703 0.212307
vt 0.175222 0.209271
vt 0.174800 0.206602
vt 0.209979 0.198400
vt 0.210815 0.203672
vt 0.158971 0.215011
vt 0.150289 0.179442
vt 0.161561 0.144748
vt 0.202529 0.127201
vt 0.252419 0.132412
vt 0.272380 0.171586
vt 0.246027 0.207163
vt 0.247270 0.215011
vt 0.243405 0.190607
vt 0.244632 0.198352
vt 0.210802 0.226432
vt 0.209972 0.231667
vt 0.208995 0.237841
vt 0.174301 0.226568
vt 0.174796 0.223443
vt 0.175216 0.220793
vt 0.175638 0.218124
vt 0.211636 0.221160
vt 0.157883 0.221234
vt 0.138732 0.177611
vt 0.138732 0.141132
vt 0.172272 0.111785
vt 0.221331 0.101323
vt 0.244613 0.231790
vt 0.243395 0.239480
vt 0.241958 0.248551
vt 0.245839 0.224045
vt 0.168989 0.236994
vt 0.198501 0.258436
vt 0.127175 0.179442
vt 0.115902 0.144748
vt 0.138732 0.106472
vt 0.182157 0.081363
vt 0.238098 0.078244
vt 0.275498 0.115644
vt 0.226541 0.278808
vt 0.160715 0.245268
vt 0.182157 0.274780
vt 0.116749 0.184754
vt 0.095307 0.155242
vt 0.105191 0.111785
vt 0.138732 0.074485
vt 0.190972 0.054232
vt 0.272380 0.258436
vt 0.252419 0.297610
vt 0.202529 0.302820
vt 0.150289 0.250580
vt 0.161561 0.285274
vt 0.108475 0.193028
vt 0.078963 0.171586
vt 0.074934 0.127201
vt 0.095307 0.081363
vt 0.138732 0.045958
vt 0.198501 0.031060
vt 0.252419 0.058533
vt 0.221331 0.328699
vt 0.172272 0.318237
vt 0.138732 0.252411
vt 0.138732 0.288890
vt 0.103162 0.203454
vt 0.068469 0.192181
vt 0.050922 0.151214
vt 0.056133 0.101323
vt 0.086492 0.054232
vt 0.138732 0.021594
vt 0.204558 0.012418
vt 0.263941 0.042675
vt 0.275498 0.314378
vt 0.238098 0.351777
vt 0.182157 0.348659
vt 0.138732 0.323549
vt 0.127175 0.250580
vt 0.115902 0.285274
vt 0.101332 0.215011
vt 0.064853 0.215011
vt 0.035505 0.181471
vt 0.025044 0.132412
vt 0.039365 0.078244
vt 0.078963 0.031060
vt 0.138732 0.001992
vt 0.190972 0.375790
vt 0.138732 0.355537
vt 0.105191 0.318237
vt 0.116749 0.245268
vt 0.095307 0.274780
vt 0.103162 0.226568
vt 0.068469 0.237841
vt 0.030193 0.215011
vt 0.005084 0.171586
vt 0.001965 0.115644
vt 0.025044 0.058533
vt 0.072905 0.012418
vt 0.252419 0.371489
vt 0.198501 0.398961
vt 0.138732 0.384064
vt 0.095307 0.348659
vt 0.074934 0.302820
vt 0.108475 0.236994
vt 0.078963 0.258436
vt 0.035505 0.248551
vt 0.013522 0.042675
vt 0.263941 0.387347
vt 0.204558 0.417604
vt 0.138732 0.408428
vt 0.086492 0.375790
vt 0.056133 0.328699
vt 0.050922 0.278808
vt 0.138732 0.428030
vt 0.078963 0.398961
vt 0.039365 0.351777
vt 0.025044 0.297610
vt 0.005084 0.258436
vt 0.072905 0.417604
vt 0.025044 0.371489
vt 0.001965 0.314378
vt 0.013522 0.387347
vt 0.591664 0.744353
vt 0.554264 0.781753
vt 0.537497 0.758674
vt 0.568585 0.727585
vt 0.507138 0.805765
vt 0.498322 0.778634
vt 0.518695 0.732796
vt 0.542707 0.708783
vt 0.568585 0.801464
vt 0.514667 0.828937
vt 0.454898 0.814039
vt 0.454898 0.785512
vt 0.488438 0.748212
vt 0.498322 0.704755
vt 0.514667 0.688411
vt 0.588546 0.688411
vt 0.558124 0.678526
vt 0.580107 0.817322
vt 0.520724 0.847579
vt 0.454898 0.838403
vt 0.402658 0.805765
vt 0.411473 0.778634
vt 0.454898 0.753525
vt 0.477727 0.715249
vt 0.476881 0.675243
vt 0.485155 0.666969
vt 0.525161 0.667816
vt 0.454898 0.858005
vt 0.395128 0.828937
vt 0.355531 0.781753
vt 0.372299 0.758674
vt 0.421357 0.748212
vt 0.454898 0.718865
vt 0.466455 0.680555
vt 0.454898 0.644986
vt 0.490467 0.656543
vt 0.527930 0.650328
vt 0.528776 0.644986
vt 0.563436 0.644986
vt 0.562193 0.652834
vt 0.560798 0.661645
vt 0.559571 0.669390
vt 0.526145 0.661597
vt 0.526980 0.656325
vt 0.389071 0.847579
vt 0.341210 0.801464
vt 0.318131 0.744353
vt 0.341210 0.727585
vt 0.391100 0.732796
vt 0.432068 0.715249
vt 0.454898 0.682386
vt 0.471655 0.650431
vt 0.491869 0.647690
vt 0.492297 0.644986
vt 0.490966 0.653395
vt 0.491388 0.650726
vt 0.526967 0.633565
vt 0.526138 0.628331
vt 0.525160 0.622156
vt 0.558124 0.611446
vt 0.559561 0.620517
vt 0.560779 0.628207
vt 0.562005 0.635952
vt 0.527802 0.638837
vt 0.329688 0.817322
vt 0.367088 0.708783
vt 0.411473 0.704755
vt 0.443341 0.680555
vt 0.475137 0.644986
vt 0.491382 0.639205
vt 0.490962 0.636555
vt 0.490467 0.633429
vt 0.491804 0.641873
vt 0.542707 0.581189
vt 0.514667 0.601561
vt 0.321250 0.688411
vt 0.351671 0.678526
vt 0.395129 0.688411
vt 0.432915 0.675243
vt 0.474049 0.638763
vt 0.485155 0.623003
vt 0.568585 0.562387
vt 0.588546 0.601561
vt 0.518695 0.557177
vt 0.498322 0.585217
vt 0.384635 0.667816
vt 0.424641 0.666969
vt 0.476881 0.614729
vt 0.537497 0.531298
vt 0.488438 0.541760
vt 0.477727 0.574723
vt 0.346359 0.644986
vt 0.381019 0.644986
vt 0.419328 0.656543
vt 0.466455 0.609417
vt 0.554264 0.508220
vt 0.591664 0.545619
vt 0.498322 0.511338
vt 0.454898 0.536448
vt 0.454898 0.571107
vt 0.351671 0.611446
vt 0.384635 0.622156
vt 0.417498 0.644986
vt 0.454898 0.607586
vt 0.507138 0.484207
vt 0.454898 0.504460
vt 0.421357 0.541760
vt 0.432068 0.574723
vt 0.367088 0.581189
vt 0.395129 0.601561
vt 0.419328 0.633429
vt 0.443341 0.609417
vt 0.514667 0.461036
vt 0.568585 0.488508
vt 0.454898 0.475933
vt 0.411473 0.511338
vt 0.391100 0.557177
vt 0.411473 0.585217
vt 0.321250 0.601561
vt 0.341210 0.562387
vt 0.424641 0.623003
vt 0.432915 0.614729
vt 0.520724 0.442393
vt 0.580107 0.472650
vt 0.454898 0.451569
vt 0.402658 0.484207
vt 0.372299 0.531298
vt 0.454898 0.431967
vt 0.395129 0.461036
vt 0.355531 0.508220
vt 0.318131 0.545619
vt 0.389071 0.442393
vt 0.341210 0.488508
vt 0.329688 0.472650
vt 0.395436 0.883341
vt 0.404095 0.885377
vt 0.404095 0.894252
vt 0.395436 0.892742
vt 0.395436 0.875363
vt 0.404095 0.877965
vt 0.404095 0.905703
vt 0.395436 0.904872
vt 0.369388 0.892742
vt 0.369388 0.883341
vt 0.369388 0.875363
vt 0.395436 0.861943
vt 0.404095 0.865244
vt 0.404095 0.921429
vt 0.395436 0.921416
vt 0.369388 0.904872
vt 0.369388 0.861943
vt 0.404095 0.935052
vt 0.395436 0.935853
vt 0.369388 0.921416
vt 0.404095 0.948264
vt 0.395436 0.949767
vt 0.369388 0.935853
vt 0.404095 0.957111
vt 0.395436 0.959160
vt 0.369388 0.949767
vt 0.404095 0.964491
vt 0.395436 0.967103
vt 0.369388 0.959160
vt 0.404092 0.977088
vt 0.395426 0.980410
vt 0.369388 0.967103
vt 0.369388 0.980410
vt 0.327089 0.959012
vt 0.327089 0.949610
vt 0.353137 0.949610
vt 0.353137 0.959012
vt 0.327089 0.937481
vt 0.353137 0.937481
vt 0.361796 0.956976
vt 0.361796 0.948100
vt 0.327089 0.966990
vt 0.353137 0.966990
vt 0.327089 0.920937
vt 0.353137 0.920937
vt 0.361796 0.936650
vt 0.361796 0.964388
vt 0.327089 0.980410
vt 0.353137 0.980410
vt 0.327089 0.906499
vt 0.353137 0.906499
vt 0.361796 0.920923
vt 0.361796 0.977094
vt 0.327089 0.892585
vt 0.353137 0.892585
vt 0.361796 0.907301
vt 0.327089 0.883192
vt 0.353137 0.883192
vt 0.361796 0.894088
vt 0.327089 0.875249
vt 0.353137 0.875249
vt 0.361796 0.885242
vt 0.327089 0.861943
vt 0.353128 0.861943
vt 0.361796 0.877862
vt 0.361793 0.865252
vt 0.312079 0.447284
vt 0.312079 0.506667
vt 0.277419 0.502230
vt 0.277419 0.438845
vt 0.312079 0.572493
vt 0.277419 0.572493
vt 0.240940 0.499524
vt 0.240940 0.433698
vt 0.312079 0.638320
vt 0.277419 0.642756
vt 0.240940 0.572493
vt 0.203540 0.498615
vt 0.203540 0.431967
vt 0.312079 0.697703
vt 0.277419 0.706141
vt 0.240940 0.645462
vt 0.203540 0.572493
vt 0.166140 0.499524
vt 0.166140 0.433698
vt 0.240940 0.711289
vt 0.203540 0.646372
vt 0.166140 0.572493
vt 0.129661 0.502230
vt 0.129661 0.438845
vt 0.203540 0.713019
vt 0.166140 0.645462
vt 0.129661 0.572493
vt 0.095002 0.506667
vt 0.095002 0.447284
vt 0.166140 0.711289
vt 0.129661 0.642756
vt 0.095002 0.572493
vt 0.129661 0.706141
vt 0.095002 0.638320
vt 0.095002 0.697703
vt 0.001965 0.982692
vt 0.001965 0.923309
vt 0.036625 0.927745
vt 0.036625 0.991130
vt 0.001965 0.857482
vt 0.036625 0.857482
vt 0.073104 0.930451
vt 0.073104 0.996278
vt 0.001965 0.791656
vt 0.036625 0.787219
vt 0.073104 0.857482
vt 0.110504 0.931361
vt 0.110504 0.998008
vt 0.001965 0.732273
vt 0.036625 0.723834
vt 0.073104 0.784513
vt 0.110504 0.857482
vt 0.147903 0.930451
vt 0.147903 0.996278
vt 0.073104 0.718687
vt 0.110504 0.783604
vt 0.147903 0.857482
vt 0.184382 0.927745
vt 0.184382 0.991130
vt 0.110504 0.716957
vt 0.147903 0.784513
vt 0.184382 0.857482
vt 0.219042 0.923309
vt 0.219042 0.982692
vt 0.147903 0.718687
vt 0.184382 0.787219
vt 0.219042 0.857482
vt 0.184382 0.723834
vt 0.219042 0.791656
vt 0.219042 0.732273
vt 0.492439 0.892411
vt 0.492439 0.861943
vt 0.518487 0.861943
vt 0.518487 0.892411
vt 0.527146 0.863489
vt 0.527146 0.892411
vt 0.492439 0.922879
vt 0.518487 0.922879
vt 0.527146 0.921302
vt 0.534738 0.922447
vt 0.534738 0.892195
vt 0.560786 0.892195
vt 0.560776 0.922447
vt 0.534738 0.861943
vt 0.560776 0.861943
vt 0.569442 0.920882
vt 0.569445 0.892195
vt 0.569442 0.863482
vn 0.190555 -0.979722 -0.061915
vn 0.162096 -0.979722 -0.117769
vn 0.269870 -0.942723 -0.196072
vn 0.317252 -0.942722 -0.103081
vn 0.117769 -0.979722 -0.162095
vn 0.196072 -0.942723 -0.269870
vn 0.061915 -0.979722 -0.190555
vn 0.103081 -0.942723 -0.317251
vn -0.000000 -0.979722 -0.200361
vn -0.000000 -0.942723 -0.333578
vn -0.061915 -0.979722 -0.190555
vn -0.103081 -0.942722 -0.317252
vn -0.117769 -0.979722 -0.162096
vn -0.196072 -0.942722 -0.269871
vn -0.162096 -0.979722 -0.117770
vn -0.269870 -0.942723 -0.196072
vn -0.190555 -0.979722 -0.061915
vn -0.317252 -0.942722 -0.103081
vn -0.200361 -0.979722 0.000000
vn -0.333578 -0.942722 -0.000000
vn -0.190555 -0.979722 0.061915
vn -0.317252 -0.942722 0.103081
vn -0.162096 -0.979722 0.117769
vn -0.269870 -0.942723 0.196072
vn -0.117769 -0.979722 0.162095
vn -0.196072 -0.942723 0.269870
vn -0.061915 -0.979722 0.190555
vn -0.103081 -0.942722 0.317252
vn 0.000000 -0.979722 0.200361
vn 0.000000 -0.942722 0.333578
vn 0.061915 -0.979722 0.190555
vn 0.103081 -0.942722 0.317252
vn 0.117769 -0.979722 0.162096
vn 0.196072 -0.942722 0.269870
vn 0.162096 -0.979722 0.117770
vn 0.269870 -0.942722 0.196073
vn 0.190555 -0.979722 0.061914
vn 0.317252 -0.942723 0.103081
vn 0.326650 -0.943728 0.051735
vn 0.326650 -0.943729 0.051735
vn 0.194818 -0.980354 0.030855
vn 0.194818 -0.980354 0.030855
vn 0.194818 -0.980354 0.030855
vn 0.200361 -0.979722 -0.000000
vn 0.333578 -0.942723 -0.000000
vn 0.326650 -0.943728 0.051735
vn 0.326649 -0.943729 -0.051736
vn 0.194818 -0.980354 -0.030855
vn 0.194818 -0.980354 -0.030855
vn 0.194818 -0.980354 -0.030855
vn 0.326649 -0.943729 -0.051736
vn 0.326649 -0.943729 -0.051736
vn 0.380846 -0.882266 -0.276701
vn 0.447712 -0.882266 -0.145470
vn 0.276701 -0.882266 -0.380846
vn 0.145470 -0.882266 -0.447711
vn -0.000000 -0.882266 -0.470752
vn -0.145470 -0.882266 -0.447711
vn -0.276701 -0.882266 -0.380846
vn -0.380846 -0.882266 -0.276701
vn -0.447712 -0.882266 -0.145470
vn -0.470752 -0.882266 0.000000
vn -0.447712 -0.882266 0.145470
vn -0.380846 -0.882266 0.276701
vn -0.276701 -0.882266 0.380846
vn -0.145470 -0.882266 0.447712
vn 0.000000 -0.882266 0.470752
vn 0.145470 -0.882266 0.447712
vn 0.276701 -0.882266 0.380846
vn 0.380846 -0.882266 0.276701
vn 0.447712 -0.882266 0.145470
vn 0.463533 -0.883033 0.073416
vn 0.463533 -0.883033 0.073416
vn 0.470752 -0.882266 0.000000
vn 0.463533 -0.883033 0.073416
vn 0.463533 -0.883033 -0.073416
vn 0.463533 -0.883033 -0.073416
vn 0.463533 -0.883033 -0.073416
vn 0.485138 -0.800252 -0.352474
vn 0.570314 -0.800252 -0.185306
vn 0.352473 -0.800252 -0.485138
vn 0.185306 -0.800252 -0.570314
vn -0.000000 -0.800252 -0.599664
vn -0.185307 -0.800252 -0.570314
vn -0.352474 -0.800252 -0.485138
vn -0.485138 -0.800252 -0.352474
vn -0.570314 -0.800252 -0.185306
vn -0.599664 -0.800252 0.000000
vn -0.570314 -0.800252 0.185306
vn -0.485138 -0.800252 0.352474
vn -0.352474 -0.800252 0.485139
vn -0.185306 -0.800252 0.570314
vn 0.000000 -0.800252 0.599664
vn 0.185306 -0.800252 0.570314
vn 0.352474 -0.800252 0.485139
vn 0.485138 -0.800252 0.352474
vn 0.570314 -0.800252 0.185306
vn 0.592041 -0.800434 0.093770
vn 0.592041 -0.800434 0.093770
vn 0.599664 -0.800252 0.000001
vn 0.592041 -0.800434 0.093770
vn 0.592041 -0.800434 -0.093769
vn 0.592041 -0.800434 -0.093769
vn 0.592041 -0.800434 -0.093769
vn 0.578713 -0.698789 -0.420459
vn 0.680318 -0.698789 -0.221048
vn 0.420459 -0.698789 -0.578713
vn 0.221049 -0.698789 -0.680318
vn -0.000000 -0.698789 -0.715328
vn -0.221049 -0.698789 -0.680318
vn -0.420460 -0.698789 -0.578713
vn -0.578713 -0.698789 -0.420459
vn -0.680318 -0.698788 -0.221049
vn -0.715328 -0.698788 -0.000000
vn -0.680318 -0.698789 0.221049
vn -0.578713 -0.698788 0.420460
vn -0.420459 -0.698788 0.578713
vn -0.221049 -0.698788 0.680318
vn -0.000000 -0.698789 0.715328
vn 0.221049 -0.698789 0.680318
vn 0.420460 -0.698788 0.578713
vn 0.578713 -0.698788 0.420459
vn 0.680318 -0.698789 0.221049
vn 0.706998 -0.698294 0.111978
vn 0.706998 -0.698294 0.111978
vn 0.715328 -0.698789 0.000001
vn 0.706998 -0.698294 0.111978
vn 0.706998 -0.698294 -0.111976
vn 0.706998 -0.698294 -0.111976
vn 0.706998 -0.698294 -0.111976
vn 0.658808 -0.580401 -0.478652
vn 0.774475 -0.580401 -0.251641
vn 0.478652 -0.580401 -0.658808
vn 0.251642 -0.580401 -0.774475
vn -0.000000 -0.580401 -0.814331
vn -0.251642 -0.580401 -0.774475
vn -0.478652 -0.580401 -0.658808
vn -0.658808 -0.580401 -0.478652
vn -0.774475 -0.580401 -0.251642
vn -0.814331 -0.580401 -0.000000
vn -0.774475 -0.580401 0.251642
vn -0.658808 -0.580401 0.478652
vn -0.478652 -0.580401 0.658808
vn -0.251642 -0.580401 0.774475
vn 0.000000 -0.580401 0.814331
vn 0.251642 -0.580401 0.774475
vn 0.478652 -0.580401 0.658808
vn 0.658808 -0.580401 0.478652
vn 0.774475 -0.580401 0.251642
vn 0.805029 -0.579371 0.127504
vn 0.805029 -0.579371 0.127504
vn 0.814331 -0.580401 0.000001
vn 0.805029 -0.579371 0.127504
vn 0.805029 -0.579371 -0.127502
vn 0.805029 -0.579371 -0.127502
vn 0.805029 -0.579371 -0.127502
vn 0.761119 -0.408138 -0.504105
vn 0.872401 -0.389068 -0.295878
vn 0.525501 -0.447994 -0.723291
vn 0.276272 -0.447994 -0.850279
vn -0.000000 -0.447994 -0.894037
vn -0.276273 -0.447994 -0.850279
vn -0.525502 -0.447994 -0.723291
vn -0.723291 -0.447994 -0.525501
vn -0.850280 -0.447994 -0.276272
vn -0.894037 -0.447994 -0.000000
vn -0.850279 -0.447994 0.276273
vn -0.723291 -0.447994 0.525502
vn -0.525502 -0.447994 0.723291
vn -0.276273 -0.447994 0.850280
vn 0.000000 -0.447994 0.894037
vn 0.276273 -0.447994 0.850280
vn 0.525502 -0.447994 0.723291
vn 0.760490 -0.408922 0.504418
vn 0.871873 -0.390396 0.295683
vn 0.896692 -0.419439 0.141475
vn 0.896692 -0.419439 0.141475
vn 0.907772 -0.419464 -0.000292
vn 0.896692 -0.419439 0.141475
vn 0.897035 -0.418542 -0.141956
vn 0.897035 -0.418542 -0.141956
vn 0.897035 -0.418542 -0.141956
vn 0.804780 -0.288394 -0.518805
vn 0.908248 -0.291530 -0.300160
vn 0.559818 -0.304789 -0.770524
vn 0.294314 -0.304789 -0.905805
vn -0.000000 -0.304789 -0.952420
vn -0.294314 -0.304789 -0.905805
vn -0.559819 -0.304789 -0.770524
vn -0.770524 -0.304789 -0.559818
vn -0.905805 -0.304789 -0.294314
vn -0.952420 -0.304789 -0.000000
vn -0.905805 -0.304789 0.294314
vn -0.770524 -0.304788 0.559819
vn -0.559818 -0.304788 0.770524
vn -0.294314 -0.304789 0.905805
vn 0.000000 -0.304789 0.952420
vn 0.294314 -0.304789 0.905805
vn 0.559818 -0.304789 0.770524
vn 0.803877 -0.289364 0.519664
vn 0.907495 -0.293327 0.300685
vn 0.929660 -0.338137 0.146270
vn 0.929661 -0.338137 0.146270
vn 0.940062 -0.341004 -0.000066
vn 0.929661 -0.338137 0.146270
vn 0.930126 -0.336489 -0.147105
vn 0.930126 -0.336489 -0.147105
vn 0.930126 -0.336489 -0.147105
vn 0.817034 -0.161729 -0.553443
vn 0.904389 -0.177175 -0.388187
vn 0.580751 -0.154249 -0.799335
vn 0.305319 -0.154249 -0.939674
vn 0.000000 -0.154249 -0.988032
vn -0.305319 -0.154249 -0.939674
vn -0.580751 -0.154249 -0.799335
vn -0.799335 -0.154249 -0.580751
vn -0.939674 -0.154248 -0.305319
vn -0.988032 -0.154248 0.000000
vn -0.939674 -0.154248 0.305319
vn -0.799335 -0.154248 0.580751
vn -0.580751 -0.154249 0.799335
vn -0.305319 -0.154249 0.939674
vn 0.000000 -0.154249 0.988032
vn 0.305319 -0.154249 0.939674
vn 0.580751 -0.154249 0.799335
vn 0.816018 -0.162129 0.554824
vn 0.903172 -0.178373 0.390465
vn 0.825526 0.000000 -0.564365
vn 0.913298 0.000000 -0.407293
vn 0.587785 -0.000000 -0.809017
vn 0.309017 -0.000000 -0.951057
vn 0.000000 0.000000 -1.000000
vn -0.309017 -0.000000 -0.951056
vn -0.587785 -0.000000 -0.809017
vn -0.809017 0.000000 -0.587785
vn -0.951057 0.000000 -0.309017
vn -1.000000 -0.000000 0.000000
vn -0.951057 -0.000000 0.309017
vn -0.809017 0.000000 0.587785
vn -0.587785 -0.000000 0.809017
vn -0.309017 -0.000000 0.951057
vn 0.000000 0.000000 1.000000
vn 0.309017 -0.000000 0.951057
vn 0.587785 -0.000000 0.809017
vn 0.824501 0.000000 0.565861
vn 0.912075 0.000000 0.410023
vn 0.817034 0.161729 -0.553443
vn 0.904389 0.177175 -0.388187
vn 0.580751 0.154249 -0.799335
vn 0.305319 0.154249 -0.939674
vn 0.000000 0.154249 -0.988032
vn -0.305319 0.154249 -0.939674
vn -0.580751 0.154249 -0.799335
vn -0.799335 0.154249 -0.580751
vn -0.939674 0.154248 -0.305319
vn -0.988032 0.154248 0.000000
vn -0.939674 0.154248 0.305319
vn -0.799335 0.154248 0.580751
vn -0.580751 0.154249 0.799335
vn -0.305319 0.154249 0.939674
vn 0.000000 0.154249 0.988032
vn 0.305319 0.154249 0.939674
vn 0.580751 0.154249 0.799335
vn 0.816018 0.162129 0.554824
vn 0.903172 0.178373 0.390465
vn 0.804780 0.288394 -0.518805
vn 0.908248 0.291530 -0.300160
vn 0.559818 0.304789 -0.770524
vn 0.294314 0.304789 -0.905805
vn -0.000000 0.304789 -0.952420
vn -0.294314 0.304789 -0.905805
vn -0.559819 0.304789 -0.770524
vn -0.770524 0.304789 -0.559818
vn -0.905805 0.304789 -0.294314
vn -0.952420 0.304789 -0.000000
vn -0.905805 0.304789 0.294314
vn -0.770524 0.304788 0.559819
vn -0.559818 0.304788 0.770524
vn -0.294314 0.304789 0.905805
vn 0.000000 0.304789 0.952420
vn 0.294314 0.304789 0.905805
vn 0.559818 0.304789 0.770524
vn 0.803877 0.289364 0.519664
vn 0.907495 0.293327 0.300685
vn 0.761119 0.408138 -0.504105
vn 0.872401 0.389068 -0.295877
vn 0.525501 0.447994 -0.723291
vn 0.276272 0.447994 -0.850280
vn -0.000000 0.447994 -0.894037
vn -0.276273 0.447994 -0.850279
vn -0.525502 0.447994 -0.723291
vn -0.723291 0.447994 -0.525501
vn -0.850280 0.447994 -0.276273
vn -0.894037 0.447994 -0.000000
vn -0.850280 0.447994 0.276273
vn -0.723291 0.447994 0.525502
vn -0.525502 0.447994 0.723291
vn -0.276273 0.447994 0.850280
vn 0.000000 0.447994 0.894037
vn 0.276273 0.447994 0.850280
vn 0.525502 0.447994 0.723291
vn 0.760490 0.408922 0.504418
vn 0.871873 0.390396 0.295683
vn 0.896692 0.419439 0.141475
vn 0.896692 0.419439 0.141475
vn 0.929661 0.338137 0.146270
vn 0.929661 0.338137 0.146270
vn 0.929661 0.338137 0.146270
vn 0.940062 0.341004 -0.000066
vn 0.907772 0.419464 -0.000292
vn 0.896692 0.419439 0.141475
vn 0.897035 0.418542 -0.141956
vn 0.930126 0.336489 -0.147105
vn 0.930126 0.336489 -0.147105
vn 0.930126 0.336489 -0.147105
vn 0.897035 0.418542 -0.141956
vn 0.897035 0.418542 -0.141956
vn 0.658808 0.580401 -0.478652
vn 0.774475 0.580401 -0.251641
vn 0.478652 0.580401 -0.658808
vn 0.251642 0.580401 -0.774475
vn -0.000000 0.580401 -0.814331
vn -0.251642 0.580401 -0.774475
vn -0.478652 0.580401 -0.658808
vn -0.658808 0.580401 -0.478652
vn -0.774475 0.580401 -0.251642
vn -0.814331 0.580401 -0.000000
vn -0.774475 0.580401 0.251642
vn -0.658808 0.580401 0.478652
vn -0.478652 0.580401 0.658808
vn -0.251642 0.580401 0.774475
vn 0.000000 0.580401 0.814331
vn 0.251642 0.580401 0.774475
vn 0.478652 0.580401 0.658808
vn 0.658808 0.580401 0.478652
vn 0.774475 0.580401 0.251642
vn 0.805029 0.579371 0.127504
vn 0.805029 0.579371 0.127504
vn 0.814331 0.580401 0.000001
vn 0.805029 0.579371 0.127504
vn 0.805029 0.579371 -0.127502
vn 0.805029 0.579371 -0.127502
vn 0.805029 0.579371 -0.127502
vn 0.578712 0.698789 -0.420459
vn 0.680318 0.698789 -0.221048
vn 0.420459 0.698789 -0.578713
vn 0.221049 0.698789 -0.680318
vn -0.000000 0.698789 -0.715328
vn -0.221049 0.698789 -0.680318
vn -0.420460 0.698789 -0.578713
vn -0.578713 0.698789 -0.420459
vn -0.680318 0.698789 -0.221049
vn -0.715328 0.698789 0.000000
vn -0.680318 0.698789 0.221049
vn -0.578713 0.698788 0.420460
vn -0.420459 0.698788 0.578713
vn -0.221049 0.698788 0.680318
vn -0.000000 0.698788 0.715328
vn 0.221049 0.698789 0.680318
vn 0.420460 0.698788 0.578713
vn 0.578713 0.698788 0.420460
vn 0.680318 0.698788 0.221049
vn 0.706998 0.698294 0.111977
vn 0.706998 0.698294 0.111977
vn 0.715328 0.698788 0.000001
vn 0.706998 0.698294 0.111977
vn 0.706998 0.698294 -0.111976
vn 0.706998 0.698294 -0.111976
vn 0.706998 0.698294 -0.111976
vn 0.485138 0.800252 -0.352474
vn 0.570314 0.800252 -0.185306
vn 0.352473 0.800252 -0.485139
vn 0.185306 0.800252 -0.570314
vn -0.000000 0.800252 -0.599664
vn -0.185307 0.800252 -0.570314
vn -0.352474 0.800252 -0.485138
vn -0.485138 0.800252 -0.352474
vn -0.570314 0.800252 -0.185306
vn -0.599664 0.800252 0.000000
vn -0.570314 0.800252 0.185306
vn -0.485138 0.800252 0.352474
vn -0.352474 0.800252 0.485138
vn -0.185306 0.800252 0.570314
vn 0.000000 0.800252 0.599664
vn 0.185306 0.800252 0.570315
vn 0.352474 0.800252 0.485139
vn 0.485139 0.800252 0.352474
vn 0.570314 0.800252 0.185306
vn 0.592041 0.800434 0.093770
vn 0.592041 0.800434 0.093770
vn 0.599664 0.800252 0.000001
vn 0.592041 0.800434 0.093770
vn 0.592041 0.800434 -0.093769
vn 0.592041 0.800434 -0.093769
vn 0.592041 0.800434 -0.093769
vn 0.380846 0.882266 -0.276701
vn 0.447712 0.882266 -0.145470
vn 0.276701 0.882266 -0.380846
vn 0.145470 0.882266 -0.447712
vn -0.000000 0.882266 -0.470752
vn -0.145470 0.882266 -0.447711
vn -0.276701 0.882266 -0.380846
vn -0.380846 0.882266 -0.276701
vn -0.447712 0.882266 -0.145470
vn -0.470752 0.882266 0.000000
vn -0.447712 0.882266 0.145471
vn -0.380846 0.882266 0.276701
vn -0.276701 0.882266 0.380846
vn -0.145470 0.882266 0.447712
vn 0.000000 0.882266 0.470752
vn 0.145470 0.882266 0.447712
vn 0.276701 0.882266 0.380846
vn 0.380846 0.882266 0.276701
vn 0.447712 0.882266 0.145470
vn 0.463533 0.883033 0.073416
vn 0.463533 0.883033 0.073416
vn 0.470752 0.882266 0.000000
vn 0.463533 0.883033 0.073416
vn 0.463533 0.883033 -0.073416
vn 0.463533 0.883033 -0.073416
vn 0.463533 0.883033 -0.073416
vn 0.269870 0.942722 -0.196073
vn 0.317252 0.942722 -0.103081
vn 0.196072 0.942722 -0.269871
vn 0.103081 0.942723 -0.317252
vn -0.000000 0.942723 -0.333578
vn -0.103081 0.942723 -0.317251
vn -0.196072 0.942723 -0.269870
vn -0.269870 0.942723 -0.196072
vn -0.317252 0.942722 -0.103081
vn -0.333578 0.942722 0.000000
vn -0.317252 0.942722 0.103082
vn -0.269870 0.942722 0.196072
vn -0.196072 0.942723 0.269870
vn -0.103081 0.942722 0.317252
vn 0.000000 0.942722 0.333578
vn 0.103081 0.942722 0.317252
vn 0.196072 0.942723 0.269870
vn 0.269870 0.942722 0.196072
vn 0.317252 0.942722 0.103082
vn 0.326650 0.943728 0.051737
vn 0.326650 0.943728 0.051737
vn 0.333578 0.942722 0.000001
vn 0.326650 0.943728 0.051737
vn 0.326650 0.943729 -0.051736
vn 0.326650 0.943729 -0.051736
vn 0.326650 0.943729 -0.051736
vn 0.162096 0.979722 -0.117769
vn 0.190555 0.979722 -0.061915
vn 0.117769 0.979722 -0.162096
vn 0.061915 0.979722 -0.190555
vn -0.000000 0.979722 -0.200361
vn -0.061915 0.979722 -0.190555
vn -0.117769 0.979722 -0.162095
vn -0.162096 0.979722 -0.117769
vn -0.190555 0.979722 -0.061915
vn -0.200361 0.979722 0.000000
vn -0.190555 0.979722 0.061915
vn -0.162096 0.979722 0.117769
vn -0.117769 0.979722 0.162096
vn -0.061915 0.979722 0.190555
vn 0.000000 0.979722 0.200361
vn 0.061915 0.979722 0.190555
vn 0.117769 0.979722 0.162096
vn 0.162096 0.979722 0.117769
vn 0.190555 0.979722 0.061916
vn 0.194819 0.980354 0.030858
vn 0.194819 0.980354 0.030858
vn 0.200361 0.979722 0.000002
vn 0.194819 0.980354 0.030858
vn 0.194818 0.980354 -0.030855
vn 0.194818 0.980354 -0.030855
vn 0.194818 0.980354 -0.030855
vn 0.074619 -0.996917 -0.024245
vn 0.000000 -1.000000 -0.000000
vn 0.074619 -0.996917 0.024245
vn 0.078459 -0.996917 0.000000
vn 0.000000 1.000000 0.000000
vn 0.074619 0.996917 -0.024245
vn 0.074619 0.996917 0.024247
vn 0.078459 0.996917 0.000001
vn 0.998399 -0.022367 0.051951
vn 0.926520 -0.148374 0.345755
vn 0.924647 -0.250972 0.286428
vn 0.997540 -0.046203 0.052727
vn 0.389190 -0.364262 0.846076
vn 0.098907 -0.393303 0.914073
vn 0.098809 -0.657090 0.747308
vn 0.384594 -0.609343 0.693390
vn 0.099202 0.821743 0.561158
vn 0.383713 0.762724 0.520592
vn 0.383977 0.841162 0.380800
vn 0.099376 0.906488 0.410371
vn 0.924304 0.315492 0.214770
vn 0.998948 0.037914 0.025810
vn 0.998638 0.047526 0.021516
vn 0.924414 0.347443 0.157295
vn 0.997653 0.068474 0.000873
vn 0.924805 0.380412 0.004847
vn 0.924699 0.371761 0.082007
vn 0.997899 0.063266 0.013957
vn 0.384934 0.922879 0.011006
vn 0.099258 0.994993 0.011706
vn 0.099313 0.971512 0.215177
vn 0.384677 0.901239 0.199480
vn 1.000000 0.000001 0.000001
vn 1.000000 0.000001 0.000001
vn 0.998948 -0.037905 0.025805
vn 0.998639 -0.047515 0.021512
vn 0.997900 -0.063253 0.013954
vn 0.997653 -0.068472 0.000873
vn 1.000000 0.000000 0.000001
vn 1.000000 0.000001 0.000001
vn 1.000000 0.000000 0.000001
vn 0.997903 -0.063088 -0.014472
vn 0.998375 -0.052156 -0.022969
vn 0.998928 -0.038147 -0.026236
vn 0.997480 -0.046471 -0.053604
vn 0.998341 -0.022597 -0.052964
vn 1.000000 0.000000 0.000001
vn 1.000000 0.000000 0.000001
vn 1.000000 -0.000000 0.000001
vn 1.000000 -0.000000 0.000001
vn 0.997673 -0.000044 0.068176
vn 1.000000 -0.000000 0.000001
vn 1.000000 -0.000000 0.000001
vn 1.000000 0.000000 0.000001
vn 0.997659 0.000037 -0.068391
vn 1.000000 0.000000 0.000001
vn 1.000000 0.000000 0.000001
vn 1.000000 -0.000000 0.000001
vn 1.000000 -0.000000 0.000001
vn 0.998399 0.022309 0.051974
vn 1.000000 -0.000000 0.000001
vn 1.000000 -0.000000 0.000001
vn 1.000000 0.000000 0.000001
vn 0.998340 0.022650 -0.052955
vn 1.000000 0.000000 0.000001
vn 1.000000 0.000000 0.000001
vn 0.997525 0.046300 0.052918
vn 0.997904 0.063078 -0.014470
vn 0.997493 0.046391 -0.053443
vn 0.998928 0.038141 -0.026232
vn 0.998375 0.052148 -0.022966
vn -0.000001 -0.395310 0.918548
vn -0.000000 -0.660387 0.750925
vn -0.000000 -0.825774 0.564001
vn 0.099203 -0.821743 0.561158
vn 0.000000 -0.910998 0.412412
vn 0.099377 -0.906488 0.410371
vn 0.000000 -0.976329 0.216289
vn 0.099314 -0.971512 0.215177
vn 0.000000 -0.999931 0.011715
vn 0.099259 -0.994993 0.011707
vn 0.000000 -0.974867 -0.222787
vn 0.099290 -0.970041 -0.221725
vn 0.000000 -0.914811 -0.403882
vn 0.099388 -0.910300 -0.401841
vn 0.000000 -0.823198 -0.567755
vn 0.099159 -0.819176 -0.564906
vn 0.000001 -0.657240 -0.753681
vn 0.098973 -0.653899 -0.750080
vn 0.000000 -0.393171 -0.919465
vn 0.098884 -0.391275 -0.914946
vn -0.000000 0.000000 1.000000
vn 0.099027 -0.000028 0.995085
vn 0.000000 0.000000 -1.000000
vn 0.099103 0.000024 -0.995077
vn -0.000000 0.395310 0.918548
vn 0.098862 0.393407 0.914034
vn 0.000000 0.393171 -0.919465
vn 0.098922 0.391188 -0.914979
vn -0.000001 0.910998 0.412412
vn -0.000001 0.825774 0.564001
vn -0.000001 0.660387 0.750925
vn 0.098912 0.657057 0.747324
vn -0.000000 0.999931 0.011714
vn -0.000001 0.976329 0.216290
vn 0.000000 0.974867 -0.222787
vn 0.099290 0.970041 -0.221726
vn 0.000001 0.657240 -0.753681
vn 0.098886 0.653928 -0.750067
vn 0.000000 0.823197 -0.567755
vn 0.099159 0.819176 -0.564906
vn 0.000000 0.914811 -0.403882
vn 0.099388 0.910300 -0.401842
vn 0.391913 -0.000118 0.920002
vn 0.927585 -0.000213 0.373612
vn 0.924305 -0.315490 0.214770
vn 0.383713 -0.762724 0.520592
vn 0.924414 -0.347444 0.157296
vn 0.383978 -0.841161 0.380800
vn 0.924699 -0.371762 0.082007
vn 0.384677 -0.901239 0.199480
vn 0.924805 -0.380412 0.004847
vn 0.384934 -0.922878 0.011006
vn 0.924698 -0.371063 -0.085122
vn 0.384671 -0.899820 -0.205796
vn 0.924490 -0.348871 -0.153644
vn 0.384167 -0.844682 -0.372732
vn 0.924306 -0.314458 -0.216275
vn 0.383716 -0.760320 -0.524096
vn 0.924745 -0.249307 -0.287564
vn 0.384809 -0.606165 -0.696050
vn 0.926478 -0.148025 -0.346017
vn 0.389083 -0.361972 -0.847108
vn 0.927549 0.000180 -0.373701
vn 0.391804 0.000099 -0.920049
vn 0.389133 0.363896 0.846260
vn 0.926507 0.148829 0.345595
vn 0.926488 0.147647 -0.346150
vn 0.389130 0.362278 -0.846955
vn 0.924665 0.249607 -0.287560
vn 0.384627 0.606305 -0.696029
vn 0.924743 0.250613 0.286433
vn 0.384812 0.609176 0.693415
vn 0.384671 0.899820 -0.205797
vn 0.924698 0.371064 -0.085122
vn 0.924305 0.314459 -0.216275
vn 0.383715 0.760320 -0.524095
vn 0.924489 0.348874 -0.153645
vn 0.384166 0.844682 -0.372732
s 1
g pSphere1
usemtl lambert5SG
f 1/368/1 2/369/2 22/370/3 21/371/4
f 2/369/2 3/374/5 23/375/6 22/370/3
f 3/374/5 4/387/7 24/388/8 23/375/6
f 4/387/7 5/405/9 25/406/10 24/388/8
f 5/405/9 6/415/11 26/416/12 25/406/10
f 6/415/11 7/424/13 27/425/14 26/416/12
f 7/424/13 8/434/15 28/435/16 27/425/14
f 8/434/15 9/445/17 29/446/18 28/435/16
f 9/445/17 10/459/19 30/460/20 29/446/18
f 10/459/19 11/471/21 31/472/22 30/460/20
f 11/471/21 12/483/23 32/484/24 31/472/22
f 12/483/23 13/469/25 33/470/26 32/484/24
f 13/469/25 14/457/27 34/458/28 33/470/26
f 14/457/27 15/443/29 35/444/30 34/458/28
f 15/443/29 16/432/31 36/433/32 35/444/30
f 16/432/31 17/422/33 37/423/34 36/433/32
f 17/422/33 18/413/35 38/414/36 37/423/34
f 18/413/35 19/399/37 39/398/38 38/414/36
f 381/396/39 436/397/40 39/398/38 19/399/37 437/400/41 380/401/42 465/402/43 20/380/44 40/379/45 466/403/46
f 448/378/47 40/379/45 20/380/44 447/381/48 396/382/49 439/383/50 1/368/1 21/371/4 440/384/51 397/385/52
f 21/371/4 22/370/3 42/376/53 41/377/54
f 22/370/3 23/375/6 43/389/55 42/376/53
f 23/375/6 24/388/8 44/407/56 43/389/55
f 24/388/8 25/406/10 45/417/57 44/407/56
f 25/406/10 26/416/12 46/426/58 45/417/57
f 26/416/12 27/425/14 47/436/59 46/426/58
f 27/425/14 28/435/16 48/447/60 47/436/59
f 28/435/16 29/446/18 49/461/61 48/447/60
f 29/446/18 30/460/20 50/473/62 49/461/61
f 30/460/20 31/472/22 51/485/63 50/473/62
f 31/472/22 32/484/24 52/492/64 51/485/63
f 32/484/24 33/470/26 53/482/65 52/492/64
f 33/470/26 34/458/28 54/468/66 53/482/65
f 34/458/28 35/444/30 55/456/67 54/468/66
f 35/444/30 36/433/32 56/442/68 55/456/67
f 36/433/32 37/423/34 57/431/69 56/442/68
f 37/423/34 38/414/36 58/421/70 57/431/69
f 38/414/36 39/398/38 59/411/71 58/421/70
f 382/409/72 435/410/73 59/411/71 39/398/38 436/397/40 381/396/39 466/403/46 40/379/45 60/393/74 467/412/75
f 449/392/76 60/393/74 40/379/45 448/378/47 397/385/52 440/384/51 21/371/4 41/377/54 441/394/77 398/395/78
f 41/377/54 42/376/53 62/390/79 61/391/80
f 42/376/53 43/389/55 63/408/81 62/390/79
f 43/389/55 44/407/56 64/418/82 63/408/81
f 44/407/56 45/417/57 65/427/83 64/418/82
f 45/417/57 46/426/58 66/437/84 65/427/83
f 46/426/58 47/436/59 67/448/85 66/437/84
f 47/436/59 48/447/60 68/462/86 67/448/85
f 48/447/60 49/461/61 69/474/87 68/462/86
f 49/208/61 50/209/62 70/197/88 69/186/87
f 50/209/62 51/220/63 71/210/89 70/197/88
f 51/485/63 52/492/64 72/496/90 71/497/89
f 52/492/64 53/482/65 73/491/91 72/496/90
f 53/482/65 54/468/66 74/481/92 73/491/91
f 54/468/66 55/456/67 75/467/93 74/481/92
f 55/456/67 56/442/68 76/455/94 75/467/93
f 56/442/68 57/431/69 77/441/95 76/455/94
f 57/431/69 58/421/70 78/430/96 77/441/95
f 58/421/70 59/411/71 79/429/97 78/430/96
f 383/71/98 434/70/99 79/69/97 59/87/71 435/88/73 382/89/72 467/90/75 60/73/74 80/53/100 468/72/101
f 450/54/102 80/53/100 60/73/74 449/74/76 398/75/78 441/76/77 41/77/54 61/37/80 442/56/103 399/55/104
f 61/37/80 62/38/79 82/20/105 81/19/106
f 62/390/79 63/408/81 83/419/107 82/420/105
f 63/408/81 64/418/82 84/428/108 83/419/107
f 64/418/82 65/427/83 85/438/109 84/428/108
f 65/427/83 66/437/84 86/449/110 85/438/109
f 66/437/84 67/448/85 87/463/111 86/449/110
f 67/448/85 68/462/86 88/475/112 87/463/111
f 68/185/86 69/186/87 89/176/113 88/175/112
f 69/186/87 70/197/88 90/187/114 89/176/113
f 70/197/88 71/210/89 91/198/115 90/187/114
f 71/210/89 72/221/90 92/211/116 91/198/115
f 72/496/90 73/491/91 93/495/117 92/500/116
f 73/491/91 74/481/92 94/490/118 93/495/117
f 74/481/92 75/467/93 95/480/119 94/490/118
f 75/467/93 76/455/94 96/466/120 95/480/119
f 76/455/94 77/441/95 97/454/121 96/466/120
f 77/441/95 78/430/96 98/453/122 97/454/121
f 78/86/96 79/69/97 99/57/123 98/78/122
f 384/59/124 433/58/125 99/57/123 79/69/97 434/70/99 383/71/98 468/72/101 80/53/100 100/40/126 469/60/127
f 451/41/128 100/40/126 80/53/100 450/54/102 399/55/104 442/56/103 61/37/80 81/19/106 443/43/129 400/42/130
f 81/19/106 82/20/105 102/6/131 101/5/132
f 82/20/105 83/39/107 103/21/133 102/6/131
f 83/419/107 84/428/108 104/439/134 103/440/133
f 84/428/108 85/438/109 105/450/135 104/439/134
f 85/438/109 86/449/110 106/464/136 105/450/135
f 86/449/110 87/463/111 107/476/137 106/464/136
f 87/188/111 88/175/112 108/167/138 107/178/137
f 88/175/112 89/176/113 109/168/139 108/167/138
f 89/176/113 90/187/114 110/177/140 109/168/139
f 90/187/114 91/198/115 111/189/141 110/177/140
f 91/198/115 92/211/116 112/199/142 111/189/141
f 92/211/116 93/222/117 113/212/143 112/199/142
f 93/495/117 94/490/118 114/494/144 113/499/143
f 94/490/118 95/480/119 115/489/145 114/494/144
f 95/480/119 96/466/120 116/479/146 115/489/145
f 96/466/120 97/454/121 117/478/147 116/479/146
f 97/91/121 98/78/122 118/61/148 117/79/147
f 98/78/122 99/57/123 119/44/149 118/61/148
f 385/46/150 432/45/151 119/44/149 99/57/123 433/58/125 384/59/124 469/60/127 100/40/126 120/22/152 470/47/153
f 452/23/154 120/22/152 100/40/126 451/41/128 400/42/130 443/43/129 81/19/106 101/5/132 444/25/155 401/24/156
f 101/5/132 102/6/131 122/2/157 121/1/158
f 102/6/131 103/21/133 123/7/159 122/2/157
f 103/440/133 104/439/134 124/451/160 123/452/159
f 104/439/134 105/450/135 125/465/161 124/451/160
f 105/450/135 106/464/136 126/477/162 125/465/161
f 106/464/136 107/476/137 127/486/163 126/477/162
f 107/178/137 108/167/138 128/163/164 127/173/163
f 108/167/138 109/168/139 129/164/165 128/163/164
f 109/168/139 110/177/140 130/169/166 129/164/165
f 110/177/140 111/189/141 131/179/167 130/169/166
f 111/189/141 112/199/142 132/190/168 131/179/167
f 112/199/142 113/212/143 133/200/169 132/190/168
f 113/499/143 114/494/144 134/498/170 133/501/169
f 114/494/144 115/489/145 135/493/171 134/498/170
f 115/489/145 116/479/146 136/488/172 135/493/171
f 116/479/146 117/478/147 137/487/173 136/488/172
f 117/79/147 118/61/148 138/51/174 137/67/173
f 118/61/148 119/44/149 139/32/175 138/51/174
f 386/34/176 431/33/177 139/32/175 119/44/149 432/45/151 385/46/150 470/47/153 120/22/152 140/13/178 471/35/179
f 453/14/180 140/13/178 120/22/152 452/23/154 401/24/156 444/25/155 101/5/132 121/1/158 445/16/181 402/15/182
f 121/1/158 122/2/157 142/3/183 141/4/184
f 122/2/157 123/7/159 143/8/185 142/3/183
f 123/702/159 124/703/160 144/704/186 143/705/185
f 124/703/160 125/706/161 145/707/187 144/704/186
f 125/706/161 126/710/162 146/711/188 145/707/187
f 126/710/162 127/715/163 147/716/189 146/711/188
f 127/173/163 128/163/164 148/166/190 147/174/189
f 128/163/164 129/164/165 149/165/191 148/166/190
f 129/164/165 130/169/166 150/170/192 149/165/191
f 130/169/166 131/179/167 151/180/193 150/170/192
f 131/179/167 132/190/168 152/191/194 151/180/193
f 132/190/168 133/200/169 153/201/195 152/191/194
f 133/737/169 134/738/170 154/739/196 153/740/195
f 134/738/170 135/741/171 155/742/197 154/739/196
f 135/741/171 136/745/172 156/746/198 155/742/197
f 136/745/172 137/750/173 157/751/199 156/746/198
f 137/67/173 138/51/174 158/52/200 157/68/199
f 138/51/174 139/32/175 159/31/201 158/52/200
f 387/29/202 430/30/203 159/31/201 139/32/175 431/33/177 386/34/176 471/35/179 140/13/178 160/12/204 472/36/205
f 454/11/206 160/12/204 140/13/178 453/14/180 402/15/182 445/16/181 121/1/158 141/4/184 412/17/207 403/18/208
f 141/4/184 142/3/183 162/9/209 161/10/210
f 142/3/183 143/8/185 163/26/211 162/9/209
f 143/705/185 144/704/186 164/708/212 163/709/211
f 144/704/186 145/707/187 165/712/213 164/708/212
f 145/707/187 146/711/188 166/717/214 165/712/213
f 146/711/188 147/716/189 167/721/215 166/717/214
f 147/174/189 148/166/190 168/172/216 167/184/215
f 148/166/190 149/165/191 169/171/217 168/172/216
f 149/165/191 150/170/192 170/181/218 169/171/217
f 150/170/192 151/180/193 171/192/219 170/181/218
f 151/180/193 152/191/194 172/202/220 171/192/219
f 152/191/194 153/201/195 173/213/221 172/202/220
f 153/740/195 154/739/196 174/743/222 173/744/221
f 154/739/196 155/742/197 175/747/223 174/743/222
f 155/742/197 156/746/198 176/752/224 175/747/223
f 156/746/198 157/751/199 177/756/225 176/752/224
f 157/68/199 158/52/200 178/66/226 177/85/225
f 158/52/200 159/31/201 179/65/227 178/66/226
f 161/10/210 162/9/209 181/27/228 180/28/229
f 162/9/209 163/26/211 182/48/230 181/27/228
f 163/709/211 164/708/212 183/713/231 182/714/230
f 164/708/212 165/712/213 184/718/232 183/713/231
f 165/712/213 166/717/214 185/722/233 184/718/232
f 166/717/214 167/721/215 186/726/234 185/722/233
f 167/184/215 168/172/216 187/183/235 186/196/234
f 168/172/216 169/171/217 188/182/236 187/183/235
f 169/171/217 170/181/218 189/193/237 188/182/236
f 170/181/218 171/192/219 190/203/238 189/193/237
f 171/192/219 172/202/220 191/214/239 190/203/238
f 172/202/220 173/213/221 192/223/240 191/214/239
f 173/744/221 174/743/222 193/748/241 192/749/240
f 174/743/222 175/747/223 194/753/242 193/748/241
f 175/747/223 176/752/224 195/757/243 194/753/242
f 176/752/224 177/756/225 196/761/244 195/757/243
f 177/85/225 178/66/226 197/84/245 196/105/244
f 178/66/226 179/65/227 198/83/246 197/84/245
f 180/28/229 181/27/228 200/49/247 199/50/248
f 181/27/228 182/48/230 201/62/249 200/49/247
f 182/714/230 183/713/231 202/719/250 201/720/249
f 183/713/231 184/718/232 203/723/251 202/719/250
f 184/718/232 185/722/233 204/727/252 203/723/251
f 185/722/233 186/726/234 205/731/253 204/727/252
f 186/196/234 187/183/235 206/195/254 205/207/253
f 187/183/235 188/182/236 207/194/255 206/195/254
f 188/182/236 189/193/237 208/204/256 207/194/255
f 189/193/237 190/203/238 209/215/257 208/204/256
f 190/203/238 191/214/239 210/224/258 209/215/257
f 191/214/239 192/223/240 211/230/259 210/224/258
f 192/749/240 193/748/241 212/754/260 211/755/259
f 193/748/241 194/753/242 213/758/261 212/754/260
f 194/753/242 195/757/243 214/762/262 213/758/261
f 195/757/243 196/761/244 215/766/263 214/762/262
f 196/105/244 197/84/245 216/104/264 215/122/263
f 197/84/245 198/83/246 217/103/265 216/104/264
f 199/50/248 200/49/247 219/63/266 218/64/267
f 200/49/247 201/62/249 220/80/268 219/63/266
f 201/720/249 202/719/250 221/724/269 220/725/268
f 202/719/250 203/723/251 222/728/270 221/724/269
f 203/723/251 204/727/252 223/732/271 222/728/270
f 204/727/252 205/731/253 224/734/272 223/732/271
f 205/207/253 206/195/254 225/206/273 224/219/272
f 206/195/254 207/194/255 226/205/274 225/206/273
f 207/194/255 208/204/256 227/216/275 226/205/274
f 208/204/256 209/215/257 228/225/276 227/216/275
f 209/215/257 210/224/258 229/231/277 228/225/276
f 210/224/258 211/230/259 230/237/278 229/231/277
f 211/755/259 212/754/260 231/759/279 230/760/278
f 212/754/260 213/758/261 232/763/280 231/759/279
f 213/758/261 214/762/262 233/767/281 232/763/280
f 214/762/262 215/766/263 234/769/282 233/767/281
f 215/122/263 216/104/264 235/121/283 234/135/282
f 216/104/264 217/103/265 236/116/284 235/121/283
f 218/64/267 219/63/266 239/81/285 238/82/286
f 219/63/266 220/80/268 240/92/287 239/81/285
f 220/725/268 221/724/269 241/729/288 240/730/287
f 221/724/269 222/728/270 242/733/289 241/729/288
f 222/728/270 223/732/271 243/735/290 242/733/289
f 223/732/271 224/734/272 244/736/291 243/735/290
f 224/219/272 225/206/273 245/218/292 244/229/291
f 225/206/273 226/205/274 246/217/293 245/218/292
f 226/205/274 227/216/275 247/226/294 246/217/293
f 227/216/275 228/225/276 248/232/295 247/226/294
f 228/225/276 229/231/277 249/238/296 248/232/295
f 229/231/277 230/237/278 250/244/297 249/238/296
f 230/760/278 231/759/279 251/764/298 250/765/297
f 231/759/279 232/763/280 252/768/299 251/764/298
f 232/763/280 233/767/281 253/770/300 252/768/299
f 233/767/281 234/769/282 254/771/301 253/770/300
f 234/135/282 235/121/283 255/134/302 254/145/301
f 235/121/283 236/116/284 256/115/303 255/134/302
f 389/113/304 428/114/305 256/115/303 236/116/284 429/117/306 388/118/307 473/119/308 237/97/309 257/96/310 474/120/311
f 456/95/312 257/96/310 237/97/309 455/98/313 404/99/314 413/100/315 218/64/267 238/82/286 414/101/316 405/102/317
f 238/82/286 239/81/285 259/93/318 258/94/319
f 239/81/285 240/92/287 260/106/320 259/93/318
f 240/519/287 241/520/288 261/511/321 260/510/320
f 241/520/288 242/529/289 262/521/322 261/511/321
f 242/529/289 243/546/290 263/530/323 262/521/322
f 243/546/290 244/566/291 264/547/324 263/530/323
f 244/229/291 245/218/292 265/228/325 264/236/324
f 245/218/292 246/217/293 266/227/326 265/228/325
f 246/217/293 247/226/294 267/233/327 266/227/326
f 247/226/294 248/232/295 268/239/328 267/233/327
f 248/232/295 249/238/296 269/245/329 268/239/328
f 249/238/296 250/244/297 270/248/330 269/245/329
f 250/635/297 251/633/298 271/630/331 270/634/330
f 251/633/298 252/629/299 272/626/332 271/630/331
f 252/629/299 253/624/300 273/614/333 272/626/332
f 253/624/300 254/625/301 274/615/334 273/614/333
f 254/145/301 255/134/302 275/144/335 274/156/334
f 255/134/302 256/115/303 276/132/336 275/144/335
f 390/130/337 427/131/338 276/132/336 256/115/303 428/114/305 389/113/304 474/120/311 257/96/310 277/110/339 475/133/340
f 457/109/341 277/110/339 257/96/310 456/95/312 405/102/317 414/101/316 238/82/286 258/94/319 415/111/342 406/112/343
f 258/94/319 259/93/318 279/107/344 278/108/345
f 259/93/318 260/106/320 280/123/346 279/107/344
f 260/510/320 261/511/321 281/506/347 280/503/346
f 261/511/321 262/521/322 282/512/348 281/506/347
f 262/521/322 263/530/323 283/522/349 282/512/348
f 263/530/323 264/547/324 284/531/350 283/522/349
f 264/236/324 265/228/325 285/235/351 284/243/350
f 265/228/325 266/227/326 286/234/352 285/235/351
f 266/227/326 267/233/327 287/240/353 286/234/352
f 267/233/327 268/239/328 288/246/354 287/240/353
f 268/239/328 269/245/329 289/249/355 288/246/354
f 269/245/329 270/248/330 290/253/356 289/249/355
f 270/634/330 271/630/331 291/627/357 290/631/356
f 271/630/331 272/626/332 292/616/358 291/627/357
f 272/626/332 273/614/333 293/606/359 292/616/358
f 273/614/333 274/615/334 294/597/360 293/606/359
f 274/156/334 275/144/335 295/155/361 294/162/360
f 275/144/335 276/132/336 296/142/362 295/155/361
f 391/140/363 426/141/364 296/142/362 276/132/336 427/131/338 390/130/337 475/133/340 277/110/339 297/127/365 476/143/366
f 458/126/367 297/127/365 277/110/339 457/109/341 406/112/343 415/111/342 258/94/319 278/108/345 416/128/368 407/129/369
f 278/108/345 279/107/344 299/124/370 298/125/371
f 279/502/344 280/503/346 300/504/372 299/505/370
f 280/503/346 281/506/347 301/507/373 300/504/372
f 281/506/347 282/512/348 302/513/374 301/507/373
f 282/512/348 283/522/349 303/523/375 302/513/374
f 283/522/349 284/531/350 304/532/376 303/523/375
f 284/531/350 285/548/351 305/549/377 304/532/376
f 285/235/351 286/234/352 306/241/378 305/242/377
f 286/234/352 287/240/353 307/247/379 306/241/378
f 287/240/353 288/246/354 308/250/380 307/247/379
f 288/246/354 289/249/355 309/254/381 308/250/380
f 289/632/355 290/631/356 310/628/382 309/621/381
f 290/631/356 291/627/357 311/617/383 310/628/382
f 291/627/357 292/616/358 312/607/384 311/617/383
f 292/616/358 293/606/359 313/599/385 312/607/384
f 293/606/359 294/597/360 314/590/386 313/599/385
f 294/597/360 295/598/361 315/583/387 314/590/386
f 295/155/361 296/142/362 316/153/388 315/161/387
f 392/151/389 425/152/390 316/153/388 296/142/362 426/141/364 391/140/363 476/143/366 297/127/365 317/137/391 477/154/392
f 459/136/393 317/137/391 297/127/365 458/126/367 407/129/369 416/128/368 278/108/345 298/125/371 417/138/394 408/139/395
f 298/517/371 299/505/370 319/509/396 318/518/397
f 299/505/370 300/504/372 320/508/398 319/509/396
f 300/504/372 301/507/373 321/514/399 320/508/398
f 301/507/373 302/513/374 322/524/400 321/514/399
f 302/513/374 303/523/375 323/533/401 322/524/400
f 303/523/375 304/532/376 324/550/402 323/533/401
f 304/532/376 305/549/377 325/567/403 324/550/402
f 305/549/377 306/577/378 326/578/404 325/567/403
f 306/241/378 307/247/379 327/251/405 326/252/404
f 307/247/379 308/250/380 328/255/406 327/251/405
f 308/620/380 309/621/381 329/610/407 328/602/406
f 309/621/381 310/628/382 330/618/408 329/610/407
f 310/628/382 311/617/383 331/608/409 330/618/408
f 311/617/383 312/607/384 332/600/410 331/608/409
f 312/607/384 313/599/385 333/591/411 332/600/410
f 313/599/385 314/590/386 334/585/412 333/591/411
f 314/590/386 315/583/387 335/575/413 334/585/412
f 315/583/387 316/584/388 336/561/414 335/575/413
f 393/157/415 424/158/416 336/159/414 316/153/388 425/152/390 392/151/389 477/154/392 317/137/391 337/147/417 478/160/418
f 460/146/419 337/147/417 317/137/391 459/136/393 408/139/395 417/138/394 298/125/371 318/148/397 418/149/420 409/150/421
f 318/518/397 319/509/396 339/516/422 338/528/423
f 319/509/396 320/508/398 340/515/424 339/516/422
f 320/508/398 321/514/399 341/525/425 340/515/424
f 321/514/399 322/524/400 342/534/426 341/525/425
f 322/524/400 323/533/401 343/551/427 342/534/426
f 323/533/401 324/550/402 344/568/428 343/551/427
f 324/550/402 325/567/403 345/579/429 344/568/428
f 325/567/403 326/578/404 346/587/430 345/579/429
f 326/578/404 327/593/405 347/594/431 346/587/430
f 327/593/405 328/602/406 348/603/432 347/594/431
f 328/602/406 329/610/407 349/611/433 348/603/432
f 329/610/407 330/618/408 350/619/434 349/611/433
f 330/618/408 331/608/409 351/609/435 350/619/434
f 331/608/409 332/600/410 352/601/436 351/609/435
f 332/600/410 333/591/411 353/592/437 352/601/436
f 333/591/411 334/585/412 354/586/438 353/592/437
f 334/585/412 335/575/413 355/576/439 354/586/438
f 335/575/413 336/561/414 356/560/440 355/576/439
f 394/558/441 423/559/442 356/560/440 336/561/414 424/562/416 393/563/415 478/564/418 337/540/417 357/539/443 479/565/444
f 461/538/445 357/539/443 337/540/417 460/541/419 409/542/421 418/543/420 318/518/397 338/528/423 419/544/446 410/545/447
f 338/528/423 339/516/422 359/527/448 358/537/449
f 339/516/422 340/515/424 360/526/450 359/527/448
f 340/515/424 341/525/425 361/535/451 360/526/450
f 341/525/425 342/534/426 362/552/452 361/535/451
f 342/534/426 343/551/427 363/569/453 362/552/452
f 343/551/427 344/568/428 364/580/454 363/569/453
f 344/568/428 345/579/429 365/588/455 364/580/454
f 345/579/429 346/587/430 366/595/456 365/588/455
f 346/587/430 347/594/431 367/604/457 366/595/456
f 347/594/431 348/603/432 368/612/458 367/604/457
f 348/603/432 349/611/433 369/622/459 368/612/458
f 349/611/433 350/619/434 370/623/460 369/622/459
f 350/619/434 351/609/435 371/613/461 370/623/460
f 351/609/435 352/601/436 372/605/462 371/613/461
f 352/601/436 353/592/437 373/596/463 372/605/462
f 353/592/437 354/586/438 374/589/464 373/596/463
f 354/586/438 355/576/439 375/582/465 374/589/464
f 355/576/439 356/560/440 376/573/466 375/582/465
f 395/571/467 422/572/468 376/573/466 356/560/440 423/559/442 394/558/441 479/565/444 357/539/443 377/555/469 480/574/470
f 462/554/471 377/555/469 357/539/443 461/538/445 410/545/447 419/544/446 338/528/423 358/537/449 420/556/472 411/557/473
f 2/369/2 1/368/1 446/372/474 378/373/475
f 3/374/5 2/369/2 378/373/475
f 4/387/7 3/374/5 378/373/475
f 5/405/9 4/387/7 378/373/475
f 6/415/11 5/405/9 378/373/475
f 7/424/13 6/415/11 378/373/475
f 8/434/15 7/424/13 378/373/475
f 9/445/17 8/434/15 378/373/475
f 10/459/19 9/445/17 378/373/475
f 11/471/21 10/459/19 378/373/475
f 12/483/23 11/471/21 378/373/475
f 13/469/25 12/483/23 378/373/475
f 14/457/27 13/469/25 378/373/475
f 15/443/29 14/457/27 378/373/475
f 16/432/31 15/443/29 378/373/475
f 17/422/33 16/432/31 378/373/475
f 18/413/35 17/422/33 378/373/475
f 19/399/37 18/413/35 378/373/475 464/404/476
f 465/402/43 380/401/42 437/400/41 19/399/37 464/404/476 378/373/475 438/386/477 20/380/44
f 447/381/48 20/380/44 438/386/477 378/373/475 446/372/474 1/368/1 439/383/50 396/382/49
f 358/537/449 359/527/448 379/536/478 463/553/479
f 359/527/448 360/526/450 379/536/478
f 360/526/450 361/535/451 379/536/478
f 361/535/451 362/552/452 379/536/478
f 362/552/452 363/569/453 379/536/478
f 363/569/453 364/580/454 379/536/478
f 364/580/454 365/588/455 379/536/478
f 365/588/455 366/595/456 379/536/478
f 366/595/456 367/604/457 379/536/478
f 367/604/457 368/612/458 379/536/478
f 368/612/458 369/622/459 379/536/478
f 369/622/459 370/623/460 379/536/478
f 370/623/460 371/613/461 379/536/478
f 371/613/461 372/605/462 379/536/478
f 372/605/462 373/596/463 379/536/478
f 373/596/463 374/589/464 379/536/478
f 374/589/464 375/582/465 379/536/478
f 375/582/465 376/573/466 481/581/480 379/536/478
f 481/581/480 376/573/466 422/572/468 395/571/467 480/574/470 377/555/469 421/570/481 379/536/478
f 463/553/479 379/536/478 421/570/481 377/555/469 462/554/471 411/557/473 420/556/472 358/537/449
s 2
f 505/256/482 504/257/483 507/258/484 506/259/485
s 3
f 504/688/486 503/684/487 508/678/488 507/682/489
f 550/636/490 549/637/491 552/638/492 551/639/493
s 2
f 549/304/494 548/305/495 553/306/496 552/307/497
f 559/315/498 558/326/499 561/317/500 560/316/501
s 3
f 558/649/502 557/650/503 562/643/504 561/642/505
s 2
f 483/332/506 482/333/507 505/334/482 506/335/485 509/336/508 512/337/509 515/338/510 518/339/511 484/340/512 485/341/513
f 486/342/514 484/340/512 518/339/511 521/343/515 524/344/516 527/345/517 530/346/518 533/347/519 487/348/520 488/349/521
f 490/350/522 489/351/523 538/352/524 505/353/482 482/354/507 483/355/506 485/356/513 484/357/512 491/358/525 492/359/526
f 493/279/527 491/273/525 484/288/512 486/289/514 488/290/521 487/291/520 533/292/519 539/282/528 494/281/529 495/280/530
f 497/268/531 496/269/532 544/264/533 538/260/524 489/270/523 490/271/522 492/272/526 491/273/525 498/274/534 499/275/535
f 500/278/536 498/274/534 491/273/525 493/279/527 495/280/530 494/281/529 539/282/528 545/283/537 501/284/538 502/285/539
f 553/306/496 548/305/495 554/309/540 544/310/533 496/311/532 497/312/531 499/313/535 498/314/534 559/315/498 560/316/501
f 565/318/541 559/315/498 498/314/534 500/319/536 502/320/539 501/321/538 545/322/537 566/323/542 569/324/543 572/325/544
s 3
f 179/683/545 159/677/546 508/678/488 503/684/487
f 159/677/546 430/669/547 511/672/548 508/678/488
f 430/669/547 387/670/549 514/671/550 511/672/548
f 387/670/549 472/673/551 517/674/552 514/671/550
f 472/673/551 160/679/553 520/680/554 517/674/552
f 160/679/553 454/685/555 523/686/556 520/680/554
f 454/685/555 403/689/557 526/690/558 523/686/556
f 403/689/557 412/692/559 529/693/560 526/690/558
f 412/692/559 141/695/561 532/696/562 529/693/560
f 141/695/561 161/698/563 535/699/564 532/696/562
f 198/772/565 179/773/545 503/774/487 536/775/566
f 161/781/563 180/782/567 541/783/568 535/784/564
f 217/778/569 198/772/565 536/775/566 542/779/570
f 180/782/567 199/785/571 547/786/572 541/783/568
f 388/644/573 429/645/574 550/636/490 551/639/493
f 429/645/574 236/646/575 556/640/576 550/636/490
f 236/646/575 217/652/569 542/647/570 556/640/576
f 237/655/577 473/651/578 562/643/504 557/650/503
f 473/651/578 388/644/573 551/639/493 562/643/504
f 455/658/579 237/655/577 557/650/503 563/654/580
f 199/668/571 218/667/581 568/663/582 547/666/572
f 218/667/581 413/664/583 571/660/584 568/663/582
f 413/664/583 404/661/585 574/657/586 571/660/584
f 404/661/585 455/658/579 563/654/580 574/657/586
f 503/774/487 504/776/486 537/777/587 536/775/566
s 2
f 504/257/483 505/256/482 538/260/524 537/261/588
f 506/259/485 507/258/484 510/262/589 509/263/508
s 3
f 507/682/489 508/678/488 511/672/548 510/675/590
s 2
f 509/263/508 510/262/589 513/266/591 512/267/509
s 3
f 510/675/590 511/672/548 514/671/550 513/676/592
s 2
f 512/267/509 513/266/591 516/276/593 515/277/510
s 3
f 513/676/592 514/671/550 517/674/552 516/681/594
s 2
f 515/277/510 516/276/593 519/286/595 518/287/511
s 3
f 516/681/594 517/674/552 520/680/554 519/687/596
s 2
f 518/287/511 519/286/595 522/295/597 521/296/515
s 3
f 519/687/596 520/680/554 523/686/556 522/691/598
s 2
f 521/296/515 522/295/597 525/298/599 524/299/516
s 3
f 522/691/598 523/686/556 526/690/558 525/694/600
s 2
f 524/299/516 525/298/599 528/300/601 527/301/517
s 3
f 525/694/600 526/690/558 529/693/560 528/697/602
s 2
f 527/301/517 528/300/601 531/302/603 530/303/518
s 3
f 528/697/602 529/693/560 532/696/562 531/700/604
s 2
f 530/360/518 531/361/603 534/362/605 533/363/519
s 3
f 531/700/604 532/696/562 535/699/564 534/701/606
s 2
f 533/292/519 534/297/605 540/293/607 539/282/528
s 3
f 534/787/606 535/784/564 541/783/568 540/788/608
f 536/775/566 537/777/587 543/780/609 542/779/570
s 2
f 537/261/588 538/260/524 544/264/533 543/265/610
f 539/282/528 540/293/607 546/294/611 545/283/537
s 3
f 540/788/608 541/783/568 547/786/572 546/789/612
s 2
f 545/322/537 546/328/611 567/329/613 566/323/542
s 3
f 546/665/612 547/666/572 568/663/582 567/662/614
s 2
f 548/305/495 549/304/494 555/308/615 554/309/540
s 3
f 549/637/491 550/636/490 556/640/576 555/641/616
f 542/647/570 543/648/609 555/641/616 556/640/576
s 2
f 543/364/610 544/365/533 554/366/540 555/367/615
s 3
f 557/650/503 558/649/502 564/653/617 563/654/580
s 2
f 558/326/499 559/315/498 565/318/541 564/327/618
s 3
f 551/639/493 552/638/492 561/642/505 562/643/504
s 2
f 552/307/497 553/306/496 560/316/501 561/317/500
f 566/323/542 567/329/613 570/330/619 569/324/543
s 3
f 567/662/614 568/663/582 571/660/584 570/659/620
s 2
f 569/324/543 570/330/619 573/331/621 572/325/544
s 3
f 570/659/620 571/660/584 574/657/586 573/656/622
f 563/654/580 564/653/617 573/656/622 574/657/586
s 2
f 564/327/618 565/318/541 572/325/544 573/331/621
g default
v 1.495227 -0.000000 -0.017261
v 1.487293 -0.000000 -0.032833
v 1.474936 -0.000000 -0.045190
v 1.459364 -0.000000 -0.053125
v 1.311088 -0.000000 -0.053241
v 1.162812 -0.000000 -0.053125
v 1.147241 -0.000000 -0.045190
v 1.134883 -0.000000 -0.032833
v 1.126949 -0.000000 -0.017261
v 1.124215 -0.000000 -0.000000
v 1.126949 -0.000000 0.017261
v 1.134883 -0.000000 0.032832
v 1.147241 -0.000000 0.045190
v 1.162812 -0.000000 0.053124
v 1.311088 -0.000000 0.053241
v 1.459364 -0.000000 0.053124
v 1.474936 -0.000000 0.045190
v 1.487293 -0.000000 0.032832
v 1.495227 -0.000000 0.017261
v 1.497961 -0.000000 -0.000000
v 1.497828 0.017261 -0.018106
v 1.489505 0.017261 -0.034440
v 1.476543 0.017261 -0.047402
v 1.460209 0.017261 -0.055725
v 1.311088 0.017013 -0.055847
v 1.161968 0.017261 -0.055725
v 1.145634 0.017261 -0.047402
v 1.132671 0.017261 -0.034440
v 1.124349 0.017261 -0.018106
v 1.121481 0.017261 -0.000000
v 1.124349 0.017261 0.018106
v 1.132672 0.017261 0.034439
v 1.145634 0.017261 0.047402
v 1.161968 0.017261 0.055724
v 1.311088 0.017013 0.055847
v 1.460209 0.017261 0.055724
v 1.476543 0.017261 0.047402
v 1.489505 0.017261 0.034439
v 1.497827 0.017261 0.018106
v 1.500695 0.017261 -0.000000
v 1.505373 0.032833 -0.020558
v 1.495924 0.032833 -0.039103
v 1.481206 0.032833 -0.053821
v 1.462661 0.032833 -0.063270
v 1.311088 0.032361 -0.063410
v 1.159516 0.032833 -0.063270
v 1.140970 0.032833 -0.053821
v 1.126253 0.032833 -0.039103
v 1.116803 0.032833 -0.020558
v 1.113547 0.032833 -0.000000
v 1.116803 0.032833 0.020557
v 1.126253 0.032833 0.039103
v 1.140970 0.032833 0.053820
v 1.159516 0.032833 0.063270
v 1.311088 0.032361 0.063409
v 1.462661 0.032833 0.063270
v 1.481206 0.032833 0.053820
v 1.495924 0.032833 0.039103
v 1.505373 0.032833 0.020557
v 1.508629 0.032833 -0.000000
v 1.517126 0.045190 -0.024377
v 1.505922 0.045190 -0.046367
v 1.488470 0.045190 -0.063819
v 1.466480 0.045190 -0.075023
v 1.311088 0.044541 -0.075188
v 1.155697 0.045190 -0.075023
v 1.133707 0.045190 -0.063819
v 1.116255 0.045190 -0.046367
v 1.105051 0.045190 -0.024377
v 1.101190 0.045190 -0.000000
v 1.105051 0.045190 0.024376
v 1.116255 0.045190 0.046367
v 1.133707 0.045190 0.063818
v 1.155697 0.045190 0.075022
v 1.311088 0.044541 0.075188
v 1.466480 0.045190 0.075022
v 1.488470 0.045190 0.063818
v 1.505922 0.045190 0.046367
v 1.517126 0.045190 0.024376
v 1.520987 0.045190 -0.000000
v 1.531936 0.053124 -0.029189
v 1.518519 0.053124 -0.055520
v 1.497622 0.053124 -0.076416
v 1.471291 0.053124 -0.089833
v 1.311088 0.052361 -0.090030
v 1.150885 0.053124 -0.089833
v 1.124554 0.053124 -0.076416
v 1.103658 0.053124 -0.055520
v 1.090241 0.053124 -0.029189
v 1.085618 0.053124 -0.000000
v 1.090241 0.053124 0.029188
v 1.103658 0.053124 0.055519
v 1.124554 0.053124 0.076416
v 1.150885 0.053124 0.089832
v 1.311088 0.052361 0.090030
v 1.471291 0.053124 0.089832
v 1.497622 0.053124 0.076416
v 1.518519 0.053124 0.055519
v 1.531935 0.053124 0.029188
v 1.536558 0.053124 -0.000000
v 1.548352 0.055858 -0.034523
v 1.532483 0.055858 -0.065665
v 1.507768 0.055858 -0.090380
v 1.476625 0.055858 -0.106249
v 1.311088 0.055056 -0.106483
v 1.145551 0.055858 -0.106249
v 1.114408 0.055858 -0.090380
v 1.089693 0.055858 -0.065665
v 1.073825 0.055858 -0.034523
v 1.068357 0.055858 -0.000000
v 1.073825 0.055858 0.034522
v 1.089693 0.055858 0.065665
v 1.114408 0.055858 0.090380
v 1.145551 0.055858 0.106249
v 1.311088 0.055056 0.106482
v 1.476625 0.055858 0.106249
v 1.507768 0.055858 0.090380
v 1.532483 0.055858 0.065665
v 1.548352 0.055858 0.034522
v 1.553819 0.055858 -0.000000
v 1.564768 0.053124 -0.039856
v 1.546448 0.053124 -0.075811
v 1.517914 0.053124 -0.104345
v 1.481959 0.053124 -0.122665
v 1.311088 0.052361 -0.122935
v 1.140217 0.053124 -0.122665
v 1.104262 0.053124 -0.104345
v 1.075728 0.053124 -0.075811
v 1.057409 0.053124 -0.039856
v 1.051096 0.053124 -0.000000
v 1.057409 0.053124 0.039856
v 1.075728 0.053124 0.075811
v 1.104262 0.053124 0.104345
v 1.140217 0.053124 0.122665
v 1.311088 0.052361 0.122935
v 1.481959 0.053124 0.122665
v 1.517914 0.053124 0.104345
v 1.546448 0.053124 0.075811
v 1.564767 0.053124 0.039856
v 1.571080 0.053124 -0.000000
v 1.579577 0.045190 -0.044668
v 1.559045 0.045190 -0.084964
v 1.527067 0.045190 -0.116943
v 1.486771 0.045190 -0.137474
v 1.311088 0.044541 -0.137778
v 1.135405 0.045190 -0.137474
v 1.095110 0.045190 -0.116942
v 1.063131 0.045190 -0.084964
v 1.042600 0.045190 -0.044668
v 1.035525 0.045190 -0.000000
v 1.042600 0.045190 0.044668
v 1.063131 0.045190 0.084963
v 1.095110 0.045190 0.116942
v 1.135405 0.045190 0.137474
v 1.311088 0.044541 0.137777
v 1.486771 0.045190 0.137474
v 1.527067 0.045190 0.116942
v 1.559045 0.045190 0.084963
v 1.579577 0.045190 0.044668
v 1.586652 0.045190 -0.000000
v 1.591330 0.032833 -0.048487
v 1.569044 0.032833 -0.092228
v 1.534331 0.032833 -0.126940
v 1.490590 0.032833 -0.149228
v 1.311088 0.032361 -0.149556
v 1.131587 0.032833 -0.149228
v 1.087846 0.032833 -0.126940
v 1.053133 0.032833 -0.092228
v 1.030847 0.032833 -0.048487
v 1.023167 0.032833 -0.000000
v 1.030847 0.032833 0.048486
v 1.053133 0.032833 0.092227
v 1.087846 0.032833 0.126940
v 1.131587 0.032833 0.149227
v 1.311088 0.032361 0.149556
v 1.490590 0.032833 0.149227
v 1.534331 0.032833 0.126940
v 1.569043 0.032833 0.092227
v 1.591330 0.032833 0.048486
v 1.599010 0.032833 -0.000000
v 1.598876 0.017261 -0.050939
v 1.575462 0.017261 -0.096891
v 1.538994 0.017261 -0.133359
v 1.493042 0.017261 -0.156774
v 1.311088 0.017013 -0.157117
v 1.129135 0.017261 -0.156774
v 1.083183 0.017261 -0.133359
v 1.046715 0.017261 -0.096891
v 1.023301 0.017261 -0.050939
v 1.015233 0.017261 -0.000000
v 1.023301 0.017261 0.050938
v 1.046715 0.017261 0.096890
v 1.083183 0.017261 0.133359
v 1.129135 0.017261 0.156773
v 1.311088 0.017013 0.157117
v 1.493042 0.017261 0.156773
v 1.538994 0.017261 0.133359
v 1.575462 0.017261 0.096890
v 1.598876 0.017261 0.050938
v 1.606943 0.017261 -0.000000
v 1.601475 -0.000000 -0.051783
v 1.577674 -0.000000 -0.098498
v 1.540601 -0.000000 -0.135571
v 1.493887 -0.000000 -0.159374
v 1.311088 -0.000000 -0.159724
v 1.128290 -0.000000 -0.159374
v 1.081576 -0.000000 -0.135571
v 1.044503 -0.000000 -0.098498
v 1.020701 -0.000000 -0.051783
v 1.012499 -0.000000 -0.000000
v 1.020701 -0.000000 0.051783
v 1.044503 -0.000000 0.098497
v 1.081576 -0.000000 0.135571
v 1.128290 -0.000000 0.159373
v 1.311088 -0.000000 0.159724
v 1.493886 -0.000000 0.159373
v 1.540601 -0.000000 0.135571
v 1.577674 -0.000000 0.098497
v 1.601475 -0.000000 0.051783
v 1.609678 -0.000000 -0.000000
v 1.598876 -0.017261 -0.050939
v 1.575462 -0.017261 -0.096891
v 1.538994 -0.017261 -0.133359
v 1.493042 -0.017261 -0.156774
v 1.311088 -0.017013 -0.157117
v 1.129135 -0.017261 -0.156774
v 1.083183 -0.017261 -0.133359
v 1.046715 -0.017261 -0.096891
v 1.023301 -0.017261 -0.050939
v 1.015233 -0.017261 -0.000000
v 1.023301 -0.017261 0.050938
v 1.046715 -0.017261 0.096890
v 1.083183 -0.017261 0.133359
v 1.129135 -0.017261 0.156773
v 1.311088 -0.017013 0.157117
v 1.493042 -0.017261 0.156773
v 1.538994 -0.017261 0.133359
v 1.575462 -0.017261 0.096890
v 1.598876 -0.017261 0.050938
v 1.606943 -0.017261 -0.000000
v 1.591330 -0.032833 -0.048487
v 1.569044 -0.032833 -0.092228
v 1.534331 -0.032833 -0.126940
v 1.490590 -0.032833 -0.149228
v 1.311088 -0.032361 -0.149556
v 1.131587 -0.032833 -0.149228
v 1.087846 -0.032833 -0.126940
v 1.053133 -0.032833 -0.092228
v 1.030847 -0.032833 -0.048487
v 1.023167 -0.032833 -0.000000
v 1.030847 -0.032833 0.048486
v 1.053133 -0.032833 0.092227
v 1.087846 -0.032833 0.126940
v 1.131587 -0.032833 0.149227
v 1.311088 -0.032361 0.149556
v 1.490590 -0.032833 0.149227
v 1.534331 -0.032833 0.126940
v 1.569043 -0.032833 0.092227
v 1.591330 -0.032833 0.048486
v 1.599010 -0.032833 -0.000000
v 1.579577 -0.045190 -0.044668
v 1.559045 -0.045190 -0.084964
v 1.527067 -0.045190 -0.116943
v 1.486771 -0.045190 -0.137474
v 1.311088 -0.044541 -0.137778
v 1.135405 -0.045190 -0.137474
v 1.095110 -0.045190 -0.116943
v 1.063131 -0.045190 -0.084964
v 1.042600 -0.045190 -0.044668
v 1.035525 -0.045190 -0.000000
v 1.042600 -0.045190 0.044668
v 1.063131 -0.045190 0.084963
v 1.095110 -0.045190 0.116942
v 1.135405 -0.045190 0.137474
v 1.311088 -0.044541 0.137777
v 1.486771 -0.045190 0.137474
v 1.527067 -0.045190 0.116942
v 1.559045 -0.045190 0.084963
v 1.579577 -0.045190 0.044668
v 1.586652 -0.045190 -0.000000
v 1.564768 -0.053125 -0.039856
v 1.546448 -0.053125 -0.075811
v 1.517914 -0.053125 -0.104345
v 1.481959 -0.053125 -0.122665
v 1.311088 -0.052361 -0.122935
v 1.140217 -0.053125 -0.122665
v 1.104262 -0.053125 -0.104345
v 1.075728 -0.053125 -0.075811
v 1.057409 -0.053125 -0.039856
v 1.051096 -0.053125 -0.000000
v 1.057409 -0.053125 0.039856
v 1.075728 -0.053125 0.075811
v 1.104262 -0.053125 0.104345
v 1.140217 -0.053125 0.122665
v 1.311088 -0.052361 0.122935
v 1.481959 -0.053125 0.122665
v 1.517914 -0.053125 0.104345
v 1.546448 -0.053125 0.075811
v 1.564767 -0.053125 0.039856
v 1.571080 -0.053125 -0.000000
v 1.548352 -0.055858 -0.034523
v 1.532483 -0.055858 -0.065665
v 1.507768 -0.055858 -0.090380
v 1.476625 -0.055858 -0.106249
v 1.311088 -0.055056 -0.106483
v 1.145551 -0.055858 -0.106249
v 1.114408 -0.055858 -0.090380
v 1.089693 -0.055858 -0.065665
v 1.073825 -0.055858 -0.034523
v 1.068357 -0.055858 -0.000000
v 1.073825 -0.055858 0.034522
v 1.089693 -0.055858 0.065665
v 1.114408 -0.055858 0.090380
v 1.145551 -0.055858 0.106249
v 1.311088 -0.055056 0.106482
v 1.476625 -0.055858 0.106249
v 1.507768 -0.055858 0.090380
v 1.532483 -0.055858 0.065665
v 1.548352 -0.055858 0.034522
v 1.553819 -0.055858 -0.000000
v 1.531936 -0.053125 -0.029189
v 1.518519 -0.053125 -0.055520
v 1.497622 -0.053125 -0.076416
v 1.471291 -0.053125 -0.089833
v 1.311088 -0.052361 -0.090030
v 1.150885 -0.053125 -0.089833
v 1.124554 -0.053125 -0.076416
v 1.103658 -0.053125 -0.055520
v 1.090241 -0.053125 -0.029189
v 1.085618 -0.053125 -0.000000
v 1.090241 -0.053125 0.029188
v 1.103658 -0.053125 0.055519
v 1.124554 -0.053125 0.076415
v 1.150885 -0.053125 0.089832
v 1.311088 -0.052361 0.090030
v 1.471291 -0.053125 0.089832
v 1.497622 -0.053125 0.076415
v 1.518519 -0.053125 0.055519
v 1.531935 -0.053125 0.029188
v 1.536558 -0.053125 -0.000000
v 1.517126 -0.045190 -0.024377
v 1.505922 -0.045190 -0.046367
v 1.488470 -0.045190 -0.063819
v 1.466480 -0.045190 -0.075023
v 1.311088 -0.044541 -0.075188
v 1.155697 -0.045190 -0.075023
v 1.133707 -0.045190 -0.063819
v 1.116255 -0.045190 -0.046367
v 1.105051 -0.045190 -0.024377
v 1.101190 -0.045190 -0.000000
v 1.105051 -0.045190 0.024376
v 1.116255 -0.045190 0.046367
v 1.133707 -0.045190 0.063818
v 1.155697 -0.045190 0.075022
v 1.311088 -0.044541 0.075188
v 1.466480 -0.045190 0.075022
v 1.488470 -0.045190 0.063818
v 1.505922 -0.045190 0.046367
v 1.517126 -0.045190 0.024376
v 1.520987 -0.045190 -0.000000
v 1.505373 -0.032833 -0.020558
v 1.495924 -0.032833 -0.039103
v 1.481206 -0.032833 -0.053821
v 1.462661 -0.032833 -0.063270
v 1.311088 -0.032361 -0.063410
v 1.159516 -0.032833 -0.063270
v 1.140970 -0.032833 -0.053821
v 1.126253 -0.032833 -0.039103
v 1.116803 -0.032833 -0.020558
v 1.113547 -0.032833 -0.000000
v 1.116803 -0.032833 0.020557
v 1.126253 -0.032833 0.039103
v 1.140970 -0.032833 0.053820
v 1.159516 -0.032833 0.063270
v 1.311088 -0.032361 0.063409
v 1.462661 -0.032833 0.063270
v 1.481206 -0.032833 0.053820
v 1.495924 -0.032833 0.039103
v 1.505373 -0.032833 0.020557
v 1.508629 -0.032833 -0.000000
v 1.497827 -0.017261 -0.018106
v 1.489505 -0.017261 -0.034440
v 1.476543 -0.017261 -0.047402
v 1.460209 -0.017261 -0.055724
v 1.311088 -0.017013 -0.055847
v 1.161968 -0.017261 -0.055724
v 1.145634 -0.017261 -0.047402
v 1.132672 -0.017261 -0.034440
v 1.124349 -0.017261 -0.018106
v 1.121481 -0.017261 -0.000000
v 1.124349 -0.017261 0.018106
v 1.132672 -0.017261 0.034439
v 1.145634 -0.017261 0.047402
v 1.161968 -0.017261 0.055724
v 1.311088 -0.017013 0.055847
v 1.460209 -0.017261 0.055724
v 1.476543 -0.017261 0.047402
v 1.489505 -0.017261 0.034439
v 1.497827 -0.017261 0.018106
v 1.500695 -0.017261 -0.000000
vt 0.523405 0.787477
vt 0.523405 0.768690
vt 0.544231 0.769709
vt 0.544231 0.789416
vt 0.502579 0.789416
vt 0.502579 0.769709
vt 0.523405 0.747863
vt 0.544231 0.747863
vt 0.563019 0.772667
vt 0.563019 0.795043
vt 0.523405 0.802387
vt 0.544231 0.805056
vt 0.483791 0.795043
vt 0.483791 0.772667
vt 0.502579 0.747863
vt 0.502579 0.805056
vt 0.523405 0.727037
vt 0.544231 0.726018
vt 0.563019 0.747863
vt 0.577929 0.777275
vt 0.577929 0.803807
vt 0.563019 0.812800
vt 0.468881 0.803807
vt 0.468881 0.777275
vt 0.483791 0.747863
vt 0.483791 0.812800
vt 0.502579 0.726018
vt 0.523405 0.708250
vt 0.544231 0.706311
vt 0.563019 0.723060
vt 0.577929 0.747863
vt 0.577929 0.824863
vt 0.468881 0.747863
vt 0.468881 0.824863
vt 0.483791 0.723060
vt 0.502579 0.706311
vt 0.523405 0.693340
vt 0.544231 0.690671
vt 0.563019 0.700684
vt 0.577929 0.718452
vt 0.468881 0.718452
vt 0.483791 0.700684
vt 0.502579 0.690671
vt 0.563019 0.682927
vt 0.577929 0.691920
vt 0.468881 0.691920
vt 0.483791 0.682927
vt 0.577929 0.670864
vt 0.468881 0.670864
vt 0.408342 0.727037
vt 0.408342 0.708250
vt 0.429168 0.706311
vt 0.429168 0.726018
vt 0.387516 0.726018
vt 0.387516 0.706311
vt 0.408342 0.693340
vt 0.429168 0.690671
vt 0.447956 0.700684
vt 0.447956 0.723060
vt 0.408342 0.747864
vt 0.429168 0.747864
vt 0.368728 0.723060
vt 0.368728 0.700684
vt 0.387516 0.690671
vt 0.387516 0.747864
vt 0.447956 0.682927
vt 0.462866 0.691920
vt 0.462866 0.718452
vt 0.447956 0.747864
vt 0.408342 0.768690
vt 0.429168 0.769709
vt 0.353818 0.718452
vt 0.353818 0.691920
vt 0.368728 0.682927
vt 0.368728 0.747864
vt 0.387516 0.769709
vt 0.462866 0.670864
vt 0.462866 0.747864
vt 0.447956 0.772667
vt 0.408342 0.787477
vt 0.429168 0.789416
vt 0.353818 0.670864
vt 0.353818 0.747864
vt 0.368728 0.772667
vt 0.387516 0.789416
vt 0.462866 0.777275
vt 0.447956 0.795043
vt 0.408342 0.802387
vt 0.429168 0.805056
vt 0.353818 0.777275
vt 0.368728 0.795043
vt 0.387516 0.805056
vt 0.462866 0.803807
vt 0.447956 0.812800
vt 0.353818 0.803807
vt 0.368728 0.812800
vt 0.462866 0.824863
vt 0.353818 0.824863
vt 0.793145 0.723159
vt 0.793145 0.775935
vt 0.774357 0.772977
vt 0.774357 0.717533
vt 0.808054 0.731924
vt 0.808054 0.780542
vt 0.793145 0.834436
vt 0.774357 0.834436
vt 0.753531 0.771957
vt 0.753531 0.715595
vt 0.793145 0.681277
vt 0.774357 0.673533
vt 0.808054 0.834436
vt 0.808054 0.693340
vt 0.793145 0.892937
vt 0.774357 0.895895
vt 0.753531 0.834436
vt 0.732704 0.772977
vt 0.732704 0.717533
vt 0.753531 0.670864
vt 0.808054 0.888330
vt 0.793145 0.945712
vt 0.774357 0.951339
vt 0.753531 0.896915
vt 0.732704 0.834436
vt 0.713917 0.775935
vt 0.713917 0.723159
vt 0.732704 0.673533
vt 0.808054 0.936948
vt 0.793145 0.987595
vt 0.774357 0.995339
vt 0.753531 0.953277
vt 0.732704 0.895895
vt 0.713917 0.834436
vt 0.699007 0.780542
vt 0.699007 0.731924
vt 0.713917 0.681277
vt 0.808054 0.975532
vt 0.753531 0.998008
vt 0.732704 0.951339
vt 0.713917 0.892937
vt 0.699007 0.834436
vt 0.699007 0.693340
vt 0.732704 0.995339
vt 0.713917 0.945712
vt 0.699007 0.888330
vt 0.713917 0.987595
vt 0.699007 0.936948
vt 0.699007 0.975532
vt 0.678082 0.892937
vt 0.678082 0.945712
vt 0.659294 0.951339
vt 0.659294 0.895895
vt 0.692991 0.888330
vt 0.692991 0.936948
vt 0.678082 0.987595
vt 0.659294 0.995339
vt 0.638468 0.953277
vt 0.638468 0.896915
vt 0.678082 0.834436
vt 0.659294 0.834436
vt 0.692991 0.975532
vt 0.692991 0.834436
vt 0.638468 0.998008
vt 0.617641 0.951339
vt 0.617641 0.895895
vt 0.638468 0.834436
vt 0.678082 0.775935
vt 0.659294 0.772977
vt 0.692991 0.780542
vt 0.617641 0.995339
vt 0.598854 0.945712
vt 0.598854 0.892937
vt 0.617641 0.834436
vt 0.638468 0.771957
vt 0.678082 0.723159
vt 0.659294 0.717533
vt 0.692991 0.731924
vt 0.598854 0.987595
vt 0.583944 0.936948
vt 0.583944 0.888330
vt 0.598854 0.834436
vt 0.617641 0.772977
vt 0.638468 0.715595
vt 0.678082 0.681277
vt 0.659294 0.673533
vt 0.692991 0.693340
vt 0.583944 0.975532
vt 0.583944 0.834436
vt 0.598854 0.775935
vt 0.617641 0.717533
vt 0.638468 0.670864
vt 0.583944 0.780542
vt 0.598854 0.723159
vt 0.617641 0.673533
vt 0.583944 0.731924
vt 0.598854 0.681277
vt 0.583944 0.693340
vt 0.238342 0.099397
vt 0.211810 0.085878
vt 0.217616 0.068010
vt 0.249385 0.084198
vt 0.182399 0.081220
vt 0.182399 0.062432
vt 0.224051 0.048203
vt 0.261627 0.067349
vt 0.259398 0.120453
vt 0.274597 0.109410
vt 0.152988 0.085878
vt 0.147182 0.068010
vt 0.182399 0.041606
vt 0.230487 0.028396
vt 0.273868 0.050500
vt 0.291446 0.097168
vt 0.272917 0.146985
vt 0.290785 0.141179
vt 0.126455 0.099397
vt 0.115412 0.084198
vt 0.140746 0.048203
vt 0.182399 0.020780
vt 0.236292 0.010528
vt 0.284911 0.035301
vt 0.308295 0.084927
vt 0.310592 0.134744
vt 0.258736 0.151593
vt 0.247336 0.129217
vt 0.273116 0.334471
vt 0.291023 0.334471
vt 0.105399 0.120453
vt 0.090200 0.109410
vt 0.103171 0.067349
vt 0.134310 0.028397
vt 0.182399 0.001992
vt 0.323494 0.073884
vt 0.330399 0.128308
vt 0.310874 0.334471
vt 0.258905 0.334471
vt 0.272917 0.521957
vt 0.290785 0.527763
vt 0.091881 0.146985
vt 0.074012 0.141180
vt 0.073351 0.097168
vt 0.090930 0.050500
vt 0.128505 0.010528
vt 0.348267 0.122502
vt 0.330725 0.334471
vt 0.310592 0.534199
vt 0.258736 0.517350
vt 0.259398 0.548489
vt 0.274597 0.559532
vt 0.117462 0.129217
vt 0.106061 0.151593
vt 0.091681 0.334471
vt 0.073774 0.334471
vt 0.054205 0.134744
vt 0.056502 0.084927
vt 0.079887 0.035301
vt 0.335557 0.065120
vt 0.362448 0.117895
vt 0.348633 0.334471
vt 0.330399 0.540634
vt 0.291446 0.571774
vt 0.247336 0.539726
vt 0.238342 0.569546
vt 0.249385 0.584745
vt 0.105892 0.334471
vt 0.091881 0.521957
vt 0.074012 0.527763
vt 0.053923 0.334471
vt 0.034398 0.128308
vt 0.041303 0.073884
vt 0.362844 0.334471
vt 0.348267 0.546440
vt 0.308295 0.584015
vt 0.261627 0.601594
vt 0.211810 0.583064
vt 0.217616 0.600933
vt 0.106061 0.517350
vt 0.105399 0.548489
vt 0.090200 0.559532
vt 0.054205 0.534199
vt 0.034072 0.334471
vt 0.016531 0.122502
vt 0.362448 0.551048
vt 0.323494 0.595058
vt 0.273868 0.618443
vt 0.224051 0.620739
vt 0.182399 0.587722
vt 0.182399 0.606511
vt 0.117462 0.539726
vt 0.126455 0.569546
vt 0.115412 0.584745
vt 0.073351 0.571774
vt 0.034398 0.540634
vt 0.016164 0.334471
vt 0.002350 0.117895
vt 0.029240 0.065120
vt 0.335557 0.603823
vt 0.284911 0.633642
vt 0.230487 0.640546
vt 0.182399 0.627337
vt 0.152988 0.583064
vt 0.147182 0.600933
vt 0.103171 0.601593
vt 0.056502 0.584016
vt 0.016531 0.546440
vt 0.001953 0.334471
vt 0.236292 0.658414
vt 0.182399 0.648162
vt 0.140746 0.620739
vt 0.090930 0.618443
vt 0.041303 0.595058
vt 0.002350 0.551048
vt 0.182399 0.666950
vt 0.134310 0.640546
vt 0.079887 0.633642
vt 0.029240 0.603823
vt 0.128505 0.658414
vt 0.446978 0.035301
vt 0.495596 0.010528
vt 0.501401 0.028396
vt 0.458021 0.050500
vt 0.549490 0.001992
vt 0.549490 0.020780
vt 0.507837 0.048203
vt 0.470262 0.067349
vt 0.408394 0.073884
vt 0.423593 0.084927
vt 0.603383 0.010528
vt 0.597578 0.028397
vt 0.549490 0.041606
vt 0.514273 0.068010
vt 0.482503 0.084198
vt 0.440443 0.097168
vt 0.383622 0.122502
vt 0.401489 0.128308
vt 0.652002 0.035301
vt 0.640959 0.050500
vt 0.591142 0.048203
vt 0.549490 0.062432
vt 0.520079 0.085878
vt 0.493546 0.099397
vt 0.457291 0.109410
vt 0.421296 0.134744
vt 0.369441 0.117895
vt 0.396331 0.065120
vt 0.383256 0.334471
vt 0.401164 0.334471
vt 0.690585 0.073884
vt 0.675386 0.084927
vt 0.628718 0.067349
vt 0.584707 0.068010
vt 0.549490 0.081220
vt 0.472490 0.120453
vt 0.441103 0.141180
vt 0.421014 0.334471
vt 0.369044 0.334471
vt 0.383622 0.546440
vt 0.401489 0.540634
vt 0.715358 0.122502
vt 0.697490 0.128308
vt 0.658537 0.097168
vt 0.616476 0.084198
vt 0.578901 0.085878
vt 0.458972 0.146985
vt 0.440865 0.334471
vt 0.421296 0.534199
vt 0.369441 0.551048
vt 0.408394 0.595058
vt 0.423593 0.584015
vt 0.702648 0.065120
vt 0.729539 0.117895
vt 0.715724 0.334471
vt 0.697816 0.334471
vt 0.677683 0.134744
vt 0.641689 0.109410
vt 0.605433 0.099397
vt 0.484553 0.129217
vt 0.473152 0.151592
vt 0.458772 0.334471
vt 0.441103 0.527763
vt 0.440442 0.571774
vt 0.396331 0.603823
vt 0.446978 0.633642
vt 0.458021 0.618443
vt 0.729935 0.334471
vt 0.715358 0.546440
vt 0.697490 0.540634
vt 0.677965 0.334471
vt 0.657876 0.141180
vt 0.626489 0.120453
vt 0.472984 0.334471
vt 0.458972 0.521957
vt 0.457291 0.559532
vt 0.470262 0.601594
vt 0.495596 0.658414
vt 0.501402 0.640546
vt 0.729539 0.551048
vt 0.690585 0.595058
vt 0.675386 0.584016
vt 0.677683 0.534199
vt 0.658115 0.334471
vt 0.640008 0.146985
vt 0.473152 0.517350
vt 0.472490 0.548489
vt 0.482503 0.584745
vt 0.507837 0.620739
vt 0.549490 0.666950
vt 0.549490 0.648162
vt 0.702648 0.603823
vt 0.652002 0.633642
vt 0.640959 0.618443
vt 0.658537 0.571774
vt 0.657876 0.527763
vt 0.640207 0.334471
vt 0.625828 0.151592
vt 0.614427 0.129217
vt 0.484553 0.539726
vt 0.493546 0.569546
vt 0.514273 0.600933
vt 0.549490 0.627337
vt 0.603383 0.658414
vt 0.597578 0.640546
vt 0.628718 0.601593
vt 0.641689 0.559532
vt 0.640008 0.521957
vt 0.625996 0.334471
vt 0.520079 0.583064
vt 0.549490 0.606511
vt 0.591142 0.620739
vt 0.616476 0.584745
vt 0.626489 0.548489
vt 0.625828 0.517350
vt 0.549490 0.587722
vt 0.584707 0.600933
vt 0.605433 0.569546
vt 0.614427 0.539726
vt 0.578901 0.583064
vt 0.938928 0.586091
vt 0.938928 0.567304
vt 0.959754 0.565365
vt 0.959754 0.585072
vt 0.918101 0.585072
vt 0.918101 0.565365
vt 0.978541 0.559738
vt 0.978541 0.582114
vt 0.938928 0.764993
vt 0.959455 0.764992
vt 0.899314 0.582114
vt 0.899314 0.559738
vt 0.918400 0.764993
vt 0.977972 0.764992
vt 0.938928 0.943894
vt 0.959754 0.944913
vt 0.899883 0.764992
vt 0.918101 0.944913
vt 0.978541 0.947871
vt 0.938928 0.962681
vt 0.959754 0.964620
vt 0.899314 0.947871
vt 0.918101 0.964620
vt 0.978541 0.970247
vt 0.899314 0.970247
vt 0.853684 0.943894
vt 0.853684 0.962681
vt 0.832857 0.964620
vt 0.832857 0.944913
vt 0.874510 0.944913
vt 0.874510 0.964620
vt 0.814070 0.970247
vt 0.814070 0.947871
vt 0.853684 0.764993
vt 0.833157 0.764993
vt 0.893298 0.947871
vt 0.893298 0.970247
vt 0.874211 0.764993
vt 0.814639 0.764993
vt 0.853684 0.586091
vt 0.832857 0.585072
vt 0.892729 0.764993
vt 0.874510 0.585072
vt 0.814070 0.582114
vt 0.853684 0.567304
vt 0.832857 0.565365
vt 0.893298 0.582114
vt 0.874510 0.565365
vt 0.814070 0.559738
vt 0.893298 0.559738
vt 0.737855 0.062332
vt 0.737855 0.009557
vt 0.756643 0.003931
vt 0.756643 0.059374
vt 0.777469 0.001992
vt 0.777469 0.058355
vt 0.738424 0.278908
vt 0.756942 0.278908
vt 0.798295 0.003931
vt 0.798295 0.059374
vt 0.777469 0.278908
vt 0.737855 0.495485
vt 0.756643 0.498443
vt 0.817083 0.009557
vt 0.817083 0.062332
vt 0.797996 0.278908
vt 0.777469 0.499462
vt 0.737855 0.548260
vt 0.756643 0.553886
vt 0.816514 0.278908
vt 0.798295 0.498443
vt 0.777469 0.555825
vt 0.817083 0.495485
vt 0.798295 0.553886
vt 0.817083 0.548260
vt 0.903075 0.495485
vt 0.903075 0.548260
vt 0.884288 0.553886
vt 0.884288 0.498443
vt 0.863461 0.555825
vt 0.863461 0.499462
vt 0.902506 0.278908
vt 0.883988 0.278908
vt 0.842635 0.553886
vt 0.842635 0.498443
vt 0.863461 0.278908
vt 0.903075 0.062332
vt 0.884288 0.059374
vt 0.823847 0.548260
vt 0.823847 0.495485
vt 0.842934 0.278908
vt 0.863461 0.058355
vt 0.903075 0.009557
vt 0.884288 0.003931
vt 0.824416 0.278908
vt 0.842635 0.059374
vt 0.863461 0.001992
vt 0.823847 0.062332
vt 0.842635 0.003931
vt 0.823847 0.009557
vn -0.809015 0.000002 0.587788
vn -0.951057 0.000003 0.309015
vn -0.900984 0.320201 0.292746
vn -0.766419 0.320201 0.556842
vn -0.587784 0.000002 0.809018
vn -0.556837 0.320200 0.766423
vn -0.049813 0.000002 0.998759
vn -0.049576 0.311102 0.949083
vn 0.000000 0.000002 1.000000
vn 0.000000 0.298234 0.954493
vn 0.049813 0.000002 0.998759
vn 0.049576 0.311102 0.949083
vn 0.587786 0.000003 0.809017
vn 0.556837 0.320200 0.766423
vn 0.809015 0.000003 0.587789
vn 0.766420 0.320202 0.556841
vn 0.951056 0.000001 0.309017
vn 0.900983 0.320201 0.292747
vn 1.000000 0.000000 -0.000000
vn 0.947349 0.320202 0.000000
vn 0.951056 0.000000 -0.309019
vn 0.900982 0.320202 -0.292750
vn 0.809014 0.000000 -0.587789
vn 0.766419 0.320202 -0.556842
vn 0.587788 0.000002 -0.809015
vn 0.556840 0.320201 -0.766420
vn 0.049813 0.000004 -0.998759
vn 0.049576 0.311102 -0.949083
vn -0.000000 0.000004 -1.000000
vn -0.000000 0.298235 -0.954493
vn -0.049813 0.000004 -0.998759
vn -0.049576 0.311103 -0.949082
vn -0.587786 0.000003 -0.809017
vn -0.556839 0.320200 -0.766421
vn -0.809015 0.000003 -0.587787
vn -0.766420 0.320202 -0.556841
vn -0.951056 0.000003 -0.309018
vn -0.900983 0.320201 -0.292748
vn -1.000000 0.000002 -0.000003
vn -0.947350 0.320201 -0.000003
vn -0.757600 0.604524 0.246157
vn -0.644449 0.604528 0.468222
vn -0.468218 0.604526 0.644454
vn -0.047440 0.593599 0.803361
vn 0.000000 0.573030 0.819534
vn 0.047440 0.593600 0.803361
vn 0.468218 0.604526 0.644454
vn 0.644450 0.604526 0.468221
vn 0.757601 0.604523 0.246157
vn 0.796590 0.604520 -0.000000
vn 0.757600 0.604524 -0.246158
vn 0.644450 0.604528 -0.468221
vn 0.468219 0.604526 -0.644453
vn 0.047440 0.593597 -0.803363
vn -0.000000 0.573028 -0.819536
vn -0.047440 0.593598 -0.803363
vn -0.468219 0.604525 -0.644453
vn -0.644449 0.604529 -0.468221
vn -0.757598 0.604526 -0.246157
vn -0.796588 0.604522 -0.000001
vn -0.538662 0.824143 0.175020
vn -0.458214 0.824141 0.332913
vn -0.332910 0.824141 0.458217
vn -0.040140 0.818121 0.573643
vn 0.000000 0.798623 0.601832
vn 0.040140 0.818121 0.573644
vn 0.332911 0.824140 0.458217
vn 0.458215 0.824140 0.332914
vn 0.538663 0.824142 0.175020
vn 0.566383 0.824143 0.000000
vn 0.538663 0.824142 -0.175020
vn 0.458215 0.824141 -0.332913
vn 0.332911 0.824141 -0.458216
vn 0.040140 0.818121 -0.573644
vn 0.000000 0.798623 -0.601832
vn -0.040140 0.818121 -0.573644
vn -0.332911 0.824140 -0.458217
vn -0.458214 0.824141 -0.332914
vn -0.538664 0.824142 -0.175020
vn -0.566383 0.824142 -0.000000
vn -0.268220 0.959407 0.087150
vn -0.228164 0.959406 0.165773
vn -0.165771 0.959407 0.228164
vn -0.024915 0.958639 0.283534
vn -0.000000 0.948164 0.317782
vn 0.024915 0.958639 0.283534
vn 0.165771 0.959407 0.228164
vn 0.228164 0.959407 0.165772
vn 0.268221 0.959407 0.087151
vn 0.282024 0.959407 0.000000
vn 0.268222 0.959407 -0.087151
vn 0.228165 0.959406 -0.165772
vn 0.165771 0.959407 -0.228165
vn 0.024915 0.958638 -0.283534
vn 0.000000 0.948164 -0.317782
vn -0.024915 0.958639 -0.283534
vn -0.165770 0.959407 -0.228164
vn -0.228164 0.959406 -0.165773
vn -0.268222 0.959407 -0.087151
vn -0.282024 0.959407 -0.000000
vn 0.026304 0.999618 -0.008546
vn 0.022374 0.999618 -0.016256
vn 0.016255 0.999618 -0.022373
vn -0.001516 0.999427 -0.033816
vn 0.000000 0.999994 -0.003574
vn 0.001516 0.999427 -0.033816
vn -0.016256 0.999618 -0.022374
vn -0.022374 0.999618 -0.016256
vn -0.026303 0.999618 -0.008546
vn -0.027657 0.999618 0.000000
vn -0.026303 0.999618 0.008546
vn -0.022374 0.999618 0.016255
vn -0.016256 0.999618 0.022374
vn 0.001516 0.999427 0.033816
vn -0.000000 0.999994 0.003574
vn -0.001516 0.999427 0.033816
vn 0.016256 0.999618 0.022374
vn 0.022374 0.999618 0.016256
vn 0.026303 0.999618 0.008546
vn 0.027656 0.999618 0.000000
vn 0.316337 0.943062 -0.102784
vn 0.269092 0.943062 -0.195507
vn 0.195507 0.943063 -0.269091
vn 0.027362 0.939001 -0.342824
vn 0.000000 0.946050 -0.324021
vn -0.027362 0.939001 -0.342825
vn -0.195508 0.943062 -0.269092
vn -0.269094 0.943062 -0.195507
vn -0.316336 0.943063 -0.102784
vn -0.332613 0.943063 0.000000
vn -0.316335 0.943063 0.102784
vn -0.269093 0.943062 0.195506
vn -0.195508 0.943063 0.269091
vn -0.027362 0.939001 0.342825
vn -0.000000 0.946050 0.324021
vn 0.027362 0.939001 0.342825
vn 0.195508 0.943062 0.269091
vn 0.269094 0.943062 0.195507
vn 0.316336 0.943063 0.102784
vn 0.332614 0.943063 0.000001
vn 0.574569 0.796880 -0.186688
vn 0.488756 0.796882 -0.355101
vn 0.355102 0.796882 -0.488755
vn 0.057106 0.788369 -0.612547
vn 0.000000 0.795520 -0.605927
vn -0.057106 0.788369 -0.612547
vn -0.355103 0.796882 -0.488754
vn -0.488756 0.796882 -0.355100
vn -0.574566 0.796882 -0.186689
vn -0.604134 0.796883 0.000000
vn -0.574567 0.796882 0.186689
vn -0.488756 0.796882 0.355101
vn -0.355102 0.796882 0.488755
vn -0.057106 0.788369 0.612547
vn 0.000000 0.795520 0.605927
vn 0.057106 0.788369 0.612547
vn 0.355102 0.796882 0.488755
vn 0.488756 0.796882 0.355101
vn 0.574566 0.796882 0.186688
vn 0.604136 0.796881 0.000001
vn 0.777400 0.576061 -0.252591
vn 0.661296 0.576063 -0.480457
vn 0.480459 0.576069 -0.661290
vn 0.082690 0.566325 -0.820023
vn -0.000000 0.570288 -0.821445
vn -0.082690 0.566325 -0.820023
vn -0.480459 0.576070 -0.661288
vn -0.661294 0.576066 -0.480456
vn -0.777399 0.576063 -0.252592
vn -0.817408 0.576059 -0.000000
vn -0.777399 0.576063 0.252592
vn -0.661295 0.576065 0.480456
vn -0.480459 0.576069 0.661289
vn -0.082690 0.566326 0.820023
vn -0.000000 0.570288 0.821445
vn 0.082690 0.566325 0.820023
vn 0.480459 0.576069 0.661289
vn 0.661295 0.576065 0.480456
vn 0.777399 0.576062 0.252592
vn 0.817408 0.576059 0.000000
vn 0.906682 0.301895 -0.294596
vn 0.771271 0.301895 -0.560358
vn 0.560362 0.301901 -0.771265
vn 0.099879 0.295488 -0.950111
vn -0.000000 0.296714 -0.954966
vn -0.099878 0.295488 -0.950111
vn -0.560363 0.301899 -0.771266
vn -0.771271 0.301892 -0.560358
vn -0.906682 0.301894 -0.294598
vn -0.953341 0.301896 0.000000
vn -0.906682 0.301894 0.294597
vn -0.771271 0.301894 0.560358
vn -0.560363 0.301900 0.771265
vn -0.099878 0.295488 0.950111
vn 0.000000 0.296713 0.954967
vn 0.099879 0.295486 0.950112
vn 0.560362 0.301899 0.771266
vn 0.771270 0.301895 0.560358
vn 0.906682 0.301896 0.294597
vn 0.953341 0.301897 0.000000
vn 0.951057 -0.000000 -0.309016
vn 0.809020 0.000000 -0.587782
vn 0.587792 0.000000 -0.809012
vn 0.105925 -0.000000 -0.994374
vn 0.000000 0.000000 -1.000000
vn -0.105925 0.000000 -0.994374
vn -0.587792 0.000000 -0.809012
vn -0.809019 0.000000 -0.587783
vn -0.951057 -0.000000 -0.309017
vn -1.000000 -0.000000 -0.000000
vn -0.951057 0.000000 0.309017
vn -0.809019 0.000000 0.587783
vn -0.587791 0.000000 0.809013
vn -0.105925 0.000000 0.994374
vn 0.000000 0.000000 1.000000
vn 0.105925 0.000000 0.994374
vn 0.587791 -0.000000 0.809013
vn 0.809019 -0.000000 0.587782
vn 0.951057 -0.000000 0.309016
vn 1.000000 0.000000 0.000000
vn 0.906682 -0.301895 -0.294596
vn 0.771271 -0.301895 -0.560358
vn 0.560362 -0.301901 -0.771265
vn 0.099879 -0.295488 -0.950111
vn 0.000000 -0.296714 -0.954966
vn -0.099878 -0.295488 -0.950111
vn -0.560363 -0.301899 -0.771266
vn -0.771271 -0.301892 -0.560358
vn -0.906682 -0.301894 -0.294598
vn -0.953341 -0.301895 0.000000
vn -0.906682 -0.301894 0.294597
vn -0.771271 -0.301894 0.560358
vn -0.560363 -0.301900 0.771265
vn -0.099878 -0.295488 0.950111
vn 0.000000 -0.296713 0.954967
vn 0.099879 -0.295486 0.950112
vn 0.560362 -0.301899 0.771266
vn 0.771270 -0.301895 0.560358
vn 0.906682 -0.301896 0.294597
vn 0.953341 -0.301897 0.000000
vn 0.777401 -0.576061 -0.252591
vn 0.661297 -0.576063 -0.480457
vn 0.480459 -0.576068 -0.661290
vn 0.082690 -0.566325 -0.820023
vn 0.000000 -0.570287 -0.821445
vn -0.082690 -0.566325 -0.820023
vn -0.480460 -0.576069 -0.661289
vn -0.661294 -0.576066 -0.480456
vn -0.777399 -0.576063 -0.252592
vn -0.817408 -0.576059 0.000000
vn -0.777399 -0.576063 0.252592
vn -0.661295 -0.576065 0.480456
vn -0.480459 -0.576069 0.661289
vn -0.082690 -0.566325 0.820023
vn 0.000000 -0.570287 0.821445
vn 0.082690 -0.566325 0.820023
vn 0.480459 -0.576070 0.661289
vn 0.661295 -0.576065 0.480456
vn 0.777399 -0.576062 0.252592
vn 0.817408 -0.576059 0.000000
vn 0.574569 -0.796880 -0.186688
vn 0.488756 -0.796882 -0.355101
vn 0.355102 -0.796882 -0.488755
vn 0.057106 -0.788369 -0.612547
vn -0.000000 -0.795520 -0.605927
vn -0.057106 -0.788369 -0.612547
vn -0.355102 -0.796882 -0.488755
vn -0.488756 -0.796883 -0.355100
vn -0.574566 -0.796882 -0.186689
vn -0.604134 -0.796883 0.000000
vn -0.574566 -0.796882 0.186689
vn -0.488756 -0.796882 0.355101
vn -0.355102 -0.796882 0.488755
vn -0.057106 -0.788369 0.612546
vn 0.000000 -0.795520 0.605927
vn 0.057106 -0.788369 0.612547
vn 0.355102 -0.796882 0.488755
vn 0.488756 -0.796882 0.355101
vn 0.574566 -0.796882 0.186688
vn 0.604136 -0.796882 0.000001
vn 0.316338 -0.943062 -0.102784
vn 0.269093 -0.943062 -0.195507
vn 0.195507 -0.943062 -0.269091
vn 0.027362 -0.939001 -0.342825
vn -0.000000 -0.946050 -0.324022
vn -0.027362 -0.939000 -0.342826
vn -0.195509 -0.943062 -0.269092
vn -0.269094 -0.943062 -0.195507
vn -0.316336 -0.943062 -0.102784
vn -0.332614 -0.943063 0.000000
vn -0.316336 -0.943062 0.102784
vn -0.269094 -0.943062 0.195507
vn -0.195508 -0.943062 0.269092
vn -0.027362 -0.939001 0.342826
vn 0.000000 -0.946050 0.324022
vn 0.027362 -0.939000 0.342826
vn 0.195508 -0.943062 0.269092
vn 0.269094 -0.943062 0.195507
vn 0.316337 -0.943062 0.102784
vn 0.332615 -0.943063 0.000001
vn 0.026304 -0.999618 -0.008546
vn 0.022374 -0.999618 -0.016256
vn 0.016255 -0.999618 -0.022373
vn -0.001516 -0.999427 -0.033815
vn -0.000000 -0.999994 -0.003573
vn 0.001516 -0.999427 -0.033815
vn -0.016255 -0.999618 -0.022374
vn -0.022374 -0.999618 -0.016256
vn -0.026303 -0.999618 -0.008546
vn -0.027657 -0.999618 0.000000
vn -0.026303 -0.999618 0.008546
vn -0.022374 -0.999618 0.016256
vn -0.016256 -0.999618 0.022374
vn 0.001516 -0.999427 0.033815
vn 0.000000 -0.999994 0.003573
vn -0.001516 -0.999427 0.033815
vn 0.016256 -0.999618 0.022374
vn 0.022374 -0.999618 0.016256
vn 0.026303 -0.999618 0.008546
vn 0.027656 -0.999618 0.000000
vn -0.268220 -0.959408 0.087150
vn -0.228163 -0.959407 0.165772
vn -0.165771 -0.959407 0.228163
vn -0.024915 -0.958639 0.283533
vn 0.000000 -0.948164 0.317782
vn 0.024915 -0.958639 0.283533
vn 0.165770 -0.959407 0.228163
vn 0.228163 -0.959407 0.165771
vn 0.268221 -0.959407 0.087151
vn 0.282023 -0.959408 0.000000
vn 0.268221 -0.959407 -0.087151
vn 0.228164 -0.959407 -0.165772
vn 0.165770 -0.959407 -0.228164
vn 0.024915 -0.958639 -0.283533
vn -0.000000 -0.948164 -0.317782
vn -0.024915 -0.958639 -0.283533
vn -0.165770 -0.959407 -0.228164
vn -0.228164 -0.959407 -0.165772
vn -0.268221 -0.959407 -0.087151
vn -0.282023 -0.959408 -0.000001
vn -0.538662 -0.824143 0.175020
vn -0.458214 -0.824141 0.332913
vn -0.332911 -0.824141 0.458217
vn -0.040140 -0.818122 0.573642
vn 0.000000 -0.798624 0.601831
vn 0.040140 -0.818122 0.573642
vn 0.332912 -0.824140 0.458217
vn 0.458215 -0.824140 0.332914
vn 0.538662 -0.824142 0.175021
vn 0.566383 -0.824143 -0.000000
vn 0.538662 -0.824143 -0.175021
vn 0.458214 -0.824141 -0.332914
vn 0.332911 -0.824141 -0.458217
vn 0.040140 -0.818122 -0.573643
vn -0.000000 -0.798624 -0.601831
vn -0.040140 -0.818121 -0.573643
vn -0.332910 -0.824141 -0.458217
vn -0.458214 -0.824141 -0.332913
vn -0.538663 -0.824142 -0.175020
vn -0.566382 -0.824143 -0.000000
vn -0.757600 -0.604524 0.246157
vn -0.644450 -0.604528 0.468221
vn -0.468218 -0.604526 0.644454
vn -0.047440 -0.593600 0.803361
vn -0.000000 -0.573030 0.819534
vn 0.047440 -0.593600 0.803361
vn 0.468218 -0.604526 0.644453
vn 0.644451 -0.604526 0.468222
vn 0.757600 -0.604523 0.246159
vn 0.796590 -0.604520 -0.000000
vn 0.757600 -0.604523 -0.246159
vn 0.644451 -0.604526 -0.468222
vn 0.468219 -0.604525 -0.644454
vn 0.047440 -0.593599 -0.803362
vn 0.000000 -0.573029 -0.819535
vn -0.047440 -0.593599 -0.803361
vn -0.468218 -0.604526 -0.644453
vn -0.644449 -0.604529 -0.468220
vn -0.757598 -0.604526 -0.246157
vn -0.796588 -0.604522 -0.000000
vn -0.900984 -0.320200 0.292747
vn -0.766420 -0.320200 0.556841
vn -0.556836 -0.320200 0.766424
vn -0.049576 -0.311100 0.949083
vn 0.000000 -0.298233 0.954493
vn 0.049576 -0.311100 0.949083
vn 0.556837 -0.320200 0.766423
vn 0.766419 -0.320202 0.556841
vn 0.900982 -0.320202 0.292749
vn 0.947349 -0.320202 -0.000000
vn 0.900982 -0.320201 -0.292750
vn 0.766419 -0.320202 -0.556842
vn 0.556838 -0.320201 -0.766422
vn 0.049576 -0.311101 -0.949083
vn -0.000000 -0.298233 -0.954493
vn -0.049576 -0.311101 -0.949083
vn -0.556838 -0.320200 -0.766422
vn -0.766420 -0.320201 -0.556841
vn -0.900982 -0.320201 -0.292750
vn -0.947350 -0.320201 -0.000001
s 1
g pTorus1
usemtl lambert2SG
f 576/790/623 575/791/624 595/792/625 596/793/626
f 577/800/627 576/790/623 596/793/626 597/801/628
f 578/1226/629 577/1227/627 597/1228/628 598/1229/630
f 579/1234/631 578/1226/629 598/1229/630 599/1235/632
f 580/1240/633 579/1234/631 599/1235/632 600/1241/634
f 581/1245/635 580/1240/633 600/1241/634 601/1246/636
f 582/840/637 581/845/635 601/846/636 602/841/638
f 583/839/639 582/840/637 602/841/638 603/842/640
f 584/849/641 583/839/639 603/842/640 604/850/642
f 585/859/643 584/849/641 604/850/642 605/860/644
f 586/869/645 585/859/643 605/860/644 606/870/646
f 587/877/647 586/869/645 606/870/646 607/878/648
f 588/1251/649 587/1252/647 607/1253/648 608/1254/650
f 589/1259/651 588/1251/649 608/1254/650 609/1260/652
f 590/1265/653 589/1259/651 609/1260/652 610/1266/654
f 591/1270/655 590/1265/653 610/1266/654 611/1271/656
f 592/817/657 591/826/655 611/827/656 612/818/658
f 593/806/659 592/817/657 612/818/658 613/807/660
f 594/796/661 593/806/659 613/807/660 614/797/662
f 575/791/624 594/796/661 614/797/662 595/792/625
f 596/793/626 595/792/625 615/798/663 616/799/664
f 597/801/628 596/793/626 616/799/664 617/811/665
f 598/1229/630 597/1228/628 617/1232/665 618/1233/666
f 599/1235/632 598/1229/630 618/1233/666 619/1239/667
f 600/1241/634 599/1235/632 619/1239/667 620/1244/668
f 601/1246/636 600/1241/634 620/1244/668 621/1249/669
f 602/841/638 601/846/636 621/855/669 622/847/670
f 603/842/640 602/841/638 622/847/670 623/848/671
f 604/850/642 603/842/640 623/848/671 624/858/672
f 605/860/644 604/850/642 624/858/672 625/868/673
f 606/870/646 605/860/644 625/868/673 626/876/674
f 607/878/648 606/870/646 626/876/674 627/883/675
f 608/1254/650 607/1253/648 627/1257/675 628/1258/676
f 609/1260/652 608/1254/650 628/1258/676 629/1264/677
f 610/1266/654 609/1260/652 629/1264/677 630/1269/678
f 611/1271/656 610/1266/654 630/1269/678 631/1274/679
f 612/818/658 611/827/656 631/833/679 632/828/680
f 613/807/660 612/818/658 632/828/680 633/819/681
f 614/797/662 613/807/660 633/819/681 634/808/682
f 595/792/625 614/797/662 634/808/682 615/798/663
f 616/799/664 615/798/663 635/809/683 636/810/684
f 617/811/665 616/799/664 636/810/684 637/821/685
f 618/1012/666 617/1013/665 637/994/685 638/1002/686
f 619/1024/667 618/1012/666 638/1002/686 639/1014/687
f 620/1035/668 619/1024/667 639/1014/687 640/1025/688
f 621/1050/669 620/1035/668 640/1025/688 641/1036/689
f 622/847/670 621/855/669 641/866/689 642/856/690
f 623/848/671 622/847/670 642/856/690 643/857/691
f 624/858/672 623/848/671 643/857/691 644/867/692
f 625/868/673 624/858/672 644/867/692 645/875/693
f 626/876/674 625/868/673 645/875/693 646/882/694
f 627/883/675 626/876/674 646/882/694 647/886/695
f 628/1065/676 627/1077/675 647/1066/695 648/1054/696
f 629/1053/677 628/1065/676 648/1054/696 649/1040/697
f 630/1039/678 629/1053/677 649/1040/697 650/1027/698
f 631/1038/679 630/1039/678 650/1027/698 651/1016/699
f 632/828/680 631/833/679 651/837/699 652/834/700
f 633/819/681 632/828/680 652/834/700 653/829/701
f 634/808/682 633/819/681 653/829/701 654/820/702
f 615/798/663 634/808/682 654/820/702 635/809/683
f 636/986/684 635/987/683 655/988/703 656/989/704
f 637/994/685 636/986/684 656/989/704 657/995/705
f 638/1002/686 637/994/685 657/995/705 658/1003/706
f 639/1014/687 638/1002/686 658/1003/706 659/1015/707
f 640/1025/688 639/1014/687 659/1015/707 660/1026/708
f 641/1036/689 640/1025/688 660/1026/708 661/1037/709
f 642/1051/690 641/1036/689 661/1037/709 662/1052/710
f 643/1063/691 642/1051/690 662/1052/710 663/1064/711
f 644/1075/692 643/1063/691 663/1064/711 664/1076/712
f 645/1089/693 644/1075/692 664/1076/712 665/1090/713
f 646/1078/694 645/1089/693 665/1090/713 666/1079/714
f 647/1066/695 646/1078/694 666/1079/714 667/1067/715
f 648/1054/696 647/1066/695 667/1067/715 668/1055/716
f 649/1040/697 648/1054/696 668/1055/716 669/1041/717
f 650/1027/698 649/1040/697 669/1041/717 670/1028/718
f 651/1016/699 650/1027/698 670/1028/718 671/1017/719
f 652/1004/700 651/1016/699 671/1017/719 672/1005/720
f 653/996/701 652/1004/700 672/1005/720 673/997/721
f 654/990/702 653/996/701 673/997/721 674/991/722
f 635/987/683 654/990/702 674/991/722 655/988/703
f 656/989/704 655/988/703 675/992/723 676/993/724
f 657/995/705 656/989/704 676/993/724 677/1001/725
f 658/1003/706 657/995/705 677/1001/725 678/1011/726
f 659/1015/707 658/1003/706 678/1011/726 679/1023/727
f 660/1026/708 659/1015/707 679/1023/727 680/1034/728
f 661/1037/709 660/1026/708 680/1034/728 681/1049/729
f 662/1052/710 661/1037/709 681/1049/729 682/1062/730
f 663/1064/711 662/1052/710 682/1062/730 683/1074/731
f 664/1076/712 663/1064/711 683/1074/731 684/1088/732
f 665/1090/713 664/1076/712 684/1088/732 685/1097/733
f 666/1079/714 665/1090/713 685/1097/733 686/1091/734
f 667/1067/715 666/1079/714 686/1091/734 687/1080/735
f 668/1055/716 667/1067/715 687/1080/735 688/1068/736
f 669/1041/717 668/1055/716 688/1068/736 689/1056/737
f 670/1028/718 669/1041/717 689/1056/737 690/1042/738
f 671/1017/719 670/1028/718 690/1042/738 691/1029/739
f 672/1005/720 671/1017/719 691/1029/739 692/1018/740
f 673/997/721 672/1005/720 692/1018/740 693/1006/741
f 674/991/722 673/997/721 693/1006/741 694/998/742
f 655/988/703 674/991/722 694/998/742 675/992/723
f 676/993/724 675/992/723 695/999/743 696/1000/744
f 677/1001/725 676/993/724 696/1000/744 697/1010/745
f 678/1011/726 677/1001/725 697/1010/745 698/1022/746
f 679/1023/727 678/1011/726 698/1022/746 699/1033/747
f 680/1034/728 679/1023/727 699/1033/747 700/1048/748
f 681/1049/729 680/1034/728 700/1048/748 701/1061/749
f 682/1062/730 681/1049/729 701/1061/749 702/1073/750
f 683/1074/731 682/1062/730 702/1073/750 703/1087/751
f 684/1088/732 683/1074/731 703/1087/751 704/1096/752
f 685/1097/733 684/1088/732 704/1096/752 705/1102/753
f 686/1091/734 685/1097/733 705/1102/753 706/1098/754
f 687/1080/735 686/1091/734 706/1098/754 707/1092/755
f 688/1068/736 687/1080/735 707/1092/755 708/1081/756
f 689/1056/737 688/1068/736 708/1081/756 709/1069/757
f 690/1042/738 689/1056/737 709/1069/757 710/1057/758
f 691/1029/739 690/1042/738 710/1057/758 711/1043/759
f 692/1018/740 691/1029/739 711/1043/759 712/1030/760
f 693/1006/741 692/1018/740 712/1030/760 713/1019/761
f 694/998/742 693/1006/741 713/1019/761 714/1007/762
f 675/992/723 694/998/742 714/1007/762 695/999/743
f 696/1000/744 695/999/743 715/1008/763 716/1009/764
f 697/1010/745 696/1000/744 716/1009/764 717/1021/765
f 698/1022/746 697/1010/745 717/1021/765 718/1032/766
f 699/1033/747 698/1022/746 718/1032/766 719/1047/767
f 700/1048/748 699/1033/747 719/1047/767 720/1060/768
f 701/1061/749 700/1048/748 720/1060/768 721/1072/769
f 702/1073/750 701/1061/749 721/1072/769 722/1086/770
f 703/1087/751 702/1073/750 722/1086/770 723/1095/771
f 704/1096/752 703/1087/751 723/1095/771 724/1101/772
f 705/1102/753 704/1096/752 724/1101/772 725/1105/773
f 706/1098/754 705/1102/753 725/1105/773 726/1103/774
f 707/1092/755 706/1098/754 726/1103/774 727/1099/775
f 708/1081/756 707/1092/755 727/1099/775 728/1093/776
f 709/1069/757 708/1081/756 728/1093/776 729/1082/777
f 710/1057/758 709/1069/757 729/1082/777 730/1070/778
f 711/1043/759 710/1057/758 730/1070/778 731/1058/779
f 712/1030/760 711/1043/759 731/1058/779 732/1044/780
f 713/1019/761 712/1030/760 732/1044/780 733/1031/781
f 714/1007/762 713/1019/761 733/1031/781 734/1020/782
f 695/999/743 714/1007/762 734/1020/782 715/1008/763
f 716/892/764 715/893/763 735/889/783 736/888/784
f 717/901/765 716/892/764 736/888/784 737/898/785
f 718/1032/766 717/1021/765 737/1045/785 738/1046/786
f 719/1047/767 718/1032/766 738/1046/786 739/1059/787
f 720/1060/768 719/1047/767 739/1059/787 740/1071/788
f 721/1072/769 720/1060/768 740/1071/788 741/1085/789
f 722/942/770 721/949/769 741/943/789 742/938/790
f 723/941/771 722/942/770 742/938/790 743/937/791
f 724/950/772 723/941/771 743/937/791 744/947/792
f 725/957/773 724/950/772 744/947/792 745/955/793
f 726/965/774 725/957/773 745/955/793 746/963/794
f 727/974/775 726/965/774 746/963/794 747/972/795
f 728/1093/776 727/1099/775 747/1104/795 748/1100/796
f 729/1082/777 728/1093/776 748/1100/796 749/1094/797
f 730/1070/778 729/1082/777 749/1094/797 750/1083/798
f 731/1058/779 730/1070/778 750/1083/798 751/1084/799
f 732/916/780 731/925/779 751/917/799 752/909/800
f 733/908/781 732/916/780 752/909/800 753/902/801
f 734/900/782 733/908/781 753/902/801 754/894/802
f 715/893/763 734/900/782 754/894/802 735/889/783
f 736/888/784 735/889/783 755/890/803 756/891/804
f 737/898/785 736/888/784 756/891/804 757/899/805
f 738/1276/786 737/1277/785 757/1278/805 758/1279/806
f 739/1282/787 738/1276/786 758/1279/806 759/1283/807
f 740/1287/788 739/1282/787 759/1283/807 760/1288/808
f 741/1293/789 740/1287/788 760/1288/808 761/1294/809
f 742/938/790 741/943/789 761/944/809 762/939/810
f 743/937/791 742/938/790 762/939/810 763/940/811
f 744/947/792 743/937/791 763/940/811 764/948/812
f 745/955/793 744/947/792 764/948/812 765/956/813
f 746/963/794 745/955/793 765/956/813 766/964/814
f 747/972/795 746/963/794 766/964/814 767/973/815
f 748/1301/796 747/1302/795 767/1303/815 768/1304/816
f 749/1307/797 748/1301/796 768/1304/816 769/1308/817
f 750/1312/798 749/1307/797 769/1308/817 770/1313/818
f 751/1318/799 750/1312/798 770/1313/818 771/1319/819
f 752/909/800 751/917/799 771/918/819 772/910/820
f 753/902/801 752/909/800 772/910/820 773/903/821
f 754/894/802 753/902/801 773/903/821 774/895/822
f 735/889/783 754/894/802 774/895/822 755/890/803
f 756/891/804 755/890/803 775/896/823 776/897/824
f 757/899/805 756/891/804 776/897/824 777/907/825
f 758/1279/806 757/1278/805 777/1280/825 778/1281/826
f 759/1283/807 758/1279/806 778/1281/826 779/1286/827
f 760/1288/808 759/1283/807 779/1286/827 780/1292/828
f 761/1294/809 760/1288/808 780/1292/828 781/1297/829
f 762/939/810 761/944/809 781/951/829 782/945/830
f 763/940/811 762/939/810 782/945/830 783/946/831
f 764/948/812 763/940/811 783/946/831 784/954/832
f 765/956/813 764/948/812 784/954/832 785/962/833
f 766/964/814 765/956/813 785/962/833 786/971/834
f 767/973/815 766/964/814 786/971/834 787/979/835
f 768/1304/816 767/1303/815 787/1305/835 788/1306/836
f 769/1308/817 768/1304/816 788/1306/836 789/1311/837
f 770/1313/818 769/1308/817 789/1311/837 790/1317/838
f 771/1319/819 770/1313/818 790/1317/838 791/1322/839
f 772/910/820 771/918/819 791/926/839 792/919/840
f 773/903/821 772/910/820 792/919/840 793/911/841
f 774/895/822 773/903/821 793/911/841 794/904/842
f 755/890/803 774/895/822 794/904/842 775/896/823
f 776/897/824 775/896/823 795/905/843 796/906/844
f 777/907/825 776/897/824 796/906/844 797/915/845
f 778/1281/826 777/1280/825 797/1284/845 798/1285/846
f 779/1286/827 778/1281/826 798/1285/846 799/1291/847
f 780/1292/828 779/1286/827 799/1291/847 800/1296/848
f 781/1297/829 780/1292/828 800/1296/848 801/1299/849
f 782/945/830 781/951/829 801/958/849 802/952/850
f 783/946/831 782/945/830 802/952/850 803/953/851
f 784/954/832 783/946/831 803/953/851 804/961/852
f 785/962/833 784/954/832 804/961/852 805/970/853
f 786/971/834 785/962/833 805/970/853 806/978/854
f 787/979/835 786/971/834 806/978/854 807/982/855
f 788/1306/836 787/1305/835 807/1309/855 808/1310/856
f 789/1311/837 788/1306/836 808/1310/856 809/1316/857
f 790/1317/838 789/1311/837 809/1316/857 810/1321/858
f 791/1322/839 790/1317/838 810/1321/858 811/1324/859
f 792/919/840 791/926/839 811/931/859 812/927/860
f 793/911/841 792/919/840 812/927/860 813/920/861
f 794/904/842 793/911/841 813/920/861 814/912/862
f 775/896/823 794/904/842 814/912/862 795/905/843
f 796/906/844 795/905/843 815/913/863 816/914/864
f 797/915/845 796/906/844 816/914/864 817/924/865
f 798/1285/846 797/1284/845 817/1289/865 818/1290/866
f 799/1291/847 798/1285/846 818/1290/866 819/1295/867
f 800/1296/848 799/1291/847 819/1295/867 820/1298/868
f 801/1299/849 800/1296/848 820/1298/868 821/1300/869
f 802/952/850 801/958/849 821/966/869 822/959/870
f 803/953/851 802/952/850 822/959/870 823/960/871
f 804/961/852 803/953/851 823/960/871 824/969/872
f 805/970/853 804/961/852 824/969/872 825/977/873
f 806/978/854 805/970/853 825/977/873 826/981/874
f 807/982/855 806/978/854 826/981/874 827/984/875
f 808/1310/856 807/1309/855 827/1314/875 828/1315/876
f 809/1316/857 808/1310/856 828/1315/876 829/1320/877
f 810/1321/858 809/1316/857 829/1320/877 830/1323/878
f 811/1324/859 810/1321/858 830/1323/878 831/1325/879
f 812/927/860 811/931/859 831/934/879 832/932/880
f 813/920/861 812/927/860 832/932/880 833/928/881
f 814/912/862 813/920/861 833/928/881 834/921/882
f 795/905/843 814/912/862 834/921/882 815/913/863
f 816/914/864 815/913/863 835/922/883 836/923/884
f 817/924/865 816/914/864 836/923/884 837/930/885
f 818/1132/866 817/1133/865 837/1114/885 838/1122/886
f 819/1144/867 818/1132/866 838/1122/886 839/1134/887
f 820/1155/868 819/1144/867 839/1134/887 840/1145/888
f 821/1170/869 820/1155/868 840/1145/888 841/1156/889
f 822/959/870 821/966/869 841/975/889 842/967/890
f 823/960/871 822/959/870 842/967/890 843/968/891
f 824/969/872 823/960/871 843/968/891 844/976/892
f 825/977/873 824/969/872 844/976/892 845/980/893
f 826/981/874 825/977/873 845/980/893 846/983/894
f 827/984/875 826/981/874 846/983/894 847/985/895
f 828/1185/876 827/1197/875 847/1186/895 848/1174/896
f 829/1173/877 828/1185/876 848/1174/896 849/1160/897
f 830/1159/878 829/1173/877 849/1160/897 850/1147/898
f 831/1158/879 830/1159/878 850/1147/898 851/1136/899
f 832/932/880 831/934/879 851/936/899 852/935/900
f 833/928/881 832/932/880 852/935/900 853/933/901
f 834/921/882 833/928/881 853/933/901 854/929/902
f 815/913/863 834/921/882 854/929/902 835/922/883
f 836/1106/884 835/1107/883 855/1108/903 856/1109/904
f 837/1114/885 836/1106/884 856/1109/904 857/1115/905
f 838/1122/886 837/1114/885 857/1115/905 858/1123/906
f 839/1134/887 838/1122/886 858/1123/906 859/1135/907
f 840/1145/888 839/1134/887 859/1135/907 860/1146/908
f 841/1156/889 840/1145/888 860/1146/908 861/1157/909
f 842/1171/890 841/1156/889 861/1157/909 862/1172/910
f 843/1183/891 842/1171/890 862/1172/910 863/1184/911
f 844/1195/892 843/1183/891 863/1184/911 864/1196/912
f 845/1209/893 844/1195/892 864/1196/912 865/1210/913
f 846/1198/894 845/1209/893 865/1210/913 866/1199/914
f 847/1186/895 846/1198/894 866/1199/914 867/1187/915
f 848/1174/896 847/1186/895 867/1187/915 868/1175/916
f 849/1160/897 848/1174/896 868/1175/916 869/1161/917
f 850/1147/898 849/1160/897 869/1161/917 870/1148/918
f 851/1136/899 850/1147/898 870/1148/918 871/1137/919
f 852/1124/900 851/1136/899 871/1137/919 872/1125/920
f 853/1116/901 852/1124/900 872/1125/920 873/1117/921
f 854/1110/902 853/1116/901 873/1117/921 874/1111/922
f 835/1107/883 854/1110/902 874/1111/922 855/1108/903
f 856/1109/904 855/1108/903 875/1112/923 876/1113/924
f 857/1115/905 856/1109/904 876/1113/924 877/1121/925
f 858/1123/906 857/1115/905 877/1121/925 878/1131/926
f 859/1135/907 858/1123/906 878/1131/926 879/1143/927
f 860/1146/908 859/1135/907 879/1143/927 880/1154/928
f 861/1157/909 860/1146/908 880/1154/928 881/1169/929
f 862/1172/910 861/1157/909 881/1169/929 882/1182/930
f 863/1184/911 862/1172/910 882/1182/930 883/1194/931
f 864/1196/912 863/1184/911 883/1194/931 884/1208/932
f 865/1210/913 864/1196/912 884/1208/932 885/1217/933
f 866/1199/914 865/1210/913 885/1217/933 886/1211/934
f 867/1187/915 866/1199/914 886/1211/934 887/1200/935
f 868/1175/916 867/1187/915 887/1200/935 888/1188/936
f 869/1161/917 868/1175/916 888/1188/936 889/1176/937
f 870/1148/918 869/1161/917 889/1176/937 890/1162/938
f 871/1137/919 870/1148/918 890/1162/938 891/1149/939
f 872/1125/920 871/1137/919 891/1149/939 892/1138/940
f 873/1117/921 872/1125/920 892/1138/940 893/1126/941
f 874/1111/922 873/1117/921 893/1126/941 894/1118/942
f 855/1108/903 874/1111/922 894/1118/942 875/1112/923
f 876/1113/924 875/1112/923 895/1119/943 896/1120/944
f 877/1121/925 876/1113/924 896/1120/944 897/1130/945
f 878/1131/926 877/1121/925 897/1130/945 898/1142/946
f 879/1143/927 878/1131/926 898/1142/946 899/1153/947
f 880/1154/928 879/1143/927 899/1153/947 900/1168/948
f 881/1169/929 880/1154/928 900/1168/948 901/1181/949
f 882/1182/930 881/1169/929 901/1181/949 902/1193/950
f 883/1194/931 882/1182/930 902/1193/950 903/1207/951
f 884/1208/932 883/1194/931 903/1207/951 904/1216/952
f 885/1217/933 884/1208/932 904/1216/952 905/1222/953
f 886/1211/934 885/1217/933 905/1222/953 906/1218/954
f 887/1200/935 886/1211/934 906/1218/954 907/1212/955
f 888/1188/936 887/1200/935 907/1212/955 908/1201/956
f 889/1176/937 888/1188/936 908/1201/956 909/1189/957
f 890/1162/938 889/1176/937 909/1189/957 910/1177/958
f 891/1149/939 890/1162/938 910/1177/958 911/1163/959
f 892/1138/940 891/1149/939 911/1163/959 912/1150/960
f 893/1126/941 892/1138/940 912/1150/960 913/1139/961
f 894/1118/942 893/1126/941 913/1139/961 914/1127/962
f 875/1112/923 894/1118/942 914/1127/962 895/1119/943
f 896/1120/944 895/1119/943 915/1128/963 916/1129/964
f 897/1130/945 896/1120/944 916/1129/964 917/1141/965
f 898/1142/946 897/1130/945 917/1141/965 918/1152/966
f 899/1153/947 898/1142/946 918/1152/966 919/1167/967
f 900/1168/948 899/1153/947 919/1167/967 920/1180/968
f 901/1181/949 900/1168/948 920/1180/968 921/1192/969
f 902/1193/950 901/1181/949 921/1192/969 922/1206/970
f 903/1207/951 902/1193/950 922/1206/970 923/1215/971
f 904/1216/952 903/1207/951 923/1215/971 924/1221/972
f 905/1222/953 904/1216/952 924/1221/972 925/1225/973
f 906/1218/954 905/1222/953 925/1225/973 926/1223/974
f 907/1212/955 906/1218/954 926/1223/974 927/1219/975
f 908/1201/956 907/1212/955 927/1219/975 928/1213/976
f 909/1189/957 908/1201/956 928/1213/976 929/1202/977
f 910/1177/958 909/1189/957 929/1202/977 930/1190/978
f 911/1163/959 910/1177/958 930/1190/978 931/1178/979
f 912/1150/960 911/1163/959 931/1178/979 932/1164/980
f 913/1139/961 912/1150/960 932/1164/980 933/1151/981
f 914/1127/962 913/1139/961 933/1151/981 934/1140/982
f 895/1119/943 914/1127/962 934/1140/982 915/1128/963
f 916/812/964 915/813/963 935/803/983 936/802/984
f 917/823/965 916/812/964 936/802/984 937/815/985
f 918/1152/966 917/1141/965 937/1165/985 938/1166/986
f 919/1167/967 918/1152/966 938/1166/986 939/1179/987
f 920/1180/968 919/1167/967 939/1179/987 940/1191/988
f 921/1192/969 920/1180/968 940/1191/988 941/1205/989
f 922/862/970 921/871/969 941/863/989 942/852/990
f 923/861/971 922/862/970 942/852/990 943/851/991
f 924/872/972 923/861/971 943/851/991 944/864/992
f 925/879/973 924/872/972 944/864/992 945/873/993
f 926/884/974 925/879/973 945/873/993 946/880/994
f 927/887/975 926/884/974 946/880/994 947/885/995
f 928/1213/976 927/1219/975 947/1224/995 948/1220/996
f 929/1202/977 928/1213/976 948/1220/996 949/1214/997
f 930/1190/978 929/1202/977 949/1214/997 950/1203/998
f 931/1178/979 930/1190/978 950/1203/998 951/1204/999
f 932/835/980 931/838/979 951/836/999 952/831/1000
f 933/830/981 932/835/980 952/831/1000 953/824/1001
f 934/822/982 933/830/981 953/824/1001 954/814/1002
f 915/813/963 934/822/982 954/814/1002 935/803/983
f 936/802/984 935/803/983 955/795/1003 956/794/1004
f 937/815/985 936/802/984 956/794/1004 957/805/1005
f 938/1236/986 937/1237/985 957/1231/1005 958/1230/1006
f 939/1242/987 938/1236/986 958/1230/1006 959/1238/1007
f 940/1247/988 939/1242/987 959/1238/1007 960/1243/1008
f 941/1250/989 940/1247/988 960/1243/1008 961/1248/1009
f 942/852/990 941/863/989 961/853/1009 962/844/1010
f 943/851/991 942/852/990 962/844/1010 963/843/1011
f 944/864/992 943/851/991 963/843/1011 964/854/1012
f 945/873/993 944/864/992 964/854/1012 965/865/1013
f 946/880/994 945/873/993 965/865/1013 966/874/1014
f 947/885/995 946/880/994 966/874/1014 967/881/1015
f 948/1261/996 947/1262/995 967/1256/1015 968/1255/1016
f 949/1267/997 948/1261/996 968/1255/1016 969/1263/1017
f 950/1272/998 949/1267/997 969/1263/1017 970/1268/1018
f 951/1275/999 950/1272/998 970/1268/1018 971/1273/1019
f 952/831/1000 951/836/999 971/832/1019 972/825/1020
f 953/824/1001 952/831/1000 972/825/1020 973/816/1021
f 954/814/1002 953/824/1001 973/816/1021 974/804/1022
f 935/803/983 954/814/1002 974/804/1022 955/795/1003
f 956/794/1004 955/795/1003 575/791/624 576/790/623
f 957/805/1005 956/794/1004 576/790/623 577/800/627
f 958/1230/1006 957/1231/1005 577/1227/627 578/1226/629
f 959/1238/1007 958/1230/1006 578/1226/629 579/1234/631
f 960/1243/1008 959/1238/1007 579/1234/631 580/1240/633
f 961/1248/1009 960/1243/1008 580/1240/633 581/1245/635
f 962/844/1010 961/853/1009 581/845/635 582/840/637
f 963/843/1011 962/844/1010 582/840/637 583/839/639
f 964/854/1012 963/843/1011 583/839/639 584/849/641
f 965/865/1013 964/854/1012 584/849/641 585/859/643
f 966/874/1014 965/865/1013 585/859/643 586/869/645
f 967/881/1015 966/874/1014 586/869/645 587/877/647
f 968/1255/1016 967/1256/1015 587/1252/647 588/1251/649
f 969/1263/1017 968/1255/1016 588/1251/649 589/1259/651
f 970/1268/1018 969/1263/1017 589/1259/651 590/1265/653
f 971/1273/1019 970/1268/1018 590/1265/653 591/1270/655
f 972/825/1020 971/832/1019 591/826/655 592/817/657
f 973/816/1021 972/825/1020 592/817/657 593/806/659
f 974/804/1022 973/816/1021 593/806/659 594/796/661
f 955/795/1003 974/804/1022 594/796/661 575/791/624
g default
v 1.149362 0.017692 -0.000254
v 1.141391 0.033242 -0.000543
v 1.129004 0.045568 -0.000773
v 1.113414 0.053465 -0.000924
v 0.965139 0.053232 -0.000977
v 0.965388 -0.053232 0.000976
v 1.113663 -0.052766 0.001025
v 1.129217 -0.044796 0.000884
v 1.141545 -0.032412 0.000662
v 1.149443 -0.016825 0.000379
v 1.152136 0.000440 0.000063
v 1.151953 0.018859 0.016989
v 1.143592 0.035171 0.016687
v 1.130600 0.048100 0.016445
v 1.114246 0.056383 0.016287
v 0.965126 0.056150 0.015986
v 0.965389 -0.055525 0.018035
v 1.114508 -0.055047 0.018331
v 1.130822 -0.046687 0.018184
v 1.143754 -0.033697 0.017950
v 1.152038 -0.017347 0.017654
v 1.154864 0.000763 0.017323
v 1.159487 0.021614 0.032516
v 1.149994 0.040134 0.032172
v 1.135242 0.054814 0.031898
v 1.116674 0.064218 0.031718
v 0.965102 0.063993 0.031192
v 0.965400 -0.062805 0.033518
v 1.116971 -0.062300 0.034039
v 1.135495 -0.052809 0.033872
v 1.150178 -0.038059 0.033607
v 1.159584 -0.019494 0.033270
v 1.162791 0.001067 0.032894
v 1.171226 0.025686 0.044805
v 1.159970 0.047647 0.044398
v 1.142477 0.065054 0.044072
v 1.120461 0.076205 0.043859
v 0.965070 0.075992 0.043154
v 0.965423 -0.074358 0.045912
v 1.120813 -0.073815 0.046611
v 1.142777 -0.062561 0.046413
v 1.160188 -0.045071 0.046099
v 1.171340 -0.023058 0.045699
v 1.175143 0.001323 0.045254
v 1.186021 0.030678 0.052655
v 1.172542 0.056973 0.052167
v 1.151598 0.077816 0.051777
v 1.125235 0.091169 0.051522
v 0.965032 0.090975 0.050701
v 0.965455 -0.089054 0.054004
v 1.125657 -0.088465 0.054818
v 1.151956 -0.074989 0.054580
v 1.172803 -0.054047 0.054204
v 1.186158 -0.027689 0.053726
v 1.190713 0.001505 0.053192
v 1.202424 0.036100 0.055296
v 1.186482 0.067200 0.054720
v 1.161710 0.091852 0.054258
v 1.130530 0.107645 0.053956
v 0.964993 0.107474 0.053093
v 0.965492 -0.105454 0.057000
v 1.131028 -0.104816 0.057854
v 1.162134 -0.088877 0.057573
v 1.186790 -0.064108 0.057128
v 1.202586 -0.032933 0.056563
v 1.207973 0.001596 0.055931
v 1.218829 0.041421 0.052470
v 1.200424 0.077327 0.051805
v 1.171823 0.105788 0.051272
v 1.135825 0.124021 0.050923
v 0.964955 0.123875 0.050097
v 0.965532 -0.121953 0.054607
v 1.136402 -0.121267 0.055423
v 1.172313 -0.102866 0.055100
v 1.200780 -0.074269 0.054586
v 1.219015 -0.038278 0.053933
v 1.225235 0.001587 0.053204
v 1.233629 0.046121 0.044454
v 1.213003 0.086362 0.043708
v 1.180950 0.118260 0.043111
v 1.140606 0.138693 0.042720
v 0.964923 0.138571 0.042006
v 0.965570 -0.136937 0.047060
v 1.141251 -0.136208 0.047764
v 1.181498 -0.115585 0.047401
v 1.213402 -0.083536 0.046825
v 1.233839 -0.043199 0.046093
v 1.240809 0.001478 0.045276
v 1.245379 0.049740 0.032033
v 1.222989 0.093421 0.031223
v 1.188195 0.128046 0.030574
v 1.144402 0.150227 0.030151
v 0.964900 0.150124 0.029612
v 0.965602 -0.148937 0.035099
v 1.145102 -0.148177 0.035625
v 1.188790 -0.125791 0.035231
v 1.223422 -0.091002 0.034606
v 1.245606 -0.047216 0.033811
v 1.253172 0.001280 0.032925
v 1.252923 0.051924 0.016422
v 1.229402 0.097813 0.015571
v 1.192849 0.134190 0.014889
v 1.146842 0.157492 0.014444
v 0.964888 0.157403 0.014128
v 0.965626 -0.156778 0.019892
v 1.147578 -0.156002 0.020196
v 1.193474 -0.132483 0.019782
v 1.229857 -0.095935 0.019125
v 1.253163 -0.049935 0.018290
v 1.261111 0.001013 0.017359
v 1.255528 0.052458 -0.000851
v 1.231617 0.099108 -0.001716
v 1.194458 0.136088 -0.002409
v 1.147687 0.159777 -0.002861
v 0.964889 0.159697 -0.002930
v 0.965638 -0.159696 0.002930
v 1.148435 -0.158916 0.002985
v 1.195094 -0.135007 0.002565
v 1.232080 -0.097853 0.001897
v 1.255771 -0.051091 0.001048
v 1.263852 0.000703 0.000101
v 1.252936 0.051291 -0.018095
v 1.229415 0.097180 -0.018946
v 1.192862 0.133556 -0.019627
v 1.146855 0.156859 -0.020072
v 0.964901 0.156778 -0.019892
v 0.965639 -0.157402 -0.014129
v 1.147591 -0.156635 -0.014321
v 1.193488 -0.133116 -0.014735
v 1.229871 -0.096568 -0.015391
v 1.253176 -0.050569 -0.016226
v 1.261124 0.000380 -0.017158
v 1.245403 0.048536 -0.033621
v 1.223014 0.092217 -0.034431
v 1.188220 0.126842 -0.035080
v 1.144427 0.149022 -0.035503
v 0.964925 0.148937 -0.035099
v 0.965627 -0.150124 -0.029612
v 1.145127 -0.149381 -0.030029
v 1.188816 -0.126995 -0.030423
v 1.223447 -0.092207 -0.031048
v 1.245631 -0.048421 -0.031843
v 1.253196 0.000076 -0.032729
v 1.233664 0.044464 -0.045911
v 1.213038 0.084704 -0.046657
v 1.180984 0.116602 -0.047254
v 1.140641 0.137035 -0.047644
v 0.964957 0.136937 -0.047061
v 0.965604 -0.138571 -0.042006
v 1.141286 -0.137866 -0.042601
v 1.181533 -0.117243 -0.042964
v 1.213437 -0.085194 -0.043540
v 1.233874 -0.044857 -0.044272
v 1.240844 -0.000180 -0.045089
v 1.218869 0.039472 -0.053761
v 1.200465 0.075378 -0.054426
v 1.171864 0.103840 -0.054959
v 1.135866 0.122072 -0.055308
v 0.964995 0.121954 -0.054607
v 0.965572 -0.123874 -0.050098
v 1.136443 -0.123216 -0.050808
v 1.172354 -0.104814 -0.051131
v 1.200821 -0.076218 -0.051645
v 1.219056 -0.040227 -0.052298
v 1.225275 -0.000362 -0.053027
v 1.202467 0.034051 -0.056402
v 1.186525 0.065151 -0.056978
v 1.161752 0.089803 -0.057440
v 1.130573 0.105596 -0.057742
v 0.965035 0.105454 -0.057000
v 0.965534 -0.107474 -0.053094
v 1.131071 -0.106865 -0.053844
v 1.162176 -0.090926 -0.054125
v 1.186833 -0.066157 -0.054569
v 1.202629 -0.034982 -0.055135
v 1.208016 -0.000453 -0.055767
v 1.186062 0.028729 -0.053576
v 1.172583 0.055024 -0.054064
v 1.151638 0.075868 -0.054454
v 1.125275 0.089220 -0.054709
v 0.965072 0.089054 -0.054004
v 0.965495 -0.090975 -0.050701
v 1.125697 -0.090414 -0.051413
v 1.151996 -0.076938 -0.051651
v 1.172844 -0.055996 -0.052027
v 1.186198 -0.029638 -0.052505
v 1.190754 -0.000443 -0.053039
v 1.171260 0.024029 -0.045560
v 1.160005 0.045989 -0.045967
v 1.142512 0.063396 -0.046293
v 1.120496 0.074547 -0.046506
v 0.965104 0.074359 -0.045913
v 0.965458 -0.075992 -0.043154
v 1.120848 -0.075473 -0.043754
v 1.142811 -0.064218 -0.043952
v 1.160223 -0.046729 -0.044266
v 1.171375 -0.024716 -0.044665
v 1.175178 -0.000335 -0.045111
v 1.159512 0.020410 -0.033138
v 1.150019 0.038930 -0.033482
v 1.135267 0.053610 -0.033757
v 1.116700 0.063014 -0.033936
v 0.965127 0.062805 -0.033519
v 0.965425 -0.063992 -0.031192
v 1.116997 -0.063504 -0.031615
v 1.135520 -0.054013 -0.031782
v 1.150203 -0.039263 -0.032047
v 1.159609 -0.020699 -0.032384
v 1.162816 -0.000137 -0.032760
v 1.151966 0.018226 -0.017527
v 1.143606 0.034537 -0.017830
v 1.130613 0.047467 -0.018072
v 1.114259 0.055749 -0.018230
v 0.965139 0.055526 -0.018035
v 0.965401 -0.056149 -0.015986
v 1.114521 -0.055680 -0.016186
v 1.130836 -0.047321 -0.016333
v 1.143767 -0.034330 -0.016566
v 1.152051 -0.017980 -0.016863
v 1.154876 0.000130 -0.017194
v 0.965620 -0.106450 0.001953
v 0.965120 0.106451 -0.001953
vt 0.319281 0.649889
vt 0.319281 0.624549
vt 0.347371 0.625924
vt 0.347371 0.652504
vt 0.291192 0.652504
vt 0.291192 0.625924
vt 0.319281 0.596460
vt 0.347371 0.596460
vt 0.372710 0.629914
vt 0.372710 0.660093
vt 0.319281 0.669999
vt 0.347371 0.673598
vt 0.265852 0.660093
vt 0.265852 0.629914
vt 0.291192 0.596460
vt 0.291192 0.673598
vt 0.319281 0.568370
vt 0.347371 0.566996
vt 0.372710 0.596460
vt 0.392820 0.636128
vt 0.392820 0.671914
vt 0.372710 0.684043
vt 0.245742 0.671914
vt 0.245742 0.636128
vt 0.265852 0.596460
vt 0.265852 0.684043
vt 0.291192 0.566996
vt 0.319281 0.543031
vt 0.347371 0.540415
vt 0.372710 0.563006
vt 0.392820 0.596460
vt 0.392820 0.700313
vt 0.245742 0.596460
vt 0.245742 0.700313
vt 0.265852 0.563006
vt 0.291192 0.540416
vt 0.319281 0.522921
vt 0.347371 0.519322
vt 0.372710 0.532826
vt 0.392820 0.556792
vt 0.245742 0.556792
vt 0.265852 0.532826
vt 0.291192 0.519322
vt 0.372710 0.508876
vt 0.392820 0.521006
vt 0.245742 0.521006
vt 0.265852 0.508876
vt 0.392820 0.492607
vt 0.245742 0.492607
vt 0.977899 0.563140
vt 0.977899 0.634321
vt 0.952559 0.630331
vt 0.952559 0.555552
vt 0.998008 0.574962
vt 0.998008 0.640535
vt 0.977899 0.713224
vt 0.952559 0.713224
vt 0.924469 0.628956
vt 0.924469 0.552937
vt 0.977899 0.506652
vt 0.952559 0.496206
vt 0.998008 0.713224
vt 0.998008 0.522922
vt 0.977899 0.792128
vt 0.952559 0.796118
vt 0.924469 0.713224
vt 0.896380 0.630331
vt 0.896380 0.555552
vt 0.924469 0.492607
vt 0.998008 0.785913
vt 0.977899 0.863308
vt 0.952559 0.870897
vt 0.924469 0.797492
vt 0.896380 0.713224
vt 0.871040 0.634321
vt 0.871040 0.563140
vt 0.896380 0.496206
vt 0.998008 0.851487
vt 0.977899 0.919797
vt 0.952559 0.930243
vt 0.924469 0.873512
vt 0.896380 0.796118
vt 0.871040 0.713224
vt 0.850931 0.640535
vt 0.850931 0.574961
vt 0.871040 0.506652
vt 0.998008 0.903527
vt 0.924469 0.933842
vt 0.896380 0.870897
vt 0.871040 0.792128
vt 0.850931 0.713224
vt 0.850931 0.522922
vt 0.896380 0.930243
vt 0.871040 0.863308
vt 0.850931 0.785914
vt 0.871040 0.919797
vt 0.850931 0.851487
vt 0.850931 0.903527
vt 0.070566 0.609887
vt 0.066325 0.582201
vt 0.152944 0.582201
vt 0.070566 0.554515
vt 0.082873 0.634862
vt 0.082873 0.529539
vt 0.102040 0.654683
vt 0.102040 0.509718
vt 0.126193 0.667409
vt 0.126193 0.496992
vt 0.152966 0.671794
vt 0.152966 0.492607
vt 0.179740 0.667409
vt 0.179740 0.496992
vt 0.203893 0.654683
vt 0.203893 0.509718
vt 0.223061 0.634862
vt 0.223061 0.529539
vt 0.235365 0.609887
vt 0.235365 0.554515
vt 0.239607 0.582201
vt 0.175274 0.765380
vt 0.171033 0.793066
vt 0.088655 0.765380
vt 0.158726 0.818041
vt 0.171033 0.737694
vt 0.139559 0.837862
vt 0.158727 0.712718
vt 0.115407 0.850588
vt 0.139559 0.692897
vt 0.088633 0.854973
vt 0.115407 0.680171
vt 0.061859 0.850588
vt 0.088633 0.675786
vt 0.037706 0.837862
vt 0.061859 0.680171
vt 0.018539 0.818041
vt 0.037706 0.692897
vt 0.006234 0.793066
vt 0.018539 0.712718
vt 0.001992 0.765380
vt 0.006234 0.737694
vt 0.319049 0.320694
vt 0.337283 0.284908
vt 0.361382 0.292739
vt 0.339548 0.335588
vt 0.343564 0.245240
vt 0.368906 0.245240
vt 0.388097 0.301419
vt 0.362274 0.352098
vt 0.290650 0.349093
vt 0.305544 0.369593
vt 0.337282 0.205572
vt 0.361382 0.197741
vt 0.396995 0.245240
vt 0.414812 0.310099
vt 0.384999 0.368609
vt 0.322055 0.392317
vt 0.254864 0.367326
vt 0.262694 0.391426
vt 0.319050 0.169786
vt 0.339548 0.154892
vt 0.388097 0.189061
vt 0.425084 0.245240
vt 0.438910 0.317929
vt 0.405499 0.383503
vt 0.338565 0.415043
vt 0.271375 0.418141
vt 0.248650 0.348200
vt 0.278829 0.332823
vt 0.001992 0.367595
vt 0.001993 0.391748
vt 0.290649 0.141387
vt 0.305544 0.120887
vt 0.362273 0.138381
vt 0.414811 0.180381
vt 0.450424 0.245240
vt 0.353459 0.435543
vt 0.280054 0.444855
vt 0.001993 0.418521
vt 0.001993 0.348428
vt 0.254864 0.123154
vt 0.262695 0.099054
vt 0.322056 0.098162
vt 0.384999 0.121871
vt 0.438911 0.172551
vt 0.287886 0.468954
vt 0.001993 0.445295
vt 0.278829 0.157656
vt 0.248650 0.142279
vt 0.001993 0.122884
vt 0.001993 0.098732
vt 0.271375 0.072339
vt 0.338565 0.075437
vt 0.405499 0.106977
vt 0.365280 0.451813
vt 0.294100 0.488081
vt 0.001993 0.469448
vt 0.001993 0.142052
vt 0.001993 0.071959
vt 0.280055 0.045624
vt 0.353459 0.054937
vt 0.001993 0.488616
vt 0.001993 0.045185
vt 0.287886 0.021525
vt 0.001993 0.021032
vt 0.294100 0.002399
vt 0.365280 0.038667
vt 0.001993 0.001864
vt 0.861748 0.106977
vt 0.895160 0.172551
vt 0.871061 0.180381
vt 0.841248 0.121871
vt 0.906673 0.245240
vt 0.881332 0.245240
vt 0.844346 0.189061
vt 0.818523 0.138381
vt 0.809708 0.054937
vt 0.794814 0.075437
vt 0.895159 0.317929
vt 0.871060 0.310099
vt 0.853244 0.245240
vt 0.817632 0.197741
vt 0.795798 0.154892
vt 0.778304 0.098162
vt 0.744135 0.021525
vt 0.736304 0.045624
vt 0.861748 0.383503
vt 0.841248 0.368609
vt 0.844347 0.301419
vt 0.825155 0.245240
vt 0.793531 0.205572
vt 0.775299 0.169786
vt 0.761793 0.120887
vt 0.727625 0.072338
vt 0.750348 0.002399
vt 0.821529 0.038667
vt 0.458242 0.021031
vt 0.458242 0.045185
vt 0.809708 0.435543
vt 0.794814 0.415042
vt 0.818523 0.352098
vt 0.817631 0.292739
vt 0.799814 0.245240
vt 0.746899 0.141387
vt 0.718944 0.099053
vt 0.458242 0.071959
vt 0.458242 0.001864
vt 0.744135 0.468954
vt 0.736305 0.444855
vt 0.778303 0.392317
vt 0.795798 0.335588
vt 0.793531 0.284908
vt 0.711114 0.123154
vt 0.458242 0.098732
vt 0.821529 0.451812
vt 0.750349 0.488081
vt 0.458242 0.469448
vt 0.458242 0.445295
vt 0.727624 0.418141
vt 0.761792 0.369593
vt 0.775299 0.320694
vt 0.735078 0.157656
vt 0.704899 0.142279
vt 0.458242 0.122884
vt 0.458242 0.488615
vt 0.458242 0.418521
vt 0.718944 0.391426
vt 0.746898 0.349093
vt 0.458242 0.142052
vt 0.458242 0.391747
vt 0.711114 0.367326
vt 0.458243 0.367595
vt 0.704899 0.348200
vt 0.735079 0.332823
vt 0.458242 0.348427
vt 0.452384 0.528151
vt 0.452384 0.502811
vt 0.480474 0.500196
vt 0.480474 0.526776
vt 0.424295 0.526777
vt 0.424295 0.500196
vt 0.505814 0.492607
vt 0.505814 0.522786
vt 0.452384 0.769443
vt 0.480070 0.769444
vt 0.398955 0.522786
vt 0.398955 0.492607
vt 0.424698 0.769444
vt 0.505046 0.769444
vt 0.399723 0.769444
vt 0.565378 0.528152
vt 0.565378 0.769445
vt 0.537692 0.769443
vt 0.537289 0.526777
vt 0.593468 0.526777
vt 0.593064 0.769444
vt 0.512717 0.769444
vt 0.511949 0.522787
vt 0.565378 0.502812
vt 0.537289 0.500197
vt 0.618807 0.522787
vt 0.618040 0.769444
vt 0.593468 0.500196
vt 0.511949 0.492608
vt 0.618807 0.492607
vt 0.737937 0.573991
vt 0.737937 0.502811
vt 0.763276 0.495223
vt 0.763276 0.570001
vt 0.791366 0.492607
vt 0.791366 0.568627
vt 0.738704 0.866099
vt 0.763680 0.866099
vt 0.819455 0.495223
vt 0.819455 0.570002
vt 0.791366 0.866098
vt 0.844795 0.502812
vt 0.844795 0.573992
vt 0.819052 0.866098
vt 0.844028 0.866099
vt 0.731801 0.573990
vt 0.731034 0.866097
vt 0.706058 0.866098
vt 0.706462 0.570000
vt 0.678372 0.866098
vt 0.678372 0.568626
vt 0.731801 0.502811
vt 0.706462 0.495223
vt 0.650686 0.866098
vt 0.650283 0.570000
vt 0.678372 0.492607
vt 0.625710 0.866098
vt 0.624943 0.573991
vt 0.650283 0.495222
vt 0.624943 0.502810
vn -0.807630 -0.589597 0.010501
vn -0.950329 -0.311200 0.005346
vn -0.900416 -0.288951 0.325206
vn -0.765231 -0.552681 0.330099
vn -0.585882 -0.810264 0.014640
vn -0.555160 -0.761730 0.334013
vn -0.047469 -0.998705 0.018306
vn -0.047468 -0.943331 0.328440
vn 0.001415 -0.999831 0.018343
vn 0.000731 -0.948861 0.315692
vn -0.052155 0.998471 -0.018333
vn -0.003279 0.999826 -0.018341
vn -0.003749 0.959795 0.280675
vn -0.051924 0.954509 0.293625
vn -0.589680 0.807497 -0.015037
vn -0.558757 0.770855 0.305899
vn -0.810391 0.585785 -0.011052
vn -0.767846 0.560818 0.309672
vn -0.951778 0.306728 -0.005982
vn -0.901790 0.296456 0.314467
vn -0.999997 -0.002352 -0.000331
vn -0.947471 0.003643 0.319823
vn -0.757254 -0.236811 0.608676
vn -0.643578 -0.458571 0.612797
vn -0.466933 -0.634359 0.616086
vn -0.045782 -0.792449 0.608218
vn -0.000869 -0.808887 0.587964
vn -0.004716 0.829896 0.557898
vn -0.049552 0.814002 0.578745
vn -0.469958 0.654331 0.592444
vn -0.645776 0.477711 0.595621
vn -0.758413 0.255419 0.599642
vn -0.796827 0.009215 0.604138
vn -0.538567 -0.161140 0.827030
vn -0.457750 -0.318821 0.829951
vn -0.332148 -0.443807 0.832294
vn -0.039106 -0.558635 0.828492
vn -0.002816 -0.587086 0.809520
vn -0.005641 0.616363 0.787442
vn -0.041799 0.588456 0.807448
vn -0.334298 0.472474 0.815484
vn -0.459315 0.346892 0.817738
vn -0.539395 0.188836 0.820606
vn -0.566697 0.013787 0.823811
vn -0.268381 -0.070170 0.960754
vn -0.228144 -0.148685 0.962207
vn -0.165601 -0.210917 0.963375
vn -0.024616 -0.265961 0.963670
vn -0.004407 -0.300347 0.953820
vn -0.005899 0.335104 0.942163
vn -0.025947 0.301009 0.953268
vn -0.166672 0.245331 0.955004
vn -0.228922 0.182804 0.956126
vn -0.268791 0.104101 0.957556
vn -0.282385 0.016935 0.959152
vn 0.025900 0.026941 0.999301
vn 0.021953 0.034640 0.999159
vn 0.015821 0.040743 0.999044
vn -0.001977 0.052137 0.998638
vn -0.005100 0.021903 0.999747
vn -0.005084 0.014756 0.999878
vn -0.001819 -0.015482 0.999879
vn 0.015927 -0.003998 0.999865
vn 0.022029 0.002134 0.999755
vn 0.025941 0.009852 0.999615
vn 0.027274 0.018400 0.999459
vn 0.315734 0.120809 0.941126
vn 0.268270 0.213404 0.939409
vn 0.194513 0.286803 0.938035
vn 0.026197 0.360053 0.932564
vn -0.004738 0.341308 0.939940
vn -0.003217 -0.306620 0.951827
vn 0.027808 -0.325479 0.945140
vn 0.195778 -0.251288 0.947906
vn 0.269189 -0.177544 0.946581
vn 0.316213 -0.084725 0.944898
vn 0.332254 0.018080 0.943017
vn 0.573822 0.202626 0.793518
vn 0.487616 0.370806 0.790401
vn 0.353649 0.504122 0.787905
vn 0.055367 0.627037 0.777019
vn -0.003591 0.620409 0.784270
vn -0.000746 -0.591234 0.806499
vn 0.058242 -0.597847 0.799492
vn 0.355943 -0.473219 0.805834
vn 0.489279 -0.339276 0.803429
vn 0.574697 -0.170687 0.800368
vn 0.603828 0.016039 0.796953
vn 0.776588 0.264944 0.571590
vn 0.659946 0.492500 0.567376
vn 0.478686 0.672872 0.564006
vn 0.080548 0.830465 0.551217
vn -0.002184 0.831764 0.555125
vn 0.001672 -0.810845 0.585258
vn 0.084398 -0.809301 0.581299
vn 0.481790 -0.649477 0.588267
vn 0.662200 -0.468256 0.585003
vn 0.777776 -0.240154 0.580854
vn 0.817191 0.012491 0.576232
vn 0.905874 0.302218 0.296744
vn 0.769837 0.567613 0.291832
vn 0.558433 0.777989 0.287899
vn 0.097537 0.955603 0.278046
vn -0.001047 0.960247 0.279150
vn 0.003436 -0.949358 0.314177
vn 0.101997 -0.944294 0.312898
vn 0.562054 -0.764277 0.316191
vn 0.772467 -0.552910 0.312385
vn 0.907259 -0.286875 0.307545
vn 0.953227 0.007780 0.302156
vn 0.950330 0.311198 -0.005347
vn 0.807640 0.589582 -0.010508
vn 0.585894 0.810256 -0.014641
vn 0.103589 0.994454 -0.018203
vn -0.000548 0.999832 -0.018341
vn 0.004147 -0.999823 0.018343
vn 0.108256 -0.993955 0.018276
vn 0.589689 -0.807490 0.015042
vn 0.810399 -0.585774 0.011061
vn 0.951781 -0.306721 0.005997
vn 0.999997 0.002353 0.000343
vn 0.906103 0.291142 -0.306943
vn 0.770068 0.556537 -0.311867
vn 0.558663 0.766914 -0.315814
vn 0.097763 0.944764 -0.312833
vn -0.000821 0.949363 -0.314181
vn 0.003663 -0.960242 -0.279144
vn 0.102225 -0.955133 -0.277975
vn 0.562286 -0.775352 -0.287514
vn 0.772700 -0.563985 -0.291301
vn 0.907490 -0.297947 -0.296124
vn 0.953455 -0.003291 -0.301518
vn 0.777032 0.243812 -0.580325
vn 0.660389 0.471368 -0.584550
vn 0.479124 0.651742 -0.587939
vn 0.080980 0.809690 -0.581244
vn -0.001748 0.810844 -0.585260
vn 0.002108 -0.831765 -0.555124
vn 0.084829 -0.830076 -0.551160
vn 0.482229 -0.670610 -0.563682
vn 0.662640 -0.489384 -0.566932
vn 0.778211 -0.261280 -0.571069
vn 0.817628 -0.008639 -0.575682
vn 0.574437 0.173392 -0.799973
vn 0.488227 0.341577 -0.803094
vn 0.354260 0.474894 -0.805590
vn 0.055970 0.598116 -0.799452
vn -0.002982 0.591227 -0.806500
vn -0.000138 -0.620418 -0.784272
vn 0.058845 -0.626767 -0.776982
vn 0.356553 -0.502451 -0.787663
vn 0.489889 -0.368505 -0.790072
vn 0.575306 -0.199918 -0.793130
vn 0.604442 -0.013195 -0.796540
vn 0.316456 0.086214 -0.944681
vn 0.268993 0.178810 -0.946398
vn 0.195237 0.252209 -0.947773
vn 0.026916 0.325608 -0.945122
vn -0.004014 0.306604 -0.951829
vn -0.002493 -0.341324 -0.939942
vn 0.028527 -0.359925 -0.932545
vn 0.196499 -0.285881 -0.937902
vn 0.269911 -0.212138 -0.939226
vn 0.316941 -0.119320 -0.940910
vn 0.332977 -0.016515 -0.942790
vn 0.026665 -0.009728 -0.999597
vn 0.022718 -0.002029 -0.999740
vn 0.016585 0.004073 -0.999854
vn -0.001213 0.015475 -0.999880
vn -0.004335 -0.014780 -0.999881
vn -0.004319 -0.021925 -0.999750
vn -0.001054 -0.052145 -0.998639
vn 0.016690 -0.040665 -0.999033
vn 0.022793 -0.034535 -0.999144
vn 0.026706 -0.026817 -0.999284
vn 0.028039 -0.018269 -0.999440
vn -0.267645 -0.105364 -0.957739
vn -0.227407 -0.183878 -0.956282
vn -0.164867 -0.246111 -0.955117
vn -0.023882 -0.301126 -0.953285
vn -0.003682 -0.335126 -0.942166
vn -0.005174 0.300320 -0.953824
vn -0.025213 0.265844 -0.963686
vn -0.165940 0.210139 -0.963486
vn -0.228184 0.147610 -0.962363
vn -0.268055 0.068908 -0.960936
vn -0.281649 -0.018259 -0.959344
vn -0.537934 -0.191372 -0.820977
vn -0.457118 -0.349048 -0.818052
vn -0.331520 -0.474040 -0.815709
vn -0.038481 -0.588645 -0.807476
vn -0.002205 -0.616380 -0.787446
vn -0.005030 0.587066 -0.809523
vn -0.041174 0.558445 -0.828519
vn -0.333672 0.442243 -0.832516
vn -0.458684 0.316661 -0.830262
vn -0.538763 0.158607 -0.827393
vn -0.566060 -0.016449 -0.824200
vn -0.756794 -0.258980 -0.600161
vn -0.643118 -0.480747 -0.596055
vn -0.466470 -0.656534 -0.592764
vn -0.045328 -0.814222 -0.578782
vn -0.000431 -0.829908 -0.557900
vn -0.004278 0.808877 -0.587963
vn -0.049099 0.792225 -0.608251
vn -0.469500 0.632150 -0.616405
vn -0.645316 0.455535 -0.613234
vn -0.757944 0.233241 -0.609196
vn -0.796361 -0.012966 -0.604683
vn -0.900176 -0.300684 -0.315074
vn -0.764988 -0.564425 -0.310190
vn -0.554909 -0.773480 -0.306275
vn -0.047228 -0.954744 -0.293656
vn 0.000959 -0.959802 -0.280676
vn -0.003521 0.948856 -0.315690
vn -0.051685 0.943097 -0.328476
vn -0.558512 0.759107 -0.334396
vn -0.767604 0.549068 -0.330619
vn -0.901545 0.284707 -0.325820
vn -0.947227 -0.008103 -0.320462
vn -0.999991 -0.004254 -0.000889
vn -0.999991 -0.004355 -0.000289
vn -0.999997 -0.002354 -0.000340
vn -0.999991 -0.003975 -0.001459
vn -0.999992 -0.003548 -0.001881
vn -0.999993 -0.002999 -0.002162
vn -0.999995 -0.002389 -0.002266
vn -0.999996 -0.001776 -0.002184
vn -0.999997 -0.001223 -0.001927
vn -0.999999 -0.000771 -0.001504
vn -0.999999 -0.000467 -0.000960
vn -1.000000 -0.000357 -0.000376
vn -1.000000 -0.000448 0.000218
vn -0.999999 -0.000725 0.000769
vn -0.999999 -0.001160 0.001202
vn -0.999997 -0.001709 0.001483
vn -0.999996 -0.002318 0.001587
vn -0.999995 -0.002918 0.001510
vn -0.999993 -0.003485 0.001238
vn -0.999992 -0.003950 0.000817
vn -0.999991 -0.004241 0.000282
vn -1.000000 -0.000369 -0.000369
vn -0.999999 -0.000475 -0.000987
vn -0.999997 -0.002352 -0.000340
vn -0.999999 -0.000775 -0.001519
vn -0.999997 -0.001211 -0.001931
vn -0.999996 -0.001755 -0.002179
vn -0.999995 -0.002389 -0.002262
vn -0.999993 -0.003006 -0.002160
vn -0.999992 -0.003548 -0.001881
vn -0.999991 -0.003983 -0.001448
vn -0.999991 -0.004254 -0.000917
vn -0.999991 -0.004338 -0.000310
vn -0.999991 -0.004228 0.000307
vn -0.999992 -0.003937 0.000834
vn -0.999993 -0.003491 0.001245
vn -0.999995 -0.002932 0.001506
vn -0.999996 -0.002319 0.001588
vn -0.999997 -0.001708 0.001484
vn -0.999999 -0.001159 0.001203
vn -1.000000 -0.000720 0.000764
vn -1.000000 -0.000448 0.000240
s 1
g pTorus2
usemtl lambert4SG
f 976/1326/1023 975/1327/1024 986/1328/1025 987/1329/1026
f 977/1336/1027 976/1326/1023 987/1329/1026 988/1337/1028
f 978/1600/1029 977/1601/1027 988/1602/1028 989/1603/1030
f 979/1608/1031 978/1600/1029 989/1603/1030 990/1609/1032
f 981/1615/1033 980/1616/1034 991/1617/1035 992/1618/1036
f 982/1623/1037 981/1615/1033 992/1618/1036 993/1624/1038
f 983/1353/1039 982/1362/1037 993/1363/1038 994/1354/1040
f 984/1342/1041 983/1353/1039 994/1354/1040 995/1343/1042
f 985/1332/1043 984/1342/1041 995/1343/1042 996/1333/1044
f 975/1327/1024 985/1332/1043 996/1333/1044 986/1328/1025
f 987/1329/1026 986/1328/1025 997/1334/1045 998/1335/1046
f 988/1337/1028 987/1329/1026 998/1335/1046 999/1347/1047
f 989/1603/1030 988/1602/1028 999/1606/1047 1000/1607/1048
f 990/1609/1032 989/1603/1030 1000/1607/1048 1001/1613/1049
f 992/1618/1036 991/1617/1035 1002/1621/1050 1003/1622/1051
f 993/1624/1038 992/1618/1036 1003/1622/1051 1004/1628/1052
f 994/1354/1040 993/1363/1038 1004/1369/1052 1005/1364/1053
f 995/1343/1042 994/1354/1040 1005/1364/1053 1006/1355/1054
f 996/1333/1044 995/1343/1042 1006/1355/1054 1007/1344/1055
f 986/1328/1025 996/1333/1044 1007/1344/1055 997/1334/1045
f 998/1335/1046 997/1334/1045 1008/1345/1056 1009/1346/1057
f 999/1347/1047 998/1335/1046 1009/1346/1057 1010/1357/1058
f 1000/1492/1048 999/1493/1047 1010/1474/1058 1011/1482/1059
f 1001/1504/1049 1000/1492/1048 1011/1482/1059 1012/1494/1060
f 1003/1513/1051 1002/1522/1050 1013/1514/1061 1014/1505/1062
f 1004/1512/1052 1003/1513/1051 1014/1505/1062 1015/1496/1063
f 1005/1364/1053 1004/1369/1052 1015/1373/1063 1016/1370/1064
f 1006/1355/1054 1005/1364/1053 1016/1370/1064 1017/1365/1065
f 1007/1344/1055 1006/1355/1054 1017/1365/1065 1018/1356/1066
f 997/1334/1045 1007/1344/1055 1018/1356/1066 1008/1345/1056
f 1009/1466/1057 1008/1467/1056 1019/1468/1067 1020/1469/1068
f 1010/1474/1058 1009/1466/1057 1020/1469/1068 1021/1475/1069
f 1011/1482/1059 1010/1474/1058 1021/1475/1069 1022/1483/1070
f 1012/1494/1060 1011/1482/1059 1022/1483/1070 1023/1495/1071
f 1014/1505/1062 1013/1514/1061 1024/1515/1072 1025/1506/1073
f 1015/1496/1063 1014/1505/1062 1025/1506/1073 1026/1497/1074
f 1016/1484/1064 1015/1496/1063 1026/1497/1074 1027/1485/1075
f 1017/1476/1065 1016/1484/1064 1027/1485/1075 1028/1477/1076
f 1018/1470/1066 1017/1476/1065 1028/1477/1076 1029/1471/1077
f 1008/1467/1056 1018/1470/1066 1029/1471/1077 1019/1468/1067
f 1020/1469/1068 1019/1468/1067 1030/1472/1078 1031/1473/1079
f 1021/1475/1069 1020/1469/1068 1031/1473/1079 1032/1481/1080
f 1022/1483/1070 1021/1475/1069 1032/1481/1080 1033/1491/1081
f 1023/1495/1071 1022/1483/1070 1033/1491/1081 1034/1503/1082
f 1025/1506/1073 1024/1515/1072 1035/1523/1083 1036/1516/1084
f 1026/1497/1074 1025/1506/1073 1036/1516/1084 1037/1507/1085
f 1027/1485/1075 1026/1497/1074 1037/1507/1085 1038/1498/1086
f 1028/1477/1076 1027/1485/1075 1038/1498/1086 1039/1486/1087
f 1029/1471/1077 1028/1477/1076 1039/1486/1087 1040/1478/1088
f 1019/1468/1067 1029/1471/1077 1040/1478/1088 1030/1472/1078
f 1031/1473/1079 1030/1472/1078 1041/1479/1089 1042/1480/1090
f 1032/1481/1080 1031/1473/1079 1042/1480/1090 1043/1490/1091
f 1033/1491/1081 1032/1481/1080 1043/1490/1091 1044/1502/1092
f 1034/1503/1082 1033/1491/1081 1044/1502/1092 1045/1511/1093
f 1036/1516/1084 1035/1523/1083 1046/1527/1094 1047/1524/1095
f 1037/1507/1085 1036/1516/1084 1047/1524/1095 1048/1517/1096
f 1038/1498/1086 1037/1507/1085 1048/1517/1096 1049/1508/1097
f 1039/1486/1087 1038/1498/1086 1049/1508/1097 1050/1499/1098
f 1040/1478/1088 1039/1486/1087 1050/1499/1098 1051/1487/1099
f 1030/1472/1078 1040/1478/1088 1051/1487/1099 1041/1479/1089
f 1042/1480/1090 1041/1479/1089 1052/1488/1100 1053/1489/1101
f 1043/1490/1091 1042/1480/1090 1053/1489/1101 1054/1501/1102
f 1044/1502/1092 1043/1490/1091 1054/1501/1102 1055/1510/1103
f 1045/1511/1093 1044/1502/1092 1055/1510/1103 1056/1521/1104
f 1047/1524/1095 1046/1527/1094 1057/1529/1105 1058/1528/1106
f 1048/1517/1096 1047/1524/1095 1058/1528/1106 1059/1525/1107
f 1049/1508/1097 1048/1517/1096 1059/1525/1107 1060/1518/1108
f 1050/1499/1098 1049/1508/1097 1060/1518/1108 1061/1509/1109
f 1051/1487/1099 1050/1499/1098 1061/1509/1109 1062/1500/1110
f 1041/1479/1089 1051/1487/1099 1062/1500/1110 1052/1488/1100
f 1053/1379/1101 1052/1380/1100 1063/1376/1111 1064/1375/1112
f 1054/1388/1102 1053/1379/1101 1064/1375/1112 1065/1385/1113
f 1055/1510/1103 1054/1501/1102 1065/1519/1113 1066/1520/1114
f 1056/1521/1104 1055/1510/1103 1066/1520/1114 1067/1526/1115
f 1058/1528/1106 1057/1529/1105 1068/1532/1116 1069/1530/1117
f 1059/1525/1107 1058/1528/1106 1069/1530/1117 1070/1531/1118
f 1060/1403/1108 1059/1412/1107 1070/1404/1118 1071/1396/1119
f 1061/1395/1109 1060/1403/1108 1071/1396/1119 1072/1389/1120
f 1062/1387/1110 1061/1395/1109 1072/1389/1120 1073/1381/1121
f 1052/1380/1100 1062/1387/1110 1073/1381/1121 1063/1376/1111
f 1064/1375/1112 1063/1376/1111 1074/1377/1122 1075/1378/1123
f 1065/1385/1113 1064/1375/1112 1075/1378/1123 1076/1386/1124
f 1066/1630/1114 1065/1631/1113 1076/1632/1124 1077/1633/1125
f 1067/1636/1115 1066/1630/1114 1077/1633/1125 1078/1637/1126
f 1069/1645/1117 1068/1646/1116 1079/1647/1127 1080/1648/1128
f 1070/1651/1118 1069/1645/1117 1080/1648/1128 1081/1652/1129
f 1071/1396/1119 1070/1404/1118 1081/1405/1129 1082/1397/1130
f 1072/1389/1120 1071/1396/1119 1082/1397/1130 1083/1390/1131
f 1073/1381/1121 1072/1389/1120 1083/1390/1131 1084/1382/1132
f 1063/1376/1111 1073/1381/1121 1084/1382/1132 1074/1377/1122
f 1075/1378/1123 1074/1377/1122 1085/1383/1133 1086/1384/1134
f 1076/1386/1124 1075/1378/1123 1086/1384/1134 1087/1394/1135
f 1077/1633/1125 1076/1632/1124 1087/1634/1135 1088/1635/1136
f 1078/1637/1126 1077/1633/1125 1088/1635/1136 1089/1640/1137
f 1080/1648/1128 1079/1647/1127 1090/1649/1138 1091/1650/1139
f 1081/1652/1129 1080/1648/1128 1091/1650/1139 1092/1655/1140
f 1082/1397/1130 1081/1405/1129 1092/1413/1140 1093/1406/1141
f 1083/1390/1131 1082/1397/1130 1093/1406/1141 1094/1398/1142
f 1084/1382/1132 1083/1390/1131 1094/1398/1142 1095/1391/1143
f 1074/1377/1122 1084/1382/1132 1095/1391/1143 1085/1383/1133
f 1086/1384/1134 1085/1383/1133 1096/1392/1144 1097/1393/1145
f 1087/1394/1135 1086/1384/1134 1097/1393/1145 1098/1402/1146
f 1088/1635/1136 1087/1634/1135 1098/1638/1146 1099/1639/1147
f 1089/1640/1137 1088/1635/1136 1099/1639/1147 1100/1643/1148
f 1091/1650/1139 1090/1649/1138 1101/1653/1149 1102/1654/1150
f 1092/1655/1140 1091/1650/1139 1102/1654/1150 1103/1658/1151
f 1093/1406/1141 1092/1413/1140 1103/1418/1151 1104/1414/1152
f 1094/1398/1142 1093/1406/1141 1104/1414/1152 1105/1407/1153
f 1095/1391/1143 1094/1398/1142 1105/1407/1153 1106/1399/1154
f 1085/1383/1133 1095/1391/1143 1106/1399/1154 1096/1392/1144
f 1097/1393/1145 1096/1392/1144 1107/1400/1155 1108/1401/1156
f 1098/1402/1146 1097/1393/1145 1108/1401/1156 1109/1411/1157
f 1099/1639/1147 1098/1638/1146 1109/1641/1157 1110/1642/1158
f 1100/1643/1148 1099/1639/1147 1110/1642/1158 1111/1644/1159
f 1102/1654/1150 1101/1653/1149 1112/1656/1160 1113/1657/1161
f 1103/1658/1151 1102/1654/1150 1113/1657/1161 1114/1659/1162
f 1104/1414/1152 1103/1418/1151 1114/1421/1162 1115/1419/1163
f 1105/1407/1153 1104/1414/1152 1115/1419/1163 1116/1415/1164
f 1106/1399/1154 1105/1407/1153 1116/1415/1164 1117/1408/1165
f 1096/1392/1144 1106/1399/1154 1117/1408/1165 1107/1400/1155
f 1108/1401/1156 1107/1400/1155 1118/1409/1166 1119/1410/1167
f 1109/1411/1157 1108/1401/1156 1119/1410/1167 1120/1417/1168
f 1110/1559/1158 1109/1560/1157 1120/1541/1168 1121/1549/1169
f 1111/1571/1159 1110/1559/1158 1121/1549/1169 1122/1561/1170
f 1113/1580/1161 1112/1589/1160 1123/1581/1171 1124/1572/1172
f 1114/1579/1162 1113/1580/1161 1124/1572/1172 1125/1563/1173
f 1115/1419/1163 1114/1421/1162 1125/1423/1173 1126/1422/1174
f 1116/1415/1164 1115/1419/1163 1126/1422/1174 1127/1420/1175
f 1117/1408/1165 1116/1415/1164 1127/1420/1175 1128/1416/1176
f 1107/1400/1155 1117/1408/1165 1128/1416/1176 1118/1409/1166
f 1119/1533/1167 1118/1534/1166 1129/1535/1177 1130/1536/1178
f 1120/1541/1168 1119/1533/1167 1130/1536/1178 1131/1542/1179
f 1121/1549/1169 1120/1541/1168 1131/1542/1179 1132/1550/1180
f 1122/1561/1170 1121/1549/1169 1132/1550/1180 1133/1562/1181
f 1124/1572/1172 1123/1581/1171 1134/1582/1182 1135/1573/1183
f 1125/1563/1173 1124/1572/1172 1135/1573/1183 1136/1564/1184
f 1126/1551/1174 1125/1563/1173 1136/1564/1184 1137/1552/1185
f 1127/1543/1175 1126/1551/1174 1137/1552/1185 1138/1544/1186
f 1128/1537/1176 1127/1543/1175 1138/1544/1186 1139/1538/1187
f 1118/1534/1166 1128/1537/1176 1139/1538/1187 1129/1535/1177
f 1130/1536/1178 1129/1535/1177 1140/1539/1188 1141/1540/1189
f 1131/1542/1179 1130/1536/1178 1141/1540/1189 1142/1548/1190
f 1132/1550/1180 1131/1542/1179 1142/1548/1190 1143/1558/1191
f 1133/1562/1181 1132/1550/1180 1143/1558/1191 1144/1570/1192
f 1135/1573/1183 1134/1582/1182 1145/1590/1193 1146/1583/1194
f 1136/1564/1184 1135/1573/1183 1146/1583/1194 1147/1574/1195
f 1137/1552/1185 1136/1564/1184 1147/1574/1195 1148/1565/1196
f 1138/1544/1186 1137/1552/1185 1148/1565/1196 1149/1553/1197
f 1139/1538/1187 1138/1544/1186 1149/1553/1197 1150/1545/1198
f 1129/1535/1177 1139/1538/1187 1150/1545/1198 1140/1539/1188
f 1141/1540/1189 1140/1539/1188 1151/1546/1199 1152/1547/1200
f 1142/1548/1190 1141/1540/1189 1152/1547/1200 1153/1557/1201
f 1143/1558/1191 1142/1548/1190 1153/1557/1201 1154/1569/1202
f 1144/1570/1192 1143/1558/1191 1154/1569/1202 1155/1578/1203
f 1146/1583/1194 1145/1590/1193 1156/1594/1204 1157/1591/1205
f 1147/1574/1195 1146/1583/1194 1157/1591/1205 1158/1584/1206
f 1148/1565/1196 1147/1574/1195 1158/1584/1206 1159/1575/1207
f 1149/1553/1197 1148/1565/1196 1159/1575/1207 1160/1566/1208
f 1150/1545/1198 1149/1553/1197 1160/1566/1208 1161/1554/1209
f 1140/1539/1188 1150/1545/1198 1161/1554/1209 1151/1546/1199
f 1152/1547/1200 1151/1546/1199 1162/1555/1210 1163/1556/1211
f 1153/1557/1201 1152/1547/1200 1163/1556/1211 1164/1568/1212
f 1154/1569/1202 1153/1557/1201 1164/1568/1212 1165/1577/1213
f 1155/1578/1203 1154/1569/1202 1165/1577/1213 1166/1588/1214
f 1157/1591/1205 1156/1594/1204 1167/1596/1215 1168/1595/1216
f 1158/1584/1206 1157/1591/1205 1168/1595/1216 1169/1592/1217
f 1159/1575/1207 1158/1584/1206 1169/1592/1217 1170/1585/1218
f 1160/1566/1208 1159/1575/1207 1170/1585/1218 1171/1576/1219
f 1161/1554/1209 1160/1566/1208 1171/1576/1219 1172/1567/1220
f 1151/1546/1199 1161/1554/1209 1172/1567/1220 1162/1555/1210
f 1163/1348/1211 1162/1349/1210 1173/1339/1221 1174/1338/1222
f 1164/1359/1212 1163/1348/1211 1174/1338/1222 1175/1351/1223
f 1165/1577/1213 1164/1568/1212 1175/1586/1223 1176/1587/1224
f 1166/1588/1214 1165/1577/1213 1176/1587/1224 1177/1593/1225
f 1168/1595/1216 1167/1596/1215 1178/1599/1226 1179/1597/1227
f 1169/1592/1217 1168/1595/1216 1179/1597/1227 1180/1598/1228
f 1170/1371/1218 1169/1374/1217 1180/1372/1228 1181/1367/1229
f 1171/1366/1219 1170/1371/1218 1181/1367/1229 1182/1360/1230
f 1172/1358/1220 1171/1366/1219 1182/1360/1230 1183/1350/1231
f 1162/1349/1210 1172/1358/1220 1183/1350/1231 1173/1339/1221
f 1174/1338/1222 1173/1339/1221 1184/1331/1232 1185/1330/1233
f 1175/1351/1223 1174/1338/1222 1185/1330/1233 1186/1341/1234
f 1176/1610/1224 1175/1611/1223 1186/1605/1234 1187/1604/1235
f 1177/1614/1225 1176/1610/1224 1187/1604/1235 1188/1612/1236
f 1179/1625/1227 1178/1626/1226 1189/1620/1237 1190/1619/1238
f 1180/1629/1228 1179/1625/1227 1190/1619/1238 1191/1627/1239
f 1181/1367/1229 1180/1372/1228 1191/1368/1239 1192/1361/1240
f 1182/1360/1230 1181/1367/1229 1192/1361/1240 1193/1352/1241
f 1183/1350/1231 1182/1360/1230 1193/1352/1241 1194/1340/1242
f 1173/1339/1221 1183/1350/1231 1194/1340/1242 1184/1331/1232
f 1185/1330/1233 1184/1331/1232 975/1327/1024 976/1326/1023
f 1186/1341/1234 1185/1330/1233 976/1326/1023 977/1336/1027
f 1187/1604/1235 1186/1605/1234 977/1601/1027 978/1600/1029
f 1188/1612/1236 1187/1604/1235 978/1600/1029 979/1608/1031
f 1190/1619/1238 1189/1620/1237 980/1616/1034 981/1615/1033
f 1191/1627/1239 1190/1619/1238 981/1615/1033 982/1623/1037
f 1192/1361/1240 1191/1368/1239 982/1362/1037 983/1353/1039
f 1193/1352/1241 1192/1361/1240 983/1353/1039 984/1342/1041
f 1194/1340/1242 1193/1352/1241 984/1342/1041 985/1332/1043
f 1184/1331/1232 1194/1340/1242 985/1332/1043 975/1327/1024
s 3
f 991/1424/1243 980/1425/1244 1195/1426/1245
f 1002/1428/1246 991/1424/1243 1195/1426/1245
f 1013/1430/1247 1002/1428/1246 1195/1426/1245
f 1024/1432/1248 1013/1430/1247 1195/1426/1245
f 1035/1434/1249 1024/1432/1248 1195/1426/1245
f 1046/1436/1250 1035/1434/1249 1195/1426/1245
f 1057/1438/1251 1046/1436/1250 1195/1426/1245
f 1068/1440/1252 1057/1438/1251 1195/1426/1245
f 1079/1442/1253 1068/1440/1252 1195/1426/1245
f 1090/1444/1254 1079/1442/1253 1195/1426/1245
f 1101/1443/1255 1090/1444/1254 1195/1426/1245
f 1112/1441/1256 1101/1443/1255 1195/1426/1245
f 1123/1439/1257 1112/1441/1256 1195/1426/1245
f 1134/1437/1258 1123/1439/1257 1195/1426/1245
f 1145/1435/1259 1134/1437/1258 1195/1426/1245
f 1156/1433/1260 1145/1435/1259 1195/1426/1245
f 1167/1431/1261 1156/1433/1260 1195/1426/1245
f 1178/1429/1262 1167/1431/1261 1195/1426/1245
f 1189/1427/1263 1178/1429/1262 1195/1426/1245
f 980/1425/1244 1189/1427/1263 1195/1426/1245
s 4
f 979/1445/1264 990/1446/1265 1196/1447/1266
f 990/1446/1265 1001/1448/1267 1196/1447/1266
f 1001/1448/1267 1012/1450/1268 1196/1447/1266
f 1012/1450/1268 1023/1452/1269 1196/1447/1266
f 1023/1452/1269 1034/1454/1270 1196/1447/1266
f 1034/1454/1270 1045/1456/1271 1196/1447/1266
f 1045/1456/1271 1056/1458/1272 1196/1447/1266
f 1056/1458/1272 1067/1460/1273 1196/1447/1266
f 1067/1460/1273 1078/1462/1274 1196/1447/1266
f 1078/1462/1274 1089/1464/1275 1196/1447/1266
f 1089/1464/1275 1100/1465/1276 1196/1447/1266
f 1100/1465/1276 1111/1463/1277 1196/1447/1266
f 1111/1463/1277 1122/1461/1278 1196/1447/1266
f 1122/1461/1278 1133/1459/1279 1196/1447/1266
f 1133/1459/1279 1144/1457/1280 1196/1447/1266
f 1144/1457/1280 1155/1455/1281 1196/1447/1266
f 1155/1455/1281 1166/1453/1282 1196/1447/1266
f 1166/1453/1282 1177/1451/1283 1196/1447/1266
f 1177/1451/1283 1188/1449/1284 1196/1447/1266
f 1188/1449/1284 979/1445/1264 1196/1447/1266
g default
v 1.838373 0.017692 -0.000254
v 1.830403 0.033242 -0.000543
v 1.818016 0.045568 -0.000773
v 1.802426 0.053465 -0.000924
v 1.654150 0.053232 -0.000977
v 1.505875 0.052767 -0.001025
v 1.490322 0.044797 -0.000885
v 1.477993 0.032412 -0.000662
v 1.470096 0.016825 -0.000379
v 1.467403 -0.000440 -0.000064
v 1.470177 -0.017691 0.000254
v 1.478148 -0.033242 0.000542
v 1.490534 -0.045568 0.000773
v 1.506124 -0.053464 0.000924
v 1.654400 -0.053232 0.000976
v 1.802675 -0.052766 0.001025
v 1.818228 -0.044796 0.000884
v 1.830557 -0.032412 0.000662
v 1.838454 -0.016825 0.000379
v 1.841147 0.000440 0.000063
v 1.840965 0.018859 0.016989
v 1.832604 0.035171 0.016687
v 1.819611 0.048100 0.016445
v 1.803258 0.056383 0.016287
v 1.654137 0.056150 0.015986
v 1.505017 0.055681 0.016185
v 1.488703 0.047321 0.016333
v 1.475771 0.034331 0.016566
v 1.467487 0.017980 0.016863
v 1.464662 -0.000129 0.017194
v 1.467572 -0.018226 0.017527
v 1.475933 -0.034537 0.017829
v 1.488926 -0.047466 0.018072
v 1.505279 -0.055749 0.018230
v 1.654400 -0.055525 0.018035
v 1.803519 -0.055047 0.018331
v 1.819834 -0.046687 0.018184
v 1.832765 -0.033697 0.017950
v 1.841049 -0.017347 0.017654
v 1.843875 0.000763 0.017323
v 1.848499 0.021614 0.032516
v 1.839006 0.040134 0.032172
v 1.824253 0.054814 0.031898
v 1.805686 0.064218 0.031718
v 1.654114 0.063993 0.031192
v 1.502542 0.063505 0.031615
v 1.484019 0.054013 0.031782
v 1.469336 0.039264 0.032047
v 1.459930 0.020699 0.032384
v 1.456722 0.000137 0.032760
v 1.460026 -0.020409 0.033138
v 1.469519 -0.038929 0.033482
v 1.484271 -0.053609 0.033756
v 1.502839 -0.063013 0.033936
v 1.654411 -0.062805 0.033518
v 1.805983 -0.062300 0.034039
v 1.824506 -0.052809 0.033872
v 1.839189 -0.038059 0.033607
v 1.848595 -0.019494 0.033270
v 1.851803 0.001067 0.032894
v 1.860238 0.025686 0.044805
v 1.848982 0.047647 0.044398
v 1.831489 0.065054 0.044072
v 1.809472 0.076205 0.043859
v 1.654081 0.075992 0.043154
v 1.498691 0.075473 0.043753
v 1.476727 0.064219 0.043951
v 1.459316 0.046729 0.044266
v 1.448163 0.024716 0.044665
v 1.444360 0.000335 0.045111
v 1.448278 -0.024028 0.045559
v 1.459534 -0.045988 0.045967
v 1.477026 -0.063396 0.046293
v 1.499043 -0.074546 0.046506
v 1.654434 -0.074358 0.045912
v 1.809825 -0.073815 0.046611
v 1.831788 -0.062561 0.046413
v 1.849199 -0.045071 0.046099
v 1.860352 -0.023058 0.045699
v 1.864155 0.001323 0.045254
v 1.875033 0.030678 0.052655
v 1.861554 0.056973 0.052167
v 1.840609 0.077816 0.051777
v 1.814246 0.091169 0.051522
v 1.654044 0.090975 0.050701
v 1.493841 0.090415 0.051413
v 1.467542 0.076938 0.051650
v 1.446694 0.055996 0.052027
v 1.433340 0.029638 0.052505
v 1.428785 0.000444 0.053039
v 1.433477 -0.028729 0.053576
v 1.446955 -0.055024 0.054063
v 1.467901 -0.075867 0.054454
v 1.494263 -0.089219 0.054709
v 1.654466 -0.089054 0.054004
v 1.814668 -0.088465 0.054818
v 1.840967 -0.074989 0.054580
v 1.861815 -0.054047 0.054204
v 1.875170 -0.027689 0.053726
v 1.879724 0.001505 0.053192
v 1.891436 0.036100 0.055296
v 1.875494 0.067200 0.054720
v 1.850721 0.091852 0.054258
v 1.819541 0.107645 0.053956
v 1.654004 0.107474 0.053093
v 1.488468 0.106866 0.053844
v 1.457362 0.090926 0.054124
v 1.432705 0.066158 0.054569
v 1.416910 0.034983 0.055135
v 1.411523 0.000453 0.055767
v 1.417072 -0.034050 0.056402
v 1.433013 -0.065150 0.056978
v 1.457786 -0.089803 0.057440
v 1.488966 -0.105596 0.057742
v 1.654504 -0.105454 0.057000
v 1.820040 -0.104816 0.057854
v 1.851145 -0.088877 0.057573
v 1.875802 -0.064108 0.057128
v 1.891597 -0.032933 0.056563
v 1.896984 0.001596 0.055931
v 1.907840 0.041421 0.052470
v 1.889436 0.077327 0.051805
v 1.860835 0.105788 0.051272
v 1.824837 0.124021 0.050923
v 1.653966 0.123875 0.050097
v 1.483096 0.123217 0.050807
v 1.447184 0.104815 0.051131
v 1.418718 0.076219 0.051645
v 1.400483 0.040227 0.052298
v 1.394263 0.000363 0.053027
v 1.400670 -0.039472 0.053760
v 1.419073 -0.075377 0.054426
v 1.447674 -0.103839 0.054959
v 1.483672 -0.122072 0.055307
v 1.654544 -0.121953 0.054607
v 1.825413 -0.121267 0.055423
v 1.861325 -0.102866 0.055100
v 1.889792 -0.074269 0.054586
v 1.908027 -0.038278 0.053933
v 1.914246 0.001587 0.053204
v 1.922641 0.046121 0.044454
v 1.902015 0.086362 0.043708
v 1.869961 0.118260 0.043111
v 1.829618 0.138693 0.042720
v 1.653935 0.138571 0.042006
v 1.478252 0.137866 0.042601
v 1.438005 0.117243 0.042964
v 1.406102 0.085194 0.043540
v 1.385665 0.044857 0.044272
v 1.378695 0.000180 0.045089
v 1.385875 -0.044463 0.045911
v 1.406501 -0.084704 0.046657
v 1.438554 -0.116602 0.047254
v 1.478898 -0.137035 0.047644
v 1.654581 -0.136937 0.047060
v 1.830263 -0.136208 0.047764
v 1.870510 -0.115585 0.047401
v 1.902413 -0.083536 0.046825
v 1.922850 -0.043199 0.046093
v 1.929821 0.001478 0.045276
v 1.934390 0.049740 0.032033
v 1.912001 0.093421 0.031223
v 1.877206 0.128046 0.030574
v 1.833413 0.150227 0.030151
v 1.653912 0.150124 0.029612
v 1.474411 0.149382 0.030029
v 1.430723 0.126996 0.030423
v 1.396091 0.092207 0.031048
v 1.373908 0.048421 0.031843
v 1.366342 -0.000075 0.032729
v 1.374135 -0.048536 0.033621
v 1.396524 -0.092217 0.034431
v 1.431319 -0.126842 0.035080
v 1.475112 -0.149022 0.035503
v 1.654614 -0.148937 0.035099
v 1.834114 -0.148177 0.035625
v 1.877802 -0.125791 0.035231
v 1.912433 -0.091002 0.034606
v 1.934617 -0.047216 0.033811
v 1.942183 0.001280 0.032925
v 1.941935 0.051924 0.016422
v 1.918414 0.097813 0.015571
v 1.881860 0.134190 0.014889
v 1.835853 0.157492 0.014444
v 1.653900 0.157403 0.014128
v 1.471948 0.156635 0.014321
v 1.426051 0.133117 0.014735
v 1.389668 0.096569 0.015391
v 1.366362 0.050569 0.016226
v 1.358414 -0.000380 0.017158
v 1.366601 -0.051290 0.018095
v 1.390123 -0.097179 0.018946
v 1.426677 -0.133556 0.019627
v 1.472684 -0.156858 0.020072
v 1.654637 -0.156778 0.019892
v 1.836589 -0.156002 0.020196
v 1.882486 -0.132483 0.019782
v 1.918869 -0.095935 0.019125
v 1.942174 -0.049935 0.018290
v 1.950122 0.001013 0.017359
v 1.944540 0.052458 -0.000851
v 1.920629 0.099108 -0.001716
v 1.883469 0.136088 -0.002409
v 1.836699 0.159777 -0.002861
v 1.653900 0.159697 -0.002930
v 1.471103 0.158916 -0.002985
v 1.424445 0.135008 -0.002565
v 1.387459 0.097853 -0.001897
v 1.363767 0.051091 -0.001048
v 1.355686 -0.000703 -0.000101
v 1.364010 -0.052458 0.000851
v 1.387921 -0.099108 0.001716
v 1.425082 -0.136088 0.002409
v 1.471851 -0.159776 0.002861
v 1.654650 -0.159696 0.002930
v 1.837447 -0.158916 0.002985
v 1.884105 -0.135007 0.002565
v 1.921091 -0.097853 0.001897
v 1.944783 -0.051091 0.001048
v 1.952863 0.000703 0.000101
v 1.941948 0.051291 -0.018095
v 1.918427 0.097180 -0.018946
v 1.881873 0.133556 -0.019627
v 1.835866 0.156859 -0.020072
v 1.653913 0.156778 -0.019892
v 1.471961 0.156002 -0.020196
v 1.426064 0.132483 -0.019782
v 1.389681 0.095935 -0.019125
v 1.366375 0.049936 -0.018290
v 1.358427 -0.001013 -0.017359
v 1.366615 -0.051923 -0.016422
v 1.390136 -0.097813 -0.015571
v 1.426690 -0.134189 -0.014890
v 1.472697 -0.157491 -0.014445
v 1.654650 -0.157402 -0.014129
v 1.836602 -0.156635 -0.014321
v 1.882499 -0.133116 -0.014735
v 1.918882 -0.096568 -0.015391
v 1.942188 -0.050569 -0.016226
v 1.950136 0.000380 -0.017158
v 1.934415 0.048536 -0.033621
v 1.912026 0.092217 -0.034431
v 1.877231 0.126842 -0.035080
v 1.833438 0.149022 -0.035503
v 1.653936 0.148937 -0.035099
v 1.474436 0.148177 -0.035625
v 1.430748 0.125791 -0.035231
v 1.396117 0.091003 -0.034606
v 1.373933 0.047217 -0.033812
v 1.366367 -0.001280 -0.032925
v 1.374160 -0.049740 -0.032033
v 1.396550 -0.093421 -0.031223
v 1.431344 -0.128046 -0.030575
v 1.475137 -0.150226 -0.030151
v 1.654638 -0.150124 -0.029612
v 1.834139 -0.149381 -0.030029
v 1.877827 -0.126995 -0.030423
v 1.912459 -0.092207 -0.031048
v 1.934642 -0.048421 -0.031843
v 1.942208 0.000076 -0.032729
v 1.922675 0.044464 -0.045911
v 1.902049 0.084704 -0.046657
v 1.869996 0.116602 -0.047254
v 1.829652 0.137035 -0.047644
v 1.653969 0.136937 -0.047061
v 1.478287 0.136208 -0.047764
v 1.438040 0.115585 -0.047401
v 1.406137 0.083537 -0.046825
v 1.385700 0.043200 -0.046093
v 1.378729 -0.001477 -0.045276
v 1.385909 -0.046121 -0.044454
v 1.406535 -0.086361 -0.043708
v 1.438589 -0.118259 -0.043111
v 1.478932 -0.138693 -0.042720
v 1.654615 -0.138570 -0.042006
v 1.830297 -0.137866 -0.042601
v 1.870544 -0.117243 -0.042964
v 1.902448 -0.085194 -0.043540
v 1.922885 -0.044857 -0.044272
v 1.929855 -0.000180 -0.045089
v 1.907881 0.039472 -0.053761
v 1.889477 0.075378 -0.054426
v 1.860876 0.103840 -0.054959
v 1.824878 0.122072 -0.055308
v 1.654006 0.121954 -0.054607
v 1.483137 0.121268 -0.055424
v 1.447225 0.102866 -0.055100
v 1.418758 0.074270 -0.054586
v 1.400523 0.038278 -0.053933
v 1.394304 -0.001586 -0.053204
v 1.400710 -0.041421 -0.052471
v 1.419114 -0.077326 -0.051805
v 1.447715 -0.105788 -0.051272
v 1.483713 -0.124020 -0.050924
v 1.654584 -0.123874 -0.050098
v 1.825454 -0.123216 -0.050808
v 1.861366 -0.104814 -0.051131
v 1.889832 -0.076218 -0.051645
v 1.908067 -0.040227 -0.052298
v 1.914286 -0.000362 -0.053027
v 1.891478 0.034051 -0.056402
v 1.875537 0.065151 -0.056978
v 1.850764 0.089803 -0.057440
v 1.819584 0.105596 -0.057742
v 1.654046 0.105454 -0.057000
v 1.488510 0.104817 -0.057854
v 1.457405 0.088877 -0.057574
v 1.432748 0.064109 -0.057129
v 1.416953 0.032934 -0.056563
v 1.411566 -0.001596 -0.055931
v 1.417115 -0.036099 -0.055296
v 1.433056 -0.067199 -0.054720
v 1.457829 -0.091852 -0.054258
v 1.489009 -0.107645 -0.053956
v 1.654546 -0.107474 -0.053094
v 1.820082 -0.106865 -0.053844
v 1.851188 -0.090926 -0.054125
v 1.875845 -0.066157 -0.054569
v 1.891640 -0.034982 -0.055135
v 1.897027 -0.000453 -0.055767
v 1.875073 0.028729 -0.053576
v 1.861595 0.055024 -0.054064
v 1.840650 0.075868 -0.054454
v 1.814287 0.089220 -0.054709
v 1.654084 0.089054 -0.054004
v 1.493882 0.088466 -0.054818
v 1.467582 0.074989 -0.054581
v 1.446735 0.054048 -0.054204
v 1.433380 0.027689 -0.053726
v 1.428826 -0.001505 -0.053192
v 1.433517 -0.030677 -0.052655
v 1.446996 -0.056972 -0.052168
v 1.467941 -0.077816 -0.051777
v 1.494304 -0.091168 -0.051522
v 1.654506 -0.090975 -0.050701
v 1.814709 -0.090414 -0.051414
v 1.841008 -0.076938 -0.051651
v 1.861855 -0.055996 -0.052027
v 1.875210 -0.029638 -0.052505
v 1.879765 -0.000443 -0.053039
v 1.860272 0.024029 -0.045560
v 1.849016 0.045989 -0.045967
v 1.831523 0.063396 -0.046293
v 1.809507 0.074547 -0.046506
v 1.654116 0.074359 -0.045913
v 1.498725 0.073815 -0.046611
v 1.476761 0.062561 -0.046413
v 1.459351 0.045072 -0.046099
v 1.448198 0.023059 -0.045700
v 1.444395 -0.001323 -0.045254
v 1.448312 -0.025686 -0.044805
v 1.459569 -0.047646 -0.044398
v 1.477061 -0.065054 -0.044072
v 1.499078 -0.076204 -0.043859
v 1.654469 -0.075992 -0.043154
v 1.809859 -0.075473 -0.043754
v 1.831823 -0.064218 -0.043952
v 1.849234 -0.046729 -0.044266
v 1.860387 -0.024716 -0.044665
v 1.864190 -0.000335 -0.045111
v 1.848524 0.020410 -0.033138
v 1.839031 0.038930 -0.033482
v 1.824279 0.053610 -0.033757
v 1.805711 0.063014 -0.033936
v 1.654139 0.062805 -0.033519
v 1.502567 0.062300 -0.034039
v 1.484044 0.052809 -0.033872
v 1.469361 0.038059 -0.033607
v 1.459955 0.019495 -0.033270
v 1.456747 -0.001067 -0.032894
v 1.460051 -0.021613 -0.032516
v 1.469544 -0.040133 -0.032173
v 1.484296 -0.054814 -0.031898
v 1.502864 -0.064218 -0.031718
v 1.654436 -0.063992 -0.031192
v 1.806008 -0.063504 -0.031615
v 1.824531 -0.054013 -0.031782
v 1.839214 -0.039263 -0.032047
v 1.848620 -0.020699 -0.032384
v 1.851828 -0.000137 -0.032760
v 1.840978 0.018226 -0.017527
v 1.832617 0.034537 -0.017830
v 1.819624 0.047467 -0.018072
v 1.803271 0.055749 -0.018230
v 1.654150 0.055526 -0.018035
v 1.505031 0.055047 -0.018331
v 1.488716 0.046688 -0.018184
v 1.475785 0.033697 -0.017951
v 1.467501 0.017347 -0.017654
v 1.464675 -0.000763 -0.017323
v 1.467586 -0.018859 -0.016990
v 1.475946 -0.035170 -0.016687
v 1.488939 -0.048099 -0.016445
v 1.505292 -0.056382 -0.016287
v 1.654413 -0.056149 -0.015986
v 1.803533 -0.055680 -0.016186
v 1.819847 -0.047321 -0.016333
v 1.832778 -0.034330 -0.016566
v 1.841063 -0.017980 -0.016863
v 1.843888 0.000130 -0.017194
vt 0.523405 0.787477
vt 0.523405 0.768690
vt 0.544231 0.769709
vt 0.544231 0.789416
vt 0.502579 0.789416
vt 0.502579 0.769709
vt 0.523405 0.747863
vt 0.544231 0.747863
vt 0.563019 0.772667
vt 0.563019 0.795043
vt 0.523405 0.802387
vt 0.544231 0.805056
vt 0.483791 0.795043
vt 0.483791 0.772667
vt 0.502579 0.747863
vt 0.502579 0.805056
vt 0.523405 0.727037
vt 0.544231 0.726018
vt 0.563019 0.747863
vt 0.577929 0.777274
vt 0.577929 0.803807
vt 0.563019 0.812800
vt 0.468881 0.803807
vt 0.468881 0.777274
vt 0.483791 0.747863
vt 0.483791 0.812800
vt 0.502579 0.726018
vt 0.523405 0.708249
vt 0.544231 0.706311
vt 0.563019 0.723060
vt 0.577929 0.747863
vt 0.577929 0.824863
vt 0.468881 0.747863
vt 0.468881 0.824863
vt 0.483791 0.723060
vt 0.502579 0.706311
vt 0.523405 0.693340
vt 0.544231 0.690671
vt 0.563019 0.700684
vt 0.577929 0.718452
vt 0.468881 0.718452
vt 0.483791 0.700684
vt 0.502579 0.690671
vt 0.563019 0.682927
vt 0.577929 0.691920
vt 0.468881 0.691920
vt 0.483791 0.682927
vt 0.577929 0.670864
vt 0.468881 0.670864
vt 0.408342 0.727037
vt 0.408342 0.708249
vt 0.429168 0.706311
vt 0.429168 0.726018
vt 0.387516 0.726018
vt 0.387516 0.706311
vt 0.408342 0.693340
vt 0.429168 0.690671
vt 0.447956 0.700684
vt 0.447956 0.723060
vt 0.408342 0.747863
vt 0.429168 0.747863
vt 0.368728 0.723060
vt 0.368728 0.700684
vt 0.387516 0.690671
vt 0.387516 0.747863
vt 0.447956 0.682927
vt 0.462866 0.691920
vt 0.462866 0.718452
vt 0.447956 0.747863
vt 0.408342 0.768690
vt 0.429168 0.769709
vt 0.353818 0.718452
vt 0.353818 0.691920
vt 0.368728 0.682927
vt 0.368728 0.747863
vt 0.387516 0.769709
vt 0.462866 0.670864
vt 0.462866 0.747863
vt 0.447956 0.772667
vt 0.408342 0.787477
vt 0.429168 0.789416
vt 0.353818 0.670864
vt 0.353818 0.747863
vt 0.368728 0.772667
vt 0.387516 0.789416
vt 0.462866 0.777275
vt 0.447956 0.795043
vt 0.408342 0.802387
vt 0.429168 0.805056
vt 0.353818 0.777275
vt 0.368728 0.795043
vt 0.387516 0.805056
vt 0.462866 0.803807
vt 0.447956 0.812800
vt 0.353818 0.803807
vt 0.368728 0.812800
vt 0.462866 0.824863
vt 0.353818 0.824863
vt 0.793145 0.723159
vt 0.793145 0.775935
vt 0.774357 0.772977
vt 0.774357 0.717533
vt 0.808054 0.731924
vt 0.808054 0.780542
vt 0.793145 0.834436
vt 0.774357 0.834436
vt 0.753531 0.771957
vt 0.753531 0.715595
vt 0.793145 0.681277
vt 0.774357 0.673533
vt 0.808054 0.834436
vt 0.808054 0.693340
vt 0.793145 0.892937
vt 0.774357 0.895895
vt 0.753531 0.834436
vt 0.732704 0.772977
vt 0.732704 0.717533
vt 0.753531 0.670864
vt 0.808054 0.888330
vt 0.793145 0.945712
vt 0.774357 0.951339
vt 0.753531 0.896915
vt 0.732704 0.834436
vt 0.713917 0.775935
vt 0.713917 0.723159
vt 0.732704 0.673533
vt 0.808054 0.936948
vt 0.793145 0.987595
vt 0.774357 0.995339
vt 0.753531 0.953277
vt 0.732704 0.895895
vt 0.713917 0.834436
vt 0.699007 0.780542
vt 0.699007 0.731924
vt 0.713917 0.681277
vt 0.808054 0.975532
vt 0.753531 0.998008
vt 0.732704 0.951339
vt 0.713917 0.892937
vt 0.699007 0.834436
vt 0.699007 0.693340
vt 0.732704 0.995339
vt 0.713917 0.945712
vt 0.699007 0.888330
vt 0.713917 0.987595
vt 0.699007 0.936948
vt 0.699007 0.975532
vt 0.678082 0.892937
vt 0.678082 0.945712
vt 0.659294 0.951338
vt 0.659294 0.895895
vt 0.692992 0.888330
vt 0.692992 0.936948
vt 0.678082 0.987595
vt 0.659294 0.995339
vt 0.638468 0.953277
vt 0.638468 0.896914
vt 0.678082 0.834436
vt 0.659294 0.834436
vt 0.692992 0.975532
vt 0.692992 0.834436
vt 0.638468 0.998008
vt 0.617642 0.951338
vt 0.617642 0.895895
vt 0.638468 0.834436
vt 0.678082 0.775935
vt 0.659294 0.772977
vt 0.692992 0.780542
vt 0.617642 0.995339
vt 0.598854 0.945712
vt 0.598854 0.892937
vt 0.617642 0.834436
vt 0.638468 0.771957
vt 0.678082 0.723159
vt 0.659294 0.717533
vt 0.692992 0.731924
vt 0.598854 0.987595
vt 0.583944 0.936948
vt 0.583944 0.888330
vt 0.598854 0.834436
vt 0.617642 0.772977
vt 0.638468 0.715594
vt 0.678082 0.681277
vt 0.659294 0.673533
vt 0.692992 0.693340
vt 0.583944 0.975532
vt 0.583944 0.834436
vt 0.598854 0.775935
vt 0.617642 0.717533
vt 0.638468 0.670864
vt 0.583944 0.780542
vt 0.598854 0.723159
vt 0.617642 0.673533
vt 0.583944 0.731924
vt 0.598854 0.681277
vt 0.583944 0.693340
vt 0.238342 0.099397
vt 0.211810 0.085878
vt 0.217616 0.068010
vt 0.249385 0.084198
vt 0.182399 0.081220
vt 0.182399 0.062432
vt 0.224051 0.048203
vt 0.261627 0.067349
vt 0.259398 0.120453
vt 0.274597 0.109410
vt 0.152988 0.085878
vt 0.147182 0.068010
vt 0.182399 0.041606
vt 0.230487 0.028396
vt 0.273868 0.050500
vt 0.291446 0.097168
vt 0.272916 0.146985
vt 0.290785 0.141180
vt 0.126455 0.099397
vt 0.115412 0.084198
vt 0.140746 0.048203
vt 0.182399 0.020780
vt 0.236292 0.010528
vt 0.284911 0.035300
vt 0.308295 0.084927
vt 0.310592 0.134744
vt 0.258736 0.151593
vt 0.247336 0.129217
vt 0.273116 0.334471
vt 0.291024 0.334471
vt 0.105399 0.120453
vt 0.090200 0.109410
vt 0.103171 0.067349
vt 0.134310 0.028397
vt 0.182399 0.001992
vt 0.323494 0.073884
vt 0.330399 0.128308
vt 0.310874 0.334471
vt 0.258905 0.334471
vt 0.272916 0.521957
vt 0.290785 0.527763
vt 0.091881 0.146985
vt 0.074012 0.141180
vt 0.073351 0.097168
vt 0.090930 0.050500
vt 0.128505 0.010528
vt 0.348267 0.122502
vt 0.330725 0.334471
vt 0.310592 0.534199
vt 0.258736 0.517350
vt 0.259398 0.548489
vt 0.274597 0.559532
vt 0.117462 0.129217
vt 0.106061 0.151593
vt 0.091681 0.334471
vt 0.073774 0.334471
vt 0.054205 0.134744
vt 0.056502 0.084927
vt 0.079887 0.035301
vt 0.335557 0.065120
vt 0.362448 0.117895
vt 0.348633 0.334471
vt 0.330399 0.540634
vt 0.291446 0.571774
vt 0.247336 0.539725
vt 0.238342 0.569546
vt 0.249385 0.584745
vt 0.105892 0.334471
vt 0.091881 0.521957
vt 0.074012 0.527763
vt 0.053923 0.334471
vt 0.034398 0.128308
vt 0.041303 0.073884
vt 0.362844 0.334471
vt 0.348267 0.546440
vt 0.308295 0.584015
vt 0.261627 0.601594
vt 0.211810 0.583064
vt 0.217616 0.600933
vt 0.106061 0.517350
vt 0.105399 0.548489
vt 0.090200 0.559532
vt 0.054205 0.534199
vt 0.034073 0.334471
vt 0.016531 0.122502
vt 0.362448 0.551048
vt 0.323494 0.595058
vt 0.273868 0.618443
vt 0.224051 0.620739
vt 0.182399 0.587722
vt 0.182399 0.606510
vt 0.117462 0.539725
vt 0.126455 0.569546
vt 0.115412 0.584745
vt 0.073351 0.571774
vt 0.034398 0.540634
vt 0.016165 0.334471
vt 0.002350 0.117895
vt 0.029240 0.065120
vt 0.335557 0.603822
vt 0.284911 0.633642
vt 0.230487 0.640546
vt 0.182399 0.627337
vt 0.152988 0.583064
vt 0.147182 0.600933
vt 0.103171 0.601593
vt 0.056502 0.584015
vt 0.016531 0.546440
vt 0.001953 0.334471
vt 0.236292 0.658414
vt 0.182399 0.648162
vt 0.140746 0.620739
vt 0.090930 0.618443
vt 0.041303 0.595058
vt 0.002350 0.551048
vt 0.182399 0.666950
vt 0.134310 0.640546
vt 0.079887 0.633642
vt 0.029240 0.603822
vt 0.128505 0.658414
vt 0.446978 0.035300
vt 0.495596 0.010528
vt 0.501401 0.028396
vt 0.458021 0.050500
vt 0.549490 0.001992
vt 0.549490 0.020780
vt 0.507837 0.048203
vt 0.470262 0.067349
vt 0.408394 0.073884
vt 0.423593 0.084927
vt 0.603383 0.010528
vt 0.597578 0.028397
vt 0.549490 0.041606
vt 0.514273 0.068010
vt 0.482503 0.084198
vt 0.440442 0.097168
vt 0.383622 0.122502
vt 0.401489 0.128308
vt 0.652002 0.035301
vt 0.640959 0.050500
vt 0.591142 0.048203
vt 0.549490 0.062432
vt 0.520079 0.085878
vt 0.493546 0.099397
vt 0.457291 0.109410
vt 0.421296 0.134744
vt 0.369441 0.117895
vt 0.396331 0.065120
vt 0.383256 0.334471
vt 0.401164 0.334471
vt 0.690585 0.073884
vt 0.675386 0.084927
vt 0.628718 0.067349
vt 0.584707 0.068010
vt 0.549490 0.081220
vt 0.472490 0.120453
vt 0.441103 0.141180
vt 0.421014 0.334471
vt 0.369044 0.334471
vt 0.383622 0.546440
vt 0.401489 0.540634
vt 0.715358 0.122502
vt 0.697490 0.128308
vt 0.658537 0.097168
vt 0.616476 0.084198
vt 0.578901 0.085878
vt 0.458972 0.146985
vt 0.440865 0.334471
vt 0.421296 0.534199
vt 0.369441 0.551048
vt 0.408394 0.595058
vt 0.423593 0.584015
vt 0.702648 0.065120
vt 0.729539 0.117895
vt 0.715724 0.334471
vt 0.697816 0.334471
vt 0.677683 0.134744
vt 0.641688 0.109410
vt 0.605433 0.099397
vt 0.484553 0.129217
vt 0.473152 0.151593
vt 0.458772 0.334471
vt 0.441103 0.527763
vt 0.440442 0.571774
vt 0.396331 0.603823
vt 0.446978 0.633642
vt 0.458021 0.618443
vt 0.729935 0.334471
vt 0.715358 0.546440
vt 0.697490 0.540634
vt 0.677965 0.334471
vt 0.657876 0.141180
vt 0.626489 0.120453
vt 0.472984 0.334471
vt 0.458972 0.521957
vt 0.457291 0.559532
vt 0.470262 0.601594
vt 0.495596 0.658414
vt 0.501401 0.640546
vt 0.729539 0.551048
vt 0.690585 0.595058
vt 0.675386 0.584015
vt 0.677683 0.534199
vt 0.658114 0.334471
vt 0.640008 0.146985
vt 0.473152 0.517350
vt 0.472490 0.548489
vt 0.482503 0.584745
vt 0.507837 0.620739
vt 0.549490 0.666950
vt 0.549490 0.648162
vt 0.702648 0.603823
vt 0.652002 0.633642
vt 0.640959 0.618443
vt 0.658537 0.571774
vt 0.657876 0.527763
vt 0.640207 0.334471
vt 0.625827 0.151593
vt 0.614427 0.129217
vt 0.484553 0.539726
vt 0.493546 0.569545
vt 0.514273 0.600933
vt 0.549490 0.627337
vt 0.603383 0.658414
vt 0.597578 0.640546
vt 0.628718 0.601593
vt 0.641688 0.559532
vt 0.640008 0.521957
vt 0.625996 0.334471
vt 0.520079 0.583064
vt 0.549490 0.606510
vt 0.591142 0.620739
vt 0.616476 0.584745
vt 0.626489 0.548489
vt 0.625827 0.517350
vt 0.549490 0.587722
vt 0.584707 0.600933
vt 0.605433 0.569545
vt 0.614427 0.539726
vt 0.578901 0.583064
vt 0.938927 0.586091
vt 0.938927 0.567304
vt 0.959754 0.565365
vt 0.959754 0.585072
vt 0.918101 0.585072
vt 0.918101 0.565365
vt 0.978541 0.559738
vt 0.978541 0.582114
vt 0.938927 0.764992
vt 0.959455 0.764992
vt 0.899313 0.582114
vt 0.899313 0.559738
vt 0.918400 0.764992
vt 0.977972 0.764992
vt 0.938927 0.943894
vt 0.959754 0.944913
vt 0.899883 0.764992
vt 0.918101 0.944913
vt 0.978541 0.947871
vt 0.938927 0.962681
vt 0.959754 0.964620
vt 0.899313 0.947871
vt 0.918101 0.964620
vt 0.978541 0.970247
vt 0.899313 0.970247
vt 0.853684 0.943894
vt 0.853684 0.962681
vt 0.832858 0.964620
vt 0.832858 0.944913
vt 0.874510 0.944913
vt 0.874510 0.964620
vt 0.814070 0.970247
vt 0.814070 0.947871
vt 0.853684 0.764993
vt 0.833157 0.764993
vt 0.893298 0.947871
vt 0.893298 0.970247
vt 0.874211 0.764993
vt 0.814639 0.764992
vt 0.853684 0.586091
vt 0.832858 0.585072
vt 0.892729 0.764993
vt 0.874510 0.585072
vt 0.814070 0.582114
vt 0.853684 0.567304
vt 0.832858 0.565365
vt 0.893298 0.582114
vt 0.874510 0.565365
vt 0.814070 0.559738
vt 0.893298 0.559738
vt 0.737855 0.062332
vt 0.737855 0.009557
vt 0.756643 0.003931
vt 0.756643 0.059374
vt 0.777469 0.001992
vt 0.777469 0.058355
vt 0.738424 0.278908
vt 0.756942 0.278908
vt 0.798295 0.003931
vt 0.798295 0.059374
vt 0.777469 0.278908
vt 0.737855 0.495485
vt 0.756643 0.498443
vt 0.817083 0.009557
vt 0.817083 0.062332
vt 0.797996 0.278908
vt 0.777469 0.499462
vt 0.737855 0.548260
vt 0.756643 0.553886
vt 0.816514 0.278908
vt 0.798295 0.498443
vt 0.777469 0.555825
vt 0.817083 0.495485
vt 0.798295 0.553886
vt 0.817083 0.548260
vt 0.903075 0.495485
vt 0.903075 0.548260
vt 0.884287 0.553886
vt 0.884287 0.498442
vt 0.863461 0.555824
vt 0.863461 0.499462
vt 0.902506 0.278908
vt 0.883988 0.278908
vt 0.842635 0.553886
vt 0.842635 0.498442
vt 0.863461 0.278908
vt 0.903075 0.062332
vt 0.884287 0.059374
vt 0.823847 0.548260
vt 0.823847 0.495485
vt 0.842934 0.278908
vt 0.863461 0.058355
vt 0.903075 0.009557
vt 0.884287 0.003931
vt 0.824416 0.278908
vt 0.842635 0.059374
vt 0.863461 0.001992
vt 0.823847 0.062332
vt 0.842635 0.003931
vt 0.823847 0.009557
vn -0.807633 -0.589592 0.010509
vn -0.950329 -0.311201 0.005349
vn -0.900416 -0.288944 0.325211
vn -0.765232 -0.552678 0.330100
vn -0.585884 -0.810263 0.014641
vn -0.555159 -0.761730 0.334015
vn -0.047468 -0.998705 0.018305
vn -0.047468 -0.943331 0.328441
vn 0.002347 -0.999829 0.018344
vn 0.002126 -0.948859 0.315692
vn 0.052157 -0.998471 0.018338
vn 0.051685 -0.943098 0.328475
vn 0.589683 -0.807495 0.015041
vn 0.558512 -0.759108 0.334393
vn 0.810392 -0.585784 0.011059
vn 0.767602 -0.549068 0.330622
vn 0.951779 -0.306726 0.005992
vn 0.901545 -0.284703 0.325823
vn 0.999997 0.002354 0.000339
vn 0.947224 0.008103 0.320470
vn 0.950328 0.311204 -0.005345
vn 0.900170 0.300693 0.315084
vn 0.807632 0.589593 -0.010507
vn 0.764987 0.564423 0.310195
vn 0.585887 0.810261 -0.014638
vn 0.554918 0.773473 0.306278
vn 0.047468 0.998705 -0.018299
vn 0.047229 0.954743 0.293658
vn -0.002347 0.999829 -0.018339
vn -0.002354 0.959799 0.280677
vn -0.052157 0.998471 -0.018333
vn -0.051923 0.954509 0.293625
vn -0.589683 0.807495 -0.015036
vn -0.558759 0.770853 0.305900
vn -0.810393 0.585783 -0.011053
vn -0.767847 0.560815 0.309674
vn -0.951779 0.306726 -0.005988
vn -0.901790 0.296450 0.314472
vn -0.999997 -0.002351 -0.000337
vn -0.947470 0.003646 0.319825
vn -0.757251 -0.236810 0.608680
vn -0.643579 -0.458571 0.612796
vn -0.466935 -0.634358 0.616086
vn -0.045782 -0.792448 0.608219
vn 0.001704 -0.808884 0.587966
vn 0.049099 -0.792225 0.608251
vn 0.469498 -0.632153 0.616404
vn 0.645316 -0.455537 0.613232
vn 0.757945 -0.233244 0.609193
vn 0.796356 0.012963 0.604689
vn 0.756789 0.258987 0.600164
vn 0.643118 0.480745 0.596057
vn 0.466474 0.656533 0.592762
vn 0.045327 0.814224 0.578778
vn -0.002143 0.829906 0.557899
vn -0.049553 0.814001 0.578746
vn -0.469962 0.654329 0.592444
vn -0.645777 0.477712 0.595620
vn -0.758405 0.255419 0.599652
vn -0.796817 0.009214 0.604150
vn -0.538565 -0.161141 0.827031
vn -0.457746 -0.318819 0.829953
vn -0.332149 -0.443806 0.832294
vn -0.039107 -0.558634 0.828492
vn 0.001107 -0.587081 0.809528
vn 0.041174 -0.558445 0.828519
vn 0.333671 -0.442239 0.832519
vn 0.458680 -0.316662 0.830264
vn 0.538757 -0.158606 0.827396
vn 0.566066 0.016449 0.824196
vn 0.537935 0.191374 0.820976
vn 0.457117 0.349051 0.818051
vn 0.331519 0.474038 0.815710
vn 0.038481 0.588646 0.807475
vn -0.001718 0.616377 0.787449
vn -0.041800 0.588457 0.807447
vn -0.334301 0.472471 0.815484
vn -0.459310 0.346895 0.817740
vn -0.539388 0.188838 0.820610
vn -0.566696 0.013783 0.823811
vn -0.268382 -0.070170 0.960754
vn -0.228141 -0.148684 0.962208
vn -0.165602 -0.210918 0.963374
vn -0.024616 -0.265961 0.963670
vn 0.000383 -0.300337 0.953833
vn 0.025213 -0.265844 0.963686
vn 0.165939 -0.210138 0.963487
vn 0.228185 -0.147610 0.962363
vn 0.268058 -0.068907 0.960935
vn 0.281656 0.018261 0.959342
vn 0.267649 0.105364 0.957738
vn 0.227408 0.183878 0.956282
vn 0.164868 0.246113 0.955116
vn 0.023882 0.301127 0.953285
vn -0.001109 0.335119 0.942175
vn -0.025947 0.301010 0.953268
vn -0.166672 0.245332 0.955004
vn -0.228919 0.182804 0.956127
vn -0.268792 0.104102 0.957556
vn -0.282390 0.016934 0.959150
vn 0.025901 0.026941 0.999301
vn 0.021953 0.034640 0.999159
vn 0.015821 0.040742 0.999045
vn -0.001977 0.052137 0.998638
vn -0.000391 0.021915 0.999760
vn 0.001054 0.052144 0.998639
vn -0.016690 0.040666 0.999033
vn -0.022795 0.034535 0.999144
vn -0.026705 0.026817 0.999284
vn -0.028039 0.018269 0.999440
vn -0.026665 0.009728 0.999597
vn -0.022718 0.002029 0.999740
vn -0.016585 -0.004073 0.999854
vn 0.001213 -0.015475 0.999880
vn -0.000374 0.014768 0.999891
vn -0.001819 -0.015482 0.999879
vn 0.015926 -0.003997 0.999865
vn 0.022030 0.002134 0.999755
vn 0.025941 0.009852 0.999615
vn 0.027274 0.018399 0.999459
vn 0.315735 0.120808 0.941125
vn 0.268272 0.213404 0.939409
vn 0.194514 0.286802 0.938035
vn 0.026198 0.360053 0.932564
vn -0.001122 0.341317 0.939948
vn -0.028526 0.359924 0.932545
vn -0.196500 0.285883 0.937901
vn -0.269913 0.212137 0.939226
vn -0.316937 0.119319 0.940911
vn -0.332973 0.016514 0.942792
vn -0.316454 -0.086214 0.944682
vn -0.268994 -0.178809 0.946398
vn -0.195236 -0.252208 0.947773
vn -0.026916 -0.325608 0.945122
vn 0.000399 -0.306613 0.951834
vn 0.027807 -0.325479 0.945140
vn 0.195778 -0.251288 0.947906
vn 0.269191 -0.177543 0.946581
vn 0.316215 -0.084725 0.944897
vn 0.332253 0.018079 0.943017
vn 0.573824 0.202625 0.793517
vn 0.487617 0.370806 0.790400
vn 0.353649 0.504123 0.787904
vn 0.055367 0.627036 0.777020
vn -0.001727 0.620414 0.784272
vn -0.058845 0.626767 0.776981
vn -0.356554 0.502451 0.787663
vn -0.489893 0.368505 0.790069
vn -0.575308 0.199920 0.793128
vn -0.604437 0.013194 0.796543
vn -0.574432 -0.173393 0.799977
vn -0.488226 -0.341575 0.803095
vn -0.354259 -0.474891 0.805592
vn -0.055970 -0.598116 0.799453
vn 0.001118 -0.591232 0.806501
vn 0.058242 -0.597847 0.799491
vn 0.355944 -0.473220 0.805833
vn 0.489283 -0.339273 0.803427
vn 0.574698 -0.170688 0.800367
vn 0.603829 0.016037 0.796952
vn 0.776585 0.264944 0.571595
vn 0.659946 0.492497 0.567378
vn 0.478685 0.672873 0.564005
vn 0.080548 0.830465 0.551217
vn -0.002146 0.831765 0.555124
vn -0.084831 0.830076 0.551161
vn -0.482230 0.670610 0.563680
vn -0.662640 0.489383 0.566932
vn -0.778210 0.261285 0.571069
vn -0.817626 0.008642 0.575685
vn -0.777024 -0.243813 0.580335
vn -0.660385 -0.471365 0.584557
vn -0.479126 -0.651741 0.587939
vn -0.080982 -0.809690 0.581243
vn 0.001710 -0.810845 0.585259
vn 0.084398 -0.809301 0.581299
vn 0.481790 -0.649479 0.588265
vn 0.662200 -0.468252 0.585005
vn 0.777770 -0.240153 0.580862
vn 0.817186 0.012490 0.576239
vn 0.905873 0.302217 0.296749
vn 0.769838 0.567615 0.291828
vn 0.558435 0.777990 0.287893
vn 0.097535 0.955603 0.278045
vn -0.002355 0.960245 0.279148
vn -0.102221 0.955133 0.277977
vn -0.562287 0.775352 0.287511
vn -0.772700 0.563984 0.291301
vn -0.907486 0.297950 0.296132
vn -0.953454 0.003293 0.301521
vn -0.906103 -0.291144 0.306939
vn -0.770069 -0.556540 0.311859
vn -0.558666 -0.766915 0.315806
vn -0.097761 -0.944764 0.312832
vn 0.002128 -0.949361 0.314180
vn 0.101996 -0.944294 0.312898
vn 0.562056 -0.764278 0.316186
vn 0.772468 -0.552910 0.312384
vn 0.907255 -0.286875 0.307556
vn 0.953222 0.007781 0.302169
vn 0.950329 0.311201 -0.005345
vn 0.807638 0.589585 -0.010507
vn 0.585891 0.810257 -0.014640
vn 0.103591 0.994453 -0.018203
vn -0.002347 0.999829 -0.018342
vn -0.108259 0.993955 -0.018275
vn -0.589689 0.807490 -0.015039
vn -0.810396 0.585778 -0.011056
vn -0.951779 0.306725 -0.005991
vn -0.999997 -0.002354 -0.000339
vn -0.950329 -0.311203 0.005345
vn -0.807637 -0.589587 0.010507
vn -0.585891 -0.810258 0.014640
vn -0.103591 -0.994453 0.018203
vn 0.002347 -0.999829 0.018342
vn 0.108259 -0.993955 0.018275
vn 0.589688 -0.807491 0.015039
vn 0.810397 -0.585777 0.011056
vn 0.951780 -0.306724 0.005991
vn 0.999997 0.002354 0.000339
vn 0.906103 0.291143 -0.306940
vn 0.770069 0.556540 -0.311861
vn 0.558666 0.766915 -0.315807
vn 0.097761 0.944764 -0.312832
vn -0.002128 0.949361 -0.314180
vn -0.101995 0.944294 -0.312899
vn -0.562056 0.764277 -0.316185
vn -0.772469 0.552910 -0.312382
vn -0.907256 0.286876 -0.307554
vn -0.953223 -0.007781 -0.302168
vn -0.905873 -0.302218 -0.296747
vn -0.769838 -0.567615 -0.291826
vn -0.558435 -0.777990 -0.287892
vn -0.097535 -0.955603 -0.278045
vn 0.002355 -0.960246 -0.279147
vn 0.102222 -0.955134 -0.277975
vn 0.562287 -0.775352 -0.287512
vn 0.772699 -0.563984 -0.291304
vn 0.907486 -0.297950 -0.296133
vn 0.953454 -0.003293 -0.301522
vn 0.777026 0.243812 -0.580333
vn 0.660387 0.471365 -0.584554
vn 0.479126 0.651742 -0.587938
vn 0.080982 0.809691 -0.581243
vn -0.001710 0.810845 -0.585259
vn -0.084398 0.809301 -0.581299
vn -0.481790 0.649479 -0.588265
vn -0.662200 0.468251 -0.585006
vn -0.777769 0.240153 -0.580863
vn -0.817185 -0.012490 -0.576240
vn -0.776583 -0.264944 -0.571597
vn -0.659945 -0.492497 -0.567380
vn -0.478685 -0.672873 -0.564006
vn -0.080548 -0.830465 -0.551217
vn 0.002146 -0.831765 -0.555124
vn 0.084831 -0.830076 -0.551161
vn 0.482230 -0.670611 -0.563680
vn 0.662641 -0.489383 -0.566931
vn 0.778210 -0.261285 -0.571069
vn 0.817626 -0.008642 -0.575684
vn 0.574434 0.173393 -0.799976
vn 0.488226 0.341574 -0.803095
vn 0.354259 0.474891 -0.805593
vn 0.055970 0.598116 -0.799452
vn -0.001118 0.591232 -0.806501
vn -0.058242 0.597847 -0.799491
vn -0.355944 0.473219 -0.805834
vn -0.489283 0.339273 -0.803428
vn -0.574698 0.170688 -0.800367
vn -0.603827 -0.016038 -0.796954
vn -0.573822 -0.202625 -0.793519
vn -0.487617 -0.370807 -0.790400
vn -0.353649 -0.504124 -0.787903
vn -0.055367 -0.627036 -0.777020
vn 0.001727 -0.620414 -0.784272
vn 0.058845 -0.626767 -0.776981
vn 0.356553 -0.502452 -0.787663
vn 0.489893 -0.368505 -0.790069
vn 0.575308 -0.199920 -0.793129
vn 0.604439 -0.013195 -0.796542
vn 0.316457 0.086214 -0.944681
vn 0.268994 0.178810 -0.946398
vn 0.195236 0.252208 -0.947773
vn 0.026916 0.325609 -0.945122
vn -0.000399 0.306614 -0.951834
vn -0.027807 0.325480 -0.945140
vn -0.195779 0.251289 -0.947905
vn -0.269192 0.177543 -0.946580
vn -0.316216 0.084725 -0.944896
vn -0.332253 -0.018080 -0.943017
vn -0.315733 -0.120808 -0.941126
vn -0.268274 -0.213404 -0.939408
vn -0.194515 -0.286803 -0.938034
vn -0.026198 -0.360054 -0.932564
vn 0.001122 -0.341318 -0.939947
vn 0.028526 -0.359925 -0.932545
vn 0.196500 -0.285883 -0.937901
vn 0.269913 -0.212138 -0.939225
vn 0.316938 -0.119319 -0.940911
vn 0.332975 -0.016516 -0.942791
vn 0.026666 -0.009728 -0.999597
vn 0.022718 -0.002029 -0.999740
vn 0.016585 0.004073 -0.999854
vn -0.001213 0.015475 -0.999880
vn 0.000374 -0.014769 -0.999891
vn 0.001819 0.015482 -0.999879
vn -0.015926 0.003997 -0.999865
vn -0.022030 -0.002134 -0.999755
vn -0.025941 -0.009852 -0.999615
vn -0.027274 -0.018400 -0.999459
vn -0.025901 -0.026941 -0.999301
vn -0.021953 -0.034640 -0.999159
vn -0.015821 -0.040742 -0.999044
vn 0.001977 -0.052137 -0.998638
vn 0.000391 -0.021914 -0.999760
vn -0.001054 -0.052144 -0.998639
vn 0.016690 -0.040666 -0.999033
vn 0.022795 -0.034535 -0.999144
vn 0.026706 -0.026817 -0.999284
vn 0.028038 -0.018270 -0.999440
vn -0.267647 -0.105363 -0.957739
vn -0.227407 -0.183878 -0.956282
vn -0.164868 -0.246112 -0.955117
vn -0.023882 -0.301126 -0.953285
vn 0.001109 -0.335118 -0.942176
vn 0.025947 -0.301009 -0.953268
vn 0.166672 -0.245331 -0.955004
vn 0.228918 -0.182803 -0.956127
vn 0.268791 -0.104101 -0.957556
vn 0.282389 -0.016933 -0.959150
vn 0.268383 0.070170 -0.960753
vn 0.228141 0.148684 -0.962208
vn 0.165601 0.210918 -0.963374
vn 0.024616 0.265960 -0.963670
vn -0.000383 0.300337 -0.953833
vn -0.025213 0.265843 -0.963687
vn -0.165938 0.210137 -0.963487
vn -0.228185 0.147610 -0.962363
vn -0.268058 0.068907 -0.960935
vn -0.281656 -0.018260 -0.959342
vn -0.537934 -0.191374 -0.820977
vn -0.457116 -0.349051 -0.818052
vn -0.331519 -0.474038 -0.815710
vn -0.038481 -0.588644 -0.807476
vn 0.001718 -0.616376 -0.787450
vn 0.041799 -0.588455 -0.807449
vn 0.334301 -0.472471 -0.815484
vn 0.459310 -0.346895 -0.817740
vn 0.539387 -0.188839 -0.820611
vn 0.566696 -0.013783 -0.823812
vn 0.538565 0.161142 -0.827031
vn 0.457747 0.318820 -0.829953
vn 0.332149 0.443806 -0.832294
vn 0.039107 0.558634 -0.828492
vn -0.001107 0.587080 -0.809528
vn -0.041174 0.558445 -0.828519
vn -0.333670 0.442239 -0.832520
vn -0.458679 0.316662 -0.830264
vn -0.538757 0.158606 -0.827396
vn -0.566066 -0.016449 -0.824196
vn -0.756788 -0.258986 -0.600165
vn -0.643118 -0.480746 -0.596056
vn -0.466473 -0.656534 -0.592762
vn -0.045327 -0.814223 -0.578781
vn 0.002143 -0.829904 -0.557902
vn 0.049552 -0.813999 -0.578748
vn 0.469961 -0.654329 -0.592445
vn 0.645779 -0.477713 -0.595618
vn 0.758407 -0.255421 -0.599649
vn 0.796819 -0.009213 -0.604148
vn 0.757252 0.236812 -0.608679
vn 0.643581 0.458571 -0.612794
vn 0.466936 0.634358 -0.616085
vn 0.045781 0.792448 -0.608218
vn -0.001704 0.808884 -0.587965
vn -0.049099 0.792225 -0.608251
vn -0.469499 0.632153 -0.616404
vn -0.645315 0.455535 -0.613235
vn -0.757943 0.233244 -0.609196
vn -0.796355 -0.012963 -0.604691
vn -0.900171 -0.300690 -0.315082
vn -0.764989 -0.564422 -0.310193
vn -0.554913 -0.773477 -0.306277
vn -0.047229 -0.954744 -0.293657
vn 0.002354 -0.959800 -0.280675
vn 0.051923 -0.954510 -0.293622
vn 0.558757 -0.770854 -0.305900
vn 0.767846 -0.560815 -0.309675
vn 0.901789 -0.296452 -0.314472
vn 0.947469 -0.003643 -0.319827
vn 0.900415 0.288948 -0.325211
vn 0.765232 0.552678 -0.330102
vn 0.555160 0.761729 -0.334016
vn 0.047467 0.943331 -0.328440
vn -0.002126 0.948860 -0.315691
vn -0.051685 0.943098 -0.328474
vn -0.558513 0.759108 -0.334394
vn -0.767602 0.549068 -0.330621
vn -0.901544 0.284706 -0.325823
vn -0.947224 -0.008102 -0.320469
s 1
g pTorus3
usemtl lambert2SG
f 1198/1660/1285 1197/1661/1286 1217/1662/1287 1218/1663/1288
f 1199/1670/1289 1198/1660/1285 1218/1663/1288 1219/1671/1290
f 1200/2096/1291 1199/2097/1289 1219/2098/1290 1220/2099/1292
f 1201/2104/1293 1200/2096/1291 1220/2099/1292 1221/2105/1294
f 1202/2110/1295 1201/2104/1293 1221/2105/1294 1222/2111/1296
f 1203/2115/1297 1202/2110/1295 1222/2111/1296 1223/2116/1298
f 1204/1710/1299 1203/1715/1297 1223/1716/1298 1224/1711/1300
f 1205/1709/1301 1204/1710/1299 1224/1711/1300 1225/1712/1302
f 1206/1719/1303 1205/1709/1301 1225/1712/1302 1226/1720/1304
f 1207/1729/1305 1206/1719/1303 1226/1720/1304 1227/1730/1306
f 1208/1739/1307 1207/1729/1305 1227/1730/1306 1228/1740/1308
f 1209/1747/1309 1208/1739/1307 1228/1740/1308 1229/1748/1310
f 1210/2121/1311 1209/2122/1309 1229/2123/1310 1230/2124/1312
f 1211/2129/1313 1210/2121/1311 1230/2124/1312 1231/2130/1314
f 1212/2135/1315 1211/2129/1313 1231/2130/1314 1232/2136/1316
f 1213/2140/1317 1212/2135/1315 1232/2136/1316 1233/2141/1318
f 1214/1687/1319 1213/1696/1317 1233/1697/1318 1234/1688/1320
f 1215/1676/1321 1214/1687/1319 1234/1688/1320 1235/1677/1322
f 1216/1666/1323 1215/1676/1321 1235/1677/1322 1236/1667/1324
f 1197/1661/1286 1216/1666/1323 1236/1667/1324 1217/1662/1287
f 1218/1663/1288 1217/1662/1287 1237/1668/1325 1238/1669/1326
f 1219/1671/1290 1218/1663/1288 1238/1669/1326 1239/1681/1327
f 1220/2099/1292 1219/2098/1290 1239/2102/1327 1240/2103/1328
f 1221/2105/1294 1220/2099/1292 1240/2103/1328 1241/2109/1329
f 1222/2111/1296 1221/2105/1294 1241/2109/1329 1242/2114/1330
f 1223/2116/1298 1222/2111/1296 1242/2114/1330 1243/2119/1331
f 1224/1711/1300 1223/1716/1298 1243/1725/1331 1244/1717/1332
f 1225/1712/1302 1224/1711/1300 1244/1717/1332 1245/1718/1333
f 1226/1720/1304 1225/1712/1302 1245/1718/1333 1246/1728/1334
f 1227/1730/1306 1226/1720/1304 1246/1728/1334 1247/1738/1335
f 1228/1740/1308 1227/1730/1306 1247/1738/1335 1248/1746/1336
f 1229/1748/1310 1228/1740/1308 1248/1746/1336 1249/1753/1337
f 1230/2124/1312 1229/2123/1310 1249/2127/1337 1250/2128/1338
f 1231/2130/1314 1230/2124/1312 1250/2128/1338 1251/2134/1339
f 1232/2136/1316 1231/2130/1314 1251/2134/1339 1252/2139/1340
f 1233/2141/1318 1232/2136/1316 1252/2139/1340 1253/2144/1341
f 1234/1688/1320 1233/1697/1318 1253/1703/1341 1254/1698/1342
f 1235/1677/1322 1234/1688/1320 1254/1698/1342 1255/1689/1343
f 1236/1667/1324 1235/1677/1322 1255/1689/1343 1256/1678/1344
f 1217/1662/1287 1236/1667/1324 1256/1678/1344 1237/1668/1325
f 1238/1669/1326 1237/1668/1325 1257/1679/1345 1258/1680/1346
f 1239/1681/1327 1238/1669/1326 1258/1680/1346 1259/1691/1347
f 1240/1882/1328 1239/1883/1327 1259/1864/1347 1260/1872/1348
f 1241/1894/1329 1240/1882/1328 1260/1872/1348 1261/1884/1349
f 1242/1905/1330 1241/1894/1329 1261/1884/1349 1262/1895/1350
f 1243/1920/1331 1242/1905/1330 1262/1895/1350 1263/1906/1351
f 1244/1717/1332 1243/1725/1331 1263/1736/1351 1264/1726/1352
f 1245/1718/1333 1244/1717/1332 1264/1726/1352 1265/1727/1353
f 1246/1728/1334 1245/1718/1333 1265/1727/1353 1266/1737/1354
f 1247/1738/1335 1246/1728/1334 1266/1737/1354 1267/1745/1355
f 1248/1746/1336 1247/1738/1335 1267/1745/1355 1268/1752/1356
f 1249/1753/1337 1248/1746/1336 1268/1752/1356 1269/1756/1357
f 1250/1935/1338 1249/1947/1337 1269/1936/1357 1270/1924/1358
f 1251/1923/1339 1250/1935/1338 1270/1924/1358 1271/1910/1359
f 1252/1909/1340 1251/1923/1339 1271/1910/1359 1272/1897/1360
f 1253/1908/1341 1252/1909/1340 1272/1897/1360 1273/1886/1361
f 1254/1698/1342 1253/1703/1341 1273/1707/1361 1274/1704/1362
f 1255/1689/1343 1254/1698/1342 1274/1704/1362 1275/1699/1363
f 1256/1678/1344 1255/1689/1343 1275/1699/1363 1276/1690/1364
f 1237/1668/1325 1256/1678/1344 1276/1690/1364 1257/1679/1345
f 1258/1856/1346 1257/1857/1345 1277/1858/1365 1278/1859/1366
f 1259/1864/1347 1258/1856/1346 1278/1859/1366 1279/1865/1367
f 1260/1872/1348 1259/1864/1347 1279/1865/1367 1280/1873/1368
f 1261/1884/1349 1260/1872/1348 1280/1873/1368 1281/1885/1369
f 1262/1895/1350 1261/1884/1349 1281/1885/1369 1282/1896/1370
f 1263/1906/1351 1262/1895/1350 1282/1896/1370 1283/1907/1371
f 1264/1921/1352 1263/1906/1351 1283/1907/1371 1284/1922/1372
f 1265/1933/1353 1264/1921/1352 1284/1922/1372 1285/1934/1373
f 1266/1945/1354 1265/1933/1353 1285/1934/1373 1286/1946/1374
f 1267/1959/1355 1266/1945/1354 1286/1946/1374 1287/1960/1375
f 1268/1948/1356 1267/1959/1355 1287/1960/1375 1288/1949/1376
f 1269/1936/1357 1268/1948/1356 1288/1949/1376 1289/1937/1377
f 1270/1924/1358 1269/1936/1357 1289/1937/1377 1290/1925/1378
f 1271/1910/1359 1270/1924/1358 1290/1925/1378 1291/1911/1379
f 1272/1897/1360 1271/1910/1359 1291/1911/1379 1292/1898/1380
f 1273/1886/1361 1272/1897/1360 1292/1898/1380 1293/1887/1381
f 1274/1874/1362 1273/1886/1361 1293/1887/1381 1294/1875/1382
f 1275/1866/1363 1274/1874/1362 1294/1875/1382 1295/1867/1383
f 1276/1860/1364 1275/1866/1363 1295/1867/1383 1296/1861/1384
f 1257/1857/1345 1276/1860/1364 1296/1861/1384 1277/1858/1365
f 1278/1859/1366 1277/1858/1365 1297/1862/1385 1298/1863/1386
f 1279/1865/1367 1278/1859/1366 1298/1863/1386 1299/1871/1387
f 1280/1873/1368 1279/1865/1367 1299/1871/1387 1300/1881/1388
f 1281/1885/1369 1280/1873/1368 1300/1881/1388 1301/1893/1389
f 1282/1896/1370 1281/1885/1369 1301/1893/1389 1302/1904/1390
f 1283/1907/1371 1282/1896/1370 1302/1904/1390 1303/1919/1391
f 1284/1922/1372 1283/1907/1371 1303/1919/1391 1304/1932/1392
f 1285/1934/1373 1284/1922/1372 1304/1932/1392 1305/1944/1393
f 1286/1946/1374 1285/1934/1373 1305/1944/1393 1306/1958/1394
f 1287/1960/1375 1286/1946/1374 1306/1958/1394 1307/1967/1395
f 1288/1949/1376 1287/1960/1375 1307/1967/1395 1308/1961/1396
f 1289/1937/1377 1288/1949/1376 1308/1961/1396 1309/1950/1397
f 1290/1925/1378 1289/1937/1377 1309/1950/1397 1310/1938/1398
f 1291/1911/1379 1290/1925/1378 1310/1938/1398 1311/1926/1399
f 1292/1898/1380 1291/1911/1379 1311/1926/1399 1312/1912/1400
f 1293/1887/1381 1292/1898/1380 1312/1912/1400 1313/1899/1401
f 1294/1875/1382 1293/1887/1381 1313/1899/1401 1314/1888/1402
f 1295/1867/1383 1294/1875/1382 1314/1888/1402 1315/1876/1403
f 1296/1861/1384 1295/1867/1383 1315/1876/1403 1316/1868/1404
f 1277/1858/1365 1296/1861/1384 1316/1868/1404 1297/1862/1385
f 1298/1863/1386 1297/1862/1385 1317/1869/1405 1318/1870/1406
f 1299/1871/1387 1298/1863/1386 1318/1870/1406 1319/1880/1407
f 1300/1881/1388 1299/1871/1387 1319/1880/1407 1320/1892/1408
f 1301/1893/1389 1300/1881/1388 1320/1892/1408 1321/1903/1409
f 1302/1904/1390 1301/1893/1389 1321/1903/1409 1322/1918/1410
f 1303/1919/1391 1302/1904/1390 1322/1918/1410 1323/1931/1411
f 1304/1932/1392 1303/1919/1391 1323/1931/1411 1324/1943/1412
f 1305/1944/1393 1304/1932/1392 1324/1943/1412 1325/1957/1413
f 1306/1958/1394 1305/1944/1393 1325/1957/1413 1326/1966/1414
f 1307/1967/1395 1306/1958/1394 1326/1966/1414 1327/1972/1415
f 1308/1961/1396 1307/1967/1395 1327/1972/1415 1328/1968/1416
f 1309/1950/1397 1308/1961/1396 1328/1968/1416 1329/1962/1417
f 1310/1938/1398 1309/1950/1397 1329/1962/1417 1330/1951/1418
f 1311/1926/1399 1310/1938/1398 1330/1951/1418 1331/1939/1419
f 1312/1912/1400 1311/1926/1399 1331/1939/1419 1332/1927/1420
f 1313/1899/1401 1312/1912/1400 1332/1927/1420 1333/1913/1421
f 1314/1888/1402 1313/1899/1401 1333/1913/1421 1334/1900/1422
f 1315/1876/1403 1314/1888/1402 1334/1900/1422 1335/1889/1423
f 1316/1868/1404 1315/1876/1403 1335/1889/1423 1336/1877/1424
f 1297/1862/1385 1316/1868/1404 1336/1877/1424 1317/1869/1405
f 1318/1870/1406 1317/1869/1405 1337/1878/1425 1338/1879/1426
f 1319/1880/1407 1318/1870/1406 1338/1879/1426 1339/1891/1427
f 1320/1892/1408 1319/1880/1407 1339/1891/1427 1340/1902/1428
f 1321/1903/1409 1320/1892/1408 1340/1902/1428 1341/1917/1429
f 1322/1918/1410 1321/1903/1409 1341/1917/1429 1342/1930/1430
f 1323/1931/1411 1322/1918/1410 1342/1930/1430 1343/1942/1431
f 1324/1943/1412 1323/1931/1411 1343/1942/1431 1344/1956/1432
f 1325/1957/1413 1324/1943/1412 1344/1956/1432 1345/1965/1433
f 1326/1966/1414 1325/1957/1413 1345/1965/1433 1346/1971/1434
f 1327/1972/1415 1326/1966/1414 1346/1971/1434 1347/1975/1435
f 1328/1968/1416 1327/1972/1415 1347/1975/1435 1348/1973/1436
f 1329/1962/1417 1328/1968/1416 1348/1973/1436 1349/1969/1437
f 1330/1951/1418 1329/1962/1417 1349/1969/1437 1350/1963/1438
f 1331/1939/1419 1330/1951/1418 1350/1963/1438 1351/1952/1439
f 1332/1927/1420 1331/1939/1419 1351/1952/1439 1352/1940/1440
f 1333/1913/1421 1332/1927/1420 1352/1940/1440 1353/1928/1441
f 1334/1900/1422 1333/1913/1421 1353/1928/1441 1354/1914/1442
f 1335/1889/1423 1334/1900/1422 1354/1914/1442 1355/1901/1443
f 1336/1877/1424 1335/1889/1423 1355/1901/1443 1356/1890/1444
f 1317/1869/1405 1336/1877/1424 1356/1890/1444 1337/1878/1425
f 1338/1762/1426 1337/1763/1425 1357/1759/1445 1358/1758/1446
f 1339/1771/1427 1338/1762/1426 1358/1758/1446 1359/1768/1447
f 1340/1902/1428 1339/1891/1427 1359/1915/1447 1360/1916/1448
f 1341/1917/1429 1340/1902/1428 1360/1916/1448 1361/1929/1449
f 1342/1930/1430 1341/1917/1429 1361/1929/1449 1362/1941/1450
f 1343/1942/1431 1342/1930/1430 1362/1941/1450 1363/1955/1451
f 1344/1812/1432 1343/1819/1431 1363/1813/1451 1364/1808/1452
f 1345/1811/1433 1344/1812/1432 1364/1808/1452 1365/1807/1453
f 1346/1820/1434 1345/1811/1433 1365/1807/1453 1366/1817/1454
f 1347/1827/1435 1346/1820/1434 1366/1817/1454 1367/1825/1455
f 1348/1835/1436 1347/1827/1435 1367/1825/1455 1368/1833/1456
f 1349/1844/1437 1348/1835/1436 1368/1833/1456 1369/1842/1457
f 1350/1963/1438 1349/1969/1437 1369/1974/1457 1370/1970/1458
f 1351/1952/1439 1350/1963/1438 1370/1970/1458 1371/1964/1459
f 1352/1940/1440 1351/1952/1439 1371/1964/1459 1372/1953/1460
f 1353/1928/1441 1352/1940/1440 1372/1953/1460 1373/1954/1461
f 1354/1786/1442 1353/1795/1441 1373/1787/1461 1374/1779/1462
f 1355/1778/1443 1354/1786/1442 1374/1779/1462 1375/1772/1463
f 1356/1770/1444 1355/1778/1443 1375/1772/1463 1376/1764/1464
f 1337/1763/1425 1356/1770/1444 1376/1764/1464 1357/1759/1445
f 1358/1758/1446 1357/1759/1445 1377/1760/1465 1378/1761/1466
f 1359/1768/1447 1358/1758/1446 1378/1761/1466 1379/1769/1467
f 1360/2146/1448 1359/2147/1447 1379/2148/1467 1380/2149/1468
f 1361/2152/1449 1360/2146/1448 1380/2149/1468 1381/2153/1469
f 1362/2157/1450 1361/2152/1449 1381/2153/1469 1382/2158/1470
f 1363/2163/1451 1362/2157/1450 1382/2158/1470 1383/2164/1471
f 1364/1808/1452 1363/1813/1451 1383/1814/1471 1384/1809/1472
f 1365/1807/1453 1364/1808/1452 1384/1809/1472 1385/1810/1473
f 1366/1817/1454 1365/1807/1453 1385/1810/1473 1386/1818/1474
f 1367/1825/1455 1366/1817/1454 1386/1818/1474 1387/1826/1475
f 1368/1833/1456 1367/1825/1455 1387/1826/1475 1388/1834/1476
f 1369/1842/1457 1368/1833/1456 1388/1834/1476 1389/1843/1477
f 1370/2171/1458 1369/2172/1457 1389/2173/1477 1390/2174/1478
f 1371/2177/1459 1370/2171/1458 1390/2174/1478 1391/2178/1479
f 1372/2182/1460 1371/2177/1459 1391/2178/1479 1392/2183/1480
f 1373/2188/1461 1372/2182/1460 1392/2183/1480 1393/2189/1481
f 1374/1779/1462 1373/1787/1461 1393/1788/1481 1394/1780/1482
f 1375/1772/1463 1374/1779/1462 1394/1780/1482 1395/1773/1483
f 1376/1764/1464 1375/1772/1463 1395/1773/1483 1396/1765/1484
f 1357/1759/1445 1376/1764/1464 1396/1765/1484 1377/1760/1465
f 1378/1761/1466 1377/1760/1465 1397/1766/1485 1398/1767/1486
f 1379/1769/1467 1378/1761/1466 1398/1767/1486 1399/1777/1487
f 1380/2149/1468 1379/2148/1467 1399/2150/1487 1400/2151/1488
f 1381/2153/1469 1380/2149/1468 1400/2151/1488 1401/2156/1489
f 1382/2158/1470 1381/2153/1469 1401/2156/1489 1402/2162/1490
f 1383/2164/1471 1382/2158/1470 1402/2162/1490 1403/2167/1491
f 1384/1809/1472 1383/1814/1471 1403/1821/1491 1404/1815/1492
f 1385/1810/1473 1384/1809/1472 1404/1815/1492 1405/1816/1493
f 1386/1818/1474 1385/1810/1473 1405/1816/1493 1406/1824/1494
f 1387/1826/1475 1386/1818/1474 1406/1824/1494 1407/1832/1495
f 1388/1834/1476 1387/1826/1475 1407/1832/1495 1408/1841/1496
f 1389/1843/1477 1388/1834/1476 1408/1841/1496 1409/1849/1497
f 1390/2174/1478 1389/2173/1477 1409/2175/1497 1410/2176/1498
f 1391/2178/1479 1390/2174/1478 1410/2176/1498 1411/2181/1499
f 1392/2183/1480 1391/2178/1479 1411/2181/1499 1412/2187/1500
f 1393/2189/1481 1392/2183/1480 1412/2187/1500 1413/2192/1501
f 1394/1780/1482 1393/1788/1481 1413/1796/1501 1414/1789/1502
f 1395/1773/1483 1394/1780/1482 1414/1789/1502 1415/1781/1503
f 1396/1765/1484 1395/1773/1483 1415/1781/1503 1416/1774/1504
f 1377/1760/1465 1396/1765/1484 1416/1774/1504 1397/1766/1485
f 1398/1767/1486 1397/1766/1485 1417/1775/1505 1418/1776/1506
f 1399/1777/1487 1398/1767/1486 1418/1776/1506 1419/1785/1507
f 1400/2151/1488 1399/2150/1487 1419/2154/1507 1420/2155/1508
f 1401/2156/1489 1400/2151/1488 1420/2155/1508 1421/2161/1509
f 1402/2162/1490 1401/2156/1489 1421/2161/1509 1422/2166/1510
f 1403/2167/1491 1402/2162/1490 1422/2166/1510 1423/2169/1511
f 1404/1815/1492 1403/1821/1491 1423/1828/1511 1424/1822/1512
f 1405/1816/1493 1404/1815/1492 1424/1822/1512 1425/1823/1513
f 1406/1824/1494 1405/1816/1493 1425/1823/1513 1426/1831/1514
f 1407/1832/1495 1406/1824/1494 1426/1831/1514 1427/1840/1515
f 1408/1841/1496 1407/1832/1495 1427/1840/1515 1428/1848/1516
f 1409/1849/1497 1408/1841/1496 1428/1848/1516 1429/1852/1517
f 1410/2176/1498 1409/2175/1497 1429/2179/1517 1430/2180/1518
f 1411/2181/1499 1410/2176/1498 1430/2180/1518 1431/2186/1519
f 1412/2187/1500 1411/2181/1499 1431/2186/1519 1432/2191/1520
f 1413/2192/1501 1412/2187/1500 1432/2191/1520 1433/2194/1521
f 1414/1789/1502 1413/1796/1501 1433/1801/1521 1434/1797/1522
f 1415/1781/1503 1414/1789/1502 1434/1797/1522 1435/1790/1523
f 1416/1774/1504 1415/1781/1503 1435/1790/1523 1436/1782/1524
f 1397/1766/1485 1416/1774/1504 1436/1782/1524 1417/1775/1505
f 1418/1776/1506 1417/1775/1505 1437/1783/1525 1438/1784/1526
f 1419/1785/1507 1418/1776/1506 1438/1784/1526 1439/1794/1527
f 1420/2155/1508 1419/2154/1507 1439/2159/1527 1440/2160/1528
f 1421/2161/1509 1420/2155/1508 1440/2160/1528 1441/2165/1529
f 1422/2166/1510 1421/2161/1509 1441/2165/1529 1442/2168/1530
f 1423/2169/1511 1422/2166/1510 1442/2168/1530 1443/2170/1531
f 1424/1822/1512 1423/1828/1511 1443/1836/1531 1444/1829/1532
f 1425/1823/1513 1424/1822/1512 1444/1829/1532 1445/1830/1533
f 1426/1831/1514 1425/1823/1513 1445/1830/1533 1446/1839/1534
f 1427/1840/1515 1426/1831/1514 1446/1839/1534 1447/1847/1535
f 1428/1848/1516 1427/1840/1515 1447/1847/1535 1448/1851/1536
f 1429/1852/1517 1428/1848/1516 1448/1851/1536 1449/1854/1537
f 1430/2180/1518 1429/2179/1517 1449/2184/1537 1450/2185/1538
f 1431/2186/1519 1430/2180/1518 1450/2185/1538 1451/2190/1539
f 1432/2191/1520 1431/2186/1519 1451/2190/1539 1452/2193/1540
f 1433/2194/1521 1432/2191/1520 1452/2193/1540 1453/2195/1541
f 1434/1797/1522 1433/1801/1521 1453/1804/1541 1454/1802/1542
f 1435/1790/1523 1434/1797/1522 1454/1802/1542 1455/1798/1543
f 1436/1782/1524 1435/1790/1523 1455/1798/1543 1456/1791/1544
f 1417/1775/1505 1436/1782/1524 1456/1791/1544 1437/1783/1525
f 1438/1784/1526 1437/1783/1525 1457/1792/1545 1458/1793/1546
f 1439/1794/1527 1438/1784/1526 1458/1793/1546 1459/1800/1547
f 1440/2002/1528 1439/2003/1527 1459/1984/1547 1460/1992/1548
f 1441/2014/1529 1440/2002/1528 1460/1992/1548 1461/2004/1549
f 1442/2025/1530 1441/2014/1529 1461/2004/1549 1462/2015/1550
f 1443/2040/1531 1442/2025/1530 1462/2015/1550 1463/2026/1551
f 1444/1829/1532 1443/1836/1531 1463/1845/1551 1464/1837/1552
f 1445/1830/1533 1444/1829/1532 1464/1837/1552 1465/1838/1553
f 1446/1839/1534 1445/1830/1533 1465/1838/1553 1466/1846/1554
f 1447/1847/1535 1446/1839/1534 1466/1846/1554 1467/1850/1555
f 1448/1851/1536 1447/1847/1535 1467/1850/1555 1468/1853/1556
f 1449/1854/1537 1448/1851/1536 1468/1853/1556 1469/1855/1557
f 1450/2055/1538 1449/2067/1537 1469/2056/1557 1470/2044/1558
f 1451/2043/1539 1450/2055/1538 1470/2044/1558 1471/2030/1559
f 1452/2029/1540 1451/2043/1539 1471/2030/1559 1472/2017/1560
f 1453/2028/1541 1452/2029/1540 1472/2017/1560 1473/2006/1561
f 1454/1802/1542 1453/1804/1541 1473/1806/1561 1474/1805/1562
f 1455/1798/1543 1454/1802/1542 1474/1805/1562 1475/1803/1563
f 1456/1791/1544 1455/1798/1543 1475/1803/1563 1476/1799/1564
f 1437/1783/1525 1456/1791/1544 1476/1799/1564 1457/1792/1545
f 1458/1976/1546 1457/1977/1545 1477/1978/1565 1478/1979/1566
f 1459/1984/1547 1458/1976/1546 1478/1979/1566 1479/1985/1567
f 1460/1992/1548 1459/1984/1547 1479/1985/1567 1480/1993/1568
f 1461/2004/1549 1460/1992/1548 1480/1993/1568 1481/2005/1569
f 1462/2015/1550 1461/2004/1549 1481/2005/1569 1482/2016/1570
f 1463/2026/1551 1462/2015/1550 1482/2016/1570 1483/2027/1571
f 1464/2041/1552 1463/2026/1551 1483/2027/1571 1484/2042/1572
f 1465/2053/1553 1464/2041/1552 1484/2042/1572 1485/2054/1573
f 1466/2065/1554 1465/2053/1553 1485/2054/1573 1486/2066/1574
f 1467/2079/1555 1466/2065/1554 1486/2066/1574 1487/2080/1575
f 1468/2068/1556 1467/2079/1555 1487/2080/1575 1488/2069/1576
f 1469/2056/1557 1468/2068/1556 1488/2069/1576 1489/2057/1577
f 1470/2044/1558 1469/2056/1557 1489/2057/1577 1490/2045/1578
f 1471/2030/1559 1470/2044/1558 1490/2045/1578 1491/2031/1579
f 1472/2017/1560 1471/2030/1559 1491/2031/1579 1492/2018/1580
f 1473/2006/1561 1472/2017/1560 1492/2018/1580 1493/2007/1581
f 1474/1994/1562 1473/2006/1561 1493/2007/1581 1494/1995/1582
f 1475/1986/1563 1474/1994/1562 1494/1995/1582 1495/1987/1583
f 1476/1980/1564 1475/1986/1563 1495/1987/1583 1496/1981/1584
f 1457/1977/1545 1476/1980/1564 1496/1981/1584 1477/1978/1565
f 1478/1979/1566 1477/1978/1565 1497/1982/1585 1498/1983/1586
f 1479/1985/1567 1478/1979/1566 1498/1983/1586 1499/1991/1587
f 1480/1993/1568 1479/1985/1567 1499/1991/1587 1500/2001/1588
f 1481/2005/1569 1480/1993/1568 1500/2001/1588 1501/2013/1589
f 1482/2016/1570 1481/2005/1569 1501/2013/1589 1502/2024/1590
f 1483/2027/1571 1482/2016/1570 1502/2024/1590 1503/2039/1591
f 1484/2042/1572 1483/2027/1571 1503/2039/1591 1504/2052/1592
f 1485/2054/1573 1484/2042/1572 1504/2052/1592 1505/2064/1593
f 1486/2066/1574 1485/2054/1573 1505/2064/1593 1506/2078/1594
f 1487/2080/1575 1486/2066/1574 1506/2078/1594 1507/2087/1595
f 1488/2069/1576 1487/2080/1575 1507/2087/1595 1508/2081/1596
f 1489/2057/1577 1488/2069/1576 1508/2081/1596 1509/2070/1597
f 1490/2045/1578 1489/2057/1577 1509/2070/1597 1510/2058/1598
f 1491/2031/1579 1490/2045/1578 1510/2058/1598 1511/2046/1599
f 1492/2018/1580 1491/2031/1579 1511/2046/1599 1512/2032/1600
f 1493/2007/1581 1492/2018/1580 1512/2032/1600 1513/2019/1601
f 1494/1995/1582 1493/2007/1581 1513/2019/1601 1514/2008/1602
f 1495/1987/1583 1494/1995/1582 1514/2008/1602 1515/1996/1603
f 1496/1981/1584 1495/1987/1583 1515/1996/1603 1516/1988/1604
f 1477/1978/1565 1496/1981/1584 1516/1988/1604 1497/1982/1585
f 1498/1983/1586 1497/1982/1585 1517/1989/1605 1518/1990/1606
f 1499/1991/1587 1498/1983/1586 1518/1990/1606 1519/2000/1607
f 1500/2001/1588 1499/1991/1587 1519/2000/1607 1520/2012/1608
f 1501/2013/1589 1500/2001/1588 1520/2012/1608 1521/2023/1609
f 1502/2024/1590 1501/2013/1589 1521/2023/1609 1522/2038/1610
f 1503/2039/1591 1502/2024/1590 1522/2038/1610 1523/2051/1611
f 1504/2052/1592 1503/2039/1591 1523/2051/1611 1524/2063/1612
f 1505/2064/1593 1504/2052/1592 1524/2063/1612 1525/2077/1613
f 1506/2078/1594 1505/2064/1593 1525/2077/1613 1526/2086/1614
f 1507/2087/1595 1506/2078/1594 1526/2086/1614 1527/2092/1615
f 1508/2081/1596 1507/2087/1595 1527/2092/1615 1528/2088/1616
f 1509/2070/1597 1508/2081/1596 1528/2088/1616 1529/2082/1617
f 1510/2058/1598 1509/2070/1597 1529/2082/1617 1530/2071/1618
f 1511/2046/1599 1510/2058/1598 1530/2071/1618 1531/2059/1619
f 1512/2032/1600 1511/2046/1599 1531/2059/1619 1532/2047/1620
f 1513/2019/1601 1512/2032/1600 1532/2047/1620 1533/2033/1621
f 1514/2008/1602 1513/2019/1601 1533/2033/1621 1534/2020/1622
f 1515/1996/1603 1514/2008/1602 1534/2020/1622 1535/2009/1623
f 1516/1988/1604 1515/1996/1603 1535/2009/1623 1536/1997/1624
f 1497/1982/1585 1516/1988/1604 1536/1997/1624 1517/1989/1605
f 1518/1990/1606 1517/1989/1605 1537/1998/1625 1538/1999/1626
f 1519/2000/1607 1518/1990/1606 1538/1999/1626 1539/2011/1627
f 1520/2012/1608 1519/2000/1607 1539/2011/1627 1540/2022/1628
f 1521/2023/1609 1520/2012/1608 1540/2022/1628 1541/2037/1629
f 1522/2038/1610 1521/2023/1609 1541/2037/1629 1542/2050/1630
f 1523/2051/1611 1522/2038/1610 1542/2050/1630 1543/2062/1631
f 1524/2063/1612 1523/2051/1611 1543/2062/1631 1544/2076/1632
f 1525/2077/1613 1524/2063/1612 1544/2076/1632 1545/2085/1633
f 1526/2086/1614 1525/2077/1613 1545/2085/1633 1546/2091/1634
f 1527/2092/1615 1526/2086/1614 1546/2091/1634 1547/2095/1635
f 1528/2088/1616 1527/2092/1615 1547/2095/1635 1548/2093/1636
f 1529/2082/1617 1528/2088/1616 1548/2093/1636 1549/2089/1637
f 1530/2071/1618 1529/2082/1617 1549/2089/1637 1550/2083/1638
f 1531/2059/1619 1530/2071/1618 1550/2083/1638 1551/2072/1639
f 1532/2047/1620 1531/2059/1619 1551/2072/1639 1552/2060/1640
f 1533/2033/1621 1532/2047/1620 1552/2060/1640 1553/2048/1641
f 1534/2020/1622 1533/2033/1621 1553/2048/1641 1554/2034/1642
f 1535/2009/1623 1534/2020/1622 1554/2034/1642 1555/2021/1643
f 1536/1997/1624 1535/2009/1623 1555/2021/1643 1556/2010/1644
f 1517/1989/1605 1536/1997/1624 1556/2010/1644 1537/1998/1625
f 1538/1682/1626 1537/1683/1625 1557/1673/1645 1558/1672/1646
f 1539/1693/1627 1538/1682/1626 1558/1672/1646 1559/1685/1647
f 1540/2022/1628 1539/2011/1627 1559/2035/1647 1560/2036/1648
f 1541/2037/1629 1540/2022/1628 1560/2036/1648 1561/2049/1649
f 1542/2050/1630 1541/2037/1629 1561/2049/1649 1562/2061/1650
f 1543/2062/1631 1542/2050/1630 1562/2061/1650 1563/2075/1651
f 1544/1732/1632 1543/1741/1631 1563/1733/1651 1564/1722/1652
f 1545/1731/1633 1544/1732/1632 1564/1722/1652 1565/1721/1653
f 1546/1742/1634 1545/1731/1633 1565/1721/1653 1566/1734/1654
f 1547/1749/1635 1546/1742/1634 1566/1734/1654 1567/1743/1655
f 1548/1754/1636 1547/1749/1635 1567/1743/1655 1568/1750/1656
f 1549/1757/1637 1548/1754/1636 1568/1750/1656 1569/1755/1657
f 1550/2083/1638 1549/2089/1637 1569/2094/1657 1570/2090/1658
f 1551/2072/1639 1550/2083/1638 1570/2090/1658 1571/2084/1659
f 1552/2060/1640 1551/2072/1639 1571/2084/1659 1572/2073/1660
f 1553/2048/1641 1552/2060/1640 1572/2073/1660 1573/2074/1661
f 1554/1705/1642 1553/1708/1641 1573/1706/1661 1574/1701/1662
f 1555/1700/1643 1554/1705/1642 1574/1701/1662 1575/1694/1663
f 1556/1692/1644 1555/1700/1643 1575/1694/1663 1576/1684/1664
f 1537/1683/1625 1556/1692/1644 1576/1684/1664 1557/1673/1645
f 1558/1672/1646 1557/1673/1645 1577/1665/1665 1578/1664/1666
f 1559/1685/1647 1558/1672/1646 1578/1664/1666 1579/1675/1667
f 1560/2106/1648 1559/2107/1647 1579/2101/1667 1580/2100/1668
f 1561/2112/1649 1560/2106/1648 1580/2100/1668 1581/2108/1669
f 1562/2117/1650 1561/2112/1649 1581/2108/1669 1582/2113/1670
f 1563/2120/1651 1562/2117/1650 1582/2113/1670 1583/2118/1671
f 1564/1722/1652 1563/1733/1651 1583/1723/1671 1584/1714/1672
f 1565/1721/1653 1564/1722/1652 1584/1714/1672 1585/1713/1673
f 1566/1734/1654 1565/1721/1653 1585/1713/1673 1586/1724/1674
f 1567/1743/1655 1566/1734/1654 1586/1724/1674 1587/1735/1675
f 1568/1750/1656 1567/1743/1655 1587/1735/1675 1588/1744/1676
f 1569/1755/1657 1568/1750/1656 1588/1744/1676 1589/1751/1677
f 1570/2131/1658 1569/2132/1657 1589/2126/1677 1590/2125/1678
f 1571/2137/1659 1570/2131/1658 1590/2125/1678 1591/2133/1679
f 1572/2142/1660 1571/2137/1659 1591/2133/1679 1592/2138/1680
f 1573/2145/1661 1572/2142/1660 1592/2138/1680 1593/2143/1681
f 1574/1701/1662 1573/1706/1661 1593/1702/1681 1594/1695/1682
f 1575/1694/1663 1574/1701/1662 1594/1695/1682 1595/1686/1683
f 1576/1684/1664 1575/1694/1663 1595/1686/1683 1596/1674/1684
f 1557/1673/1645 1576/1684/1664 1596/1674/1684 1577/1665/1665
f 1578/1664/1666 1577/1665/1665 1197/1661/1286 1198/1660/1285
f 1579/1675/1667 1578/1664/1666 1198/1660/1285 1199/1670/1289
f 1580/2100/1668 1579/2101/1667 1199/2097/1289 1200/2096/1291
f 1581/2108/1669 1580/2100/1668 1200/2096/1291 1201/2104/1293
f 1582/2113/1670 1581/2108/1669 1201/2104/1293 1202/2110/1295
f 1583/2118/1671 1582/2113/1670 1202/2110/1295 1203/2115/1297
f 1584/1714/1672 1583/1723/1671 1203/1715/1297 1204/1710/1299
f 1585/1713/1673 1584/1714/1672 1204/1710/1299 1205/1709/1301
f 1586/1724/1674 1585/1713/1673 1205/1709/1301 1206/1719/1303
f 1587/1735/1675 1586/1724/1674 1206/1719/1303 1207/1729/1305
f 1588/1744/1676 1587/1735/1675 1207/1729/1305 1208/1739/1307
f 1589/1751/1677 1588/1744/1676 1208/1739/1307 1209/1747/1309
f 1590/2125/1678 1589/2126/1677 1209/2122/1309 1210/2121/1311
f 1591/2133/1679 1590/2125/1678 1210/2121/1311 1211/2129/1313
f 1592/2138/1680 1591/2133/1679 1211/2129/1313 1212/2135/1315
f 1593/2143/1681 1592/2138/1680 1212/2135/1315 1213/2140/1317
f 1594/1695/1682 1593/1702/1681 1213/1696/1317 1214/1687/1319
f 1595/1686/1683 1594/1695/1682 1214/1687/1319 1215/1676/1321
f 1596/1674/1684 1595/1686/1683 1215/1676/1321 1216/1666/1323
f 1577/1665/1665 1596/1674/1684 1216/1666/1323 1197/1661/1286
g default
v 2.184239 -0.000000 -0.017261
v 2.176305 -0.000000 -0.032833
v 2.163948 -0.000000 -0.045190
v 2.148376 -0.000000 -0.053125
v 2.000100 -0.000000 -0.053241
v 1.851824 -0.000000 -0.053125
v 1.836253 -0.000000 -0.045190
v 1.823895 -0.000000 -0.032833
v 1.815961 -0.000000 -0.017261
v 1.813227 -0.000000 -0.000000
v 1.815961 -0.000000 0.017261
v 1.823895 -0.000000 0.032832
v 1.836253 -0.000000 0.045190
v 1.851824 -0.000000 0.053124
v 2.000100 -0.000000 0.053241
v 2.148376 -0.000000 0.053124
v 2.163948 -0.000000 0.045190
v 2.176305 -0.000000 0.032832
v 2.184239 -0.000000 0.017261
v 2.186973 -0.000000 -0.000000
v 2.186840 0.017261 -0.018106
v 2.178517 0.017261 -0.034440
v 2.165555 0.017261 -0.047402
v 2.149221 0.017261 -0.055725
v 2.000100 0.017013 -0.055847
v 1.850979 0.017261 -0.055725
v 1.834646 0.017261 -0.047402
v 1.821683 0.017261 -0.034440
v 1.813361 0.017261 -0.018106
v 1.810493 0.017261 -0.000000
v 1.813361 0.017261 0.018106
v 1.821684 0.017261 0.034439
v 1.834646 0.017261 0.047402
v 1.850979 0.017261 0.055724
v 2.000100 0.017013 0.055847
v 2.149221 0.017261 0.055724
v 2.165555 0.017261 0.047402
v 2.178517 0.017261 0.034439
v 2.186839 0.017261 0.018106
v 2.189707 0.017261 -0.000000
v 2.194385 0.032833 -0.020558
v 2.184936 0.032833 -0.039103
v 2.170218 0.032833 -0.053821
v 2.151673 0.032833 -0.063270
v 2.000100 0.032361 -0.063410
v 1.848528 0.032833 -0.063270
v 1.829982 0.032833 -0.053821
v 1.815265 0.032833 -0.039103
v 1.805815 0.032833 -0.020558
v 1.802559 0.032833 -0.000000
v 1.805815 0.032833 0.020557
v 1.815265 0.032833 0.039103
v 1.829982 0.032833 0.053820
v 1.848528 0.032833 0.063270
v 2.000100 0.032361 0.063409
v 2.151673 0.032833 0.063270
v 2.170218 0.032833 0.053820
v 2.184936 0.032833 0.039103
v 2.194385 0.032833 0.020557
v 2.197641 0.032833 -0.000000
v 2.206138 0.045190 -0.024377
v 2.194933 0.045190 -0.046367
v 2.177482 0.045190 -0.063819
v 2.155491 0.045190 -0.075023
v 2.000100 0.044541 -0.075188
v 1.844709 0.045190 -0.075023
v 1.822719 0.045190 -0.063819
v 1.805267 0.045190 -0.046367
v 1.794063 0.045190 -0.024377
v 1.790202 0.045190 -0.000000
v 1.794063 0.045190 0.024376
v 1.805267 0.045190 0.046367
v 1.822719 0.045190 0.063818
v 1.844709 0.045190 0.075022
v 2.000100 0.044541 0.075188
v 2.155491 0.045190 0.075022
v 2.177482 0.045190 0.063818
v 2.194933 0.045190 0.046367
v 2.206138 0.045190 0.024376
v 2.209998 0.045190 -0.000000
v 2.220947 0.053124 -0.029189
v 2.207531 0.053124 -0.055520
v 2.186634 0.053124 -0.076416
v 2.160303 0.053124 -0.089833
v 2.000100 0.052361 -0.090030
v 1.839897 0.053124 -0.089833
v 1.813566 0.053124 -0.076416
v 1.792670 0.053124 -0.055520
v 1.779253 0.053124 -0.029189
v 1.774630 0.053124 -0.000000
v 1.779253 0.053124 0.029188
v 1.792670 0.053124 0.055519
v 1.813566 0.053124 0.076416
v 1.839897 0.053124 0.089832
v 2.000100 0.052361 0.090030
v 2.160303 0.053124 0.089832
v 2.186634 0.053124 0.076416
v 2.207531 0.053124 0.055519
v 2.220947 0.053124 0.029188
v 2.225570 0.053124 -0.000000
v 2.237364 0.055858 -0.034523
v 2.221495 0.055858 -0.065665
v 2.196780 0.055858 -0.090380
v 2.165637 0.055858 -0.106249
v 2.000100 0.055056 -0.106483
v 1.834563 0.055858 -0.106249
v 1.803420 0.055858 -0.090380
v 1.778705 0.055858 -0.065665
v 1.762837 0.055858 -0.034523
v 1.757369 0.055858 -0.000000
v 1.762837 0.055858 0.034522
v 1.778705 0.055858 0.065665
v 1.803420 0.055858 0.090380
v 1.834563 0.055858 0.106249
v 2.000100 0.055056 0.106482
v 2.165637 0.055858 0.106249
v 2.196780 0.055858 0.090380
v 2.221495 0.055858 0.065665
v 2.237364 0.055858 0.034522
v 2.242831 0.055858 -0.000000
v 2.253780 0.053124 -0.039856
v 2.235460 0.053124 -0.075811
v 2.206926 0.053124 -0.104345
v 2.170971 0.053124 -0.122665
v 2.000100 0.052361 -0.122935
v 1.829229 0.053124 -0.122665
v 1.793274 0.053124 -0.104345
v 1.764740 0.053124 -0.075811
v 1.746421 0.053124 -0.039856
v 1.740108 0.053124 -0.000000
v 1.746421 0.053124 0.039856
v 1.764740 0.053124 0.075811
v 1.793274 0.053124 0.104345
v 1.829229 0.053124 0.122665
v 2.000100 0.052361 0.122935
v 2.170971 0.053124 0.122665
v 2.206926 0.053124 0.104345
v 2.235460 0.053124 0.075811
v 2.253779 0.053124 0.039856
v 2.260092 0.053124 -0.000000
v 2.268589 0.045190 -0.044668
v 2.248057 0.045190 -0.084964
v 2.216079 0.045190 -0.116943
v 2.175783 0.045190 -0.137474
v 2.000100 0.044541 -0.137778
v 1.824417 0.045190 -0.137474
v 1.784122 0.045190 -0.116942
v 1.752143 0.045190 -0.084964
v 1.731611 0.045190 -0.044668
v 1.724536 0.045190 -0.000000
v 1.731611 0.045190 0.044668
v 1.752143 0.045190 0.084963
v 1.784122 0.045190 0.116942
v 1.824417 0.045190 0.137474
v 2.000100 0.044541 0.137777
v 2.175783 0.045190 0.137474
v 2.216078 0.045190 0.116942
v 2.248057 0.045190 0.084963
v 2.268589 0.045190 0.044668
v 2.275664 0.045190 -0.000000
v 2.280342 0.032833 -0.048487
v 2.258056 0.032833 -0.092228
v 2.223343 0.032833 -0.126940
v 2.179602 0.032833 -0.149228
v 2.000100 0.032361 -0.149556
v 1.820598 0.032833 -0.149228
v 1.776858 0.032833 -0.126940
v 1.742145 0.032833 -0.092228
v 1.719858 0.032833 -0.048487
v 1.712178 0.032833 -0.000000
v 1.719858 0.032833 0.048486
v 1.742145 0.032833 0.092227
v 1.776858 0.032833 0.126940
v 1.820599 0.032833 0.149227
v 2.000100 0.032361 0.149556
v 2.179602 0.032833 0.149227
v 2.223343 0.032833 0.126940
v 2.258055 0.032833 0.092227
v 2.280342 0.032833 0.048486
v 2.288022 0.032833 -0.000000
v 2.287887 0.017261 -0.050939
v 2.264474 0.017261 -0.096891
v 2.228005 0.017261 -0.133359
v 2.182053 0.017261 -0.156774
v 2.000100 0.017013 -0.157117
v 1.818147 0.017261 -0.156774
v 1.772195 0.017261 -0.133359
v 1.735727 0.017261 -0.096891
v 1.712313 0.017261 -0.050939
v 1.704245 0.017261 -0.000000
v 1.712313 0.017261 0.050938
v 1.735727 0.017261 0.096890
v 1.772195 0.017261 0.133359
v 1.818147 0.017261 0.156773
v 2.000100 0.017013 0.157117
v 2.182053 0.017261 0.156773
v 2.228005 0.017261 0.133359
v 2.264474 0.017261 0.096890
v 2.287887 0.017261 0.050938
v 2.295955 0.017261 -0.000000
v 2.290487 -0.000000 -0.051783
v 2.266686 -0.000000 -0.098498
v 2.229613 -0.000000 -0.135571
v 2.182898 -0.000000 -0.159374
v 2.000100 -0.000000 -0.159724
v 1.817302 -0.000000 -0.159374
v 1.770588 -0.000000 -0.135571
v 1.733515 -0.000000 -0.098498
v 1.709713 -0.000000 -0.051783
v 1.701511 -0.000000 -0.000000
v 1.709713 -0.000000 0.051783
v 1.733515 -0.000000 0.098497
v 1.770588 -0.000000 0.135571
v 1.817302 -0.000000 0.159373
v 2.000100 -0.000000 0.159724
v 2.182898 -0.000000 0.159373
v 2.229612 -0.000000 0.135571
v 2.266686 -0.000000 0.098497
v 2.290487 -0.000000 0.051783
v 2.298690 -0.000000 -0.000000
v 2.287887 -0.017261 -0.050939
v 2.264474 -0.017261 -0.096891
v 2.228005 -0.017261 -0.133359
v 2.182053 -0.017261 -0.156774
v 2.000100 -0.017013 -0.157117
v 1.818147 -0.017261 -0.156774
v 1.772195 -0.017261 -0.133359
v 1.735727 -0.017261 -0.096891
v 1.712313 -0.017261 -0.050939
v 1.704245 -0.017261 -0.000000
v 1.712313 -0.017261 0.050938
v 1.735727 -0.017261 0.096890
v 1.772195 -0.017261 0.133359
v 1.818147 -0.017261 0.156773
v 2.000100 -0.017013 0.157117
v 2.182053 -0.017261 0.156773
v 2.228005 -0.017261 0.133359
v 2.264474 -0.017261 0.096890
v 2.287887 -0.017261 0.050938
v 2.295955 -0.017261 -0.000000
v 2.280342 -0.032833 -0.048487
v 2.258056 -0.032833 -0.092228
v 2.223343 -0.032833 -0.126940
v 2.179602 -0.032833 -0.149228
v 2.000100 -0.032361 -0.149556
v 1.820598 -0.032833 -0.149228
v 1.776858 -0.032833 -0.126940
v 1.742145 -0.032833 -0.092228
v 1.719858 -0.032833 -0.048487
v 1.712178 -0.032833 -0.000000
v 1.719858 -0.032833 0.048486
v 1.742145 -0.032833 0.092227
v 1.776858 -0.032833 0.126940
v 1.820599 -0.032833 0.149227
v 2.000100 -0.032361 0.149556
v 2.179602 -0.032833 0.149227
v 2.223343 -0.032833 0.126940
v 2.258055 -0.032833 0.092227
v 2.280342 -0.032833 0.048486
v 2.288022 -0.032833 -0.000000
v 2.268589 -0.045190 -0.044668
v 2.248057 -0.045190 -0.084964
v 2.216079 -0.045190 -0.116943
v 2.175783 -0.045190 -0.137474
v 2.000100 -0.044541 -0.137778
v 1.824417 -0.045190 -0.137474
v 1.784122 -0.045190 -0.116943
v 1.752143 -0.045190 -0.084964
v 1.731612 -0.045190 -0.044668
v 1.724536 -0.045190 -0.000000
v 1.731612 -0.045190 0.044668
v 1.752143 -0.045190 0.084963
v 1.784122 -0.045190 0.116942
v 1.824417 -0.045190 0.137474
v 2.000100 -0.044541 0.137777
v 2.175783 -0.045190 0.137474
v 2.216078 -0.045190 0.116942
v 2.248057 -0.045190 0.084963
v 2.268589 -0.045190 0.044668
v 2.275664 -0.045190 -0.000000
v 2.253780 -0.053125 -0.039856
v 2.235460 -0.053125 -0.075811
v 2.206926 -0.053125 -0.104345
v 2.170971 -0.053125 -0.122665
v 2.000100 -0.052361 -0.122935
v 1.829229 -0.053125 -0.122665
v 1.793274 -0.053125 -0.104345
v 1.764740 -0.053125 -0.075811
v 1.746421 -0.053125 -0.039856
v 1.740108 -0.053125 -0.000000
v 1.746421 -0.053125 0.039856
v 1.764740 -0.053125 0.075811
v 1.793274 -0.053125 0.104345
v 1.829229 -0.053125 0.122665
v 2.000100 -0.052361 0.122935
v 2.170971 -0.053125 0.122665
v 2.206926 -0.053125 0.104345
v 2.235460 -0.053125 0.075811
v 2.253779 -0.053125 0.039856
v 2.260092 -0.053125 -0.000000
v 2.237364 -0.055858 -0.034523
v 2.221495 -0.055858 -0.065665
v 2.196780 -0.055858 -0.090380
v 2.165637 -0.055858 -0.106249
v 2.000100 -0.055056 -0.106483
v 1.834563 -0.055858 -0.106249
v 1.803420 -0.055858 -0.090380
v 1.778705 -0.055858 -0.065665
v 1.762837 -0.055858 -0.034523
v 1.757369 -0.055858 -0.000000
v 1.762837 -0.055858 0.034522
v 1.778705 -0.055858 0.065665
v 1.803420 -0.055858 0.090380
v 1.834563 -0.055858 0.106249
v 2.000100 -0.055056 0.106482
v 2.165637 -0.055858 0.106249
v 2.196780 -0.055858 0.090380
v 2.221495 -0.055858 0.065665
v 2.237364 -0.055858 0.034522
v 2.242831 -0.055858 -0.000000
v 2.220947 -0.053125 -0.029189
v 2.207531 -0.053125 -0.055520
v 2.186634 -0.053125 -0.076416
v 2.160303 -0.053125 -0.089833
v 2.000100 -0.052361 -0.090030
v 1.839897 -0.053125 -0.089833
v 1.813566 -0.053125 -0.076416
v 1.792670 -0.053125 -0.055520
v 1.779253 -0.053125 -0.029189
v 1.774630 -0.053125 -0.000000
v 1.779253 -0.053125 0.029188
v 1.792670 -0.053125 0.055519
v 1.813566 -0.053125 0.076415
v 1.839897 -0.053125 0.089832
v 2.000100 -0.052361 0.090030
v 2.160303 -0.053125 0.089832
v 2.186634 -0.053125 0.076415
v 2.207531 -0.053125 0.055519
v 2.220947 -0.053125 0.029188
v 2.225570 -0.053125 -0.000000
v 2.206138 -0.045190 -0.024377
v 2.194933 -0.045190 -0.046367
v 2.177482 -0.045190 -0.063819
v 2.155491 -0.045190 -0.075023
v 2.000100 -0.044541 -0.075188
v 1.844709 -0.045190 -0.075023
v 1.822719 -0.045190 -0.063819
v 1.805267 -0.045190 -0.046367
v 1.794063 -0.045190 -0.024377
v 1.790202 -0.045190 -0.000000
v 1.794063 -0.045190 0.024376
v 1.805267 -0.045190 0.046367
v 1.822719 -0.045190 0.063818
v 1.844709 -0.045190 0.075022
v 2.000100 -0.044541 0.075188
v 2.155491 -0.045190 0.075022
v 2.177482 -0.045190 0.063818
v 2.194933 -0.045190 0.046367
v 2.206138 -0.045190 0.024376
v 2.209998 -0.045190 -0.000000
v 2.194385 -0.032833 -0.020558
v 2.184936 -0.032833 -0.039103
v 2.170218 -0.032833 -0.053821
v 2.151673 -0.032833 -0.063270
v 2.000100 -0.032361 -0.063410
v 1.848528 -0.032833 -0.063270
v 1.829982 -0.032833 -0.053821
v 1.815265 -0.032833 -0.039103
v 1.805815 -0.032833 -0.020558
v 1.802559 -0.032833 -0.000000
v 1.805815 -0.032833 0.020557
v 1.815265 -0.032833 0.039103
v 1.829982 -0.032833 0.053820
v 1.848528 -0.032833 0.063270
v 2.000100 -0.032361 0.063409
v 2.151673 -0.032833 0.063270
v 2.170218 -0.032833 0.053820
v 2.184936 -0.032833 0.039103
v 2.194385 -0.032833 0.020557
v 2.197641 -0.032833 -0.000000
v 2.186839 -0.017261 -0.018106
v 2.178517 -0.017261 -0.034440
v 2.165555 -0.017261 -0.047402
v 2.149221 -0.017261 -0.055724
v 2.000100 -0.017013 -0.055847
v 1.850979 -0.017261 -0.055724
v 1.834646 -0.017261 -0.047402
v 1.821684 -0.017261 -0.034440
v 1.813361 -0.017261 -0.018106
v 1.810493 -0.017261 -0.000000
v 1.813361 -0.017261 0.018106
v 1.821684 -0.017261 0.034439
v 1.834646 -0.017261 0.047402
v 1.850979 -0.017261 0.055724
v 2.000100 -0.017013 0.055847
v 2.149221 -0.017261 0.055724
v 2.165555 -0.017261 0.047402
v 2.178517 -0.017261 0.034439
v 2.186839 -0.017261 0.018106
v 2.189707 -0.017261 -0.000000
vt 0.523405 0.787477
vt 0.523405 0.768690
vt 0.544231 0.769709
vt 0.544231 0.789416
vt 0.502579 0.789416
vt 0.502579 0.769709
vt 0.523405 0.747863
vt 0.544231 0.747863
vt 0.563019 0.772667
vt 0.563019 0.795043
vt 0.523405 0.802387
vt 0.544231 0.805056
vt 0.483791 0.795043
vt 0.483791 0.772667
vt 0.502579 0.747863
vt 0.502579 0.805056
vt 0.523405 0.727037
vt 0.544231 0.726018
vt 0.563019 0.747863
vt 0.577929 0.777275
vt 0.577929 0.803807
vt 0.563019 0.812800
vt 0.468881 0.803807
vt 0.468881 0.777275
vt 0.483791 0.747863
vt 0.483791 0.812800
vt 0.502579 0.726018
vt 0.523405 0.708250
vt 0.544231 0.706311
vt 0.563019 0.723060
vt 0.577929 0.747863
vt 0.577929 0.824863
vt 0.468881 0.747863
vt 0.468881 0.824863
vt 0.483791 0.723060
vt 0.502579 0.706311
vt 0.523405 0.693340
vt 0.544231 0.690671
vt 0.563019 0.700684
vt 0.577929 0.718452
vt 0.468881 0.718452
vt 0.483791 0.700684
vt 0.502579 0.690671
vt 0.563019 0.682927
vt 0.577929 0.691920
vt 0.468881 0.691920
vt 0.483791 0.682927
vt 0.577929 0.670864
vt 0.468881 0.670864
vt 0.408342 0.727037
vt 0.408342 0.708250
vt 0.429168 0.706311
vt 0.429168 0.726018
vt 0.387516 0.726018
vt 0.387516 0.706311
vt 0.408342 0.693340
vt 0.429168 0.690671
vt 0.447956 0.700684
vt 0.447956 0.723060
vt 0.408342 0.747864
vt 0.429168 0.747864
vt 0.368728 0.723060
vt 0.368728 0.700684
vt 0.387516 0.690671
vt 0.387516 0.747864
vt 0.447956 0.682927
vt 0.462866 0.691920
vt 0.462866 0.718452
vt 0.447956 0.747864
vt 0.408342 0.768690
vt 0.429168 0.769709
vt 0.353818 0.718452
vt 0.353818 0.691920
vt 0.368728 0.682927
vt 0.368728 0.747864
vt 0.387516 0.769709
vt 0.462866 0.670864
vt 0.462866 0.747864
vt 0.447956 0.772667
vt 0.408342 0.787477
vt 0.429168 0.789416
vt 0.353818 0.670864
vt 0.353818 0.747864
vt 0.368728 0.772667
vt 0.387516 0.789416
vt 0.462866 0.777275
vt 0.447956 0.795043
vt 0.408342 0.802387
vt 0.429168 0.805056
vt 0.353818 0.777275
vt 0.368728 0.795043
vt 0.387516 0.805056
vt 0.462866 0.803807
vt 0.447956 0.812800
vt 0.353818 0.803807
vt 0.368728 0.812800
vt 0.462866 0.824863
vt 0.353818 0.824863
vt 0.793145 0.723159
vt 0.793145 0.775935
vt 0.774357 0.772977
vt 0.774357 0.717533
vt 0.808054 0.731924
vt 0.808054 0.780542
vt 0.793145 0.834436
vt 0.774357 0.834436
vt 0.753531 0.771957
vt 0.753531 0.715595
vt 0.793145 0.681277
vt 0.774357 0.673533
vt 0.808054 0.834436
vt 0.808054 0.693340
vt 0.793145 0.892937
vt 0.774357 0.895895
vt 0.753531 0.834436
vt 0.732704 0.772977
vt 0.732704 0.717533
vt 0.753531 0.670864
vt 0.808054 0.888330
vt 0.793145 0.945712
vt 0.774357 0.951339
vt 0.753531 0.896915
vt 0.732704 0.834436
vt 0.713917 0.775935
vt 0.713917 0.723159
vt 0.732704 0.673533
vt 0.808054 0.936948
vt 0.793145 0.987595
vt 0.774357 0.995339
vt 0.753531 0.953277
vt 0.732704 0.895895
vt 0.713917 0.834436
vt 0.699007 0.780542
vt 0.699007 0.731924
vt 0.713917 0.681277
vt 0.808054 0.975532
vt 0.753531 0.998008
vt 0.732704 0.951339
vt 0.713917 0.892937
vt 0.699007 0.834436
vt 0.699007 0.693340
vt 0.732704 0.995339
vt 0.713917 0.945712
vt 0.699007 0.888330
vt 0.713917 0.987595
vt 0.699007 0.936948
vt 0.699007 0.975532
vt 0.678082 0.892937
vt 0.678082 0.945712
vt 0.659294 0.951339
vt 0.659294 0.895895
vt 0.692991 0.888330
vt 0.692991 0.936948
vt 0.678082 0.987595
vt 0.659294 0.995339
vt 0.638468 0.953277
vt 0.638468 0.896915
vt 0.678082 0.834436
vt 0.659294 0.834436
vt 0.692991 0.975532
vt 0.692991 0.834436
vt 0.638468 0.998008
vt 0.617641 0.951339
vt 0.617641 0.895895
vt 0.638468 0.834436
vt 0.678082 0.775935
vt 0.659294 0.772977
vt 0.692991 0.780542
vt 0.617641 0.995339
vt 0.598854 0.945712
vt 0.598854 0.892937
vt 0.617641 0.834436
vt 0.638468 0.771957
vt 0.678082 0.723159
vt 0.659294 0.717533
vt 0.692991 0.731924
vt 0.598854 0.987595
vt 0.583944 0.936948
vt 0.583944 0.888330
vt 0.598854 0.834436
vt 0.617641 0.772977
vt 0.638468 0.715595
vt 0.678082 0.681277
vt 0.659294 0.673533
vt 0.692991 0.693340
vt 0.583944 0.975532
vt 0.583944 0.834436
vt 0.598854 0.775935
vt 0.617641 0.717533
vt 0.638468 0.670864
vt 0.583944 0.780542
vt 0.598854 0.723159
vt 0.617641 0.673533
vt 0.583944 0.731924
vt 0.598854 0.681277
vt 0.583944 0.693340
vt 0.238342 0.099397
vt 0.211810 0.085878
vt 0.217616 0.068010
vt 0.249385 0.084198
vt 0.182399 0.081220
vt 0.182399 0.062432
vt 0.224051 0.048203
vt 0.261627 0.067349
vt 0.259398 0.120453
vt 0.274597 0.109410
vt 0.152988 0.085878
vt 0.147182 0.068010
vt 0.182399 0.041606
vt 0.230487 0.028396
vt 0.273868 0.050500
vt 0.291446 0.097168
vt 0.272917 0.146985
vt 0.290785 0.141179
vt 0.126455 0.099397
vt 0.115412 0.084198
vt 0.140746 0.048203
vt 0.182399 0.020780
vt 0.236292 0.010528
vt 0.284911 0.035301
vt 0.308295 0.084927
vt 0.310592 0.134744
vt 0.258736 0.151593
vt 0.247336 0.129217
vt 0.273116 0.334471
vt 0.291023 0.334471
vt 0.105399 0.120453
vt 0.090200 0.109410
vt 0.103171 0.067349
vt 0.134310 0.028397
vt 0.182399 0.001992
vt 0.323494 0.073884
vt 0.330399 0.128308
vt 0.310874 0.334471
vt 0.258905 0.334471
vt 0.272917 0.521957
vt 0.290785 0.527763
vt 0.091881 0.146985
vt 0.074012 0.141180
vt 0.073351 0.097168
vt 0.090930 0.050500
vt 0.128505 0.010528
vt 0.348267 0.122502
vt 0.330725 0.334471
vt 0.310592 0.534199
vt 0.258736 0.517350
vt 0.259398 0.548489
vt 0.274597 0.559532
vt 0.117462 0.129217
vt 0.106061 0.151593
vt 0.091681 0.334471
vt 0.073774 0.334471
vt 0.054205 0.134744
vt 0.056502 0.084927
vt 0.079887 0.035301
vt 0.335557 0.065120
vt 0.362448 0.117895
vt 0.348633 0.334471
vt 0.330399 0.540634
vt 0.291446 0.571774
vt 0.247336 0.539726
vt 0.238342 0.569546
vt 0.249385 0.584745
vt 0.105892 0.334471
vt 0.091881 0.521957
vt 0.074012 0.527763
vt 0.053923 0.334471
vt 0.034398 0.128308
vt 0.041303 0.073884
vt 0.362844 0.334471
vt 0.348267 0.546440
vt 0.308295 0.584015
vt 0.261627 0.601594
vt 0.211810 0.583064
vt 0.217616 0.600933
vt 0.106061 0.517350
vt 0.105399 0.548489
vt 0.090200 0.559532
vt 0.054205 0.534199
vt 0.034072 0.334471
vt 0.016531 0.122502
vt 0.362448 0.551048
vt 0.323494 0.595058
vt 0.273868 0.618443
vt 0.224051 0.620739
vt 0.182399 0.587722
vt 0.182399 0.606511
vt 0.117462 0.539726
vt 0.126455 0.569546
vt 0.115412 0.584745
vt 0.073351 0.571774
vt 0.034398 0.540634
vt 0.016164 0.334471
vt 0.002350 0.117895
vt 0.029240 0.065120
vt 0.335557 0.603823
vt 0.284911 0.633642
vt 0.230487 0.640546
vt 0.182399 0.627337
vt 0.152988 0.583064
vt 0.147182 0.600933
vt 0.103171 0.601593
vt 0.056502 0.584016
vt 0.016531 0.546440
vt 0.001953 0.334471
vt 0.236292 0.658414
vt 0.182399 0.648162
vt 0.140746 0.620739
vt 0.090930 0.618443
vt 0.041303 0.595058
vt 0.002350 0.551048
vt 0.182399 0.666950
vt 0.134310 0.640546
vt 0.079887 0.633642
vt 0.029240 0.603823
vt 0.128505 0.658414
vt 0.446978 0.035301
vt 0.495596 0.010528
vt 0.501401 0.028396
vt 0.458021 0.050500
vt 0.549490 0.001992
vt 0.549490 0.020780
vt 0.507837 0.048203
vt 0.470262 0.067349
vt 0.408394 0.073884
vt 0.423593 0.084927
vt 0.603383 0.010528
vt 0.597578 0.028397
vt 0.549490 0.041606
vt 0.514273 0.068010
vt 0.482503 0.084198
vt 0.440443 0.097168
vt 0.383622 0.122502
vt 0.401489 0.128308
vt 0.652002 0.035301
vt 0.640959 0.050500
vt 0.591142 0.048203
vt 0.549490 0.062432
vt 0.520079 0.085878
vt 0.493546 0.099397
vt 0.457291 0.109410
vt 0.421296 0.134744
vt 0.369441 0.117895
vt 0.396331 0.065120
vt 0.383256 0.334471
vt 0.401164 0.334471
vt 0.690585 0.073884
vt 0.675386 0.084927
vt 0.628718 0.067349
vt 0.584707 0.068010
vt 0.549490 0.081220
vt 0.472490 0.120453
vt 0.441103 0.141180
vt 0.421014 0.334471
vt 0.369044 0.334471
vt 0.383622 0.546440
vt 0.401489 0.540634
vt 0.715358 0.122502
vt 0.697490 0.128308
vt 0.658537 0.097168
vt 0.616476 0.084198
vt 0.578901 0.085878
vt 0.458972 0.146985
vt 0.440865 0.334471
vt 0.421296 0.534199
vt 0.369441 0.551048
vt 0.408394 0.595058
vt 0.423593 0.584015
vt 0.702648 0.065120
vt 0.729539 0.117895
vt 0.715724 0.334471
vt 0.697816 0.334471
vt 0.677683 0.134744
vt 0.641689 0.109410
vt 0.605433 0.099397
vt 0.484553 0.129217
vt 0.473152 0.151592
vt 0.458772 0.334471
vt 0.441103 0.527763
vt 0.440442 0.571774
vt 0.396331 0.603823
vt 0.446978 0.633642
vt 0.458021 0.618443
vt 0.729935 0.334471
vt 0.715358 0.546440
vt 0.697490 0.540634
vt 0.677965 0.334471
vt 0.657876 0.141180
vt 0.626489 0.120453
vt 0.472984 0.334471
vt 0.458972 0.521957
vt 0.457291 0.559532
vt 0.470262 0.601594
vt 0.495596 0.658414
vt 0.501402 0.640546
vt 0.729539 0.551048
vt 0.690585 0.595058
vt 0.675386 0.584016
vt 0.677683 0.534199
vt 0.658115 0.334471
vt 0.640008 0.146985
vt 0.473152 0.517350
vt 0.472490 0.548489
vt 0.482503 0.584745
vt 0.507837 0.620739
vt 0.549490 0.666950
vt 0.549490 0.648162
vt 0.702648 0.603823
vt 0.652002 0.633642
vt 0.640959 0.618443
vt 0.658537 0.571774
vt 0.657876 0.527763
vt 0.640207 0.334471
vt 0.625828 0.151592
vt 0.614427 0.129217
vt 0.484553 0.539726
vt 0.493546 0.569546
vt 0.514273 0.600933
vt 0.549490 0.627337
vt 0.603383 0.658414
vt 0.597578 0.640546
vt 0.628718 0.601593
vt 0.641689 0.559532
vt 0.640008 0.521957
vt 0.625996 0.334471
vt 0.520079 0.583064
vt 0.549490 0.606511
vt 0.591142 0.620739
vt 0.616476 0.584745
vt 0.626489 0.548489
vt 0.625828 0.517350
vt 0.549490 0.587722
vt 0.584707 0.600933
vt 0.605433 0.569546
vt 0.614427 0.539726
vt 0.578901 0.583064
vt 0.938928 0.586091
vt 0.938928 0.567304
vt 0.959754 0.565365
vt 0.959754 0.585072
vt 0.918101 0.585072
vt 0.918101 0.565365
vt 0.978541 0.559738
vt 0.978541 0.582114
vt 0.938928 0.764993
vt 0.959455 0.764992
vt 0.899314 0.582114
vt 0.899314 0.559738
vt 0.918400 0.764993
vt 0.977972 0.764992
vt 0.938928 0.943894
vt 0.959754 0.944913
vt 0.899883 0.764992
vt 0.918101 0.944913
vt 0.978541 0.947871
vt 0.938928 0.962681
vt 0.959754 0.964620
vt 0.899314 0.947871
vt 0.918101 0.964620
vt 0.978541 0.970247
vt 0.899314 0.970247
vt 0.853684 0.943894
vt 0.853684 0.962681
vt 0.832857 0.964620
vt 0.832857 0.944913
vt 0.874510 0.944913
vt 0.874510 0.964620
vt 0.814070 0.970247
vt 0.814070 0.947871
vt 0.853684 0.764993
vt 0.833157 0.764993
vt 0.893298 0.947871
vt 0.893298 0.970247
vt 0.874211 0.764993
vt 0.814639 0.764993
vt 0.853684 0.586091
vt 0.832857 0.585072
vt 0.892729 0.764993
vt 0.874510 0.585072
vt 0.814070 0.582114
vt 0.853684 0.567304
vt 0.832857 0.565365
vt 0.893298 0.582114
vt 0.874510 0.565365
vt 0.814070 0.559738
vt 0.893298 0.559738
vt 0.737855 0.062332
vt 0.737855 0.009557
vt 0.756643 0.003931
vt 0.756643 0.059374
vt 0.777469 0.001992
vt 0.777469 0.058355
vt 0.738424 0.278908
vt 0.756942 0.278908
vt 0.798295 0.003931
vt 0.798295 0.059374
vt 0.777469 0.278908
vt 0.737855 0.495485
vt 0.756643 0.498443
vt 0.817083 0.009557
vt 0.817083 0.062332
vt 0.797996 0.278908
vt 0.777469 0.499462
vt 0.737855 0.548260
vt 0.756643 0.553886
vt 0.816514 0.278908
vt 0.798295 0.498443
vt 0.777469 0.555825
vt 0.817083 0.495485
vt 0.798295 0.553886
vt 0.817083 0.548260
vt 0.903075 0.495485
vt 0.903075 0.548260
vt 0.884288 0.553886
vt 0.884288 0.498443
vt 0.863461 0.555825
vt 0.863461 0.499462
vt 0.902506 0.278908
vt 0.883988 0.278908
vt 0.842635 0.553886
vt 0.842635 0.498443
vt 0.863461 0.278908
vt 0.903075 0.062332
vt 0.884288 0.059374
vt 0.823847 0.548260
vt 0.823847 0.495485
vt 0.842934 0.278908
vt 0.863461 0.058355
vt 0.903075 0.009557
vt 0.884288 0.003931
vt 0.824416 0.278908
vt 0.842635 0.059374
vt 0.863461 0.001992
vt 0.823847 0.062332
vt 0.842635 0.003931
vt 0.823847 0.009557
vn -0.809015 0.000002 0.587788
vn -0.951057 0.000003 0.309015
vn -0.900984 0.320201 0.292746
vn -0.766419 0.320201 0.556842
vn -0.587784 0.000002 0.809018
vn -0.556837 0.320200 0.766423
vn -0.049813 0.000002 0.998759
vn -0.049576 0.311102 0.949083
vn 0.000000 0.000002 1.000000
vn 0.000000 0.298234 0.954493
vn 0.049813 0.000002 0.998759
vn 0.049576 0.311102 0.949083
vn 0.587786 0.000003 0.809017
vn 0.556837 0.320200 0.766423
vn 0.809015 0.000003 0.587789
vn 0.766420 0.320202 0.556841
vn 0.951056 0.000001 0.309017
vn 0.900983 0.320201 0.292747
vn 1.000000 0.000000 -0.000000
vn 0.947349 0.320202 0.000000
vn 0.951056 0.000000 -0.309019
vn 0.900982 0.320202 -0.292750
vn 0.809014 0.000000 -0.587789
vn 0.766419 0.320202 -0.556842
vn 0.587788 0.000002 -0.809015
vn 0.556840 0.320201 -0.766420
vn 0.049813 0.000004 -0.998759
vn 0.049576 0.311102 -0.949083
vn -0.000000 0.000004 -1.000000
vn -0.000000 0.298235 -0.954493
vn -0.049813 0.000004 -0.998759
vn -0.049576 0.311103 -0.949082
vn -0.587786 0.000003 -0.809017
vn -0.556839 0.320200 -0.766421
vn -0.809015 0.000003 -0.587787
vn -0.766420 0.320202 -0.556841
vn -0.951056 0.000003 -0.309018
vn -0.900983 0.320201 -0.292748
vn -1.000000 0.000002 -0.000003
vn -0.947350 0.320201 -0.000003
vn -0.757600 0.604524 0.246157
vn -0.644449 0.604528 0.468222
vn -0.468218 0.604526 0.644454
vn -0.047440 0.593599 0.803361
vn 0.000000 0.573030 0.819534
vn 0.047440 0.593600 0.803361
vn 0.468218 0.604526 0.644454
vn 0.644450 0.604526 0.468221
vn 0.757601 0.604523 0.246157
vn 0.796590 0.604520 -0.000000
vn 0.757600 0.604524 -0.246158
vn 0.644450 0.604528 -0.468221
vn 0.468219 0.604526 -0.644453
vn 0.047440 0.593597 -0.803363
vn -0.000000 0.573028 -0.819536
vn -0.047440 0.593598 -0.803363
vn -0.468219 0.604525 -0.644453
vn -0.644449 0.604529 -0.468221
vn -0.757598 0.604526 -0.246157
vn -0.796588 0.604522 -0.000001
vn -0.538662 0.824143 0.175020
vn -0.458214 0.824141 0.332913
vn -0.332910 0.824141 0.458217
vn -0.040140 0.818121 0.573643
vn 0.000000 0.798623 0.601832
vn 0.040140 0.818121 0.573644
vn 0.332911 0.824140 0.458217
vn 0.458215 0.824140 0.332914
vn 0.538663 0.824142 0.175020
vn 0.566383 0.824143 0.000000
vn 0.538663 0.824142 -0.175020
vn 0.458215 0.824141 -0.332913
vn 0.332911 0.824141 -0.458216
vn 0.040140 0.818121 -0.573644
vn 0.000000 0.798623 -0.601832
vn -0.040140 0.818121 -0.573644
vn -0.332911 0.824140 -0.458217
vn -0.458214 0.824141 -0.332914
vn -0.538664 0.824142 -0.175020
vn -0.566383 0.824142 -0.000000
vn -0.268220 0.959407 0.087150
vn -0.228164 0.959406 0.165773
vn -0.165771 0.959407 0.228164
vn -0.024915 0.958639 0.283534
vn -0.000000 0.948164 0.317782
vn 0.024915 0.958639 0.283534
vn 0.165771 0.959407 0.228164
vn 0.228164 0.959407 0.165772
vn 0.268221 0.959407 0.087151
vn 0.282024 0.959407 0.000000
vn 0.268222 0.959407 -0.087151
vn 0.228165 0.959406 -0.165772
vn 0.165771 0.959407 -0.228165
vn 0.024915 0.958638 -0.283534
vn 0.000000 0.948164 -0.317782
vn -0.024915 0.958639 -0.283534
vn -0.165770 0.959407 -0.228164
vn -0.228164 0.959406 -0.165773
vn -0.268222 0.959407 -0.087151
vn -0.282024 0.959407 -0.000000
vn 0.026304 0.999618 -0.008546
vn 0.022374 0.999618 -0.016256
vn 0.016255 0.999618 -0.022373
vn -0.001516 0.999427 -0.033816
vn 0.000000 0.999994 -0.003574
vn 0.001516 0.999427 -0.033816
vn -0.016256 0.999618 -0.022374
vn -0.022374 0.999618 -0.016256
vn -0.026303 0.999618 -0.008546
vn -0.027657 0.999618 0.000000
vn -0.026303 0.999618 0.008546
vn -0.022374 0.999618 0.016255
vn -0.016256 0.999618 0.022374
vn 0.001516 0.999427 0.033816
vn -0.000000 0.999994 0.003574
vn -0.001516 0.999427 0.033816
vn 0.016256 0.999618 0.022374
vn 0.022374 0.999618 0.016256
vn 0.026303 0.999618 0.008546
vn 0.027656 0.999618 0.000000
vn 0.316337 0.943062 -0.102784
vn 0.269092 0.943062 -0.195507
vn 0.195507 0.943063 -0.269091
vn 0.027362 0.939001 -0.342824
vn 0.000000 0.946050 -0.324021
vn -0.027362 0.939001 -0.342825
vn -0.195508 0.943062 -0.269092
vn -0.269094 0.943062 -0.195507
vn -0.316336 0.943063 -0.102784
vn -0.332613 0.943063 0.000000
vn -0.316335 0.943063 0.102784
vn -0.269093 0.943062 0.195506
vn -0.195508 0.943063 0.269091
vn -0.027362 0.939001 0.342825
vn -0.000000 0.946050 0.324021
vn 0.027362 0.939001 0.342825
vn 0.195508 0.943062 0.269091
vn 0.269094 0.943062 0.195507
vn 0.316336 0.943063 0.102784
vn 0.332614 0.943063 0.000001
vn 0.574569 0.796880 -0.186688
vn 0.488756 0.796882 -0.355101
vn 0.355102 0.796882 -0.488755
vn 0.057106 0.788369 -0.612547
vn 0.000000 0.795520 -0.605927
vn -0.057106 0.788369 -0.612547
vn -0.355103 0.796882 -0.488754
vn -0.488756 0.796882 -0.355100
vn -0.574566 0.796882 -0.186689
vn -0.604134 0.796883 0.000000
vn -0.574567 0.796882 0.186689
vn -0.488756 0.796882 0.355101
vn -0.355102 0.796882 0.488755
vn -0.057106 0.788369 0.612547
vn 0.000000 0.795520 0.605927
vn 0.057106 0.788369 0.612547
vn 0.355102 0.796882 0.488755
vn 0.488756 0.796882 0.355101
vn 0.574566 0.796882 0.186688
vn 0.604136 0.796881 0.000001
vn 0.777400 0.576061 -0.252591
vn 0.661296 0.576063 -0.480457
vn 0.480459 0.576069 -0.661290
vn 0.082690 0.566325 -0.820023
vn -0.000000 0.570288 -0.821445
vn -0.082690 0.566325 -0.820023
vn -0.480459 0.576070 -0.661288
vn -0.661294 0.576066 -0.480456
vn -0.777399 0.576063 -0.252592
vn -0.817408 0.576059 -0.000000
vn -0.777399 0.576063 0.252592
vn -0.661295 0.576065 0.480456
vn -0.480459 0.576069 0.661289
vn -0.082690 0.566326 0.820023
vn -0.000000 0.570288 0.821445
vn 0.082690 0.566325 0.820023
vn 0.480459 0.576069 0.661289
vn 0.661295 0.576065 0.480456
vn 0.777399 0.576062 0.252592
vn 0.817408 0.576059 0.000000
vn 0.906682 0.301895 -0.294596
vn 0.771271 0.301895 -0.560358
vn 0.560362 0.301901 -0.771265
vn 0.099879 0.295488 -0.950111
vn -0.000000 0.296714 -0.954966
vn -0.099878 0.295488 -0.950111
vn -0.560363 0.301899 -0.771266
vn -0.771271 0.301892 -0.560358
vn -0.906682 0.301894 -0.294598
vn -0.953341 0.301896 0.000000
vn -0.906682 0.301894 0.294597
vn -0.771271 0.301894 0.560358
vn -0.560363 0.301900 0.771265
vn -0.099878 0.295488 0.950111
vn 0.000000 0.296713 0.954967
vn 0.099879 0.295486 0.950112
vn 0.560362 0.301899 0.771266
vn 0.771270 0.301895 0.560358
vn 0.906682 0.301896 0.294597
vn 0.953341 0.301897 0.000000
vn 0.951057 -0.000000 -0.309016
vn 0.809020 0.000000 -0.587782
vn 0.587792 0.000000 -0.809012
vn 0.105925 -0.000000 -0.994374
vn 0.000000 0.000000 -1.000000
vn -0.105925 0.000000 -0.994374
vn -0.587792 0.000000 -0.809012
vn -0.809019 0.000000 -0.587783
vn -0.951057 -0.000000 -0.309017
vn -1.000000 -0.000000 -0.000000
vn -0.951057 0.000000 0.309017
vn -0.809019 0.000000 0.587783
vn -0.587791 0.000000 0.809013
vn -0.105925 0.000000 0.994374
vn 0.000000 0.000000 1.000000
vn 0.105925 0.000000 0.994374
vn 0.587791 -0.000000 0.809013
vn 0.809019 -0.000000 0.587782
vn 0.951057 -0.000000 0.309016
vn 1.000000 0.000000 0.000000
vn 0.906682 -0.301895 -0.294596
vn 0.771271 -0.301895 -0.560358
vn 0.560362 -0.301901 -0.771265
vn 0.099879 -0.295488 -0.950111
vn 0.000000 -0.296714 -0.954966
vn -0.099878 -0.295488 -0.950111
vn -0.560363 -0.301899 -0.771266
vn -0.771271 -0.301892 -0.560358
vn -0.906682 -0.301894 -0.294598
vn -0.953341 -0.301895 0.000000
vn -0.906682 -0.301894 0.294597
vn -0.771271 -0.301894 0.560358
vn -0.560363 -0.301900 0.771265
vn -0.099878 -0.295488 0.950111
vn 0.000000 -0.296713 0.954967
vn 0.099879 -0.295486 0.950112
vn 0.560362 -0.301899 0.771266
vn 0.771270 -0.301895 0.560358
vn 0.906682 -0.301896 0.294597
vn 0.953341 -0.301897 0.000000
vn 0.777401 -0.576061 -0.252591
vn 0.661297 -0.576063 -0.480457
vn 0.480459 -0.576068 -0.661290
vn 0.082690 -0.566325 -0.820023
vn 0.000000 -0.570287 -0.821445
vn -0.082690 -0.566325 -0.820023
vn -0.480460 -0.576069 -0.661289
vn -0.661294 -0.576066 -0.480456
vn -0.777399 -0.576063 -0.252592
vn -0.817408 -0.576059 0.000000
vn -0.777399 -0.576063 0.252592
vn -0.661295 -0.576065 0.480456
vn -0.480459 -0.576069 0.661289
vn -0.082690 -0.566325 0.820023
vn 0.000000 -0.570287 0.821445
vn 0.082690 -0.566325 0.820023
vn 0.480459 -0.576070 0.661289
vn 0.661295 -0.576065 0.480456
vn 0.777399 -0.576062 0.252592
vn 0.817408 -0.576059 0.000000
vn 0.574569 -0.796880 -0.186688
vn 0.488756 -0.796882 -0.355101
vn 0.355102 -0.796882 -0.488755
vn 0.057106 -0.788369 -0.612547
vn -0.000000 -0.795520 -0.605927
vn -0.057106 -0.788369 -0.612547
vn -0.355102 -0.796882 -0.488755
vn -0.488756 -0.796883 -0.355100
vn -0.574566 -0.796882 -0.186689
vn -0.604134 -0.796883 0.000000
vn -0.574566 -0.796882 0.186689
vn -0.488756 -0.796882 0.355101
vn -0.355102 -0.796882 0.488755
vn -0.057106 -0.788369 0.612546
vn 0.000000 -0.795520 0.605927
vn 0.057106 -0.788369 0.612547
vn 0.355102 -0.796882 0.488755
vn 0.488756 -0.796882 0.355101
vn 0.574566 -0.796882 0.186688
vn 0.604136 -0.796882 0.000001
vn 0.316338 -0.943062 -0.102784
vn 0.269093 -0.943062 -0.195507
vn 0.195507 -0.943062 -0.269091
vn 0.027362 -0.939001 -0.342825
vn -0.000000 -0.946050 -0.324022
vn -0.027362 -0.939000 -0.342826
vn -0.195509 -0.943062 -0.269092
vn -0.269094 -0.943062 -0.195507
vn -0.316336 -0.943062 -0.102784
vn -0.332614 -0.943063 0.000000
vn -0.316336 -0.943062 0.102784
vn -0.269094 -0.943062 0.195507
vn -0.195508 -0.943062 0.269092
vn -0.027362 -0.939001 0.342826
vn 0.000000 -0.946050 0.324022
vn 0.027362 -0.939000 0.342826
vn 0.195508 -0.943062 0.269092
vn 0.269094 -0.943062 0.195507
vn 0.316337 -0.943062 0.102784
vn 0.332615 -0.943063 0.000001
vn 0.026304 -0.999618 -0.008546
vn 0.022374 -0.999618 -0.016256
vn 0.016255 -0.999618 -0.022373
vn -0.001516 -0.999427 -0.033815
vn -0.000000 -0.999994 -0.003573
vn 0.001516 -0.999427 -0.033815
vn -0.016255 -0.999618 -0.022374
vn -0.022374 -0.999618 -0.016256
vn -0.026303 -0.999618 -0.008546
vn -0.027657 -0.999618 0.000000
vn -0.026303 -0.999618 0.008546
vn -0.022374 -0.999618 0.016256
vn -0.016256 -0.999618 0.022374
vn 0.001516 -0.999427 0.033815
vn 0.000000 -0.999994 0.003573
vn -0.001516 -0.999427 0.033815
vn 0.016256 -0.999618 0.022374
vn 0.022374 -0.999618 0.016256
vn 0.026303 -0.999618 0.008546
vn 0.027656 -0.999618 0.000000
vn -0.268220 -0.959408 0.087150
vn -0.228163 -0.959407 0.165772
vn -0.165771 -0.959407 0.228163
vn -0.024915 -0.958639 0.283533
vn 0.000000 -0.948164 0.317782
vn 0.024915 -0.958639 0.283533
vn 0.165770 -0.959407 0.228163
vn 0.228163 -0.959407 0.165771
vn 0.268221 -0.959407 0.087151
vn 0.282023 -0.959408 0.000000
vn 0.268221 -0.959407 -0.087151
vn 0.228164 -0.959407 -0.165772
vn 0.165770 -0.959407 -0.228164
vn 0.024915 -0.958639 -0.283533
vn -0.000000 -0.948164 -0.317782
vn -0.024915 -0.958639 -0.283533
vn -0.165770 -0.959407 -0.228164
vn -0.228164 -0.959407 -0.165772
vn -0.268221 -0.959407 -0.087151
vn -0.282023 -0.959408 -0.000001
vn -0.538662 -0.824143 0.175020
vn -0.458214 -0.824141 0.332913
vn -0.332911 -0.824141 0.458217
vn -0.040140 -0.818122 0.573642
vn 0.000000 -0.798624 0.601831
vn 0.040140 -0.818122 0.573642
vn 0.332912 -0.824140 0.458217
vn 0.458215 -0.824140 0.332914
vn 0.538662 -0.824142 0.175021
vn 0.566383 -0.824143 -0.000000
vn 0.538662 -0.824143 -0.175021
vn 0.458214 -0.824141 -0.332914
vn 0.332911 -0.824141 -0.458217
vn 0.040140 -0.818122 -0.573643
vn -0.000000 -0.798624 -0.601831
vn -0.040140 -0.818121 -0.573643
vn -0.332910 -0.824141 -0.458217
vn -0.458214 -0.824141 -0.332913
vn -0.538663 -0.824142 -0.175020
vn -0.566382 -0.824143 -0.000000
vn -0.757600 -0.604524 0.246157
vn -0.644450 -0.604528 0.468221
vn -0.468218 -0.604526 0.644454
vn -0.047440 -0.593600 0.803361
vn -0.000000 -0.573030 0.819534
vn 0.047440 -0.593600 0.803361
vn 0.468218 -0.604526 0.644453
vn 0.644451 -0.604526 0.468222
vn 0.757600 -0.604523 0.246159
vn 0.796590 -0.604520 -0.000000
vn 0.757600 -0.604523 -0.246159
vn 0.644451 -0.604526 -0.468222
vn 0.468219 -0.604525 -0.644454
vn 0.047440 -0.593599 -0.803362
vn 0.000000 -0.573029 -0.819535
vn -0.047440 -0.593599 -0.803361
vn -0.468218 -0.604526 -0.644453
vn -0.644449 -0.604529 -0.468220
vn -0.757598 -0.604526 -0.246157
vn -0.796588 -0.604522 -0.000000
vn -0.900984 -0.320200 0.292747
vn -0.766420 -0.320200 0.556841
vn -0.556836 -0.320200 0.766424
vn -0.049576 -0.311100 0.949083
vn 0.000000 -0.298233 0.954493
vn 0.049576 -0.311100 0.949083
vn 0.556837 -0.320200 0.766423
vn 0.766419 -0.320202 0.556841
vn 0.900982 -0.320202 0.292749
vn 0.947349 -0.320202 -0.000000
vn 0.900982 -0.320201 -0.292750
vn 0.766419 -0.320202 -0.556842
vn 0.556838 -0.320201 -0.766422
vn 0.049576 -0.311101 -0.949083
vn -0.000000 -0.298233 -0.954493
vn -0.049576 -0.311101 -0.949083
vn -0.556838 -0.320200 -0.766422
vn -0.766420 -0.320201 -0.556841
vn -0.900982 -0.320201 -0.292750
vn -0.947350 -0.320201 -0.000001
s 1
g pTorus4
usemtl lambert2SG
f 1598/2196/1685 1597/2197/1686 1617/2198/1687 1618/2199/1688
f 1599/2206/1689 1598/2196/1685 1618/2199/1688 1619/2207/1690
f 1600/2632/1691 1599/2633/1689 1619/2634/1690 1620/2635/1692
f 1601/2640/1693 1600/2632/1691 1620/2635/1692 1621/2641/1694
f 1602/2646/1695 1601/2640/1693 1621/2641/1694 1622/2647/1696
f 1603/2651/1697 1602/2646/1695 1622/2647/1696 1623/2652/1698
f 1604/2246/1699 1603/2251/1697 1623/2252/1698 1624/2247/1700
f 1605/2245/1701 1604/2246/1699 1624/2247/1700 1625/2248/1702
f 1606/2255/1703 1605/2245/1701 1625/2248/1702 1626/2256/1704
f 1607/2265/1705 1606/2255/1703 1626/2256/1704 1627/2266/1706
f 1608/2275/1707 1607/2265/1705 1627/2266/1706 1628/2276/1708
f 1609/2283/1709 1608/2275/1707 1628/2276/1708 1629/2284/1710
f 1610/2657/1711 1609/2658/1709 1629/2659/1710 1630/2660/1712
f 1611/2665/1713 1610/2657/1711 1630/2660/1712 1631/2666/1714
f 1612/2671/1715 1611/2665/1713 1631/2666/1714 1632/2672/1716
f 1613/2676/1717 1612/2671/1715 1632/2672/1716 1633/2677/1718
f 1614/2223/1719 1613/2232/1717 1633/2233/1718 1634/2224/1720
f 1615/2212/1721 1614/2223/1719 1634/2224/1720 1635/2213/1722
f 1616/2202/1723 1615/2212/1721 1635/2213/1722 1636/2203/1724
f 1597/2197/1686 1616/2202/1723 1636/2203/1724 1617/2198/1687
f 1618/2199/1688 1617/2198/1687 1637/2204/1725 1638/2205/1726
f 1619/2207/1690 1618/2199/1688 1638/2205/1726 1639/2217/1727
f 1620/2635/1692 1619/2634/1690 1639/2638/1727 1640/2639/1728
f 1621/2641/1694 1620/2635/1692 1640/2639/1728 1641/2645/1729
f 1622/2647/1696 1621/2641/1694 1641/2645/1729 1642/2650/1730
f 1623/2652/1698 1622/2647/1696 1642/2650/1730 1643/2655/1731
f 1624/2247/1700 1623/2252/1698 1643/2261/1731 1644/2253/1732
f 1625/2248/1702 1624/2247/1700 1644/2253/1732 1645/2254/1733
f 1626/2256/1704 1625/2248/1702 1645/2254/1733 1646/2264/1734
f 1627/2266/1706 1626/2256/1704 1646/2264/1734 1647/2274/1735
f 1628/2276/1708 1627/2266/1706 1647/2274/1735 1648/2282/1736
f 1629/2284/1710 1628/2276/1708 1648/2282/1736 1649/2289/1737
f 1630/2660/1712 1629/2659/1710 1649/2663/1737 1650/2664/1738
f 1631/2666/1714 1630/2660/1712 1650/2664/1738 1651/2670/1739
f 1632/2672/1716 1631/2666/1714 1651/2670/1739 1652/2675/1740
f 1633/2677/1718 1632/2672/1716 1652/2675/1740 1653/2680/1741
f 1634/2224/1720 1633/2233/1718 1653/2239/1741 1654/2234/1742
f 1635/2213/1722 1634/2224/1720 1654/2234/1742 1655/2225/1743
f 1636/2203/1724 1635/2213/1722 1655/2225/1743 1656/2214/1744
f 1617/2198/1687 1636/2203/1724 1656/2214/1744 1637/2204/1725
f 1638/2205/1726 1637/2204/1725 1657/2215/1745 1658/2216/1746
f 1639/2217/1727 1638/2205/1726 1658/2216/1746 1659/2227/1747
f 1640/2418/1728 1639/2419/1727 1659/2400/1747 1660/2408/1748
f 1641/2430/1729 1640/2418/1728 1660/2408/1748 1661/2420/1749
f 1642/2441/1730 1641/2430/1729 1661/2420/1749 1662/2431/1750
f 1643/2456/1731 1642/2441/1730 1662/2431/1750 1663/2442/1751
f 1644/2253/1732 1643/2261/1731 1663/2272/1751 1664/2262/1752
f 1645/2254/1733 1644/2253/1732 1664/2262/1752 1665/2263/1753
f 1646/2264/1734 1645/2254/1733 1665/2263/1753 1666/2273/1754
f 1647/2274/1735 1646/2264/1734 1666/2273/1754 1667/2281/1755
f 1648/2282/1736 1647/2274/1735 1667/2281/1755 1668/2288/1756
f 1649/2289/1737 1648/2282/1736 1668/2288/1756 1669/2292/1757
f 1650/2471/1738 1649/2483/1737 1669/2472/1757 1670/2460/1758
f 1651/2459/1739 1650/2471/1738 1670/2460/1758 1671/2446/1759
f 1652/2445/1740 1651/2459/1739 1671/2446/1759 1672/2433/1760
f 1653/2444/1741 1652/2445/1740 1672/2433/1760 1673/2422/1761
f 1654/2234/1742 1653/2239/1741 1673/2243/1761 1674/2240/1762
f 1655/2225/1743 1654/2234/1742 1674/2240/1762 1675/2235/1763
f 1656/2214/1744 1655/2225/1743 1675/2235/1763 1676/2226/1764
f 1637/2204/1725 1656/2214/1744 1676/2226/1764 1657/2215/1745
f 1658/2392/1746 1657/2393/1745 1677/2394/1765 1678/2395/1766
f 1659/2400/1747 1658/2392/1746 1678/2395/1766 1679/2401/1767
f 1660/2408/1748 1659/2400/1747 1679/2401/1767 1680/2409/1768
f 1661/2420/1749 1660/2408/1748 1680/2409/1768 1681/2421/1769
f 1662/2431/1750 1661/2420/1749 1681/2421/1769 1682/2432/1770
f 1663/2442/1751 1662/2431/1750 1682/2432/1770 1683/2443/1771
f 1664/2457/1752 1663/2442/1751 1683/2443/1771 1684/2458/1772
f 1665/2469/1753 1664/2457/1752 1684/2458/1772 1685/2470/1773
f 1666/2481/1754 1665/2469/1753 1685/2470/1773 1686/2482/1774
f 1667/2495/1755 1666/2481/1754 1686/2482/1774 1687/2496/1775
f 1668/2484/1756 1667/2495/1755 1687/2496/1775 1688/2485/1776
f 1669/2472/1757 1668/2484/1756 1688/2485/1776 1689/2473/1777
f 1670/2460/1758 1669/2472/1757 1689/2473/1777 1690/2461/1778
f 1671/2446/1759 1670/2460/1758 1690/2461/1778 1691/2447/1779
f 1672/2433/1760 1671/2446/1759 1691/2447/1779 1692/2434/1780
f 1673/2422/1761 1672/2433/1760 1692/2434/1780 1693/2423/1781
f 1674/2410/1762 1673/2422/1761 1693/2423/1781 1694/2411/1782
f 1675/2402/1763 1674/2410/1762 1694/2411/1782 1695/2403/1783
f 1676/2396/1764 1675/2402/1763 1695/2403/1783 1696/2397/1784
f 1657/2393/1745 1676/2396/1764 1696/2397/1784 1677/2394/1765
f 1678/2395/1766 1677/2394/1765 1697/2398/1785 1698/2399/1786
f 1679/2401/1767 1678/2395/1766 1698/2399/1786 1699/2407/1787
f 1680/2409/1768 1679/2401/1767 1699/2407/1787 1700/2417/1788
f 1681/2421/1769 1680/2409/1768 1700/2417/1788 1701/2429/1789
f 1682/2432/1770 1681/2421/1769 1701/2429/1789 1702/2440/1790
f 1683/2443/1771 1682/2432/1770 1702/2440/1790 1703/2455/1791
f 1684/2458/1772 1683/2443/1771 1703/2455/1791 1704/2468/1792
f 1685/2470/1773 1684/2458/1772 1704/2468/1792 1705/2480/1793
f 1686/2482/1774 1685/2470/1773 1705/2480/1793 1706/2494/1794
f 1687/2496/1775 1686/2482/1774 1706/2494/1794 1707/2503/1795
f 1688/2485/1776 1687/2496/1775 1707/2503/1795 1708/2497/1796
f 1689/2473/1777 1688/2485/1776 1708/2497/1796 1709/2486/1797
f 1690/2461/1778 1689/2473/1777 1709/2486/1797 1710/2474/1798
f 1691/2447/1779 1690/2461/1778 1710/2474/1798 1711/2462/1799
f 1692/2434/1780 1691/2447/1779 1711/2462/1799 1712/2448/1800
f 1693/2423/1781 1692/2434/1780 1712/2448/1800 1713/2435/1801
f 1694/2411/1782 1693/2423/1781 1713/2435/1801 1714/2424/1802
f 1695/2403/1783 1694/2411/1782 1714/2424/1802 1715/2412/1803
f 1696/2397/1784 1695/2403/1783 1715/2412/1803 1716/2404/1804
f 1677/2394/1765 1696/2397/1784 1716/2404/1804 1697/2398/1785
f 1698/2399/1786 1697/2398/1785 1717/2405/1805 1718/2406/1806
f 1699/2407/1787 1698/2399/1786 1718/2406/1806 1719/2416/1807
f 1700/2417/1788 1699/2407/1787 1719/2416/1807 1720/2428/1808
f 1701/2429/1789 1700/2417/1788 1720/2428/1808 1721/2439/1809
f 1702/2440/1790 1701/2429/1789 1721/2439/1809 1722/2454/1810
f 1703/2455/1791 1702/2440/1790 1722/2454/1810 1723/2467/1811
f 1704/2468/1792 1703/2455/1791 1723/2467/1811 1724/2479/1812
f 1705/2480/1793 1704/2468/1792 1724/2479/1812 1725/2493/1813
f 1706/2494/1794 1705/2480/1793 1725/2493/1813 1726/2502/1814
f 1707/2503/1795 1706/2494/1794 1726/2502/1814 1727/2508/1815
f 1708/2497/1796 1707/2503/1795 1727/2508/1815 1728/2504/1816
f 1709/2486/1797 1708/2497/1796 1728/2504/1816 1729/2498/1817
f 1710/2474/1798 1709/2486/1797 1729/2498/1817 1730/2487/1818
f 1711/2462/1799 1710/2474/1798 1730/2487/1818 1731/2475/1819
f 1712/2448/1800 1711/2462/1799 1731/2475/1819 1732/2463/1820
f 1713/2435/1801 1712/2448/1800 1732/2463/1820 1733/2449/1821
f 1714/2424/1802 1713/2435/1801 1733/2449/1821 1734/2436/1822
f 1715/2412/1803 1714/2424/1802 1734/2436/1822 1735/2425/1823
f 1716/2404/1804 1715/2412/1803 1735/2425/1823 1736/2413/1824
f 1697/2398/1785 1716/2404/1804 1736/2413/1824 1717/2405/1805
f 1718/2406/1806 1717/2405/1805 1737/2414/1825 1738/2415/1826
f 1719/2416/1807 1718/2406/1806 1738/2415/1826 1739/2427/1827
f 1720/2428/1808 1719/2416/1807 1739/2427/1827 1740/2438/1828
f 1721/2439/1809 1720/2428/1808 1740/2438/1828 1741/2453/1829
f 1722/2454/1810 1721/2439/1809 1741/2453/1829 1742/2466/1830
f 1723/2467/1811 1722/2454/1810 1742/2466/1830 1743/2478/1831
f 1724/2479/1812 1723/2467/1811 1743/2478/1831 1744/2492/1832
f 1725/2493/1813 1724/2479/1812 1744/2492/1832 1745/2501/1833
f 1726/2502/1814 1725/2493/1813 1745/2501/1833 1746/2507/1834
f 1727/2508/1815 1726/2502/1814 1746/2507/1834 1747/2511/1835
f 1728/2504/1816 1727/2508/1815 1747/2511/1835 1748/2509/1836
f 1729/2498/1817 1728/2504/1816 1748/2509/1836 1749/2505/1837
f 1730/2487/1818 1729/2498/1817 1749/2505/1837 1750/2499/1838
f 1731/2475/1819 1730/2487/1818 1750/2499/1838 1751/2488/1839
f 1732/2463/1820 1731/2475/1819 1751/2488/1839 1752/2476/1840
f 1733/2449/1821 1732/2463/1820 1752/2476/1840 1753/2464/1841
f 1734/2436/1822 1733/2449/1821 1753/2464/1841 1754/2450/1842
f 1735/2425/1823 1734/2436/1822 1754/2450/1842 1755/2437/1843
f 1736/2413/1824 1735/2425/1823 1755/2437/1843 1756/2426/1844
f 1717/2405/1805 1736/2413/1824 1756/2426/1844 1737/2414/1825
f 1738/2298/1826 1737/2299/1825 1757/2295/1845 1758/2294/1846
f 1739/2307/1827 1738/2298/1826 1758/2294/1846 1759/2304/1847
f 1740/2438/1828 1739/2427/1827 1759/2451/1847 1760/2452/1848
f 1741/2453/1829 1740/2438/1828 1760/2452/1848 1761/2465/1849
f 1742/2466/1830 1741/2453/1829 1761/2465/1849 1762/2477/1850
f 1743/2478/1831 1742/2466/1830 1762/2477/1850 1763/2491/1851
f 1744/2348/1832 1743/2355/1831 1763/2349/1851 1764/2344/1852
f 1745/2347/1833 1744/2348/1832 1764/2344/1852 1765/2343/1853
f 1746/2356/1834 1745/2347/1833 1765/2343/1853 1766/2353/1854
f 1747/2363/1835 1746/2356/1834 1766/2353/1854 1767/2361/1855
f 1748/2371/1836 1747/2363/1835 1767/2361/1855 1768/2369/1856
f 1749/2380/1837 1748/2371/1836 1768/2369/1856 1769/2378/1857
f 1750/2499/1838 1749/2505/1837 1769/2510/1857 1770/2506/1858
f 1751/2488/1839 1750/2499/1838 1770/2506/1858 1771/2500/1859
f 1752/2476/1840 1751/2488/1839 1771/2500/1859 1772/2489/1860
f 1753/2464/1841 1752/2476/1840 1772/2489/1860 1773/2490/1861
f 1754/2322/1842 1753/2331/1841 1773/2323/1861 1774/2315/1862
f 1755/2314/1843 1754/2322/1842 1774/2315/1862 1775/2308/1863
f 1756/2306/1844 1755/2314/1843 1775/2308/1863 1776/2300/1864
f 1737/2299/1825 1756/2306/1844 1776/2300/1864 1757/2295/1845
f 1758/2294/1846 1757/2295/1845 1777/2296/1865 1778/2297/1866
f 1759/2304/1847 1758/2294/1846 1778/2297/1866 1779/2305/1867
f 1760/2682/1848 1759/2683/1847 1779/2684/1867 1780/2685/1868
f 1761/2688/1849 1760/2682/1848 1780/2685/1868 1781/2689/1869
f 1762/2693/1850 1761/2688/1849 1781/2689/1869 1782/2694/1870
f 1763/2699/1851 1762/2693/1850 1782/2694/1870 1783/2700/1871
f 1764/2344/1852 1763/2349/1851 1783/2350/1871 1784/2345/1872
f 1765/2343/1853 1764/2344/1852 1784/2345/1872 1785/2346/1873
f 1766/2353/1854 1765/2343/1853 1785/2346/1873 1786/2354/1874
f 1767/2361/1855 1766/2353/1854 1786/2354/1874 1787/2362/1875
f 1768/2369/1856 1767/2361/1855 1787/2362/1875 1788/2370/1876
f 1769/2378/1857 1768/2369/1856 1788/2370/1876 1789/2379/1877
f 1770/2707/1858 1769/2708/1857 1789/2709/1877 1790/2710/1878
f 1771/2713/1859 1770/2707/1858 1790/2710/1878 1791/2714/1879
f 1772/2718/1860 1771/2713/1859 1791/2714/1879 1792/2719/1880
f 1773/2724/1861 1772/2718/1860 1792/2719/1880 1793/2725/1881
f 1774/2315/1862 1773/2323/1861 1793/2324/1881 1794/2316/1882
f 1775/2308/1863 1774/2315/1862 1794/2316/1882 1795/2309/1883
f 1776/2300/1864 1775/2308/1863 1795/2309/1883 1796/2301/1884
f 1757/2295/1845 1776/2300/1864 1796/2301/1884 1777/2296/1865
f 1778/2297/1866 1777/2296/1865 1797/2302/1885 1798/2303/1886
f 1779/2305/1867 1778/2297/1866 1798/2303/1886 1799/2313/1887
f 1780/2685/1868 1779/2684/1867 1799/2686/1887 1800/2687/1888
f 1781/2689/1869 1780/2685/1868 1800/2687/1888 1801/2692/1889
f 1782/2694/1870 1781/2689/1869 1801/2692/1889 1802/2698/1890
f 1783/2700/1871 1782/2694/1870 1802/2698/1890 1803/2703/1891
f 1784/2345/1872 1783/2350/1871 1803/2357/1891 1804/2351/1892
f 1785/2346/1873 1784/2345/1872 1804/2351/1892 1805/2352/1893
f 1786/2354/1874 1785/2346/1873 1805/2352/1893 1806/2360/1894
f 1787/2362/1875 1786/2354/1874 1806/2360/1894 1807/2368/1895
f 1788/2370/1876 1787/2362/1875 1807/2368/1895 1808/2377/1896
f 1789/2379/1877 1788/2370/1876 1808/2377/1896 1809/2385/1897
f 1790/2710/1878 1789/2709/1877 1809/2711/1897 1810/2712/1898
f 1791/2714/1879 1790/2710/1878 1810/2712/1898 1811/2717/1899
f 1792/2719/1880 1791/2714/1879 1811/2717/1899 1812/2723/1900
f 1793/2725/1881 1792/2719/1880 1812/2723/1900 1813/2728/1901
f 1794/2316/1882 1793/2324/1881 1813/2332/1901 1814/2325/1902
f 1795/2309/1883 1794/2316/1882 1814/2325/1902 1815/2317/1903
f 1796/2301/1884 1795/2309/1883 1815/2317/1903 1816/2310/1904
f 1777/2296/1865 1796/2301/1884 1816/2310/1904 1797/2302/1885
f 1798/2303/1886 1797/2302/1885 1817/2311/1905 1818/2312/1906
f 1799/2313/1887 1798/2303/1886 1818/2312/1906 1819/2321/1907
f 1800/2687/1888 1799/2686/1887 1819/2690/1907 1820/2691/1908
f 1801/2692/1889 1800/2687/1888 1820/2691/1908 1821/2697/1909
f 1802/2698/1890 1801/2692/1889 1821/2697/1909 1822/2702/1910
f 1803/2703/1891 1802/2698/1890 1822/2702/1910 1823/2705/1911
f 1804/2351/1892 1803/2357/1891 1823/2364/1911 1824/2358/1912
f 1805/2352/1893 1804/2351/1892 1824/2358/1912 1825/2359/1913
f 1806/2360/1894 1805/2352/1893 1825/2359/1913 1826/2367/1914
f 1807/2368/1895 1806/2360/1894 1826/2367/1914 1827/2376/1915
f 1808/2377/1896 1807/2368/1895 1827/2376/1915 1828/2384/1916
f 1809/2385/1897 1808/2377/1896 1828/2384/1916 1829/2388/1917
f 1810/2712/1898 1809/2711/1897 1829/2715/1917 1830/2716/1918
f 1811/2717/1899 1810/2712/1898 1830/2716/1918 1831/2722/1919
f 1812/2723/1900 1811/2717/1899 1831/2722/1919 1832/2727/1920
f 1813/2728/1901 1812/2723/1900 1832/2727/1920 1833/2730/1921
f 1814/2325/1902 1813/2332/1901 1833/2337/1921 1834/2333/1922
f 1815/2317/1903 1814/2325/1902 1834/2333/1922 1835/2326/1923
f 1816/2310/1904 1815/2317/1903 1835/2326/1923 1836/2318/1924
f 1797/2302/1885 1816/2310/1904 1836/2318/1924 1817/2311/1905
f 1818/2312/1906 1817/2311/1905 1837/2319/1925 1838/2320/1926
f 1819/2321/1907 1818/2312/1906 1838/2320/1926 1839/2330/1927
f 1820/2691/1908 1819/2690/1907 1839/2695/1927 1840/2696/1928
f 1821/2697/1909 1820/2691/1908 1840/2696/1928 1841/2701/1929
f 1822/2702/1910 1821/2697/1909 1841/2701/1929 1842/2704/1930
f 1823/2705/1911 1822/2702/1910 1842/2704/1930 1843/2706/1931
f 1824/2358/1912 1823/2364/1911 1843/2372/1931 1844/2365/1932
f 1825/2359/1913 1824/2358/1912 1844/2365/1932 1845/2366/1933
f 1826/2367/1914 1825/2359/1913 1845/2366/1933 1846/2375/1934
f 1827/2376/1915 1826/2367/1914 1846/2375/1934 1847/2383/1935
f 1828/2384/1916 1827/2376/1915 1847/2383/1935 1848/2387/1936
f 1829/2388/1917 1828/2384/1916 1848/2387/1936 1849/2390/1937
f 1830/2716/1918 1829/2715/1917 1849/2720/1937 1850/2721/1938
f 1831/2722/1919 1830/2716/1918 1850/2721/1938 1851/2726/1939
f 1832/2727/1920 1831/2722/1919 1851/2726/1939 1852/2729/1940
f 1833/2730/1921 1832/2727/1920 1852/2729/1940 1853/2731/1941
f 1834/2333/1922 1833/2337/1921 1853/2340/1941 1854/2338/1942
f 1835/2326/1923 1834/2333/1922 1854/2338/1942 1855/2334/1943
f 1836/2318/1924 1835/2326/1923 1855/2334/1943 1856/2327/1944
f 1817/2311/1905 1836/2318/1924 1856/2327/1944 1837/2319/1925
f 1838/2320/1926 1837/2319/1925 1857/2328/1945 1858/2329/1946
f 1839/2330/1927 1838/2320/1926 1858/2329/1946 1859/2336/1947
f 1840/2538/1928 1839/2539/1927 1859/2520/1947 1860/2528/1948
f 1841/2550/1929 1840/2538/1928 1860/2528/1948 1861/2540/1949
f 1842/2561/1930 1841/2550/1929 1861/2540/1949 1862/2551/1950
f 1843/2576/1931 1842/2561/1930 1862/2551/1950 1863/2562/1951
f 1844/2365/1932 1843/2372/1931 1863/2381/1951 1864/2373/1952
f 1845/2366/1933 1844/2365/1932 1864/2373/1952 1865/2374/1953
f 1846/2375/1934 1845/2366/1933 1865/2374/1953 1866/2382/1954
f 1847/2383/1935 1846/2375/1934 1866/2382/1954 1867/2386/1955
f 1848/2387/1936 1847/2383/1935 1867/2386/1955 1868/2389/1956
f 1849/2390/1937 1848/2387/1936 1868/2389/1956 1869/2391/1957
f 1850/2591/1938 1849/2603/1937 1869/2592/1957 1870/2580/1958
f 1851/2579/1939 1850/2591/1938 1870/2580/1958 1871/2566/1959
f 1852/2565/1940 1851/2579/1939 1871/2566/1959 1872/2553/1960
f 1853/2564/1941 1852/2565/1940 1872/2553/1960 1873/2542/1961
f 1854/2338/1942 1853/2340/1941 1873/2342/1961 1874/2341/1962
f 1855/2334/1943 1854/2338/1942 1874/2341/1962 1875/2339/1963
f 1856/2327/1944 1855/2334/1943 1875/2339/1963 1876/2335/1964
f 1837/2319/1925 1856/2327/1944 1876/2335/1964 1857/2328/1945
f 1858/2512/1946 1857/2513/1945 1877/2514/1965 1878/2515/1966
f 1859/2520/1947 1858/2512/1946 1878/2515/1966 1879/2521/1967
f 1860/2528/1948 1859/2520/1947 1879/2521/1967 1880/2529/1968
f 1861/2540/1949 1860/2528/1948 1880/2529/1968 1881/2541/1969
f 1862/2551/1950 1861/2540/1949 1881/2541/1969 1882/2552/1970
f 1863/2562/1951 1862/2551/1950 1882/2552/1970 1883/2563/1971
f 1864/2577/1952 1863/2562/1951 1883/2563/1971 1884/2578/1972
f 1865/2589/1953 1864/2577/1952 1884/2578/1972 1885/2590/1973
f 1866/2601/1954 1865/2589/1953 1885/2590/1973 1886/2602/1974
f 1867/2615/1955 1866/2601/1954 1886/2602/1974 1887/2616/1975
f 1868/2604/1956 1867/2615/1955 1887/2616/1975 1888/2605/1976
f 1869/2592/1957 1868/2604/1956 1888/2605/1976 1889/2593/1977
f 1870/2580/1958 1869/2592/1957 1889/2593/1977 1890/2581/1978
f 1871/2566/1959 1870/2580/1958 1890/2581/1978 1891/2567/1979
f 1872/2553/1960 1871/2566/1959 1891/2567/1979 1892/2554/1980
f 1873/2542/1961 1872/2553/1960 1892/2554/1980 1893/2543/1981
f 1874/2530/1962 1873/2542/1961 1893/2543/1981 1894/2531/1982
f 1875/2522/1963 1874/2530/1962 1894/2531/1982 1895/2523/1983
f 1876/2516/1964 1875/2522/1963 1895/2523/1983 1896/2517/1984
f 1857/2513/1945 1876/2516/1964 1896/2517/1984 1877/2514/1965
f 1878/2515/1966 1877/2514/1965 1897/2518/1985 1898/2519/1986
f 1879/2521/1967 1878/2515/1966 1898/2519/1986 1899/2527/1987
f 1880/2529/1968 1879/2521/1967 1899/2527/1987 1900/2537/1988
f 1881/2541/1969 1880/2529/1968 1900/2537/1988 1901/2549/1989
f 1882/2552/1970 1881/2541/1969 1901/2549/1989 1902/2560/1990
f 1883/2563/1971 1882/2552/1970 1902/2560/1990 1903/2575/1991
f 1884/2578/1972 1883/2563/1971 1903/2575/1991 1904/2588/1992
f 1885/2590/1973 1884/2578/1972 1904/2588/1992 1905/2600/1993
f 1886/2602/1974 1885/2590/1973 1905/2600/1993 1906/2614/1994
f 1887/2616/1975 1886/2602/1974 1906/2614/1994 1907/2623/1995
f 1888/2605/1976 1887/2616/1975 1907/2623/1995 1908/2617/1996
f 1889/2593/1977 1888/2605/1976 1908/2617/1996 1909/2606/1997
f 1890/2581/1978 1889/2593/1977 1909/2606/1997 1910/2594/1998
f 1891/2567/1979 1890/2581/1978 1910/2594/1998 1911/2582/1999
f 1892/2554/1980 1891/2567/1979 1911/2582/1999 1912/2568/2000
f 1893/2543/1981 1892/2554/1980 1912/2568/2000 1913/2555/2001
f 1894/2531/1982 1893/2543/1981 1913/2555/2001 1914/2544/2002
f 1895/2523/1983 1894/2531/1982 1914/2544/2002 1915/2532/2003
f 1896/2517/1984 1895/2523/1983 1915/2532/2003 1916/2524/2004
f 1877/2514/1965 1896/2517/1984 1916/2524/2004 1897/2518/1985
f 1898/2519/1986 1897/2518/1985 1917/2525/2005 1918/2526/2006
f 1899/2527/1987 1898/2519/1986 1918/2526/2006 1919/2536/2007
f 1900/2537/1988 1899/2527/1987 1919/2536/2007 1920/2548/2008
f 1901/2549/1989 1900/2537/1988 1920/2548/2008 1921/2559/2009
f 1902/2560/1990 1901/2549/1989 1921/2559/2009 1922/2574/2010
f 1903/2575/1991 1902/2560/1990 1922/2574/2010 1923/2587/2011
f 1904/2588/1992 1903/2575/1991 1923/2587/2011 1924/2599/2012
f 1905/2600/1993 1904/2588/1992 1924/2599/2012 1925/2613/2013
f 1906/2614/1994 1905/2600/1993 1925/2613/2013 1926/2622/2014
f 1907/2623/1995 1906/2614/1994 1926/2622/2014 1927/2628/2015
f 1908/2617/1996 1907/2623/1995 1927/2628/2015 1928/2624/2016
f 1909/2606/1997 1908/2617/1996 1928/2624/2016 1929/2618/2017
f 1910/2594/1998 1909/2606/1997 1929/2618/2017 1930/2607/2018
f 1911/2582/1999 1910/2594/1998 1930/2607/2018 1931/2595/2019
f 1912/2568/2000 1911/2582/1999 1931/2595/2019 1932/2583/2020
f 1913/2555/2001 1912/2568/2000 1932/2583/2020 1933/2569/2021
f 1914/2544/2002 1913/2555/2001 1933/2569/2021 1934/2556/2022
f 1915/2532/2003 1914/2544/2002 1934/2556/2022 1935/2545/2023
f 1916/2524/2004 1915/2532/2003 1935/2545/2023 1936/2533/2024
f 1897/2518/1985 1916/2524/2004 1936/2533/2024 1917/2525/2005
f 1918/2526/2006 1917/2525/2005 1937/2534/2025 1938/2535/2026
f 1919/2536/2007 1918/2526/2006 1938/2535/2026 1939/2547/2027
f 1920/2548/2008 1919/2536/2007 1939/2547/2027 1940/2558/2028
f 1921/2559/2009 1920/2548/2008 1940/2558/2028 1941/2573/2029
f 1922/2574/2010 1921/2559/2009 1941/2573/2029 1942/2586/2030
f 1923/2587/2011 1922/2574/2010 1942/2586/2030 1943/2598/2031
f 1924/2599/2012 1923/2587/2011 1943/2598/2031 1944/2612/2032
f 1925/2613/2013 1924/2599/2012 1944/2612/2032 1945/2621/2033
f 1926/2622/2014 1925/2613/2013 1945/2621/2033 1946/2627/2034
f 1927/2628/2015 1926/2622/2014 1946/2627/2034 1947/2631/2035
f 1928/2624/2016 1927/2628/2015 1947/2631/2035 1948/2629/2036
f 1929/2618/2017 1928/2624/2016 1948/2629/2036 1949/2625/2037
f 1930/2607/2018 1929/2618/2017 1949/2625/2037 1950/2619/2038
f 1931/2595/2019 1930/2607/2018 1950/2619/2038 1951/2608/2039
f 1932/2583/2020 1931/2595/2019 1951/2608/2039 1952/2596/2040
f 1933/2569/2021 1932/2583/2020 1952/2596/2040 1953/2584/2041
f 1934/2556/2022 1933/2569/2021 1953/2584/2041 1954/2570/2042
f 1935/2545/2023 1934/2556/2022 1954/2570/2042 1955/2557/2043
f 1936/2533/2024 1935/2545/2023 1955/2557/2043 1956/2546/2044
f 1917/2525/2005 1936/2533/2024 1956/2546/2044 1937/2534/2025
f 1938/2218/2026 1937/2219/2025 1957/2209/2045 1958/2208/2046
f 1939/2229/2027 1938/2218/2026 1958/2208/2046 1959/2221/2047
f 1940/2558/2028 1939/2547/2027 1959/2571/2047 1960/2572/2048
f 1941/2573/2029 1940/2558/2028 1960/2572/2048 1961/2585/2049
f 1942/2586/2030 1941/2573/2029 1961/2585/2049 1962/2597/2050
f 1943/2598/2031 1942/2586/2030 1962/2597/2050 1963/2611/2051
f 1944/2268/2032 1943/2277/2031 1963/2269/2051 1964/2258/2052
f 1945/2267/2033 1944/2268/2032 1964/2258/2052 1965/2257/2053
f 1946/2278/2034 1945/2267/2033 1965/2257/2053 1966/2270/2054
f 1947/2285/2035 1946/2278/2034 1966/2270/2054 1967/2279/2055
f 1948/2290/2036 1947/2285/2035 1967/2279/2055 1968/2286/2056
f 1949/2293/2037 1948/2290/2036 1968/2286/2056 1969/2291/2057
f 1950/2619/2038 1949/2625/2037 1969/2630/2057 1970/2626/2058
f 1951/2608/2039 1950/2619/2038 1970/2626/2058 1971/2620/2059
f 1952/2596/2040 1951/2608/2039 1971/2620/2059 1972/2609/2060
f 1953/2584/2041 1952/2596/2040 1972/2609/2060 1973/2610/2061
f 1954/2241/2042 1953/2244/2041 1973/2242/2061 1974/2237/2062
f 1955/2236/2043 1954/2241/2042 1974/2237/2062 1975/2230/2063
f 1956/2228/2044 1955/2236/2043 1975/2230/2063 1976/2220/2064
f 1937/2219/2025 1956/2228/2044 1976/2220/2064 1957/2209/2045
f 1958/2208/2046 1957/2209/2045 1977/2201/2065 1978/2200/2066
f 1959/2221/2047 1958/2208/2046 1978/2200/2066 1979/2211/2067
f 1960/2642/2048 1959/2643/2047 1979/2637/2067 1980/2636/2068
f 1961/2648/2049 1960/2642/2048 1980/2636/2068 1981/2644/2069
f 1962/2653/2050 1961/2648/2049 1981/2644/2069 1982/2649/2070
f 1963/2656/2051 1962/2653/2050 1982/2649/2070 1983/2654/2071
f 1964/2258/2052 1963/2269/2051 1983/2259/2071 1984/2250/2072
f 1965/2257/2053 1964/2258/2052 1984/2250/2072 1985/2249/2073
f 1966/2270/2054 1965/2257/2053 1985/2249/2073 1986/2260/2074
f 1967/2279/2055 1966/2270/2054 1986/2260/2074 1987/2271/2075
f 1968/2286/2056 1967/2279/2055 1987/2271/2075 1988/2280/2076
f 1969/2291/2057 1968/2286/2056 1988/2280/2076 1989/2287/2077
f 1970/2667/2058 1969/2668/2057 1989/2662/2077 1990/2661/2078
f 1971/2673/2059 1970/2667/2058 1990/2661/2078 1991/2669/2079
f 1972/2678/2060 1971/2673/2059 1991/2669/2079 1992/2674/2080
f 1973/2681/2061 1972/2678/2060 1992/2674/2080 1993/2679/2081
f 1974/2237/2062 1973/2242/2061 1993/2238/2081 1994/2231/2082
f 1975/2230/2063 1974/2237/2062 1994/2231/2082 1995/2222/2083
f 1976/2220/2064 1975/2230/2063 1995/2222/2083 1996/2210/2084
f 1957/2209/2045 1976/2220/2064 1996/2210/2084 1977/2201/2065
f 1978/2200/2066 1977/2201/2065 1597/2197/1686 1598/2196/1685
f 1979/2211/2067 1978/2200/2066 1598/2196/1685 1599/2206/1689
f 1980/2636/2068 1979/2637/2067 1599/2633/1689 1600/2632/1691
f 1981/2644/2069 1980/2636/2068 1600/2632/1691 1601/2640/1693
f 1982/2649/2070 1981/2644/2069 1601/2640/1693 1602/2646/1695
f 1983/2654/2071 1982/2649/2070 1602/2646/1695 1603/2651/1697
f 1984/2250/2072 1983/2259/2071 1603/2251/1697 1604/2246/1699
f 1985/2249/2073 1984/2250/2072 1604/2246/1699 1605/2245/1701
f 1986/2260/2074 1985/2249/2073 1605/2245/1701 1606/2255/1703
f 1987/2271/2075 1986/2260/2074 1606/2255/1703 1607/2265/1705
f 1988/2280/2076 1987/2271/2075 1607/2265/1705 1608/2275/1707
f 1989/2287/2077 1988/2280/2076 1608/2275/1707 1609/2283/1709
f 1990/2661/2078 1989/2662/2077 1609/2658/1709 1610/2657/1711
f 1991/2669/2079 1990/2661/2078 1610/2657/1711 1611/2665/1713
f 1992/2674/2080 1991/2669/2079 1611/2665/1713 1612/2671/1715
f 1993/2679/2081 1992/2674/2080 1612/2671/1715 1613/2676/1717
f 1994/2231/2082 1993/2238/2081 1613/2232/1717 1614/2223/1719
f 1995/2222/2083 1994/2231/2082 1614/2223/1719 1615/2212/1721
f 1996/2210/2084 1995/2222/2083 1615/2212/1721 1616/2202/1723
f 1977/2201/2065 1996/2210/2084 1616/2202/1723 1597/2197/1686
g default
v 2.551952 0.017692 -0.000254
v 2.543981 0.033242 -0.000543
v 2.531594 0.045568 -0.000773
v 2.516004 0.053465 -0.000924
v 2.367729 0.053232 -0.000977
v 2.219453 0.052767 -0.001025
v 2.203901 0.044797 -0.000885
v 2.191572 0.032412 -0.000662
v 2.183674 0.016825 -0.000379
v 2.180981 -0.000440 -0.000064
v 2.183755 -0.017691 0.000254
v 2.191726 -0.033242 0.000542
v 2.204113 -0.045568 0.000773
v 2.219703 -0.053464 0.000924
v 2.367979 -0.053232 0.000976
v 2.516254 -0.052766 0.001025
v 2.531806 -0.044796 0.000884
v 2.544135 -0.032412 0.000662
v 2.552033 -0.016825 0.000379
v 2.554726 0.000440 0.000063
v 2.554543 0.018859 0.016989
v 2.546182 0.035171 0.016687
v 2.533190 0.048100 0.016445
v 2.516836 0.056383 0.016287
v 2.367716 0.056150 0.015986
v 2.218596 0.055681 0.016185
v 2.202282 0.047321 0.016333
v 2.189350 0.034331 0.016566
v 2.181066 0.017980 0.016863
v 2.178241 -0.000129 0.017194
v 2.181151 -0.018226 0.017527
v 2.189512 -0.034537 0.017829
v 2.202504 -0.047466 0.018072
v 2.218857 -0.055749 0.018230
v 2.367978 -0.055525 0.018035
v 2.517098 -0.055047 0.018331
v 2.533412 -0.046687 0.018184
v 2.546344 -0.033697 0.017950
v 2.554628 -0.017347 0.017654
v 2.557453 0.000763 0.017323
v 2.562077 0.021614 0.032516
v 2.552584 0.040134 0.032172
v 2.537832 0.054814 0.031898
v 2.519265 0.064218 0.031718
v 2.367692 0.063993 0.031192
v 2.216120 0.063505 0.031615
v 2.197597 0.054013 0.031782
v 2.182914 0.039264 0.032047
v 2.173508 0.020699 0.032384
v 2.170301 0.000137 0.032760
v 2.173605 -0.020409 0.033138
v 2.183098 -0.038929 0.033482
v 2.197850 -0.053609 0.033756
v 2.216417 -0.063013 0.033936
v 2.367990 -0.062805 0.033518
v 2.519562 -0.062300 0.034039
v 2.538085 -0.052809 0.033872
v 2.552768 -0.038059 0.033607
v 2.562174 -0.019494 0.033270
v 2.565381 0.001067 0.032894
v 2.573816 0.025686 0.044805
v 2.562560 0.047647 0.044398
v 2.545067 0.065054 0.044072
v 2.523051 0.076205 0.043859
v 2.367660 0.075992 0.043154
v 2.212269 0.075473 0.043753
v 2.190305 0.064219 0.043951
v 2.172895 0.046729 0.044266
v 2.161742 0.024716 0.044665
v 2.157939 0.000335 0.045111
v 2.161856 -0.024028 0.045559
v 2.173112 -0.045988 0.045967
v 2.190605 -0.063396 0.046293
v 2.212621 -0.074546 0.046506
v 2.368013 -0.074358 0.045912
v 2.523403 -0.073815 0.046611
v 2.545367 -0.062561 0.046413
v 2.562778 -0.045071 0.046099
v 2.573931 -0.023058 0.045699
v 2.577734 0.001323 0.045254
v 2.588611 0.030678 0.052655
v 2.575133 0.056973 0.052167
v 2.554188 0.077816 0.051777
v 2.527825 0.091169 0.051522
v 2.367622 0.090975 0.050701
v 2.207420 0.090415 0.051413
v 2.181120 0.076938 0.051650
v 2.160273 0.055996 0.052027
v 2.146918 0.029638 0.052505
v 2.142364 0.000444 0.053039
v 2.147055 -0.028729 0.053576
v 2.160534 -0.055024 0.054063
v 2.181479 -0.075867 0.054454
v 2.207842 -0.089219 0.054709
v 2.368045 -0.089054 0.054004
v 2.528247 -0.088465 0.054818
v 2.554546 -0.074989 0.054580
v 2.575393 -0.054047 0.054204
v 2.588748 -0.027689 0.053726
v 2.593303 0.001505 0.053192
v 2.605014 0.036100 0.055296
v 2.589072 0.067200 0.054720
v 2.564300 0.091852 0.054258
v 2.533120 0.107645 0.053956
v 2.367583 0.107474 0.053093
v 2.202046 0.106866 0.053844
v 2.170940 0.090926 0.054124
v 2.146284 0.066158 0.054569
v 2.130489 0.034983 0.055135
v 2.125102 0.000453 0.055767
v 2.130651 -0.034050 0.056402
v 2.146592 -0.065150 0.056978
v 2.171365 -0.089803 0.057440
v 2.202545 -0.105596 0.057742
v 2.368082 -0.105454 0.057000
v 2.533618 -0.104816 0.057854
v 2.564724 -0.088877 0.057573
v 2.589381 -0.064108 0.057128
v 2.605176 -0.032933 0.056563
v 2.610563 0.001596 0.055931
v 2.621419 0.041421 0.052470
v 2.603014 0.077327 0.051805
v 2.574414 0.105788 0.051272
v 2.538416 0.124021 0.050923
v 2.367545 0.123875 0.050097
v 2.196675 0.123217 0.050807
v 2.160763 0.104815 0.051131
v 2.132296 0.076219 0.051645
v 2.114061 0.040227 0.052298
v 2.107842 0.000363 0.053027
v 2.114248 -0.039472 0.053760
v 2.132652 -0.075377 0.054426
v 2.161253 -0.103839 0.054959
v 2.197251 -0.122072 0.055307
v 2.368122 -0.121953 0.054607
v 2.538992 -0.121267 0.055423
v 2.574904 -0.102866 0.055100
v 2.603370 -0.074269 0.054586
v 2.621605 -0.038278 0.053933
v 2.627824 0.001587 0.053204
v 2.636219 0.046121 0.044454
v 2.615593 0.086362 0.043708
v 2.583540 0.118260 0.043111
v 2.543196 0.138693 0.042720
v 2.367513 0.138571 0.042006
v 2.191831 0.137866 0.042601
v 2.151584 0.117243 0.042964
v 2.119681 0.085194 0.043540
v 2.099243 0.044857 0.044272
v 2.092273 0.000180 0.045089
v 2.099453 -0.044463 0.045911
v 2.120079 -0.084704 0.046657
v 2.152133 -0.116602 0.047254
v 2.192476 -0.137035 0.047644
v 2.368160 -0.136937 0.047060
v 2.543841 -0.136208 0.047764
v 2.584088 -0.115585 0.047401
v 2.615992 -0.083536 0.046825
v 2.636429 -0.043199 0.046093
v 2.643399 0.001478 0.045276
v 2.647968 0.049740 0.032033
v 2.625579 0.093421 0.031223
v 2.590785 0.128046 0.030574
v 2.546992 0.150227 0.030151
v 2.367490 0.150124 0.029612
v 2.187990 0.149382 0.030029
v 2.144301 0.126996 0.030423
v 2.109670 0.092207 0.031048
v 2.087486 0.048421 0.031843
v 2.079920 -0.000075 0.032729
v 2.087714 -0.048536 0.033621
v 2.110103 -0.092217 0.034431
v 2.144897 -0.126842 0.035080
v 2.188690 -0.149022 0.035503
v 2.368192 -0.148937 0.035099
v 2.547692 -0.148177 0.035625
v 2.591381 -0.125791 0.035231
v 2.626012 -0.091002 0.034606
v 2.648196 -0.047216 0.033811
v 2.655762 0.001280 0.032925
v 2.655514 0.051924 0.016422
v 2.631992 0.097813 0.015571
v 2.595439 0.134190 0.014889
v 2.549432 0.157492 0.014444
v 2.367478 0.157403 0.014128
v 2.185526 0.156635 0.014321
v 2.139629 0.133117 0.014735
v 2.103247 0.096569 0.015391
v 2.079941 0.050569 0.016226
v 2.071993 -0.000380 0.017158
v 2.080180 -0.051290 0.018095
v 2.103702 -0.097179 0.018946
v 2.140255 -0.133556 0.019627
v 2.186262 -0.156858 0.020072
v 2.368216 -0.156778 0.019892
v 2.550168 -0.156002 0.020196
v 2.596065 -0.132483 0.019782
v 2.632447 -0.095935 0.019125
v 2.655753 -0.049935 0.018290
v 2.663701 0.001013 0.017359
v 2.658118 0.052458 -0.000851
v 2.634207 0.099108 -0.001716
v 2.597047 0.136088 -0.002409
v 2.550277 0.159777 -0.002861
v 2.367479 0.159697 -0.002930
v 2.184682 0.158916 -0.002985
v 2.138024 0.135008 -0.002565
v 2.101038 0.097853 -0.001897
v 2.077346 0.051091 -0.001048
v 2.069265 -0.000703 -0.000101
v 2.077589 -0.052458 0.000851
v 2.101500 -0.099108 0.001716
v 2.138660 -0.136088 0.002409
v 2.185430 -0.159776 0.002861
v 2.368228 -0.159696 0.002930
v 2.551025 -0.158916 0.002985
v 2.597683 -0.135007 0.002565
v 2.634670 -0.097853 0.001897
v 2.658361 -0.051091 0.001048
v 2.666442 0.000703 0.000101
v 2.655527 0.051291 -0.018095
v 2.632005 0.097180 -0.018946
v 2.595452 0.133556 -0.019627
v 2.549445 0.156859 -0.020072
v 2.367491 0.156778 -0.019892
v 2.185539 0.156002 -0.020196
v 2.139642 0.132483 -0.019782
v 2.103260 0.095935 -0.019125
v 2.079954 0.049936 -0.018290
v 2.072006 -0.001013 -0.017359
v 2.080193 -0.051923 -0.016422
v 2.103715 -0.097813 -0.015571
v 2.140268 -0.134189 -0.014890
v 2.186275 -0.157491 -0.014445
v 2.368229 -0.157402 -0.014129
v 2.550181 -0.156635 -0.014321
v 2.596078 -0.133116 -0.014735
v 2.632460 -0.096568 -0.015391
v 2.655766 -0.050569 -0.016226
v 2.663714 0.000380 -0.017158
v 2.647993 0.048536 -0.033621
v 2.625604 0.092217 -0.034431
v 2.590810 0.126842 -0.035080
v 2.547017 0.149022 -0.035503
v 2.367515 0.148937 -0.035099
v 2.188015 0.148177 -0.035625
v 2.144326 0.125791 -0.035231
v 2.109695 0.091003 -0.034606
v 2.087511 0.047217 -0.033812
v 2.079945 -0.001280 -0.032925
v 2.087739 -0.049740 -0.032033
v 2.110128 -0.093421 -0.031223
v 2.144922 -0.128046 -0.030575
v 2.188715 -0.150226 -0.030151
v 2.368217 -0.150124 -0.029612
v 2.547718 -0.149381 -0.030029
v 2.591406 -0.126995 -0.030423
v 2.626037 -0.092207 -0.031048
v 2.648221 -0.048421 -0.031843
v 2.655787 0.000076 -0.032729
v 2.636254 0.044464 -0.045911
v 2.615628 0.084704 -0.046657
v 2.583574 0.116602 -0.047254
v 2.543231 0.137035 -0.047644
v 2.367547 0.136937 -0.047061
v 2.191866 0.136208 -0.047764
v 2.151619 0.115585 -0.047401
v 2.119715 0.083537 -0.046825
v 2.099278 0.043200 -0.046093
v 2.092308 -0.001477 -0.045276
v 2.099488 -0.046121 -0.044454
v 2.120114 -0.086361 -0.043708
v 2.152168 -0.118259 -0.043111
v 2.192511 -0.138693 -0.042720
v 2.368194 -0.138570 -0.042006
v 2.543876 -0.137866 -0.042601
v 2.584123 -0.117243 -0.042964
v 2.616027 -0.085194 -0.043540
v 2.636464 -0.044857 -0.044272
v 2.643434 -0.000180 -0.045089
v 2.621459 0.039472 -0.053761
v 2.603055 0.075378 -0.054426
v 2.574454 0.103840 -0.054959
v 2.538456 0.122072 -0.055308
v 2.367585 0.121954 -0.054607
v 2.196715 0.121268 -0.055424
v 2.160804 0.102866 -0.055100
v 2.132337 0.074270 -0.054586
v 2.114102 0.038278 -0.053933
v 2.107883 -0.001586 -0.053204
v 2.114289 -0.041421 -0.052471
v 2.132693 -0.077326 -0.051805
v 2.161293 -0.105788 -0.051272
v 2.197291 -0.124020 -0.050924
v 2.368162 -0.123874 -0.050098
v 2.539032 -0.123216 -0.050808
v 2.574944 -0.104814 -0.051131
v 2.603411 -0.076218 -0.051645
v 2.621646 -0.040227 -0.052298
v 2.627865 -0.000362 -0.053027
v 2.605057 0.034051 -0.056402
v 2.589115 0.065151 -0.056978
v 2.564342 0.089803 -0.057440
v 2.533162 0.105596 -0.057742
v 2.367625 0.105454 -0.057000
v 2.202089 0.104817 -0.057854
v 2.170983 0.088877 -0.057574
v 2.146326 0.064109 -0.057129
v 2.130531 0.032934 -0.056563
v 2.125144 -0.001596 -0.055931
v 2.130693 -0.036099 -0.055296
v 2.146635 -0.067199 -0.054720
v 2.171407 -0.091852 -0.054258
v 2.202588 -0.107645 -0.053956
v 2.368125 -0.107474 -0.053094
v 2.533661 -0.106865 -0.053844
v 2.564767 -0.090926 -0.054125
v 2.589423 -0.066157 -0.054569
v 2.605219 -0.034982 -0.055135
v 2.610605 -0.000453 -0.055767
v 2.588652 0.028729 -0.053576
v 2.575173 0.055024 -0.054064
v 2.554228 0.075868 -0.054454
v 2.527866 0.089220 -0.054709
v 2.367662 0.089054 -0.054004
v 2.207460 0.088466 -0.054818
v 2.181161 0.074989 -0.054581
v 2.160314 0.054048 -0.054204
v 2.146959 0.027689 -0.053726
v 2.142404 -0.001505 -0.053192
v 2.147096 -0.030677 -0.052655
v 2.160574 -0.056972 -0.052168
v 2.181520 -0.077816 -0.051777
v 2.207882 -0.091168 -0.051522
v 2.368085 -0.090975 -0.050701
v 2.528287 -0.090414 -0.051414
v 2.554587 -0.076938 -0.051651
v 2.575434 -0.055996 -0.052027
v 2.588789 -0.029638 -0.052505
v 2.593343 -0.000443 -0.053039
v 2.573851 0.024029 -0.045560
v 2.562595 0.045989 -0.045967
v 2.545102 0.063396 -0.046293
v 2.523086 0.074547 -0.046506
v 2.367694 0.074359 -0.045913
v 2.212304 0.073815 -0.046611
v 2.190340 0.062561 -0.046413
v 2.172929 0.045072 -0.046099
v 2.161777 0.023059 -0.045700
v 2.157973 -0.001323 -0.045254
v 2.161891 -0.025686 -0.044805
v 2.173147 -0.047646 -0.044398
v 2.190640 -0.065054 -0.044072
v 2.212656 -0.076204 -0.043859
v 2.368047 -0.075992 -0.043154
v 2.523438 -0.075473 -0.043754
v 2.545402 -0.064218 -0.043952
v 2.562812 -0.046729 -0.044266
v 2.573965 -0.024716 -0.044665
v 2.577769 -0.000335 -0.045111
v 2.562102 0.020410 -0.033138
v 2.552609 0.038930 -0.033482
v 2.537857 0.053610 -0.033757
v 2.519290 0.063014 -0.033936
v 2.367717 0.062805 -0.033519
v 2.216145 0.062300 -0.034039
v 2.197622 0.052809 -0.033872
v 2.182939 0.038059 -0.033607
v 2.173533 0.019495 -0.033270
v 2.170326 -0.001067 -0.032894
v 2.173630 -0.021613 -0.032516
v 2.183123 -0.040133 -0.032173
v 2.197875 -0.054814 -0.031898
v 2.216443 -0.064218 -0.031718
v 2.368015 -0.063992 -0.031192
v 2.519587 -0.063504 -0.031615
v 2.538110 -0.054013 -0.031782
v 2.552793 -0.039263 -0.032047
v 2.562199 -0.020699 -0.032384
v 2.565406 -0.000137 -0.032760
v 2.554556 0.018226 -0.017527
v 2.546196 0.034537 -0.017830
v 2.533203 0.047467 -0.018072
v 2.516850 0.055749 -0.018230
v 2.367729 0.055526 -0.018035
v 2.218609 0.055047 -0.018331
v 2.202295 0.046688 -0.018184
v 2.189363 0.033697 -0.017951
v 2.181079 0.017347 -0.017654
v 2.178254 -0.000763 -0.017323
v 2.181164 -0.018859 -0.016990
v 2.189525 -0.035170 -0.016687
v 2.202518 -0.048099 -0.016445
v 2.218871 -0.056382 -0.016287
v 2.367991 -0.056149 -0.015986
v 2.517111 -0.055680 -0.016186
v 2.533425 -0.047321 -0.016333
v 2.546357 -0.034330 -0.016566
v 2.554641 -0.017980 -0.016863
v 2.557466 0.000130 -0.017194
vt 0.523405 0.787477
vt 0.523405 0.768690
vt 0.544231 0.769709
vt 0.544231 0.789416
vt 0.502579 0.789416
vt 0.502579 0.769709
vt 0.523405 0.747863
vt 0.544231 0.747863
vt 0.563019 0.772667
vt 0.563019 0.795043
vt 0.523405 0.802387
vt 0.544231 0.805056
vt 0.483791 0.795043
vt 0.483791 0.772667
vt 0.502579 0.747863
vt 0.502579 0.805056
vt 0.523405 0.727037
vt 0.544231 0.726018
vt 0.563019 0.747863
vt 0.577929 0.777274
vt 0.577929 0.803807
vt 0.563019 0.812800
vt 0.468881 0.803807
vt 0.468881 0.777274
vt 0.483791 0.747863
vt 0.483791 0.812800
vt 0.502579 0.726018
vt 0.523405 0.708249
vt 0.544231 0.706311
vt 0.563019 0.723060
vt 0.577929 0.747863
vt 0.577929 0.824863
vt 0.468881 0.747863
vt 0.468881 0.824863
vt 0.483791 0.723060
vt 0.502579 0.706311
vt 0.523405 0.693340
vt 0.544231 0.690671
vt 0.563019 0.700684
vt 0.577929 0.718452
vt 0.468881 0.718452
vt 0.483791 0.700684
vt 0.502579 0.690671
vt 0.563019 0.682927
vt 0.577929 0.691920
vt 0.468881 0.691920
vt 0.483791 0.682927
vt 0.577929 0.670864
vt 0.468881 0.670864
vt 0.408342 0.727037
vt 0.408342 0.708249
vt 0.429168 0.706311
vt 0.429168 0.726018
vt 0.387516 0.726018
vt 0.387516 0.706311
vt 0.408342 0.693340
vt 0.429168 0.690671
vt 0.447956 0.700684
vt 0.447956 0.723060
vt 0.408342 0.747863
vt 0.429168 0.747863
vt 0.368728 0.723060
vt 0.368728 0.700684
vt 0.387516 0.690671
vt 0.387516 0.747863
vt 0.447956 0.682927
vt 0.462866 0.691920
vt 0.462866 0.718452
vt 0.447956 0.747863
vt 0.408342 0.768690
vt 0.429168 0.769709
vt 0.353818 0.718452
vt 0.353818 0.691920
vt 0.368728 0.682927
vt 0.368728 0.747863
vt 0.387516 0.769709
vt 0.462866 0.670864
vt 0.462866 0.747863
vt 0.447956 0.772667
vt 0.408342 0.787477
vt 0.429168 0.789416
vt 0.353818 0.670864
vt 0.353818 0.747863
vt 0.368728 0.772667
vt 0.387516 0.789416
vt 0.462866 0.777275
vt 0.447956 0.795043
vt 0.408342 0.802387
vt 0.429168 0.805056
vt 0.353818 0.777275
vt 0.368728 0.795043
vt 0.387516 0.805056
vt 0.462866 0.803807
vt 0.447956 0.812800
vt 0.353818 0.803807
vt 0.368728 0.812800
vt 0.462866 0.824863
vt 0.353818 0.824863
vt 0.793145 0.723159
vt 0.793145 0.775935
vt 0.774357 0.772977
vt 0.774357 0.717533
vt 0.808054 0.731924
vt 0.808054 0.780542
vt 0.793145 0.834436
vt 0.774357 0.834436
vt 0.753531 0.771957
vt 0.753531 0.715595
vt 0.793145 0.681277
vt 0.774357 0.673533
vt 0.808054 0.834436
vt 0.808054 0.693340
vt 0.793145 0.892937
vt 0.774357 0.895895
vt 0.753531 0.834436
vt 0.732704 0.772977
vt 0.732704 0.717533
vt 0.753531 0.670864
vt 0.808054 0.888330
vt 0.793145 0.945712
vt 0.774357 0.951339
vt 0.753531 0.896915
vt 0.732704 0.834436
vt 0.713917 0.775935
vt 0.713917 0.723159
vt 0.732704 0.673533
vt 0.808054 0.936948
vt 0.793145 0.987595
vt 0.774357 0.995339
vt 0.753531 0.953277
vt 0.732704 0.895895
vt 0.713917 0.834436
vt 0.699007 0.780542
vt 0.699007 0.731924
vt 0.713917 0.681277
vt 0.808054 0.975532
vt 0.753531 0.998008
vt 0.732704 0.951339
vt 0.713917 0.892937
vt 0.699007 0.834436
vt 0.699007 0.693340
vt 0.732704 0.995339
vt 0.713917 0.945712
vt 0.699007 0.888330
vt 0.713917 0.987595
vt 0.699007 0.936948
vt 0.699007 0.975532
vt 0.678082 0.892937
vt 0.678082 0.945712
vt 0.659294 0.951338
vt 0.659294 0.895895
vt 0.692992 0.888330
vt 0.692992 0.936948
vt 0.678082 0.987595
vt 0.659294 0.995339
vt 0.638468 0.953277
vt 0.638468 0.896914
vt 0.678082 0.834436
vt 0.659294 0.834436
vt 0.692992 0.975532
vt 0.692992 0.834436
vt 0.638468 0.998008
vt 0.617642 0.951338
vt 0.617642 0.895895
vt 0.638468 0.834436
vt 0.678082 0.775935
vt 0.659294 0.772977
vt 0.692992 0.780542
vt 0.617642 0.995339
vt 0.598854 0.945712
vt 0.598854 0.892937
vt 0.617642 0.834436
vt 0.638468 0.771957
vt 0.678082 0.723159
vt 0.659294 0.717533
vt 0.692992 0.731924
vt 0.598854 0.987595
vt 0.583944 0.936948
vt 0.583944 0.888330
vt 0.598854 0.834436
vt 0.617642 0.772977
vt 0.638468 0.715594
vt 0.678082 0.681277
vt 0.659294 0.673533
vt 0.692992 0.693340
vt 0.583944 0.975532
vt 0.583944 0.834436
vt 0.598854 0.775935
vt 0.617642 0.717533
vt 0.638468 0.670864
vt 0.583944 0.780542
vt 0.598854 0.723159
vt 0.617642 0.673533
vt 0.583944 0.731924
vt 0.598854 0.681277
vt 0.583944 0.693340
vt 0.238342 0.099397
vt 0.211810 0.085878
vt 0.217616 0.068010
vt 0.249385 0.084198
vt 0.182399 0.081220
vt 0.182399 0.062432
vt 0.224051 0.048203
vt 0.261627 0.067349
vt 0.259398 0.120453
vt 0.274597 0.109410
vt 0.152988 0.085878
vt 0.147182 0.068010
vt 0.182399 0.041606
vt 0.230487 0.028396
vt 0.273868 0.050500
vt 0.291446 0.097168
vt 0.272916 0.146985
vt 0.290785 0.141180
vt 0.126455 0.099397
vt 0.115412 0.084198
vt 0.140746 0.048203
vt 0.182399 0.020780
vt 0.236292 0.010528
vt 0.284911 0.035300
vt 0.308295 0.084927
vt 0.310592 0.134744
vt 0.258736 0.151593
vt 0.247336 0.129217
vt 0.273116 0.334471
vt 0.291024 0.334471
vt 0.105399 0.120453
vt 0.090200 0.109410
vt 0.103171 0.067349
vt 0.134310 0.028397
vt 0.182399 0.001992
vt 0.323494 0.073884
vt 0.330399 0.128308
vt 0.310874 0.334471
vt 0.258905 0.334471
vt 0.272916 0.521957
vt 0.290785 0.527763
vt 0.091881 0.146985
vt 0.074012 0.141180
vt 0.073351 0.097168
vt 0.090930 0.050500
vt 0.128505 0.010528
vt 0.348267 0.122502
vt 0.330725 0.334471
vt 0.310592 0.534199
vt 0.258736 0.517350
vt 0.259398 0.548489
vt 0.274597 0.559532
vt 0.117462 0.129217
vt 0.106061 0.151593
vt 0.091681 0.334471
vt 0.073774 0.334471
vt 0.054205 0.134744
vt 0.056502 0.084927
vt 0.079887 0.035301
vt 0.335557 0.065120
vt 0.362448 0.117895
vt 0.348633 0.334471
vt 0.330399 0.540634
vt 0.291446 0.571774
vt 0.247336 0.539725
vt 0.238342 0.569546
vt 0.249385 0.584745
vt 0.105892 0.334471
vt 0.091881 0.521957
vt 0.074012 0.527763
vt 0.053923 0.334471
vt 0.034398 0.128308
vt 0.041303 0.073884
vt 0.362844 0.334471
vt 0.348267 0.546440
vt 0.308295 0.584015
vt 0.261627 0.601594
vt 0.211810 0.583064
vt 0.217616 0.600933
vt 0.106061 0.517350
vt 0.105399 0.548489
vt 0.090200 0.559532
vt 0.054205 0.534199
vt 0.034073 0.334471
vt 0.016531 0.122502
vt 0.362448 0.551048
vt 0.323494 0.595058
vt 0.273868 0.618443
vt 0.224051 0.620739
vt 0.182399 0.587722
vt 0.182399 0.606510
vt 0.117462 0.539725
vt 0.126455 0.569546
vt 0.115412 0.584745
vt 0.073351 0.571774
vt 0.034398 0.540634
vt 0.016165 0.334471
vt 0.002350 0.117895
vt 0.029240 0.065120
vt 0.335557 0.603822
vt 0.284911 0.633642
vt 0.230487 0.640546
vt 0.182399 0.627337
vt 0.152988 0.583064
vt 0.147182 0.600933
vt 0.103171 0.601593
vt 0.056502 0.584015
vt 0.016531 0.546440
vt 0.001953 0.334471
vt 0.236292 0.658414
vt 0.182399 0.648162
vt 0.140746 0.620739
vt 0.090930 0.618443
vt 0.041303 0.595058
vt 0.002350 0.551048
vt 0.182399 0.666950
vt 0.134310 0.640546
vt 0.079887 0.633642
vt 0.029240 0.603822
vt 0.128505 0.658414
vt 0.446978 0.035300
vt 0.495596 0.010528
vt 0.501401 0.028396
vt 0.458021 0.050500
vt 0.549490 0.001992
vt 0.549490 0.020780
vt 0.507837 0.048203
vt 0.470262 0.067349
vt 0.408394 0.073884
vt 0.423593 0.084927
vt 0.603383 0.010528
vt 0.597578 0.028397
vt 0.549490 0.041606
vt 0.514273 0.068010
vt 0.482503 0.084198
vt 0.440442 0.097168
vt 0.383622 0.122502
vt 0.401489 0.128308
vt 0.652002 0.035301
vt 0.640959 0.050500
vt 0.591142 0.048203
vt 0.549490 0.062432
vt 0.520079 0.085878
vt 0.493546 0.099397
vt 0.457291 0.109410
vt 0.421296 0.134744
vt 0.369441 0.117895
vt 0.396331 0.065120
vt 0.383256 0.334471
vt 0.401164 0.334471
vt 0.690585 0.073884
vt 0.675386 0.084927
vt 0.628718 0.067349
vt 0.584707 0.068010
vt 0.549490 0.081220
vt 0.472490 0.120453
vt 0.441103 0.141180
vt 0.421014 0.334471
vt 0.369044 0.334471
vt 0.383622 0.546440
vt 0.401489 0.540634
vt 0.715358 0.122502
vt 0.697490 0.128308
vt 0.658537 0.097168
vt 0.616476 0.084198
vt 0.578901 0.085878
vt 0.458972 0.146985
vt 0.440865 0.334471
vt 0.421296 0.534199
vt 0.369441 0.551048
vt 0.408394 0.595058
vt 0.423593 0.584015
vt 0.702648 0.065120
vt 0.729539 0.117895
vt 0.715724 0.334471
vt 0.697816 0.334471
vt 0.677683 0.134744
vt 0.641688 0.109410
vt 0.605433 0.099397
vt 0.484553 0.129217
vt 0.473152 0.151593
vt 0.458772 0.334471
vt 0.441103 0.527763
vt 0.440442 0.571774
vt 0.396331 0.603823
vt 0.446978 0.633642
vt 0.458021 0.618443
vt 0.729935 0.334471
vt 0.715358 0.546440
vt 0.697490 0.540634
vt 0.677965 0.334471
vt 0.657876 0.141180
vt 0.626489 0.120453
vt 0.472984 0.334471
vt 0.458972 0.521957
vt 0.457291 0.559532
vt 0.470262 0.601594
vt 0.495596 0.658414
vt 0.501401 0.640546
vt 0.729539 0.551048
vt 0.690585 0.595058
vt 0.675386 0.584015
vt 0.677683 0.534199
vt 0.658114 0.334471
vt 0.640008 0.146985
vt 0.473152 0.517350
vt 0.472490 0.548489
vt 0.482503 0.584745
vt 0.507837 0.620739
vt 0.549490 0.666950
vt 0.549490 0.648162
vt 0.702648 0.603823
vt 0.652002 0.633642
vt 0.640959 0.618443
vt 0.658537 0.571774
vt 0.657876 0.527763
vt 0.640207 0.334471
vt 0.625827 0.151593
vt 0.614427 0.129217
vt 0.484553 0.539726
vt 0.493546 0.569545
vt 0.514273 0.600933
vt 0.549490 0.627337
vt 0.603383 0.658414
vt 0.597578 0.640546
vt 0.628718 0.601593
vt 0.641688 0.559532
vt 0.640008 0.521957
vt 0.625996 0.334471
vt 0.520079 0.583064
vt 0.549490 0.606510
vt 0.591142 0.620739
vt 0.616476 0.584745
vt 0.626489 0.548489
vt 0.625827 0.517350
vt 0.549490 0.587722
vt 0.584707 0.600933
vt 0.605433 0.569545
vt 0.614427 0.539726
vt 0.578901 0.583064
vt 0.938927 0.586091
vt 0.938927 0.567304
vt 0.959754 0.565365
vt 0.959754 0.585072
vt 0.918101 0.585072
vt 0.918101 0.565365
vt 0.978541 0.559738
vt 0.978541 0.582114
vt 0.938927 0.764992
vt 0.959455 0.764992
vt 0.899313 0.582114
vt 0.899313 0.559738
vt 0.918400 0.764992
vt 0.977972 0.764992
vt 0.938927 0.943894
vt 0.959754 0.944913
vt 0.899883 0.764992
vt 0.918101 0.944913
vt 0.978541 0.947871
vt 0.938927 0.962681
vt 0.959754 0.964620
vt 0.899313 0.947871
vt 0.918101 0.964620
vt 0.978541 0.970247
vt 0.899313 0.970247
vt 0.853684 0.943894
vt 0.853684 0.962681
vt 0.832858 0.964620
vt 0.832858 0.944913
vt 0.874510 0.944913
vt 0.874510 0.964620
vt 0.814070 0.970247
vt 0.814070 0.947871
vt 0.853684 0.764993
vt 0.833157 0.764993
vt 0.893298 0.947871
vt 0.893298 0.970247
vt 0.874211 0.764993
vt 0.814639 0.764992
vt 0.853684 0.586091
vt 0.832858 0.585072
vt 0.892729 0.764993
vt 0.874510 0.585072
vt 0.814070 0.582114
vt 0.853684 0.567304
vt 0.832858 0.565365
vt 0.893298 0.582114
vt 0.874510 0.565365
vt 0.814070 0.559738
vt 0.893298 0.559738
vt 0.737855 0.062332
vt 0.737855 0.009557
vt 0.756643 0.003931
vt 0.756643 0.059374
vt 0.777469 0.001992
vt 0.777469 0.058355
vt 0.738424 0.278908
vt 0.756942 0.278908
vt 0.798295 0.003931
vt 0.798295 0.059374
vt 0.777469 0.278908
vt 0.737855 0.495485
vt 0.756643 0.498443
vt 0.817083 0.009557
vt 0.817083 0.062332
vt 0.797996 0.278908
vt 0.777469 0.499462
vt 0.737855 0.548260
vt 0.756643 0.553886
vt 0.816514 0.278908
vt 0.798295 0.498443
vt 0.777469 0.555825
vt 0.817083 0.495485
vt 0.798295 0.553886
vt 0.817083 0.548260
vt 0.903075 0.495485
vt 0.903075 0.548260
vt 0.884287 0.553886
vt 0.884287 0.498442
vt 0.863461 0.555824
vt 0.863461 0.499462
vt 0.902506 0.278908
vt 0.883988 0.278908
vt 0.842635 0.553886
vt 0.842635 0.498442
vt 0.863461 0.278908
vt 0.903075 0.062332
vt 0.884287 0.059374
vt 0.823847 0.548260
vt 0.823847 0.495485
vt 0.842934 0.278908
vt 0.863461 0.058355
vt 0.903075 0.009557
vt 0.884287 0.003931
vt 0.824416 0.278908
vt 0.842635 0.059374
vt 0.863461 0.001992
vt 0.823847 0.062332
vt 0.842635 0.003931
vt 0.823847 0.009557
vn -0.807633 -0.589592 0.010509
vn -0.950329 -0.311201 0.005349
vn -0.900416 -0.288944 0.325211
vn -0.765232 -0.552678 0.330100
vn -0.585884 -0.810263 0.014641
vn -0.555159 -0.761730 0.334015
vn -0.047468 -0.998705 0.018305
vn -0.047468 -0.943331 0.328441
vn 0.002347 -0.999829 0.018344
vn 0.002126 -0.948859 0.315692
vn 0.052157 -0.998471 0.018338
vn 0.051685 -0.943098 0.328475
vn 0.589683 -0.807495 0.015041
vn 0.558512 -0.759108 0.334393
vn 0.810392 -0.585784 0.011059
vn 0.767602 -0.549068 0.330622
vn 0.951779 -0.306726 0.005992
vn 0.901545 -0.284703 0.325823
vn 0.999997 0.002354 0.000339
vn 0.947224 0.008103 0.320470
vn 0.950328 0.311204 -0.005345
vn 0.900170 0.300693 0.315084
vn 0.807632 0.589593 -0.010507
vn 0.764987 0.564423 0.310195
vn 0.585887 0.810261 -0.014638
vn 0.554918 0.773473 0.306278
vn 0.047468 0.998705 -0.018299
vn 0.047229 0.954743 0.293658
vn -0.002347 0.999829 -0.018339
vn -0.002354 0.959799 0.280677
vn -0.052157 0.998471 -0.018333
vn -0.051923 0.954509 0.293625
vn -0.589683 0.807495 -0.015036
vn -0.558759 0.770853 0.305900
vn -0.810393 0.585783 -0.011053
vn -0.767847 0.560815 0.309674
vn -0.951779 0.306726 -0.005988
vn -0.901790 0.296450 0.314472
vn -0.999997 -0.002351 -0.000337
vn -0.947470 0.003646 0.319825
vn -0.757251 -0.236810 0.608680
vn -0.643579 -0.458571 0.612796
vn -0.466935 -0.634358 0.616086
vn -0.045782 -0.792448 0.608219
vn 0.001704 -0.808884 0.587966
vn 0.049099 -0.792225 0.608251
vn 0.469498 -0.632153 0.616404
vn 0.645316 -0.455537 0.613232
vn 0.757945 -0.233244 0.609193
vn 0.796356 0.012963 0.604689
vn 0.756789 0.258987 0.600164
vn 0.643118 0.480745 0.596057
vn 0.466474 0.656533 0.592762
vn 0.045327 0.814224 0.578778
vn -0.002143 0.829906 0.557899
vn -0.049553 0.814001 0.578746
vn -0.469962 0.654329 0.592444
vn -0.645777 0.477712 0.595620
vn -0.758405 0.255419 0.599652
vn -0.796817 0.009214 0.604150
vn -0.538565 -0.161141 0.827031
vn -0.457746 -0.318819 0.829953
vn -0.332149 -0.443806 0.832294
vn -0.039107 -0.558634 0.828492
vn 0.001107 -0.587081 0.809528
vn 0.041174 -0.558445 0.828519
vn 0.333671 -0.442239 0.832519
vn 0.458680 -0.316662 0.830264
vn 0.538757 -0.158606 0.827396
vn 0.566066 0.016449 0.824196
vn 0.537935 0.191374 0.820976
vn 0.457117 0.349051 0.818051
vn 0.331519 0.474038 0.815710
vn 0.038481 0.588646 0.807475
vn -0.001718 0.616377 0.787449
vn -0.041800 0.588457 0.807447
vn -0.334301 0.472471 0.815484
vn -0.459310 0.346895 0.817740
vn -0.539388 0.188838 0.820610
vn -0.566696 0.013783 0.823811
vn -0.268382 -0.070170 0.960754
vn -0.228141 -0.148684 0.962208
vn -0.165602 -0.210918 0.963374
vn -0.024616 -0.265961 0.963670
vn 0.000383 -0.300337 0.953833
vn 0.025213 -0.265844 0.963686
vn 0.165939 -0.210138 0.963487
vn 0.228185 -0.147610 0.962363
vn 0.268058 -0.068907 0.960935
vn 0.281656 0.018261 0.959342
vn 0.267649 0.105364 0.957738
vn 0.227408 0.183878 0.956282
vn 0.164868 0.246113 0.955116
vn 0.023882 0.301127 0.953285
vn -0.001109 0.335119 0.942175
vn -0.025947 0.301010 0.953268
vn -0.166672 0.245332 0.955004
vn -0.228919 0.182804 0.956127
vn -0.268792 0.104102 0.957556
vn -0.282390 0.016934 0.959150
vn 0.025901 0.026941 0.999301
vn 0.021953 0.034640 0.999159
vn 0.015821 0.040742 0.999045
vn -0.001977 0.052137 0.998638
vn -0.000391 0.021915 0.999760
vn 0.001054 0.052144 0.998639
vn -0.016690 0.040666 0.999033
vn -0.022795 0.034535 0.999144
vn -0.026705 0.026817 0.999284
vn -0.028039 0.018269 0.999440
vn -0.026665 0.009728 0.999597
vn -0.022718 0.002029 0.999740
vn -0.016585 -0.004073 0.999854
vn 0.001213 -0.015475 0.999880
vn -0.000374 0.014768 0.999891
vn -0.001819 -0.015482 0.999879
vn 0.015926 -0.003997 0.999865
vn 0.022030 0.002134 0.999755
vn 0.025941 0.009852 0.999615
vn 0.027274 0.018399 0.999459
vn 0.315735 0.120808 0.941125
vn 0.268272 0.213404 0.939409
vn 0.194514 0.286802 0.938035
vn 0.026198 0.360053 0.932564
vn -0.001122 0.341317 0.939948
vn -0.028526 0.359924 0.932545
vn -0.196500 0.285883 0.937901
vn -0.269913 0.212137 0.939226
vn -0.316937 0.119319 0.940911
vn -0.332973 0.016514 0.942792
vn -0.316454 -0.086214 0.944682
vn -0.268994 -0.178809 0.946398
vn -0.195236 -0.252208 0.947773
vn -0.026916 -0.325608 0.945122
vn 0.000399 -0.306613 0.951834
vn 0.027807 -0.325479 0.945140
vn 0.195778 -0.251288 0.947906
vn 0.269191 -0.177543 0.946581
vn 0.316215 -0.084725 0.944897
vn 0.332253 0.018079 0.943017
vn 0.573824 0.202625 0.793517
vn 0.487617 0.370806 0.790400
vn 0.353649 0.504123 0.787904
vn 0.055367 0.627036 0.777020
vn -0.001727 0.620414 0.784272
vn -0.058845 0.626767 0.776981
vn -0.356554 0.502451 0.787663
vn -0.489893 0.368505 0.790069
vn -0.575308 0.199920 0.793128
vn -0.604437 0.013194 0.796543
vn -0.574432 -0.173393 0.799977
vn -0.488226 -0.341575 0.803095
vn -0.354259 -0.474891 0.805592
vn -0.055970 -0.598116 0.799453
vn 0.001118 -0.591232 0.806501
vn 0.058242 -0.597847 0.799491
vn 0.355944 -0.473220 0.805833
vn 0.489283 -0.339273 0.803427
vn 0.574698 -0.170688 0.800367
vn 0.603829 0.016037 0.796952
vn 0.776585 0.264944 0.571595
vn 0.659946 0.492497 0.567378
vn 0.478685 0.672873 0.564005
vn 0.080548 0.830465 0.551217
vn -0.002146 0.831765 0.555124
vn -0.084831 0.830076 0.551161
vn -0.482230 0.670610 0.563680
vn -0.662640 0.489383 0.566932
vn -0.778210 0.261285 0.571069
vn -0.817626 0.008642 0.575685
vn -0.777024 -0.243813 0.580335
vn -0.660385 -0.471365 0.584557
vn -0.479126 -0.651741 0.587939
vn -0.080982 -0.809690 0.581243
vn 0.001710 -0.810845 0.585259
vn 0.084398 -0.809301 0.581299
vn 0.481790 -0.649479 0.588265
vn 0.662200 -0.468252 0.585005
vn 0.777770 -0.240153 0.580862
vn 0.817186 0.012490 0.576239
vn 0.905873 0.302217 0.296749
vn 0.769838 0.567615 0.291828
vn 0.558435 0.777990 0.287893
vn 0.097535 0.955603 0.278045
vn -0.002355 0.960245 0.279148
vn -0.102221 0.955133 0.277977
vn -0.562287 0.775352 0.287511
vn -0.772700 0.563984 0.291301
vn -0.907486 0.297950 0.296132
vn -0.953454 0.003293 0.301521
vn -0.906103 -0.291144 0.306939
vn -0.770069 -0.556540 0.311859
vn -0.558666 -0.766915 0.315806
vn -0.097761 -0.944764 0.312832
vn 0.002128 -0.949361 0.314180
vn 0.101996 -0.944294 0.312898
vn 0.562056 -0.764278 0.316186
vn 0.772468 -0.552910 0.312384
vn 0.907255 -0.286875 0.307556
vn 0.953222 0.007781 0.302169
vn 0.950329 0.311201 -0.005345
vn 0.807638 0.589585 -0.010507
vn 0.585891 0.810257 -0.014640
vn 0.103591 0.994453 -0.018203
vn -0.002347 0.999829 -0.018342
vn -0.108259 0.993955 -0.018275
vn -0.589689 0.807490 -0.015039
vn -0.810396 0.585778 -0.011056
vn -0.951779 0.306725 -0.005991
vn -0.999997 -0.002354 -0.000339
vn -0.950329 -0.311203 0.005345
vn -0.807637 -0.589587 0.010507
vn -0.585891 -0.810258 0.014640
vn -0.103591 -0.994453 0.018203
vn 0.002347 -0.999829 0.018342
vn 0.108259 -0.993955 0.018275
vn 0.589688 -0.807491 0.015039
vn 0.810397 -0.585777 0.011056
vn 0.951780 -0.306724 0.005991
vn 0.999997 0.002354 0.000339
vn 0.906103 0.291143 -0.306940
vn 0.770069 0.556540 -0.311861
vn 0.558666 0.766915 -0.315807
vn 0.097761 0.944764 -0.312832
vn -0.002128 0.949361 -0.314180
vn -0.101995 0.944294 -0.312899
vn -0.562056 0.764277 -0.316185
vn -0.772469 0.552910 -0.312382
vn -0.907256 0.286876 -0.307554
vn -0.953223 -0.007781 -0.302168
vn -0.905873 -0.302218 -0.296747
vn -0.769838 -0.567615 -0.291826
vn -0.558435 -0.777990 -0.287892
vn -0.097535 -0.955603 -0.278045
vn 0.002355 -0.960246 -0.279147
vn 0.102222 -0.955134 -0.277975
vn 0.562287 -0.775352 -0.287512
vn 0.772699 -0.563984 -0.291304
vn 0.907486 -0.297950 -0.296133
vn 0.953454 -0.003293 -0.301522
vn 0.777026 0.243812 -0.580333
vn 0.660387 0.471365 -0.584554
vn 0.479126 0.651742 -0.587938
vn 0.080982 0.809691 -0.581243
vn -0.001710 0.810845 -0.585259
vn -0.084398 0.809301 -0.581299
vn -0.481790 0.649479 -0.588265
vn -0.662200 0.468251 -0.585006
vn -0.777769 0.240153 -0.580863
vn -0.817185 -0.012490 -0.576240
vn -0.776583 -0.264944 -0.571597
vn -0.659945 -0.492497 -0.567380
vn -0.478685 -0.672873 -0.564006
vn -0.080548 -0.830465 -0.551217
vn 0.002146 -0.831765 -0.555124
vn 0.084831 -0.830076 -0.551161
vn 0.482230 -0.670611 -0.563680
vn 0.662641 -0.489383 -0.566931
vn 0.778210 -0.261285 -0.571069
vn 0.817626 -0.008642 -0.575684
vn 0.574434 0.173393 -0.799976
vn 0.488226 0.341574 -0.803095
vn 0.354259 0.474891 -0.805593
vn 0.055970 0.598116 -0.799452
vn -0.001118 0.591232 -0.806501
vn -0.058242 0.597847 -0.799491
vn -0.355944 0.473219 -0.805834
vn -0.489283 0.339273 -0.803428
vn -0.574698 0.170688 -0.800367
vn -0.603827 -0.016038 -0.796954
vn -0.573822 -0.202625 -0.793519
vn -0.487617 -0.370807 -0.790400
vn -0.353649 -0.504124 -0.787903
vn -0.055367 -0.627036 -0.777020
vn 0.001727 -0.620414 -0.784272
vn 0.058845 -0.626767 -0.776981
vn 0.356553 -0.502452 -0.787663
vn 0.489893 -0.368505 -0.790069
vn 0.575308 -0.199920 -0.793129
vn 0.604439 -0.013195 -0.796542
vn 0.316457 0.086214 -0.944681
vn 0.268994 0.178810 -0.946398
vn 0.195236 0.252208 -0.947773
vn 0.026916 0.325609 -0.945122
vn -0.000399 0.306614 -0.951834
vn -0.027807 0.325480 -0.945140
vn -0.195779 0.251289 -0.947905
vn -0.269192 0.177543 -0.946580
vn -0.316216 0.084725 -0.944896
vn -0.332253 -0.018080 -0.943017
vn -0.315733 -0.120808 -0.941126
vn -0.268274 -0.213404 -0.939408
vn -0.194515 -0.286803 -0.938034
vn -0.026198 -0.360054 -0.932564
vn 0.001122 -0.341318 -0.939947
vn 0.028526 -0.359925 -0.932545
vn 0.196500 -0.285883 -0.937901
vn 0.269913 -0.212138 -0.939225
vn 0.316938 -0.119319 -0.940911
vn 0.332975 -0.016516 -0.942791
vn 0.026666 -0.009728 -0.999597
vn 0.022718 -0.002029 -0.999740
vn 0.016585 0.004073 -0.999854
vn -0.001213 0.015475 -0.999880
vn 0.000374 -0.014769 -0.999891
vn 0.001819 0.015482 -0.999879
vn -0.015926 0.003997 -0.999865
vn -0.022030 -0.002134 -0.999755
vn -0.025941 -0.009852 -0.999615
vn -0.027274 -0.018400 -0.999459
vn -0.025901 -0.026941 -0.999301
vn -0.021953 -0.034640 -0.999159
vn -0.015821 -0.040742 -0.999044
vn 0.001977 -0.052137 -0.998638
vn 0.000391 -0.021914 -0.999760
vn -0.001054 -0.052144 -0.998639
vn 0.016690 -0.040666 -0.999033
vn 0.022795 -0.034535 -0.999144
vn 0.026706 -0.026817 -0.999284
vn 0.028038 -0.018270 -0.999440
vn -0.267647 -0.105363 -0.957739
vn -0.227407 -0.183878 -0.956282
vn -0.164868 -0.246112 -0.955117
vn -0.023882 -0.301126 -0.953285
vn 0.001109 -0.335118 -0.942176
vn 0.025947 -0.301009 -0.953268
vn 0.166672 -0.245331 -0.955004
vn 0.228918 -0.182803 -0.956127
vn 0.268791 -0.104101 -0.957556
vn 0.282389 -0.016933 -0.959150
vn 0.268383 0.070170 -0.960753
vn 0.228141 0.148684 -0.962208
vn 0.165601 0.210918 -0.963374
vn 0.024616 0.265960 -0.963670
vn -0.000383 0.300337 -0.953833
vn -0.025213 0.265843 -0.963687
vn -0.165938 0.210137 -0.963487
vn -0.228185 0.147610 -0.962363
vn -0.268058 0.068907 -0.960935
vn -0.281656 -0.018260 -0.959342
vn -0.537934 -0.191374 -0.820977
vn -0.457116 -0.349051 -0.818052
vn -0.331519 -0.474038 -0.815710
vn -0.038481 -0.588644 -0.807476
vn 0.001718 -0.616376 -0.787450
vn 0.041799 -0.588455 -0.807449
vn 0.334301 -0.472471 -0.815484
vn 0.459310 -0.346895 -0.817740
vn 0.539387 -0.188839 -0.820611
vn 0.566696 -0.013783 -0.823812
vn 0.538565 0.161142 -0.827031
vn 0.457747 0.318820 -0.829953
vn 0.332149 0.443806 -0.832294
vn 0.039107 0.558634 -0.828492
vn -0.001107 0.587080 -0.809528
vn -0.041174 0.558445 -0.828519
vn -0.333670 0.442239 -0.832520
vn -0.458679 0.316662 -0.830264
vn -0.538757 0.158606 -0.827396
vn -0.566066 -0.016449 -0.824196
vn -0.756788 -0.258986 -0.600165
vn -0.643118 -0.480746 -0.596056
vn -0.466473 -0.656534 -0.592762
vn -0.045327 -0.814223 -0.578781
vn 0.002143 -0.829904 -0.557902
vn 0.049552 -0.813999 -0.578748
vn 0.469961 -0.654329 -0.592445
vn 0.645779 -0.477713 -0.595618
vn 0.758407 -0.255421 -0.599649
vn 0.796819 -0.009213 -0.604148
vn 0.757252 0.236812 -0.608679
vn 0.643581 0.458571 -0.612794
vn 0.466936 0.634358 -0.616085
vn 0.045781 0.792448 -0.608218
vn -0.001704 0.808884 -0.587965
vn -0.049099 0.792225 -0.608251
vn -0.469499 0.632153 -0.616404
vn -0.645315 0.455535 -0.613235
vn -0.757943 0.233244 -0.609196
vn -0.796355 -0.012963 -0.604691
vn -0.900171 -0.300690 -0.315082
vn -0.764989 -0.564422 -0.310193
vn -0.554913 -0.773477 -0.306277
vn -0.047229 -0.954744 -0.293657
vn 0.002354 -0.959800 -0.280675
vn 0.051923 -0.954510 -0.293622
vn 0.558757 -0.770854 -0.305900
vn 0.767846 -0.560815 -0.309675
vn 0.901789 -0.296452 -0.314472
vn 0.947469 -0.003643 -0.319827
vn 0.900415 0.288948 -0.325211
vn 0.765232 0.552678 -0.330102
vn 0.555160 0.761729 -0.334016
vn 0.047467 0.943331 -0.328440
vn -0.002126 0.948860 -0.315691
vn -0.051685 0.943098 -0.328474
vn -0.558513 0.759108 -0.334394
vn -0.767602 0.549068 -0.330621
vn -0.901544 0.284706 -0.325823
vn -0.947224 -0.008102 -0.320469
s 1
g pTorus5
usemtl lambert2SG
f 1998/2732/2085 1997/2733/2086 2017/2734/2087 2018/2735/2088
f 1999/2742/2089 1998/2732/2085 2018/2735/2088 2019/2743/2090
f 2000/3168/2091 1999/3169/2089 2019/3170/2090 2020/3171/2092
f 2001/3176/2093 2000/3168/2091 2020/3171/2092 2021/3177/2094
f 2002/3182/2095 2001/3176/2093 2021/3177/2094 2022/3183/2096
f 2003/3187/2097 2002/3182/2095 2022/3183/2096 2023/3188/2098
f 2004/2782/2099 2003/2787/2097 2023/2788/2098 2024/2783/2100
f 2005/2781/2101 2004/2782/2099 2024/2783/2100 2025/2784/2102
f 2006/2791/2103 2005/2781/2101 2025/2784/2102 2026/2792/2104
f 2007/2801/2105 2006/2791/2103 2026/2792/2104 2027/2802/2106
f 2008/2811/2107 2007/2801/2105 2027/2802/2106 2028/2812/2108
f 2009/2819/2109 2008/2811/2107 2028/2812/2108 2029/2820/2110
f 2010/3193/2111 2009/3194/2109 2029/3195/2110 2030/3196/2112
f 2011/3201/2113 2010/3193/2111 2030/3196/2112 2031/3202/2114
f 2012/3207/2115 2011/3201/2113 2031/3202/2114 2032/3208/2116
f 2013/3212/2117 2012/3207/2115 2032/3208/2116 2033/3213/2118
f 2014/2759/2119 2013/2768/2117 2033/2769/2118 2034/2760/2120
f 2015/2748/2121 2014/2759/2119 2034/2760/2120 2035/2749/2122
f 2016/2738/2123 2015/2748/2121 2035/2749/2122 2036/2739/2124
f 1997/2733/2086 2016/2738/2123 2036/2739/2124 2017/2734/2087
f 2018/2735/2088 2017/2734/2087 2037/2740/2125 2038/2741/2126
f 2019/2743/2090 2018/2735/2088 2038/2741/2126 2039/2753/2127
f 2020/3171/2092 2019/3170/2090 2039/3174/2127 2040/3175/2128
f 2021/3177/2094 2020/3171/2092 2040/3175/2128 2041/3181/2129
f 2022/3183/2096 2021/3177/2094 2041/3181/2129 2042/3186/2130
f 2023/3188/2098 2022/3183/2096 2042/3186/2130 2043/3191/2131
f 2024/2783/2100 2023/2788/2098 2043/2797/2131 2044/2789/2132
f 2025/2784/2102 2024/2783/2100 2044/2789/2132 2045/2790/2133
f 2026/2792/2104 2025/2784/2102 2045/2790/2133 2046/2800/2134
f 2027/2802/2106 2026/2792/2104 2046/2800/2134 2047/2810/2135
f 2028/2812/2108 2027/2802/2106 2047/2810/2135 2048/2818/2136
f 2029/2820/2110 2028/2812/2108 2048/2818/2136 2049/2825/2137
f 2030/3196/2112 2029/3195/2110 2049/3199/2137 2050/3200/2138
f 2031/3202/2114 2030/3196/2112 2050/3200/2138 2051/3206/2139
f 2032/3208/2116 2031/3202/2114 2051/3206/2139 2052/3211/2140
f 2033/3213/2118 2032/3208/2116 2052/3211/2140 2053/3216/2141
f 2034/2760/2120 2033/2769/2118 2053/2775/2141 2054/2770/2142
f 2035/2749/2122 2034/2760/2120 2054/2770/2142 2055/2761/2143
f 2036/2739/2124 2035/2749/2122 2055/2761/2143 2056/2750/2144
f 2017/2734/2087 2036/2739/2124 2056/2750/2144 2037/2740/2125
f 2038/2741/2126 2037/2740/2125 2057/2751/2145 2058/2752/2146
f 2039/2753/2127 2038/2741/2126 2058/2752/2146 2059/2763/2147
f 2040/2954/2128 2039/2955/2127 2059/2936/2147 2060/2944/2148
f 2041/2966/2129 2040/2954/2128 2060/2944/2148 2061/2956/2149
f 2042/2977/2130 2041/2966/2129 2061/2956/2149 2062/2967/2150
f 2043/2992/2131 2042/2977/2130 2062/2967/2150 2063/2978/2151
f 2044/2789/2132 2043/2797/2131 2063/2808/2151 2064/2798/2152
f 2045/2790/2133 2044/2789/2132 2064/2798/2152 2065/2799/2153
f 2046/2800/2134 2045/2790/2133 2065/2799/2153 2066/2809/2154
f 2047/2810/2135 2046/2800/2134 2066/2809/2154 2067/2817/2155
f 2048/2818/2136 2047/2810/2135 2067/2817/2155 2068/2824/2156
f 2049/2825/2137 2048/2818/2136 2068/2824/2156 2069/2828/2157
f 2050/3007/2138 2049/3019/2137 2069/3008/2157 2070/2996/2158
f 2051/2995/2139 2050/3007/2138 2070/2996/2158 2071/2982/2159
f 2052/2981/2140 2051/2995/2139 2071/2982/2159 2072/2969/2160
f 2053/2980/2141 2052/2981/2140 2072/2969/2160 2073/2958/2161
f 2054/2770/2142 2053/2775/2141 2073/2779/2161 2074/2776/2162
f 2055/2761/2143 2054/2770/2142 2074/2776/2162 2075/2771/2163
f 2056/2750/2144 2055/2761/2143 2075/2771/2163 2076/2762/2164
f 2037/2740/2125 2056/2750/2144 2076/2762/2164 2057/2751/2145
f 2058/2928/2146 2057/2929/2145 2077/2930/2165 2078/2931/2166
f 2059/2936/2147 2058/2928/2146 2078/2931/2166 2079/2937/2167
f 2060/2944/2148 2059/2936/2147 2079/2937/2167 2080/2945/2168
f 2061/2956/2149 2060/2944/2148 2080/2945/2168 2081/2957/2169
f 2062/2967/2150 2061/2956/2149 2081/2957/2169 2082/2968/2170
f 2063/2978/2151 2062/2967/2150 2082/2968/2170 2083/2979/2171
f 2064/2993/2152 2063/2978/2151 2083/2979/2171 2084/2994/2172
f 2065/3005/2153 2064/2993/2152 2084/2994/2172 2085/3006/2173
f 2066/3017/2154 2065/3005/2153 2085/3006/2173 2086/3018/2174
f 2067/3031/2155 2066/3017/2154 2086/3018/2174 2087/3032/2175
f 2068/3020/2156 2067/3031/2155 2087/3032/2175 2088/3021/2176
f 2069/3008/2157 2068/3020/2156 2088/3021/2176 2089/3009/2177
f 2070/2996/2158 2069/3008/2157 2089/3009/2177 2090/2997/2178
f 2071/2982/2159 2070/2996/2158 2090/2997/2178 2091/2983/2179
f 2072/2969/2160 2071/2982/2159 2091/2983/2179 2092/2970/2180
f 2073/2958/2161 2072/2969/2160 2092/2970/2180 2093/2959/2181
f 2074/2946/2162 2073/2958/2161 2093/2959/2181 2094/2947/2182
f 2075/2938/2163 2074/2946/2162 2094/2947/2182 2095/2939/2183
f 2076/2932/2164 2075/2938/2163 2095/2939/2183 2096/2933/2184
f 2057/2929/2145 2076/2932/2164 2096/2933/2184 2077/2930/2165
f 2078/2931/2166 2077/2930/2165 2097/2934/2185 2098/2935/2186
f 2079/2937/2167 2078/2931/2166 2098/2935/2186 2099/2943/2187
f 2080/2945/2168 2079/2937/2167 2099/2943/2187 2100/2953/2188
f 2081/2957/2169 2080/2945/2168 2100/2953/2188 2101/2965/2189
f 2082/2968/2170 2081/2957/2169 2101/2965/2189 2102/2976/2190
f 2083/2979/2171 2082/2968/2170 2102/2976/2190 2103/2991/2191
f 2084/2994/2172 2083/2979/2171 2103/2991/2191 2104/3004/2192
f 2085/3006/2173 2084/2994/2172 2104/3004/2192 2105/3016/2193
f 2086/3018/2174 2085/3006/2173 2105/3016/2193 2106/3030/2194
f 2087/3032/2175 2086/3018/2174 2106/3030/2194 2107/3039/2195
f 2088/3021/2176 2087/3032/2175 2107/3039/2195 2108/3033/2196
f 2089/3009/2177 2088/3021/2176 2108/3033/2196 2109/3022/2197
f 2090/2997/2178 2089/3009/2177 2109/3022/2197 2110/3010/2198
f 2091/2983/2179 2090/2997/2178 2110/3010/2198 2111/2998/2199
f 2092/2970/2180 2091/2983/2179 2111/2998/2199 2112/2984/2200
f 2093/2959/2181 2092/2970/2180 2112/2984/2200 2113/2971/2201
f 2094/2947/2182 2093/2959/2181 2113/2971/2201 2114/2960/2202
f 2095/2939/2183 2094/2947/2182 2114/2960/2202 2115/2948/2203
f 2096/2933/2184 2095/2939/2183 2115/2948/2203 2116/2940/2204
f 2077/2930/2165 2096/2933/2184 2116/2940/2204 2097/2934/2185
f 2098/2935/2186 2097/2934/2185 2117/2941/2205 2118/2942/2206
f 2099/2943/2187 2098/2935/2186 2118/2942/2206 2119/2952/2207
f 2100/2953/2188 2099/2943/2187 2119/2952/2207 2120/2964/2208
f 2101/2965/2189 2100/2953/2188 2120/2964/2208 2121/2975/2209
f 2102/2976/2190 2101/2965/2189 2121/2975/2209 2122/2990/2210
f 2103/2991/2191 2102/2976/2190 2122/2990/2210 2123/3003/2211
f 2104/3004/2192 2103/2991/2191 2123/3003/2211 2124/3015/2212
f 2105/3016/2193 2104/3004/2192 2124/3015/2212 2125/3029/2213
f 2106/3030/2194 2105/3016/2193 2125/3029/2213 2126/3038/2214
f 2107/3039/2195 2106/3030/2194 2126/3038/2214 2127/3044/2215
f 2108/3033/2196 2107/3039/2195 2127/3044/2215 2128/3040/2216
f 2109/3022/2197 2108/3033/2196 2128/3040/2216 2129/3034/2217
f 2110/3010/2198 2109/3022/2197 2129/3034/2217 2130/3023/2218
f 2111/2998/2199 2110/3010/2198 2130/3023/2218 2131/3011/2219
f 2112/2984/2200 2111/2998/2199 2131/3011/2219 2132/2999/2220
f 2113/2971/2201 2112/2984/2200 2132/2999/2220 2133/2985/2221
f 2114/2960/2202 2113/2971/2201 2133/2985/2221 2134/2972/2222
f 2115/2948/2203 2114/2960/2202 2134/2972/2222 2135/2961/2223
f 2116/2940/2204 2115/2948/2203 2135/2961/2223 2136/2949/2224
f 2097/2934/2185 2116/2940/2204 2136/2949/2224 2117/2941/2205
f 2118/2942/2206 2117/2941/2205 2137/2950/2225 2138/2951/2226
f 2119/2952/2207 2118/2942/2206 2138/2951/2226 2139/2963/2227
f 2120/2964/2208 2119/2952/2207 2139/2963/2227 2140/2974/2228
f 2121/2975/2209 2120/2964/2208 2140/2974/2228 2141/2989/2229
f 2122/2990/2210 2121/2975/2209 2141/2989/2229 2142/3002/2230
f 2123/3003/2211 2122/2990/2210 2142/3002/2230 2143/3014/2231
f 2124/3015/2212 2123/3003/2211 2143/3014/2231 2144/3028/2232
f 2125/3029/2213 2124/3015/2212 2144/3028/2232 2145/3037/2233
f 2126/3038/2214 2125/3029/2213 2145/3037/2233 2146/3043/2234
f 2127/3044/2215 2126/3038/2214 2146/3043/2234 2147/3047/2235
f 2128/3040/2216 2127/3044/2215 2147/3047/2235 2148/3045/2236
f 2129/3034/2217 2128/3040/2216 2148/3045/2236 2149/3041/2237
f 2130/3023/2218 2129/3034/2217 2149/3041/2237 2150/3035/2238
f 2131/3011/2219 2130/3023/2218 2150/3035/2238 2151/3024/2239
f 2132/2999/2220 2131/3011/2219 2151/3024/2239 2152/3012/2240
f 2133/2985/2221 2132/2999/2220 2152/3012/2240 2153/3000/2241
f 2134/2972/2222 2133/2985/2221 2153/3000/2241 2154/2986/2242
f 2135/2961/2223 2134/2972/2222 2154/2986/2242 2155/2973/2243
f 2136/2949/2224 2135/2961/2223 2155/2973/2243 2156/2962/2244
f 2117/2941/2205 2136/2949/2224 2156/2962/2244 2137/2950/2225
f 2138/2834/2226 2137/2835/2225 2157/2831/2245 2158/2830/2246
f 2139/2843/2227 2138/2834/2226 2158/2830/2246 2159/2840/2247
f 2140/2974/2228 2139/2963/2227 2159/2987/2247 2160/2988/2248
f 2141/2989/2229 2140/2974/2228 2160/2988/2248 2161/3001/2249
f 2142/3002/2230 2141/2989/2229 2161/3001/2249 2162/3013/2250
f 2143/3014/2231 2142/3002/2230 2162/3013/2250 2163/3027/2251
f 2144/2884/2232 2143/2891/2231 2163/2885/2251 2164/2880/2252
f 2145/2883/2233 2144/2884/2232 2164/2880/2252 2165/2879/2253
f 2146/2892/2234 2145/2883/2233 2165/2879/2253 2166/2889/2254
f 2147/2899/2235 2146/2892/2234 2166/2889/2254 2167/2897/2255
f 2148/2907/2236 2147/2899/2235 2167/2897/2255 2168/2905/2256
f 2149/2916/2237 2148/2907/2236 2168/2905/2256 2169/2914/2257
f 2150/3035/2238 2149/3041/2237 2169/3046/2257 2170/3042/2258
f 2151/3024/2239 2150/3035/2238 2170/3042/2258 2171/3036/2259
f 2152/3012/2240 2151/3024/2239 2171/3036/2259 2172/3025/2260
f 2153/3000/2241 2152/3012/2240 2172/3025/2260 2173/3026/2261
f 2154/2858/2242 2153/2867/2241 2173/2859/2261 2174/2851/2262
f 2155/2850/2243 2154/2858/2242 2174/2851/2262 2175/2844/2263
f 2156/2842/2244 2155/2850/2243 2175/2844/2263 2176/2836/2264
f 2137/2835/2225 2156/2842/2244 2176/2836/2264 2157/2831/2245
f 2158/2830/2246 2157/2831/2245 2177/2832/2265 2178/2833/2266
f 2159/2840/2247 2158/2830/2246 2178/2833/2266 2179/2841/2267
f 2160/3218/2248 2159/3219/2247 2179/3220/2267 2180/3221/2268
f 2161/3224/2249 2160/3218/2248 2180/3221/2268 2181/3225/2269
f 2162/3229/2250 2161/3224/2249 2181/3225/2269 2182/3230/2270
f 2163/3235/2251 2162/3229/2250 2182/3230/2270 2183/3236/2271
f 2164/2880/2252 2163/2885/2251 2183/2886/2271 2184/2881/2272
f 2165/2879/2253 2164/2880/2252 2184/2881/2272 2185/2882/2273
f 2166/2889/2254 2165/2879/2253 2185/2882/2273 2186/2890/2274
f 2167/2897/2255 2166/2889/2254 2186/2890/2274 2187/2898/2275
f 2168/2905/2256 2167/2897/2255 2187/2898/2275 2188/2906/2276
f 2169/2914/2257 2168/2905/2256 2188/2906/2276 2189/2915/2277
f 2170/3243/2258 2169/3244/2257 2189/3245/2277 2190/3246/2278
f 2171/3249/2259 2170/3243/2258 2190/3246/2278 2191/3250/2279
f 2172/3254/2260 2171/3249/2259 2191/3250/2279 2192/3255/2280
f 2173/3260/2261 2172/3254/2260 2192/3255/2280 2193/3261/2281
f 2174/2851/2262 2173/2859/2261 2193/2860/2281 2194/2852/2282
f 2175/2844/2263 2174/2851/2262 2194/2852/2282 2195/2845/2283
f 2176/2836/2264 2175/2844/2263 2195/2845/2283 2196/2837/2284
f 2157/2831/2245 2176/2836/2264 2196/2837/2284 2177/2832/2265
f 2178/2833/2266 2177/2832/2265 2197/2838/2285 2198/2839/2286
f 2179/2841/2267 2178/2833/2266 2198/2839/2286 2199/2849/2287
f 2180/3221/2268 2179/3220/2267 2199/3222/2287 2200/3223/2288
f 2181/3225/2269 2180/3221/2268 2200/3223/2288 2201/3228/2289
f 2182/3230/2270 2181/3225/2269 2201/3228/2289 2202/3234/2290
f 2183/3236/2271 2182/3230/2270 2202/3234/2290 2203/3239/2291
f 2184/2881/2272 2183/2886/2271 2203/2893/2291 2204/2887/2292
f 2185/2882/2273 2184/2881/2272 2204/2887/2292 2205/2888/2293
f 2186/2890/2274 2185/2882/2273 2205/2888/2293 2206/2896/2294
f 2187/2898/2275 2186/2890/2274 2206/2896/2294 2207/2904/2295
f 2188/2906/2276 2187/2898/2275 2207/2904/2295 2208/2913/2296
f 2189/2915/2277 2188/2906/2276 2208/2913/2296 2209/2921/2297
f 2190/3246/2278 2189/3245/2277 2209/3247/2297 2210/3248/2298
f 2191/3250/2279 2190/3246/2278 2210/3248/2298 2211/3253/2299
f 2192/3255/2280 2191/3250/2279 2211/3253/2299 2212/3259/2300
f 2193/3261/2281 2192/3255/2280 2212/3259/2300 2213/3264/2301
f 2194/2852/2282 2193/2860/2281 2213/2868/2301 2214/2861/2302
f 2195/2845/2283 2194/2852/2282 2214/2861/2302 2215/2853/2303
f 2196/2837/2284 2195/2845/2283 2215/2853/2303 2216/2846/2304
f 2177/2832/2265 2196/2837/2284 2216/2846/2304 2197/2838/2285
f 2198/2839/2286 2197/2838/2285 2217/2847/2305 2218/2848/2306
f 2199/2849/2287 2198/2839/2286 2218/2848/2306 2219/2857/2307
f 2200/3223/2288 2199/3222/2287 2219/3226/2307 2220/3227/2308
f 2201/3228/2289 2200/3223/2288 2220/3227/2308 2221/3233/2309
f 2202/3234/2290 2201/3228/2289 2221/3233/2309 2222/3238/2310
f 2203/3239/2291 2202/3234/2290 2222/3238/2310 2223/3241/2311
f 2204/2887/2292 2203/2893/2291 2223/2900/2311 2224/2894/2312
f 2205/2888/2293 2204/2887/2292 2224/2894/2312 2225/2895/2313
f 2206/2896/2294 2205/2888/2293 2225/2895/2313 2226/2903/2314
f 2207/2904/2295 2206/2896/2294 2226/2903/2314 2227/2912/2315
f 2208/2913/2296 2207/2904/2295 2227/2912/2315 2228/2920/2316
f 2209/2921/2297 2208/2913/2296 2228/2920/2316 2229/2924/2317
f 2210/3248/2298 2209/3247/2297 2229/3251/2317 2230/3252/2318
f 2211/3253/2299 2210/3248/2298 2230/3252/2318 2231/3258/2319
f 2212/3259/2300 2211/3253/2299 2231/3258/2319 2232/3263/2320
f 2213/3264/2301 2212/3259/2300 2232/3263/2320 2233/3266/2321
f 2214/2861/2302 2213/2868/2301 2233/2873/2321 2234/2869/2322
f 2215/2853/2303 2214/2861/2302 2234/2869/2322 2235/2862/2323
f 2216/2846/2304 2215/2853/2303 2235/2862/2323 2236/2854/2324
f 2197/2838/2285 2216/2846/2304 2236/2854/2324 2217/2847/2305
f 2218/2848/2306 2217/2847/2305 2237/2855/2325 2238/2856/2326
f 2219/2857/2307 2218/2848/2306 2238/2856/2326 2239/2866/2327
f 2220/3227/2308 2219/3226/2307 2239/3231/2327 2240/3232/2328
f 2221/3233/2309 2220/3227/2308 2240/3232/2328 2241/3237/2329
f 2222/3238/2310 2221/3233/2309 2241/3237/2329 2242/3240/2330
f 2223/3241/2311 2222/3238/2310 2242/3240/2330 2243/3242/2331
f 2224/2894/2312 2223/2900/2311 2243/2908/2331 2244/2901/2332
f 2225/2895/2313 2224/2894/2312 2244/2901/2332 2245/2902/2333
f 2226/2903/2314 2225/2895/2313 2245/2902/2333 2246/2911/2334
f 2227/2912/2315 2226/2903/2314 2246/2911/2334 2247/2919/2335
f 2228/2920/2316 2227/2912/2315 2247/2919/2335 2248/2923/2336
f 2229/2924/2317 2228/2920/2316 2248/2923/2336 2249/2926/2337
f 2230/3252/2318 2229/3251/2317 2249/3256/2337 2250/3257/2338
f 2231/3258/2319 2230/3252/2318 2250/3257/2338 2251/3262/2339
f 2232/3263/2320 2231/3258/2319 2251/3262/2339 2252/3265/2340
f 2233/3266/2321 2232/3263/2320 2252/3265/2340 2253/3267/2341
f 2234/2869/2322 2233/2873/2321 2253/2876/2341 2254/2874/2342
f 2235/2862/2323 2234/2869/2322 2254/2874/2342 2255/2870/2343
f 2236/2854/2324 2235/2862/2323 2255/2870/2343 2256/2863/2344
f 2217/2847/2305 2236/2854/2324 2256/2863/2344 2237/2855/2325
f 2238/2856/2326 2237/2855/2325 2257/2864/2345 2258/2865/2346
f 2239/2866/2327 2238/2856/2326 2258/2865/2346 2259/2872/2347
f 2240/3074/2328 2239/3075/2327 2259/3056/2347 2260/3064/2348
f 2241/3086/2329 2240/3074/2328 2260/3064/2348 2261/3076/2349
f 2242/3097/2330 2241/3086/2329 2261/3076/2349 2262/3087/2350
f 2243/3112/2331 2242/3097/2330 2262/3087/2350 2263/3098/2351
f 2244/2901/2332 2243/2908/2331 2263/2917/2351 2264/2909/2352
f 2245/2902/2333 2244/2901/2332 2264/2909/2352 2265/2910/2353
f 2246/2911/2334 2245/2902/2333 2265/2910/2353 2266/2918/2354
f 2247/2919/2335 2246/2911/2334 2266/2918/2354 2267/2922/2355
f 2248/2923/2336 2247/2919/2335 2267/2922/2355 2268/2925/2356
f 2249/2926/2337 2248/2923/2336 2268/2925/2356 2269/2927/2357
f 2250/3127/2338 2249/3139/2337 2269/3128/2357 2270/3116/2358
f 2251/3115/2339 2250/3127/2338 2270/3116/2358 2271/3102/2359
f 2252/3101/2340 2251/3115/2339 2271/3102/2359 2272/3089/2360
f 2253/3100/2341 2252/3101/2340 2272/3089/2360 2273/3078/2361
f 2254/2874/2342 2253/2876/2341 2273/2878/2361 2274/2877/2362
f 2255/2870/2343 2254/2874/2342 2274/2877/2362 2275/2875/2363
f 2256/2863/2344 2255/2870/2343 2275/2875/2363 2276/2871/2364
f 2237/2855/2325 2256/2863/2344 2276/2871/2364 2257/2864/2345
f 2258/3048/2346 2257/3049/2345 2277/3050/2365 2278/3051/2366
f 2259/3056/2347 2258/3048/2346 2278/3051/2366 2279/3057/2367
f 2260/3064/2348 2259/3056/2347 2279/3057/2367 2280/3065/2368
f 2261/3076/2349 2260/3064/2348 2280/3065/2368 2281/3077/2369
f 2262/3087/2350 2261/3076/2349 2281/3077/2369 2282/3088/2370
f 2263/3098/2351 2262/3087/2350 2282/3088/2370 2283/3099/2371
f 2264/3113/2352 2263/3098/2351 2283/3099/2371 2284/3114/2372
f 2265/3125/2353 2264/3113/2352 2284/3114/2372 2285/3126/2373
f 2266/3137/2354 2265/3125/2353 2285/3126/2373 2286/3138/2374
f 2267/3151/2355 2266/3137/2354 2286/3138/2374 2287/3152/2375
f 2268/3140/2356 2267/3151/2355 2287/3152/2375 2288/3141/2376
f 2269/3128/2357 2268/3140/2356 2288/3141/2376 2289/3129/2377
f 2270/3116/2358 2269/3128/2357 2289/3129/2377 2290/3117/2378
f 2271/3102/2359 2270/3116/2358 2290/3117/2378 2291/3103/2379
f 2272/3089/2360 2271/3102/2359 2291/3103/2379 2292/3090/2380
f 2273/3078/2361 2272/3089/2360 2292/3090/2380 2293/3079/2381
f 2274/3066/2362 2273/3078/2361 2293/3079/2381 2294/3067/2382
f 2275/3058/2363 2274/3066/2362 2294/3067/2382 2295/3059/2383
f 2276/3052/2364 2275/3058/2363 2295/3059/2383 2296/3053/2384
f 2257/3049/2345 2276/3052/2364 2296/3053/2384 2277/3050/2365
f 2278/3051/2366 2277/3050/2365 2297/3054/2385 2298/3055/2386
f 2279/3057/2367 2278/3051/2366 2298/3055/2386 2299/3063/2387
f 2280/3065/2368 2279/3057/2367 2299/3063/2387 2300/3073/2388
f 2281/3077/2369 2280/3065/2368 2300/3073/2388 2301/3085/2389
f 2282/3088/2370 2281/3077/2369 2301/3085/2389 2302/3096/2390
f 2283/3099/2371 2282/3088/2370 2302/3096/2390 2303/3111/2391
f 2284/3114/2372 2283/3099/2371 2303/3111/2391 2304/3124/2392
f 2285/3126/2373 2284/3114/2372 2304/3124/2392 2305/3136/2393
f 2286/3138/2374 2285/3126/2373 2305/3136/2393 2306/3150/2394
f 2287/3152/2375 2286/3138/2374 2306/3150/2394 2307/3159/2395
f 2288/3141/2376 2287/3152/2375 2307/3159/2395 2308/3153/2396
f 2289/3129/2377 2288/3141/2376 2308/3153/2396 2309/3142/2397
f 2290/3117/2378 2289/3129/2377 2309/3142/2397 2310/3130/2398
f 2291/3103/2379 2290/3117/2378 2310/3130/2398 2311/3118/2399
f 2292/3090/2380 2291/3103/2379 2311/3118/2399 2312/3104/2400
f 2293/3079/2381 2292/3090/2380 2312/3104/2400 2313/3091/2401
f 2294/3067/2382 2293/3079/2381 2313/3091/2401 2314/3080/2402
f 2295/3059/2383 2294/3067/2382 2314/3080/2402 2315/3068/2403
f 2296/3053/2384 2295/3059/2383 2315/3068/2403 2316/3060/2404
f 2277/3050/2365 2296/3053/2384 2316/3060/2404 2297/3054/2385
f 2298/3055/2386 2297/3054/2385 2317/3061/2405 2318/3062/2406
f 2299/3063/2387 2298/3055/2386 2318/3062/2406 2319/3072/2407
f 2300/3073/2388 2299/3063/2387 2319/3072/2407 2320/3084/2408
f 2301/3085/2389 2300/3073/2388 2320/3084/2408 2321/3095/2409
f 2302/3096/2390 2301/3085/2389 2321/3095/2409 2322/3110/2410
f 2303/3111/2391 2302/3096/2390 2322/3110/2410 2323/3123/2411
f 2304/3124/2392 2303/3111/2391 2323/3123/2411 2324/3135/2412
f 2305/3136/2393 2304/3124/2392 2324/3135/2412 2325/3149/2413
f 2306/3150/2394 2305/3136/2393 2325/3149/2413 2326/3158/2414
f 2307/3159/2395 2306/3150/2394 2326/3158/2414 2327/3164/2415
f 2308/3153/2396 2307/3159/2395 2327/3164/2415 2328/3160/2416
f 2309/3142/2397 2308/3153/2396 2328/3160/2416 2329/3154/2417
f 2310/3130/2398 2309/3142/2397 2329/3154/2417 2330/3143/2418
f 2311/3118/2399 2310/3130/2398 2330/3143/2418 2331/3131/2419
f 2312/3104/2400 2311/3118/2399 2331/3131/2419 2332/3119/2420
f 2313/3091/2401 2312/3104/2400 2332/3119/2420 2333/3105/2421
f 2314/3080/2402 2313/3091/2401 2333/3105/2421 2334/3092/2422
f 2315/3068/2403 2314/3080/2402 2334/3092/2422 2335/3081/2423
f 2316/3060/2404 2315/3068/2403 2335/3081/2423 2336/3069/2424
f 2297/3054/2385 2316/3060/2404 2336/3069/2424 2317/3061/2405
f 2318/3062/2406 2317/3061/2405 2337/3070/2425 2338/3071/2426
f 2319/3072/2407 2318/3062/2406 2338/3071/2426 2339/3083/2427
f 2320/3084/2408 2319/3072/2407 2339/3083/2427 2340/3094/2428
f 2321/3095/2409 2320/3084/2408 2340/3094/2428 2341/3109/2429
f 2322/3110/2410 2321/3095/2409 2341/3109/2429 2342/3122/2430
f 2323/3123/2411 2322/3110/2410 2342/3122/2430 2343/3134/2431
f 2324/3135/2412 2323/3123/2411 2343/3134/2431 2344/3148/2432
f 2325/3149/2413 2324/3135/2412 2344/3148/2432 2345/3157/2433
f 2326/3158/2414 2325/3149/2413 2345/3157/2433 2346/3163/2434
f 2327/3164/2415 2326/3158/2414 2346/3163/2434 2347/3167/2435
f 2328/3160/2416 2327/3164/2415 2347/3167/2435 2348/3165/2436
f 2329/3154/2417 2328/3160/2416 2348/3165/2436 2349/3161/2437
f 2330/3143/2418 2329/3154/2417 2349/3161/2437 2350/3155/2438
f 2331/3131/2419 2330/3143/2418 2350/3155/2438 2351/3144/2439
f 2332/3119/2420 2331/3131/2419 2351/3144/2439 2352/3132/2440
f 2333/3105/2421 2332/3119/2420 2352/3132/2440 2353/3120/2441
f 2334/3092/2422 2333/3105/2421 2353/3120/2441 2354/3106/2442
f 2335/3081/2423 2334/3092/2422 2354/3106/2442 2355/3093/2443
f 2336/3069/2424 2335/3081/2423 2355/3093/2443 2356/3082/2444
f 2317/3061/2405 2336/3069/2424 2356/3082/2444 2337/3070/2425
f 2338/2754/2426 2337/2755/2425 2357/2745/2445 2358/2744/2446
f 2339/2765/2427 2338/2754/2426 2358/2744/2446 2359/2757/2447
f 2340/3094/2428 2339/3083/2427 2359/3107/2447 2360/3108/2448
f 2341/3109/2429 2340/3094/2428 2360/3108/2448 2361/3121/2449
f 2342/3122/2430 2341/3109/2429 2361/3121/2449 2362/3133/2450
f 2343/3134/2431 2342/3122/2430 2362/3133/2450 2363/3147/2451
f 2344/2804/2432 2343/2813/2431 2363/2805/2451 2364/2794/2452
f 2345/2803/2433 2344/2804/2432 2364/2794/2452 2365/2793/2453
f 2346/2814/2434 2345/2803/2433 2365/2793/2453 2366/2806/2454
f 2347/2821/2435 2346/2814/2434 2366/2806/2454 2367/2815/2455
f 2348/2826/2436 2347/2821/2435 2367/2815/2455 2368/2822/2456
f 2349/2829/2437 2348/2826/2436 2368/2822/2456 2369/2827/2457
f 2350/3155/2438 2349/3161/2437 2369/3166/2457 2370/3162/2458
f 2351/3144/2439 2350/3155/2438 2370/3162/2458 2371/3156/2459
f 2352/3132/2440 2351/3144/2439 2371/3156/2459 2372/3145/2460
f 2353/3120/2441 2352/3132/2440 2372/3145/2460 2373/3146/2461
f 2354/2777/2442 2353/2780/2441 2373/2778/2461 2374/2773/2462
f 2355/2772/2443 2354/2777/2442 2374/2773/2462 2375/2766/2463
f 2356/2764/2444 2355/2772/2443 2375/2766/2463 2376/2756/2464
f 2337/2755/2425 2356/2764/2444 2376/2756/2464 2357/2745/2445
f 2358/2744/2446 2357/2745/2445 2377/2737/2465 2378/2736/2466
f 2359/2757/2447 2358/2744/2446 2378/2736/2466 2379/2747/2467
f 2360/3178/2448 2359/3179/2447 2379/3173/2467 2380/3172/2468
f 2361/3184/2449 2360/3178/2448 2380/3172/2468 2381/3180/2469
f 2362/3189/2450 2361/3184/2449 2381/3180/2469 2382/3185/2470
f 2363/3192/2451 2362/3189/2450 2382/3185/2470 2383/3190/2471
f 2364/2794/2452 2363/2805/2451 2383/2795/2471 2384/2786/2472
f 2365/2793/2453 2364/2794/2452 2384/2786/2472 2385/2785/2473
f 2366/2806/2454 2365/2793/2453 2385/2785/2473 2386/2796/2474
f 2367/2815/2455 2366/2806/2454 2386/2796/2474 2387/2807/2475
f 2368/2822/2456 2367/2815/2455 2387/2807/2475 2388/2816/2476
f 2369/2827/2457 2368/2822/2456 2388/2816/2476 2389/2823/2477
f 2370/3203/2458 2369/3204/2457 2389/3198/2477 2390/3197/2478
f 2371/3209/2459 2370/3203/2458 2390/3197/2478 2391/3205/2479
f 2372/3214/2460 2371/3209/2459 2391/3205/2479 2392/3210/2480
f 2373/3217/2461 2372/3214/2460 2392/3210/2480 2393/3215/2481
f 2374/2773/2462 2373/2778/2461 2393/2774/2481 2394/2767/2482
f 2375/2766/2463 2374/2773/2462 2394/2767/2482 2395/2758/2483
f 2376/2756/2464 2375/2766/2463 2395/2758/2483 2396/2746/2484
f 2357/2745/2445 2376/2756/2464 2396/2746/2484 2377/2737/2465
f 2378/2736/2466 2377/2737/2465 1997/2733/2086 1998/2732/2085
f 2379/2747/2467 2378/2736/2466 1998/2732/2085 1999/2742/2089
f 2380/3172/2468 2379/3173/2467 1999/3169/2089 2000/3168/2091
f 2381/3180/2469 2380/3172/2468 2000/3168/2091 2001/3176/2093
f 2382/3185/2470 2381/3180/2469 2001/3176/2093 2002/3182/2095
f 2383/3190/2471 2382/3185/2470 2002/3182/2095 2003/3187/2097
f 2384/2786/2472 2383/2795/2471 2003/2787/2097 2004/2782/2099
f 2385/2785/2473 2384/2786/2472 2004/2782/2099 2005/2781/2101
f 2386/2796/2474 2385/2785/2473 2005/2781/2101 2006/2791/2103
f 2387/2807/2475 2386/2796/2474 2006/2791/2103 2007/2801/2105
f 2388/2816/2476 2387/2807/2475 2007/2801/2105 2008/2811/2107
f 2389/2823/2477 2388/2816/2476 2008/2811/2107 2009/2819/2109
f 2390/3197/2478 2389/3198/2477 2009/3194/2109 2010/3193/2111
f 2391/3205/2479 2390/3197/2478 2010/3193/2111 2011/3201/2113
f 2392/3210/2480 2391/3205/2479 2011/3201/2113 2012/3207/2115
f 2393/3215/2481 2392/3210/2480 2012/3207/2115 2013/3212/2117
f 2394/2767/2482 2393/2774/2481 2013/2768/2117 2014/2759/2119
f 2395/2758/2483 2394/2767/2482 2014/2759/2119 2015/2748/2121
f 2396/2746/2484 2395/2758/2483 2015/2748/2121 2016/2738/2123
f 2377/2737/2465 2396/2746/2484 2016/2738/2123 1997/2733/2086
g default
v 2.897818 -0.000000 -0.017261
v 2.889884 -0.000000 -0.032833
v 2.877526 -0.000000 -0.045190
v 2.861955 -0.000000 -0.053125
v 2.713679 -0.000000 -0.053241
v 2.565403 -0.000000 -0.053125
v 2.549831 -0.000000 -0.045190
v 2.537474 -0.000000 -0.032833
v 2.529540 -0.000000 -0.017261
v 2.526806 -0.000000 -0.000000
v 2.529540 -0.000000 0.017261
v 2.537474 -0.000000 0.032832
v 2.549831 -0.000000 0.045190
v 2.565403 -0.000000 0.053124
v 2.713679 -0.000000 0.053241
v 2.861955 -0.000000 0.053124
v 2.877526 -0.000000 0.045190
v 2.889884 -0.000000 0.032832
v 2.897818 -0.000000 0.017261
v 2.900552 -0.000000 -0.000000
v 2.900418 0.017261 -0.018106
v 2.892095 0.017261 -0.034440
v 2.879133 0.017261 -0.047402
v 2.862799 0.017261 -0.055725
v 2.713679 0.017013 -0.055847
v 2.564558 0.017261 -0.055725
v 2.548224 0.017261 -0.047402
v 2.535262 0.017261 -0.034440
v 2.526940 0.017261 -0.018106
v 2.524072 0.017261 -0.000000
v 2.526940 0.017261 0.018106
v 2.535262 0.017261 0.034439
v 2.548224 0.017261 0.047402
v 2.564558 0.017261 0.055724
v 2.713679 0.017013 0.055847
v 2.862799 0.017261 0.055724
v 2.879133 0.017261 0.047402
v 2.892095 0.017261 0.034439
v 2.900418 0.017261 0.018106
v 2.903286 0.017261 -0.000000
v 2.907964 0.032833 -0.020558
v 2.898514 0.032833 -0.039103
v 2.883797 0.032833 -0.053821
v 2.865251 0.032833 -0.063270
v 2.713679 0.032361 -0.063410
v 2.562106 0.032833 -0.063270
v 2.543561 0.032833 -0.053821
v 2.528843 0.032833 -0.039103
v 2.519394 0.032833 -0.020558
v 2.516138 0.032833 -0.000000
v 2.519394 0.032833 0.020557
v 2.528843 0.032833 0.039103
v 2.543561 0.032833 0.053820
v 2.562106 0.032833 0.063270
v 2.713679 0.032361 0.063409
v 2.865251 0.032833 0.063270
v 2.883797 0.032833 0.053820
v 2.898514 0.032833 0.039103
v 2.907964 0.032833 0.020557
v 2.911220 0.032833 -0.000000
v 2.919717 0.045190 -0.024377
v 2.908512 0.045190 -0.046367
v 2.891060 0.045190 -0.063819
v 2.869070 0.045190 -0.075023
v 2.713679 0.044541 -0.075188
v 2.558287 0.045190 -0.075023
v 2.536297 0.045190 -0.063819
v 2.518846 0.045190 -0.046367
v 2.507641 0.045190 -0.024377
v 2.503781 0.045190 -0.000000
v 2.507641 0.045190 0.024376
v 2.518846 0.045190 0.046367
v 2.536297 0.045190 0.063818
v 2.558287 0.045190 0.075022
v 2.713679 0.044541 0.075188
v 2.869070 0.045190 0.075022
v 2.891060 0.045190 0.063818
v 2.908512 0.045190 0.046367
v 2.919717 0.045190 0.024376
v 2.923577 0.045190 -0.000000
v 2.934526 0.053124 -0.029189
v 2.921109 0.053124 -0.055520
v 2.900213 0.053124 -0.076416
v 2.873882 0.053124 -0.089833
v 2.713679 0.052361 -0.090030
v 2.553476 0.053124 -0.089833
v 2.527145 0.053124 -0.076416
v 2.506248 0.053124 -0.055520
v 2.492832 0.053124 -0.029189
v 2.488209 0.053124 -0.000000
v 2.492832 0.053124 0.029188
v 2.506248 0.053124 0.055519
v 2.527145 0.053124 0.076416
v 2.553476 0.053124 0.089832
v 2.713679 0.052361 0.090030
v 2.873882 0.053124 0.089832
v 2.900213 0.053124 0.076416
v 2.921109 0.053124 0.055519
v 2.934526 0.053124 0.029188
v 2.939149 0.053124 -0.000000
v 2.950942 0.055858 -0.034523
v 2.935074 0.055858 -0.065665
v 2.910359 0.055858 -0.090380
v 2.879216 0.055858 -0.106249
v 2.713679 0.055056 -0.106483
v 2.548142 0.055858 -0.106249
v 2.516999 0.055858 -0.090380
v 2.492284 0.055858 -0.065665
v 2.476415 0.055858 -0.034523
v 2.470948 0.055858 -0.000000
v 2.476415 0.055858 0.034522
v 2.492284 0.055858 0.065665
v 2.516999 0.055858 0.090380
v 2.548142 0.055858 0.106249
v 2.713679 0.055056 0.106482
v 2.879216 0.055858 0.106249
v 2.910359 0.055858 0.090380
v 2.935074 0.055858 0.065665
v 2.950942 0.055858 0.034522
v 2.956410 0.055858 -0.000000
v 2.967358 0.053124 -0.039856
v 2.949039 0.053124 -0.075811
v 2.920505 0.053124 -0.104345
v 2.884550 0.053124 -0.122665
v 2.713679 0.052361 -0.122935
v 2.542808 0.053124 -0.122665
v 2.506853 0.053124 -0.104345
v 2.478319 0.053124 -0.075811
v 2.459999 0.053124 -0.039856
v 2.453687 0.053124 -0.000000
v 2.459999 0.053124 0.039856
v 2.478319 0.053124 0.075811
v 2.506853 0.053124 0.104345
v 2.542808 0.053124 0.122665
v 2.713679 0.052361 0.122935
v 2.884550 0.053124 0.122665
v 2.920505 0.053124 0.104345
v 2.949039 0.053124 0.075811
v 2.967358 0.053124 0.039856
v 2.973671 0.053124 -0.000000
v 2.982167 0.045190 -0.044668
v 2.961636 0.045190 -0.084964
v 2.929657 0.045190 -0.116943
v 2.889362 0.045190 -0.137474
v 2.713679 0.044541 -0.137778
v 2.537996 0.045190 -0.137474
v 2.497700 0.045190 -0.116942
v 2.465722 0.045190 -0.084964
v 2.445190 0.045190 -0.044668
v 2.438115 0.045190 -0.000000
v 2.445190 0.045190 0.044668
v 2.465722 0.045190 0.084963
v 2.497700 0.045190 0.116942
v 2.537996 0.045190 0.137474
v 2.713679 0.044541 0.137777
v 2.889362 0.045190 0.137474
v 2.929657 0.045190 0.116942
v 2.961636 0.045190 0.084963
v 2.982167 0.045190 0.044668
v 2.989242 0.045190 -0.000000
v 2.993920 0.032833 -0.048487
v 2.971634 0.032833 -0.092228
v 2.936921 0.032833 -0.126940
v 2.893180 0.032833 -0.149228
v 2.713679 0.032361 -0.149556
v 2.534177 0.032833 -0.149228
v 2.490436 0.032833 -0.126940
v 2.455724 0.032833 -0.092228
v 2.433437 0.032833 -0.048487
v 2.425757 0.032833 -0.000000
v 2.433437 0.032833 0.048486
v 2.455724 0.032833 0.092227
v 2.490436 0.032833 0.126940
v 2.534177 0.032833 0.149227
v 2.713679 0.032361 0.149556
v 2.893180 0.032833 0.149227
v 2.936921 0.032833 0.126940
v 2.971634 0.032833 0.092227
v 2.993920 0.032833 0.048486
v 3.001600 0.032833 -0.000000
v 3.001466 0.017261 -0.050939
v 2.978052 0.017261 -0.096891
v 2.941584 0.017261 -0.133359
v 2.895632 0.017261 -0.156774
v 2.713679 0.017013 -0.157117
v 2.531726 0.017261 -0.156774
v 2.485773 0.017261 -0.133359
v 2.449305 0.017261 -0.096891
v 2.425891 0.017261 -0.050939
v 2.417824 0.017261 -0.000000
v 2.425891 0.017261 0.050938
v 2.449305 0.017261 0.096890
v 2.485773 0.017261 0.133359
v 2.531726 0.017261 0.156773
v 2.713679 0.017013 0.157117
v 2.895632 0.017261 0.156773
v 2.941584 0.017261 0.133359
v 2.978052 0.017261 0.096890
v 3.001466 0.017261 0.050938
v 3.009534 0.017261 -0.000000
v 3.004066 -0.000000 -0.051783
v 2.980264 -0.000000 -0.098498
v 2.943191 -0.000000 -0.135571
v 2.896477 -0.000000 -0.159374
v 2.713679 -0.000000 -0.159724
v 2.530881 -0.000000 -0.159374
v 2.484166 -0.000000 -0.135571
v 2.447093 -0.000000 -0.098498
v 2.423292 -0.000000 -0.051783
v 2.415089 -0.000000 -0.000000
v 2.423292 -0.000000 0.051783
v 2.447093 -0.000000 0.098497
v 2.484166 -0.000000 0.135571
v 2.530881 -0.000000 0.159373
v 2.713679 -0.000000 0.159724
v 2.896477 -0.000000 0.159373
v 2.943191 -0.000000 0.135571
v 2.980264 -0.000000 0.098497
v 3.004066 -0.000000 0.051783
v 3.012268 -0.000000 -0.000000
v 3.001466 -0.017261 -0.050939
v 2.978052 -0.017261 -0.096891
v 2.941584 -0.017261 -0.133359
v 2.895632 -0.017261 -0.156774
v 2.713679 -0.017013 -0.157117
v 2.531726 -0.017261 -0.156774
v 2.485773 -0.017261 -0.133359
v 2.449305 -0.017261 -0.096891
v 2.425891 -0.017261 -0.050939
v 2.417824 -0.017261 -0.000000
v 2.425891 -0.017261 0.050938
v 2.449305 -0.017261 0.096890
v 2.485773 -0.017261 0.133359
v 2.531726 -0.017261 0.156773
v 2.713679 -0.017013 0.157117
v 2.895632 -0.017261 0.156773
v 2.941584 -0.017261 0.133359
v 2.978052 -0.017261 0.096890
v 3.001466 -0.017261 0.050938
v 3.009534 -0.017261 -0.000000
v 2.993920 -0.032833 -0.048487
v 2.971634 -0.032833 -0.092228
v 2.936921 -0.032833 -0.126940
v 2.893180 -0.032833 -0.149228
v 2.713679 -0.032361 -0.149556
v 2.534177 -0.032833 -0.149228
v 2.490436 -0.032833 -0.126940
v 2.455724 -0.032833 -0.092228
v 2.433437 -0.032833 -0.048487
v 2.425757 -0.032833 -0.000000
v 2.433437 -0.032833 0.048486
v 2.455724 -0.032833 0.092227
v 2.490436 -0.032833 0.126940
v 2.534177 -0.032833 0.149227
v 2.713679 -0.032361 0.149556
v 2.893180 -0.032833 0.149227
v 2.936921 -0.032833 0.126940
v 2.971634 -0.032833 0.092227
v 2.993920 -0.032833 0.048486
v 3.001600 -0.032833 -0.000000
v 2.982167 -0.045190 -0.044668
v 2.961636 -0.045190 -0.084964
v 2.929657 -0.045190 -0.116943
v 2.889362 -0.045190 -0.137474
v 2.713679 -0.044541 -0.137778
v 2.537996 -0.045190 -0.137474
v 2.497700 -0.045190 -0.116943
v 2.465722 -0.045190 -0.084964
v 2.445190 -0.045190 -0.044668
v 2.438115 -0.045190 -0.000000
v 2.445190 -0.045190 0.044668
v 2.465722 -0.045190 0.084963
v 2.497700 -0.045190 0.116942
v 2.537996 -0.045190 0.137474
v 2.713679 -0.044541 0.137777
v 2.889362 -0.045190 0.137474
v 2.929657 -0.045190 0.116942
v 2.961636 -0.045190 0.084963
v 2.982167 -0.045190 0.044668
v 2.989242 -0.045190 -0.000000
v 2.967358 -0.053125 -0.039856
v 2.949039 -0.053125 -0.075811
v 2.920505 -0.053125 -0.104345
v 2.884550 -0.053125 -0.122665
v 2.713679 -0.052361 -0.122935
v 2.542808 -0.053125 -0.122665
v 2.506853 -0.053125 -0.104345
v 2.478319 -0.053125 -0.075811
v 2.459999 -0.053125 -0.039856
v 2.453687 -0.053125 -0.000000
v 2.459999 -0.053125 0.039856
v 2.478319 -0.053125 0.075811
v 2.506853 -0.053125 0.104345
v 2.542808 -0.053125 0.122665
v 2.713679 -0.052361 0.122935
v 2.884550 -0.053125 0.122665
v 2.920505 -0.053125 0.104345
v 2.949039 -0.053125 0.075811
v 2.967358 -0.053125 0.039856
v 2.973671 -0.053125 -0.000000
v 2.950942 -0.055858 -0.034523
v 2.935074 -0.055858 -0.065665
v 2.910359 -0.055858 -0.090380
v 2.879216 -0.055858 -0.106249
v 2.713679 -0.055056 -0.106483
v 2.548142 -0.055858 -0.106249
v 2.516999 -0.055858 -0.090380
v 2.492284 -0.055858 -0.065665
v 2.476415 -0.055858 -0.034523
v 2.470948 -0.055858 -0.000000
v 2.476415 -0.055858 0.034522
v 2.492284 -0.055858 0.065665
v 2.516999 -0.055858 0.090380
v 2.548142 -0.055858 0.106249
v 2.713679 -0.055056 0.106482
v 2.879216 -0.055858 0.106249
v 2.910359 -0.055858 0.090380
v 2.935074 -0.055858 0.065665
v 2.950942 -0.055858 0.034522
v 2.956410 -0.055858 -0.000000
v 2.934526 -0.053125 -0.029189
v 2.921109 -0.053125 -0.055520
v 2.900213 -0.053125 -0.076416
v 2.873882 -0.053125 -0.089833
v 2.713679 -0.052361 -0.090030
v 2.553476 -0.053125 -0.089833
v 2.527145 -0.053125 -0.076416
v 2.506248 -0.053125 -0.055520
v 2.492832 -0.053125 -0.029189
v 2.488209 -0.053125 -0.000000
v 2.492832 -0.053125 0.029188
v 2.506248 -0.053125 0.055519
v 2.527145 -0.053125 0.076415
v 2.553476 -0.053125 0.089832
v 2.713679 -0.052361 0.090030
v 2.873882 -0.053125 0.089832
v 2.900213 -0.053125 0.076415
v 2.921109 -0.053125 0.055519
v 2.934526 -0.053125 0.029188
v 2.939149 -0.053125 -0.000000
v 2.919716 -0.045190 -0.024377
v 2.908512 -0.045190 -0.046367
v 2.891060 -0.045190 -0.063819
v 2.869070 -0.045190 -0.075023
v 2.713679 -0.044541 -0.075188
v 2.558287 -0.045190 -0.075023
v 2.536297 -0.045190 -0.063819
v 2.518846 -0.045190 -0.046367
v 2.507641 -0.045190 -0.024377
v 2.503781 -0.045190 -0.000000
v 2.507641 -0.045190 0.024376
v 2.518846 -0.045190 0.046367
v 2.536297 -0.045190 0.063818
v 2.558288 -0.045190 0.075022
v 2.713679 -0.044541 0.075188
v 2.869070 -0.045190 0.075022
v 2.891060 -0.045190 0.063818
v 2.908512 -0.045190 0.046367
v 2.919716 -0.045190 0.024376
v 2.923577 -0.045190 -0.000000
v 2.907964 -0.032833 -0.020558
v 2.898514 -0.032833 -0.039103
v 2.883797 -0.032833 -0.053821
v 2.865251 -0.032833 -0.063270
v 2.713679 -0.032361 -0.063410
v 2.562106 -0.032833 -0.063270
v 2.543561 -0.032833 -0.053821
v 2.528843 -0.032833 -0.039103
v 2.519394 -0.032833 -0.020558
v 2.516138 -0.032833 -0.000000
v 2.519394 -0.032833 0.020557
v 2.528843 -0.032833 0.039103
v 2.543561 -0.032833 0.053820
v 2.562106 -0.032833 0.063270
v 2.713679 -0.032361 0.063409
v 2.865251 -0.032833 0.063270
v 2.883797 -0.032833 0.053820
v 2.898514 -0.032833 0.039103
v 2.907964 -0.032833 0.020557
v 2.911220 -0.032833 -0.000000
v 2.900418 -0.017261 -0.018106
v 2.892095 -0.017261 -0.034440
v 2.879133 -0.017261 -0.047402
v 2.862799 -0.017261 -0.055724
v 2.713679 -0.017013 -0.055847
v 2.564558 -0.017261 -0.055724
v 2.548224 -0.017261 -0.047402
v 2.535262 -0.017261 -0.034440
v 2.526940 -0.017261 -0.018106
v 2.524072 -0.017261 -0.000000
v 2.526940 -0.017261 0.018106
v 2.535262 -0.017261 0.034439
v 2.548224 -0.017261 0.047402
v 2.564558 -0.017261 0.055724
v 2.713679 -0.017013 0.055847
v 2.862799 -0.017261 0.055724
v 2.879133 -0.017261 0.047402
v 2.892095 -0.017261 0.034439
v 2.900418 -0.017261 0.018106
v 2.903286 -0.017261 -0.000000
vt 0.523405 0.787477
vt 0.523405 0.768690
vt 0.544231 0.769709
vt 0.544231 0.789416
vt 0.502579 0.789416
vt 0.502579 0.769709
vt 0.523405 0.747863
vt 0.544231 0.747863
vt 0.563019 0.772667
vt 0.563019 0.795043
vt 0.523405 0.802387
vt 0.544231 0.805056
vt 0.483791 0.795043
vt 0.483791 0.772667
vt 0.502579 0.747863
vt 0.502579 0.805056
vt 0.523405 0.727037
vt 0.544231 0.726018
vt 0.563019 0.747863
vt 0.577929 0.777275
vt 0.577929 0.803807
vt 0.563019 0.812800
vt 0.468881 0.803807
vt 0.468881 0.777275
vt 0.483791 0.747863
vt 0.483791 0.812800
vt 0.502579 0.726018
vt 0.523405 0.708250
vt 0.544231 0.706311
vt 0.563019 0.723060
vt 0.577929 0.747863
vt 0.577929 0.824863
vt 0.468881 0.747863
vt 0.468881 0.824863
vt 0.483791 0.723060
vt 0.502579 0.706311
vt 0.523405 0.693340
vt 0.544231 0.690671
vt 0.563019 0.700684
vt 0.577929 0.718452
vt 0.468881 0.718452
vt 0.483791 0.700684
vt 0.502579 0.690671
vt 0.563019 0.682927
vt 0.577929 0.691920
vt 0.468881 0.691920
vt 0.483791 0.682927
vt 0.577929 0.670864
vt 0.468881 0.670864
vt 0.408342 0.727037
vt 0.408342 0.708250
vt 0.429168 0.706311
vt 0.429168 0.726018
vt 0.387516 0.726018
vt 0.387516 0.706311
vt 0.408342 0.693340
vt 0.429168 0.690671
vt 0.447956 0.700684
vt 0.447956 0.723060
vt 0.408342 0.747864
vt 0.429168 0.747864
vt 0.368728 0.723060
vt 0.368728 0.700684
vt 0.387516 0.690671
vt 0.387516 0.747864
vt 0.447956 0.682927
vt 0.462866 0.691920
vt 0.462866 0.718452
vt 0.447956 0.747864
vt 0.408342 0.768690
vt 0.429168 0.769709
vt 0.353818 0.718452
vt 0.353818 0.691920
vt 0.368728 0.682927
vt 0.368728 0.747864
vt 0.387516 0.769709
vt 0.462866 0.670864
vt 0.462866 0.747864
vt 0.447956 0.772667
vt 0.408342 0.787477
vt 0.429168 0.789416
vt 0.353818 0.670864
vt 0.353818 0.747864
vt 0.368728 0.772667
vt 0.387516 0.789416
vt 0.462866 0.777275
vt 0.447956 0.795043
vt 0.408342 0.802387
vt 0.429168 0.805056
vt 0.353818 0.777275
vt 0.368728 0.795043
vt 0.387516 0.805056
vt 0.462866 0.803807
vt 0.447956 0.812800
vt 0.353818 0.803807
vt 0.368728 0.812800
vt 0.462866 0.824863
vt 0.353818 0.824863
vt 0.793145 0.723159
vt 0.793145 0.775935
vt 0.774357 0.772977
vt 0.774357 0.717533
vt 0.808054 0.731924
vt 0.808054 0.780542
vt 0.793145 0.834436
vt 0.774357 0.834436
vt 0.753531 0.771957
vt 0.753531 0.715595
vt 0.793145 0.681277
vt 0.774357 0.673533
vt 0.808054 0.834436
vt 0.808054 0.693340
vt 0.793145 0.892937
vt 0.774357 0.895895
vt 0.753531 0.834436
vt 0.732704 0.772977
vt 0.732704 0.717533
vt 0.753531 0.670864
vt 0.808054 0.888330
vt 0.793145 0.945712
vt 0.774357 0.951339
vt 0.753531 0.896915
vt 0.732704 0.834436
vt 0.713917 0.775935
vt 0.713917 0.723159
vt 0.732704 0.673533
vt 0.808054 0.936948
vt 0.793145 0.987595
vt 0.774357 0.995339
vt 0.753531 0.953277
vt 0.732704 0.895895
vt 0.713917 0.834436
vt 0.699007 0.780542
vt 0.699007 0.731924
vt 0.713917 0.681277
vt 0.808054 0.975532
vt 0.753531 0.998008
vt 0.732704 0.951339
vt 0.713917 0.892937
vt 0.699007 0.834436
vt 0.699007 0.693340
vt 0.732704 0.995339
vt 0.713917 0.945712
vt 0.699007 0.888330
vt 0.713917 0.987595
vt 0.699007 0.936948
vt 0.699007 0.975532
vt 0.678082 0.892937
vt 0.678082 0.945712
vt 0.659294 0.951339
vt 0.659294 0.895895
vt 0.692991 0.888330
vt 0.692991 0.936948
vt 0.678082 0.987595
vt 0.659294 0.995339
vt 0.638468 0.953277
vt 0.638468 0.896915
vt 0.678082 0.834436
vt 0.659294 0.834436
vt 0.692991 0.975532
vt 0.692991 0.834436
vt 0.638468 0.998008
vt 0.617641 0.951339
vt 0.617641 0.895895
vt 0.638468 0.834436
vt 0.678082 0.775935
vt 0.659294 0.772977
vt 0.692991 0.780542
vt 0.617641 0.995339
vt 0.598854 0.945712
vt 0.598854 0.892937
vt 0.617641 0.834436
vt 0.638468 0.771957
vt 0.678082 0.723159
vt 0.659294 0.717533
vt 0.692991 0.731924
vt 0.598854 0.987595
vt 0.583944 0.936948
vt 0.583944 0.888330
vt 0.598854 0.834436
vt 0.617641 0.772977
vt 0.638468 0.715595
vt 0.678082 0.681277
vt 0.659294 0.673533
vt 0.692991 0.693340
vt 0.583944 0.975532
vt 0.583944 0.834436
vt 0.598854 0.775935
vt 0.617641 0.717533
vt 0.638468 0.670864
vt 0.583944 0.780542
vt 0.598854 0.723159
vt 0.617641 0.673533
vt 0.583944 0.731924
vt 0.598854 0.681277
vt 0.583944 0.693340
vt 0.238342 0.099397
vt 0.211810 0.085878
vt 0.217616 0.068010
vt 0.249385 0.084198
vt 0.182399 0.081220
vt 0.182399 0.062432
vt 0.224051 0.048203
vt 0.261627 0.067349
vt 0.259398 0.120453
vt 0.274597 0.109410
vt 0.152988 0.085878
vt 0.147182 0.068010
vt 0.182399 0.041606
vt 0.230487 0.028396
vt 0.273868 0.050500
vt 0.291446 0.097168
vt 0.272917 0.146985
vt 0.290785 0.141179
vt 0.126455 0.099397
vt 0.115412 0.084198
vt 0.140746 0.048203
vt 0.182399 0.020780
vt 0.236292 0.010528
vt 0.284911 0.035301
vt 0.308295 0.084927
vt 0.310592 0.134744
vt 0.258736 0.151593
vt 0.247336 0.129217
vt 0.273116 0.334471
vt 0.291023 0.334471
vt 0.105399 0.120453
vt 0.090200 0.109410
vt 0.103171 0.067349
vt 0.134310 0.028397
vt 0.182399 0.001992
vt 0.323494 0.073884
vt 0.330399 0.128308
vt 0.310874 0.334471
vt 0.258905 0.334471
vt 0.272917 0.521957
vt 0.290785 0.527763
vt 0.091881 0.146985
vt 0.074012 0.141180
vt 0.073351 0.097168
vt 0.090930 0.050500
vt 0.128505 0.010528
vt 0.348267 0.122502
vt 0.330725 0.334471
vt 0.310592 0.534199
vt 0.258736 0.517350
vt 0.259398 0.548489
vt 0.274597 0.559532
vt 0.117462 0.129217
vt 0.106061 0.151593
vt 0.091681 0.334471
vt 0.073774 0.334471
vt 0.054205 0.134744
vt 0.056502 0.084927
vt 0.079887 0.035301
vt 0.335557 0.065120
vt 0.362448 0.117895
vt 0.348633 0.334471
vt 0.330399 0.540634
vt 0.291446 0.571774
vt 0.247336 0.539726
vt 0.238342 0.569546
vt 0.249385 0.584745
vt 0.105892 0.334471
vt 0.091881 0.521957
vt 0.074012 0.527763
vt 0.053923 0.334471
vt 0.034398 0.128308
vt 0.041303 0.073884
vt 0.362844 0.334471
vt 0.348267 0.546440
vt 0.308295 0.584015
vt 0.261627 0.601594
vt 0.211810 0.583064
vt 0.217616 0.600933
vt 0.106061 0.517350
vt 0.105399 0.548489
vt 0.090200 0.559532
vt 0.054205 0.534199
vt 0.034072 0.334471
vt 0.016531 0.122502
vt 0.362448 0.551048
vt 0.323494 0.595058
vt 0.273868 0.618443
vt 0.224051 0.620739
vt 0.182399 0.587722
vt 0.182399 0.606511
vt 0.117462 0.539726
vt 0.126455 0.569546
vt 0.115412 0.584745
vt 0.073351 0.571774
vt 0.034398 0.540634
vt 0.016164 0.334471
vt 0.002350 0.117895
vt 0.029240 0.065120
vt 0.335557 0.603823
vt 0.284911 0.633642
vt 0.230487 0.640546
vt 0.182399 0.627337
vt 0.152988 0.583064
vt 0.147182 0.600933
vt 0.103171 0.601593
vt 0.056502 0.584016
vt 0.016531 0.546440
vt 0.001953 0.334471
vt 0.236292 0.658414
vt 0.182399 0.648162
vt 0.140746 0.620739
vt 0.090930 0.618443
vt 0.041303 0.595058
vt 0.002350 0.551048
vt 0.182399 0.666950
vt 0.134310 0.640546
vt 0.079887 0.633642
vt 0.029240 0.603823
vt 0.128505 0.658414
vt 0.446978 0.035301
vt 0.495596 0.010528
vt 0.501401 0.028396
vt 0.458021 0.050500
vt 0.549490 0.001992
vt 0.549490 0.020780
vt 0.507837 0.048203
vt 0.470262 0.067349
vt 0.408394 0.073884
vt 0.423593 0.084927
vt 0.603383 0.010528
vt 0.597578 0.028397
vt 0.549490 0.041606
vt 0.514273 0.068010
vt 0.482503 0.084198
vt 0.440443 0.097168
vt 0.383622 0.122502
vt 0.401489 0.128308
vt 0.652002 0.035301
vt 0.640959 0.050500
vt 0.591142 0.048203
vt 0.549490 0.062432
vt 0.520079 0.085878
vt 0.493546 0.099397
vt 0.457291 0.109410
vt 0.421296 0.134744
vt 0.369441 0.117895
vt 0.396331 0.065120
vt 0.383256 0.334471
vt 0.401164 0.334471
vt 0.690585 0.073884
vt 0.675386 0.084927
vt 0.628718 0.067349
vt 0.584707 0.068010
vt 0.549490 0.081220
vt 0.472490 0.120453
vt 0.441103 0.141180
vt 0.421014 0.334471
vt 0.369044 0.334471
vt 0.383622 0.546440
vt 0.401489 0.540634
vt 0.715358 0.122502
vt 0.697490 0.128308
vt 0.658537 0.097168
vt 0.616476 0.084198
vt 0.578901 0.085878
vt 0.458972 0.146985
vt 0.440865 0.334471
vt 0.421296 0.534199
vt 0.369441 0.551048
vt 0.408394 0.595058
vt 0.423593 0.584015
vt 0.702648 0.065120
vt 0.729539 0.117895
vt 0.715724 0.334471
vt 0.697816 0.334471
vt 0.677683 0.134744
vt 0.641689 0.109410
vt 0.605433 0.099397
vt 0.484553 0.129217
vt 0.473152 0.151592
vt 0.458772 0.334471
vt 0.441103 0.527763
vt 0.440442 0.571774
vt 0.396331 0.603823
vt 0.446978 0.633642
vt 0.458021 0.618443
vt 0.729935 0.334471
vt 0.715358 0.546440
vt 0.697490 0.540634
vt 0.677965 0.334471
vt 0.657876 0.141180
vt 0.626489 0.120453
vt 0.472984 0.334471
vt 0.458972 0.521957
vt 0.457291 0.559532
vt 0.470262 0.601594
vt 0.495596 0.658414
vt 0.501402 0.640546
vt 0.729539 0.551048
vt 0.690585 0.595058
vt 0.675386 0.584016
vt 0.677683 0.534199
vt 0.658115 0.334471
vt 0.640008 0.146985
vt 0.473152 0.517350
vt 0.472490 0.548489
vt 0.482503 0.584745
vt 0.507837 0.620739
vt 0.549490 0.666950
vt 0.549490 0.648162
vt 0.702648 0.603823
vt 0.652002 0.633642
vt 0.640959 0.618443
vt 0.658537 0.571774
vt 0.657876 0.527763
vt 0.640207 0.334471
vt 0.625828 0.151592
vt 0.614427 0.129217
vt 0.484553 0.539726
vt 0.493546 0.569546
vt 0.514273 0.600933
vt 0.549490 0.627337
vt 0.603383 0.658414
vt 0.597578 0.640546
vt 0.628718 0.601593
vt 0.641689 0.559532
vt 0.640008 0.521957
vt 0.625996 0.334471
vt 0.520079 0.583064
vt 0.549490 0.606511
vt 0.591142 0.620739
vt 0.616476 0.584745
vt 0.626489 0.548489
vt 0.625828 0.517350
vt 0.549490 0.587722
vt 0.584707 0.600933
vt 0.605433 0.569546
vt 0.614427 0.539726
vt 0.578901 0.583064
vt 0.938928 0.586091
vt 0.938928 0.567304
vt 0.959754 0.565365
vt 0.959754 0.585072
vt 0.918101 0.585072
vt 0.918101 0.565365
vt 0.978541 0.559738
vt 0.978541 0.582114
vt 0.938928 0.764993
vt 0.959455 0.764992
vt 0.899314 0.582114
vt 0.899314 0.559738
vt 0.918400 0.764993
vt 0.977972 0.764992
vt 0.938928 0.943894
vt 0.959754 0.944913
vt 0.899883 0.764992
vt 0.918101 0.944913
vt 0.978541 0.947871
vt 0.938928 0.962681
vt 0.959754 0.964620
vt 0.899314 0.947871
vt 0.918101 0.964620
vt 0.978541 0.970247
vt 0.899314 0.970247
vt 0.853684 0.943894
vt 0.853684 0.962681
vt 0.832857 0.964620
vt 0.832857 0.944913
vt 0.874510 0.944913
vt 0.874510 0.964620
vt 0.814070 0.970247
vt 0.814070 0.947871
vt 0.853684 0.764993
vt 0.833157 0.764993
vt 0.893298 0.947871
vt 0.893298 0.970247
vt 0.874211 0.764993
vt 0.814639 0.764993
vt 0.853684 0.586091
vt 0.832857 0.585072
vt 0.892729 0.764993
vt 0.874510 0.585072
vt 0.814070 0.582114
vt 0.853684 0.567304
vt 0.832857 0.565365
vt 0.893298 0.582114
vt 0.874510 0.565365
vt 0.814070 0.559738
vt 0.893298 0.559738
vt 0.737855 0.062332
vt 0.737855 0.009557
vt 0.756643 0.003931
vt 0.756643 0.059374
vt 0.777469 0.001992
vt 0.777469 0.058355
vt 0.738424 0.278908
vt 0.756942 0.278908
vt 0.798295 0.003931
vt 0.798295 0.059374
vt 0.777469 0.278908
vt 0.737855 0.495485
vt 0.756643 0.498443
vt 0.817083 0.009557
vt 0.817083 0.062332
vt 0.797996 0.278908
vt 0.777469 0.499462
vt 0.737855 0.548260
vt 0.756643 0.553886
vt 0.816514 0.278908
vt 0.798295 0.498443
vt 0.777469 0.555825
vt 0.817083 0.495485
vt 0.798295 0.553886
vt 0.817083 0.548260
vt 0.903075 0.495485
vt 0.903075 0.548260
vt 0.884288 0.553886
vt 0.884288 0.498443
vt 0.863461 0.555825
vt 0.863461 0.499462
vt 0.902506 0.278908
vt 0.883988 0.278908
vt 0.842635 0.553886
vt 0.842635 0.498443
vt 0.863461 0.278908
vt 0.903075 0.062332
vt 0.884288 0.059374
vt 0.823847 0.548260
vt 0.823847 0.495485
vt 0.842934 0.278908
vt 0.863461 0.058355
vt 0.903075 0.009557
vt 0.884288 0.003931
vt 0.824416 0.278908
vt 0.842635 0.059374
vt 0.863461 0.001992
vt 0.823847 0.062332
vt 0.842635 0.003931
vt 0.823847 0.009557
vn -0.809015 0.000002 0.587788
vn -0.951057 0.000003 0.309015
vn -0.900984 0.320201 0.292746
vn -0.766419 0.320201 0.556842
vn -0.587784 0.000002 0.809018
vn -0.556837 0.320200 0.766423
vn -0.049813 0.000002 0.998759
vn -0.049576 0.311102 0.949083
vn 0.000000 0.000002 1.000000
vn 0.000000 0.298234 0.954493
vn 0.049813 0.000002 0.998759
vn 0.049576 0.311102 0.949083
vn 0.587786 0.000003 0.809017
vn 0.556837 0.320200 0.766423
vn 0.809015 0.000003 0.587789
vn 0.766420 0.320202 0.556841
vn 0.951056 0.000001 0.309017
vn 0.900983 0.320201 0.292747
vn 1.000000 0.000000 -0.000000
vn 0.947349 0.320202 0.000000
vn 0.951056 0.000000 -0.309019
vn 0.900982 0.320202 -0.292750
vn 0.809014 0.000000 -0.587789
vn 0.766419 0.320202 -0.556842
vn 0.587788 0.000002 -0.809015
vn 0.556840 0.320201 -0.766420
vn 0.049813 0.000004 -0.998759
vn 0.049576 0.311102 -0.949083
vn -0.000000 0.000004 -1.000000
vn -0.000000 0.298235 -0.954493
vn -0.049813 0.000004 -0.998759
vn -0.049576 0.311103 -0.949082
vn -0.587786 0.000003 -0.809017
vn -0.556839 0.320200 -0.766421
vn -0.809015 0.000003 -0.587787
vn -0.766420 0.320202 -0.556841
vn -0.951056 0.000003 -0.309018
vn -0.900983 0.320201 -0.292748
vn -1.000000 0.000002 -0.000003
vn -0.947350 0.320201 -0.000003
vn -0.757600 0.604524 0.246157
vn -0.644449 0.604528 0.468222
vn -0.468218 0.604526 0.644454
vn -0.047440 0.593599 0.803361
vn 0.000000 0.573030 0.819534
vn 0.047440 0.593600 0.803361
vn 0.468218 0.604526 0.644454
vn 0.644450 0.604526 0.468221
vn 0.757601 0.604523 0.246157
vn 0.796590 0.604520 -0.000000
vn 0.757600 0.604524 -0.246158
vn 0.644450 0.604528 -0.468221
vn 0.468219 0.604526 -0.644453
vn 0.047440 0.593597 -0.803363
vn -0.000000 0.573028 -0.819536
vn -0.047440 0.593598 -0.803363
vn -0.468219 0.604525 -0.644453
vn -0.644449 0.604529 -0.468221
vn -0.757598 0.604526 -0.246157
vn -0.796588 0.604522 -0.000001
vn -0.538662 0.824143 0.175020
vn -0.458214 0.824141 0.332913
vn -0.332910 0.824141 0.458217
vn -0.040140 0.818121 0.573643
vn 0.000000 0.798623 0.601832
vn 0.040140 0.818121 0.573644
vn 0.332911 0.824140 0.458217
vn 0.458215 0.824140 0.332914
vn 0.538663 0.824142 0.175020
vn 0.566383 0.824143 0.000000
vn 0.538663 0.824142 -0.175020
vn 0.458215 0.824141 -0.332913
vn 0.332911 0.824141 -0.458216
vn 0.040140 0.818121 -0.573644
vn 0.000000 0.798623 -0.601832
vn -0.040140 0.818121 -0.573644
vn -0.332911 0.824140 -0.458217
vn -0.458214 0.824141 -0.332914
vn -0.538664 0.824142 -0.175020
vn -0.566383 0.824142 -0.000000
vn -0.268220 0.959407 0.087150
vn -0.228164 0.959406 0.165773
vn -0.165771 0.959407 0.228164
vn -0.024915 0.958639 0.283534
vn -0.000000 0.948164 0.317782
vn 0.024915 0.958639 0.283534
vn 0.165771 0.959407 0.228164
vn 0.228164 0.959407 0.165772
vn 0.268221 0.959407 0.087151
vn 0.282024 0.959407 0.000000
vn 0.268222 0.959407 -0.087151
vn 0.228165 0.959406 -0.165772
vn 0.165771 0.959407 -0.228165
vn 0.024915 0.958638 -0.283534
vn 0.000000 0.948164 -0.317782
vn -0.024915 0.958639 -0.283534
vn -0.165770 0.959407 -0.228164
vn -0.228164 0.959406 -0.165773
vn -0.268222 0.959407 -0.087151
vn -0.282024 0.959407 -0.000000
vn 0.026304 0.999618 -0.008546
vn 0.022374 0.999618 -0.016256
vn 0.016255 0.999618 -0.022373
vn -0.001516 0.999427 -0.033816
vn 0.000000 0.999994 -0.003574
vn 0.001516 0.999427 -0.033816
vn -0.016256 0.999618 -0.022374
vn -0.022374 0.999618 -0.016256
vn -0.026303 0.999618 -0.008546
vn -0.027657 0.999618 0.000000
vn -0.026303 0.999618 0.008546
vn -0.022374 0.999618 0.016255
vn -0.016256 0.999618 0.022374
vn 0.001516 0.999427 0.033816
vn -0.000000 0.999994 0.003574
vn -0.001516 0.999427 0.033816
vn 0.016256 0.999618 0.022374
vn 0.022374 0.999618 0.016256
vn 0.026303 0.999618 0.008546
vn 0.027656 0.999618 0.000000
vn 0.316337 0.943062 -0.102784
vn 0.269092 0.943062 -0.195507
vn 0.195507 0.943063 -0.269091
vn 0.027362 0.939001 -0.342824
vn 0.000000 0.946050 -0.324021
vn -0.027362 0.939001 -0.342825
vn -0.195508 0.943062 -0.269092
vn -0.269094 0.943062 -0.195507
vn -0.316336 0.943063 -0.102784
vn -0.332613 0.943063 0.000000
vn -0.316335 0.943063 0.102784
vn -0.269093 0.943062 0.195506
vn -0.195508 0.943063 0.269091
vn -0.027362 0.939001 0.342825
vn -0.000000 0.946050 0.324021
vn 0.027362 0.939001 0.342825
vn 0.195508 0.943062 0.269091
vn 0.269094 0.943062 0.195507
vn 0.316336 0.943063 0.102784
vn 0.332614 0.943063 0.000001
vn 0.574569 0.796880 -0.186688
vn 0.488756 0.796882 -0.355101
vn 0.355102 0.796882 -0.488755
vn 0.057106 0.788369 -0.612547
vn 0.000000 0.795520 -0.605927
vn -0.057106 0.788369 -0.612547
vn -0.355103 0.796882 -0.488754
vn -0.488756 0.796882 -0.355100
vn -0.574566 0.796882 -0.186689
vn -0.604134 0.796883 0.000000
vn -0.574567 0.796882 0.186689
vn -0.488756 0.796882 0.355101
vn -0.355102 0.796882 0.488755
vn -0.057106 0.788369 0.612547
vn 0.000000 0.795520 0.605927
vn 0.057106 0.788369 0.612547
vn 0.355102 0.796882 0.488755
vn 0.488756 0.796882 0.355101
vn 0.574566 0.796882 0.186688
vn 0.604136 0.796881 0.000001
vn 0.777400 0.576061 -0.252591
vn 0.661296 0.576063 -0.480457
vn 0.480459 0.576069 -0.661290
vn 0.082690 0.566325 -0.820023
vn -0.000000 0.570288 -0.821445
vn -0.082690 0.566325 -0.820023
vn -0.480459 0.576070 -0.661288
vn -0.661294 0.576066 -0.480456
vn -0.777399 0.576063 -0.252592
vn -0.817408 0.576059 -0.000000
vn -0.777399 0.576063 0.252592
vn -0.661295 0.576065 0.480456
vn -0.480459 0.576069 0.661289
vn -0.082690 0.566326 0.820023
vn -0.000000 0.570288 0.821445
vn 0.082690 0.566325 0.820023
vn 0.480459 0.576069 0.661289
vn 0.661295 0.576065 0.480456
vn 0.777399 0.576062 0.252592
vn 0.817408 0.576059 0.000000
vn 0.906682 0.301895 -0.294596
vn 0.771271 0.301895 -0.560358
vn 0.560362 0.301901 -0.771265
vn 0.099879 0.295488 -0.950111
vn -0.000000 0.296714 -0.954966
vn -0.099878 0.295488 -0.950111
vn -0.560363 0.301899 -0.771266
vn -0.771271 0.301892 -0.560358
vn -0.906682 0.301894 -0.294598
vn -0.953341 0.301896 0.000000
vn -0.906682 0.301894 0.294597
vn -0.771271 0.301894 0.560358
vn -0.560363 0.301900 0.771265
vn -0.099878 0.295488 0.950111
vn 0.000000 0.296713 0.954967
vn 0.099879 0.295486 0.950112
vn 0.560362 0.301899 0.771266
vn 0.771270 0.301895 0.560358
vn 0.906682 0.301896 0.294597
vn 0.953341 0.301897 0.000000
vn 0.951057 -0.000000 -0.309016
vn 0.809020 0.000000 -0.587782
vn 0.587792 0.000000 -0.809012
vn 0.105925 -0.000000 -0.994374
vn 0.000000 0.000000 -1.000000
vn -0.105925 0.000000 -0.994374
vn -0.587792 0.000000 -0.809012
vn -0.809019 0.000000 -0.587783
vn -0.951057 -0.000000 -0.309017
vn -1.000000 -0.000000 -0.000000
vn -0.951057 0.000000 0.309017
vn -0.809019 0.000000 0.587783
vn -0.587791 0.000000 0.809013
vn -0.105925 0.000000 0.994374
vn 0.000000 0.000000 1.000000
vn 0.105925 0.000000 0.994374
vn 0.587791 -0.000000 0.809013
vn 0.809019 -0.000000 0.587782
vn 0.951057 -0.000000 0.309016
vn 1.000000 0.000000 0.000000
vn 0.906682 -0.301895 -0.294596
vn 0.771271 -0.301895 -0.560358
vn 0.560362 -0.301901 -0.771265
vn 0.099879 -0.295488 -0.950111
vn 0.000000 -0.296714 -0.954966
vn -0.099878 -0.295488 -0.950111
vn -0.560363 -0.301899 -0.771266
vn -0.771271 -0.301892 -0.560358
vn -0.906682 -0.301894 -0.294598
vn -0.953341 -0.301895 0.000000
vn -0.906682 -0.301894 0.294597
vn -0.771271 -0.301894 0.560358
vn -0.560363 -0.301900 0.771265
vn -0.099878 -0.295488 0.950111
vn 0.000000 -0.296713 0.954967
vn 0.099879 -0.295486 0.950112
vn 0.560362 -0.301899 0.771266
vn 0.771270 -0.301895 0.560358
vn 0.906682 -0.301896 0.294597
vn 0.953341 -0.301897 0.000000
vn 0.777401 -0.576061 -0.252591
vn 0.661297 -0.576063 -0.480457
vn 0.480459 -0.576068 -0.661290
vn 0.082690 -0.566325 -0.820023
vn 0.000000 -0.570287 -0.821445
vn -0.082690 -0.566325 -0.820023
vn -0.480460 -0.576069 -0.661289
vn -0.661294 -0.576066 -0.480456
vn -0.777399 -0.576063 -0.252592
vn -0.817408 -0.576059 0.000000
vn -0.777399 -0.576063 0.252592
vn -0.661295 -0.576065 0.480456
vn -0.480459 -0.576069 0.661289
vn -0.082690 -0.566325 0.820023
vn 0.000000 -0.570287 0.821445
vn 0.082690 -0.566325 0.820023
vn 0.480459 -0.576070 0.661289
vn 0.661295 -0.576065 0.480456
vn 0.777399 -0.576062 0.252592
vn 0.817408 -0.576059 0.000000
vn 0.574569 -0.796880 -0.186688
vn 0.488756 -0.796882 -0.355101
vn 0.355102 -0.796882 -0.488755
vn 0.057106 -0.788369 -0.612547
vn -0.000000 -0.795520 -0.605927
vn -0.057106 -0.788369 -0.612547
vn -0.355102 -0.796882 -0.488755
vn -0.488756 -0.796883 -0.355100
vn -0.574566 -0.796882 -0.186689
vn -0.604134 -0.796883 0.000000
vn -0.574566 -0.796882 0.186689
vn -0.488756 -0.796882 0.355101
vn -0.355102 -0.796882 0.488755
vn -0.057106 -0.788369 0.612546
vn 0.000000 -0.795520 0.605927
vn 0.057106 -0.788369 0.612547
vn 0.355102 -0.796882 0.488755
vn 0.488756 -0.796882 0.355101
vn 0.574566 -0.796882 0.186688
vn 0.604136 -0.796882 0.000001
vn 0.316338 -0.943062 -0.102784
vn 0.269093 -0.943062 -0.195507
vn 0.195507 -0.943062 -0.269091
vn 0.027362 -0.939001 -0.342825
vn -0.000000 -0.946050 -0.324022
vn -0.027362 -0.939000 -0.342826
vn -0.195509 -0.943062 -0.269092
vn -0.269094 -0.943062 -0.195507
vn -0.316336 -0.943062 -0.102784
vn -0.332614 -0.943063 0.000000
vn -0.316336 -0.943062 0.102784
vn -0.269094 -0.943062 0.195507
vn -0.195508 -0.943062 0.269092
vn -0.027362 -0.939001 0.342826
vn 0.000000 -0.946050 0.324022
vn 0.027362 -0.939000 0.342826
vn 0.195508 -0.943062 0.269092
vn 0.269094 -0.943062 0.195507
vn 0.316337 -0.943062 0.102784
vn 0.332615 -0.943063 0.000001
vn 0.026304 -0.999618 -0.008546
vn 0.022374 -0.999618 -0.016256
vn 0.016255 -0.999618 -0.022373
vn -0.001516 -0.999427 -0.033815
vn -0.000000 -0.999994 -0.003573
vn 0.001516 -0.999427 -0.033815
vn -0.016255 -0.999618 -0.022374
vn -0.022374 -0.999618 -0.016256
vn -0.026303 -0.999618 -0.008546
vn -0.027657 -0.999618 0.000000
vn -0.026303 -0.999618 0.008546
vn -0.022374 -0.999618 0.016256
vn -0.016256 -0.999618 0.022374
vn 0.001516 -0.999427 0.033815
vn 0.000000 -0.999994 0.003573
vn -0.001516 -0.999427 0.033815
vn 0.016256 -0.999618 0.022374
vn 0.022374 -0.999618 0.016256
vn 0.026303 -0.999618 0.008546
vn 0.027656 -0.999618 0.000000
vn -0.268220 -0.959408 0.087150
vn -0.228163 -0.959407 0.165772
vn -0.165771 -0.959407 0.228163
vn -0.024915 -0.958639 0.283533
vn 0.000000 -0.948164 0.317782
vn 0.024915 -0.958639 0.283533
vn 0.165770 -0.959407 0.228163
vn 0.228163 -0.959407 0.165771
vn 0.268221 -0.959407 0.087151
vn 0.282023 -0.959408 0.000000
vn 0.268221 -0.959407 -0.087151
vn 0.228164 -0.959407 -0.165772
vn 0.165770 -0.959407 -0.228164
vn 0.024915 -0.958639 -0.283533
vn -0.000000 -0.948164 -0.317782
vn -0.024915 -0.958639 -0.283533
vn -0.165770 -0.959407 -0.228164
vn -0.228164 -0.959407 -0.165772
vn -0.268221 -0.959407 -0.087151
vn -0.282023 -0.959408 -0.000001
vn -0.538662 -0.824143 0.175020
vn -0.458214 -0.824141 0.332913
vn -0.332911 -0.824141 0.458217
vn -0.040140 -0.818122 0.573642
vn 0.000000 -0.798624 0.601831
vn 0.040140 -0.818122 0.573642
vn 0.332912 -0.824140 0.458217
vn 0.458215 -0.824140 0.332914
vn 0.538662 -0.824142 0.175021
vn 0.566383 -0.824143 -0.000000
vn 0.538662 -0.824143 -0.175021
vn 0.458214 -0.824141 -0.332914
vn 0.332911 -0.824141 -0.458217
vn 0.040140 -0.818122 -0.573643
vn -0.000000 -0.798624 -0.601831
vn -0.040140 -0.818121 -0.573643
vn -0.332910 -0.824141 -0.458217
vn -0.458214 -0.824141 -0.332913
vn -0.538663 -0.824142 -0.175020
vn -0.566382 -0.824143 -0.000000
vn -0.757600 -0.604524 0.246157
vn -0.644450 -0.604528 0.468221
vn -0.468218 -0.604526 0.644454
vn -0.047440 -0.593600 0.803361
vn -0.000000 -0.573030 0.819534
vn 0.047440 -0.593600 0.803361
vn 0.468218 -0.604526 0.644453
vn 0.644451 -0.604526 0.468222
vn 0.757600 -0.604523 0.246159
vn 0.796590 -0.604520 -0.000000
vn 0.757600 -0.604523 -0.246159
vn 0.644451 -0.604526 -0.468222
vn 0.468219 -0.604525 -0.644454
vn 0.047440 -0.593599 -0.803362
vn 0.000000 -0.573029 -0.819535
vn -0.047440 -0.593599 -0.803361
vn -0.468218 -0.604526 -0.644453
vn -0.644449 -0.604529 -0.468220
vn -0.757598 -0.604526 -0.246157
vn -0.796588 -0.604522 -0.000000
vn -0.900984 -0.320200 0.292747
vn -0.766420 -0.320200 0.556841
vn -0.556836 -0.320200 0.766424
vn -0.049576 -0.311100 0.949083
vn 0.000000 -0.298233 0.954493
vn 0.049576 -0.311100 0.949083
vn 0.556837 -0.320200 0.766423
vn 0.766419 -0.320202 0.556841
vn 0.900982 -0.320202 0.292749
vn 0.947349 -0.320202 -0.000000
vn 0.900982 -0.320201 -0.292750
vn 0.766419 -0.320202 -0.556842
vn 0.556838 -0.320201 -0.766422
vn 0.049576 -0.311101 -0.949083
vn -0.000000 -0.298233 -0.954493
vn -0.049576 -0.311101 -0.949083
vn -0.556838 -0.320200 -0.766422
vn -0.766420 -0.320201 -0.556841
vn -0.900982 -0.320201 -0.292750
vn -0.947350 -0.320201 -0.000001
s 1
g pTorus6
usemtl lambert2SG
f 2398/3268/2485 2397/3269/2486 2417/3270/2487 2418/3271/2488
f 2399/3278/2489 2398/3268/2485 2418/3271/2488 2419/3279/2490
f 2400/3704/2491 2399/3705/2489 2419/3706/2490 2420/3707/2492
f 2401/3712/2493 2400/3704/2491 2420/3707/2492 2421/3713/2494
f 2402/3718/2495 2401/3712/2493 2421/3713/2494 2422/3719/2496
f 2403/3723/2497 2402/3718/2495 2422/3719/2496 2423/3724/2498
f 2404/3318/2499 2403/3323/2497 2423/3324/2498 2424/3319/2500
f 2405/3317/2501 2404/3318/2499 2424/3319/2500 2425/3320/2502
f 2406/3327/2503 2405/3317/2501 2425/3320/2502 2426/3328/2504
f 2407/3337/2505 2406/3327/2503 2426/3328/2504 2427/3338/2506
f 2408/3347/2507 2407/3337/2505 2427/3338/2506 2428/3348/2508
f 2409/3355/2509 2408/3347/2507 2428/3348/2508 2429/3356/2510
f 2410/3729/2511 2409/3730/2509 2429/3731/2510 2430/3732/2512
f 2411/3737/2513 2410/3729/2511 2430/3732/2512 2431/3738/2514
f 2412/3743/2515 2411/3737/2513 2431/3738/2514 2432/3744/2516
f 2413/3748/2517 2412/3743/2515 2432/3744/2516 2433/3749/2518
f 2414/3295/2519 2413/3304/2517 2433/3305/2518 2434/3296/2520
f 2415/3284/2521 2414/3295/2519 2434/3296/2520 2435/3285/2522
f 2416/3274/2523 2415/3284/2521 2435/3285/2522 2436/3275/2524
f 2397/3269/2486 2416/3274/2523 2436/3275/2524 2417/3270/2487
f 2418/3271/2488 2417/3270/2487 2437/3276/2525 2438/3277/2526
f 2419/3279/2490 2418/3271/2488 2438/3277/2526 2439/3289/2527
f 2420/3707/2492 2419/3706/2490 2439/3710/2527 2440/3711/2528
f 2421/3713/2494 2420/3707/2492 2440/3711/2528 2441/3717/2529
f 2422/3719/2496 2421/3713/2494 2441/3717/2529 2442/3722/2530
f 2423/3724/2498 2422/3719/2496 2442/3722/2530 2443/3727/2531
f 2424/3319/2500 2423/3324/2498 2443/3333/2531 2444/3325/2532
f 2425/3320/2502 2424/3319/2500 2444/3325/2532 2445/3326/2533
f 2426/3328/2504 2425/3320/2502 2445/3326/2533 2446/3336/2534
f 2427/3338/2506 2426/3328/2504 2446/3336/2534 2447/3346/2535
f 2428/3348/2508 2427/3338/2506 2447/3346/2535 2448/3354/2536
f 2429/3356/2510 2428/3348/2508 2448/3354/2536 2449/3361/2537
f 2430/3732/2512 2429/3731/2510 2449/3735/2537 2450/3736/2538
f 2431/3738/2514 2430/3732/2512 2450/3736/2538 2451/3742/2539
f 2432/3744/2516 2431/3738/2514 2451/3742/2539 2452/3747/2540
f 2433/3749/2518 2432/3744/2516 2452/3747/2540 2453/3752/2541
f 2434/3296/2520 2433/3305/2518 2453/3311/2541 2454/3306/2542
f 2435/3285/2522 2434/3296/2520 2454/3306/2542 2455/3297/2543
f 2436/3275/2524 2435/3285/2522 2455/3297/2543 2456/3286/2544
f 2417/3270/2487 2436/3275/2524 2456/3286/2544 2437/3276/2525
f 2438/3277/2526 2437/3276/2525 2457/3287/2545 2458/3288/2546
f 2439/3289/2527 2438/3277/2526 2458/3288/2546 2459/3299/2547
f 2440/3490/2528 2439/3491/2527 2459/3472/2547 2460/3480/2548
f 2441/3502/2529 2440/3490/2528 2460/3480/2548 2461/3492/2549
f 2442/3513/2530 2441/3502/2529 2461/3492/2549 2462/3503/2550
f 2443/3528/2531 2442/3513/2530 2462/3503/2550 2463/3514/2551
f 2444/3325/2532 2443/3333/2531 2463/3344/2551 2464/3334/2552
f 2445/3326/2533 2444/3325/2532 2464/3334/2552 2465/3335/2553
f 2446/3336/2534 2445/3326/2533 2465/3335/2553 2466/3345/2554
f 2447/3346/2535 2446/3336/2534 2466/3345/2554 2467/3353/2555
f 2448/3354/2536 2447/3346/2535 2467/3353/2555 2468/3360/2556
f 2449/3361/2537 2448/3354/2536 2468/3360/2556 2469/3364/2557
f 2450/3543/2538 2449/3555/2537 2469/3544/2557 2470/3532/2558
f 2451/3531/2539 2450/3543/2538 2470/3532/2558 2471/3518/2559
f 2452/3517/2540 2451/3531/2539 2471/3518/2559 2472/3505/2560
f 2453/3516/2541 2452/3517/2540 2472/3505/2560 2473/3494/2561
f 2454/3306/2542 2453/3311/2541 2473/3315/2561 2474/3312/2562
f 2455/3297/2543 2454/3306/2542 2474/3312/2562 2475/3307/2563
f 2456/3286/2544 2455/3297/2543 2475/3307/2563 2476/3298/2564
f 2437/3276/2525 2456/3286/2544 2476/3298/2564 2457/3287/2545
f 2458/3464/2546 2457/3465/2545 2477/3466/2565 2478/3467/2566
f 2459/3472/2547 2458/3464/2546 2478/3467/2566 2479/3473/2567
f 2460/3480/2548 2459/3472/2547 2479/3473/2567 2480/3481/2568
f 2461/3492/2549 2460/3480/2548 2480/3481/2568 2481/3493/2569
f 2462/3503/2550 2461/3492/2549 2481/3493/2569 2482/3504/2570
f 2463/3514/2551 2462/3503/2550 2482/3504/2570 2483/3515/2571
f 2464/3529/2552 2463/3514/2551 2483/3515/2571 2484/3530/2572
f 2465/3541/2553 2464/3529/2552 2484/3530/2572 2485/3542/2573
f 2466/3553/2554 2465/3541/2553 2485/3542/2573 2486/3554/2574
f 2467/3567/2555 2466/3553/2554 2486/3554/2574 2487/3568/2575
f 2468/3556/2556 2467/3567/2555 2487/3568/2575 2488/3557/2576
f 2469/3544/2557 2468/3556/2556 2488/3557/2576 2489/3545/2577
f 2470/3532/2558 2469/3544/2557 2489/3545/2577 2490/3533/2578
f 2471/3518/2559 2470/3532/2558 2490/3533/2578 2491/3519/2579
f 2472/3505/2560 2471/3518/2559 2491/3519/2579 2492/3506/2580
f 2473/3494/2561 2472/3505/2560 2492/3506/2580 2493/3495/2581
f 2474/3482/2562 2473/3494/2561 2493/3495/2581 2494/3483/2582
f 2475/3474/2563 2474/3482/2562 2494/3483/2582 2495/3475/2583
f 2476/3468/2564 2475/3474/2563 2495/3475/2583 2496/3469/2584
f 2457/3465/2545 2476/3468/2564 2496/3469/2584 2477/3466/2565
f 2478/3467/2566 2477/3466/2565 2497/3470/2585 2498/3471/2586
f 2479/3473/2567 2478/3467/2566 2498/3471/2586 2499/3479/2587
f 2480/3481/2568 2479/3473/2567 2499/3479/2587 2500/3489/2588
f 2481/3493/2569 2480/3481/2568 2500/3489/2588 2501/3501/2589
f 2482/3504/2570 2481/3493/2569 2501/3501/2589 2502/3512/2590
f 2483/3515/2571 2482/3504/2570 2502/3512/2590 2503/3527/2591
f 2484/3530/2572 2483/3515/2571 2503/3527/2591 2504/3540/2592
f 2485/3542/2573 2484/3530/2572 2504/3540/2592 2505/3552/2593
f 2486/3554/2574 2485/3542/2573 2505/3552/2593 2506/3566/2594
f 2487/3568/2575 2486/3554/2574 2506/3566/2594 2507/3575/2595
f 2488/3557/2576 2487/3568/2575 2507/3575/2595 2508/3569/2596
f 2489/3545/2577 2488/3557/2576 2508/3569/2596 2509/3558/2597
f 2490/3533/2578 2489/3545/2577 2509/3558/2597 2510/3546/2598
f 2491/3519/2579 2490/3533/2578 2510/3546/2598 2511/3534/2599
f 2492/3506/2580 2491/3519/2579 2511/3534/2599 2512/3520/2600
f 2493/3495/2581 2492/3506/2580 2512/3520/2600 2513/3507/2601
f 2494/3483/2582 2493/3495/2581 2513/3507/2601 2514/3496/2602
f 2495/3475/2583 2494/3483/2582 2514/3496/2602 2515/3484/2603
f 2496/3469/2584 2495/3475/2583 2515/3484/2603 2516/3476/2604
f 2477/3466/2565 2496/3469/2584 2516/3476/2604 2497/3470/2585
f 2498/3471/2586 2497/3470/2585 2517/3477/2605 2518/3478/2606
f 2499/3479/2587 2498/3471/2586 2518/3478/2606 2519/3488/2607
f 2500/3489/2588 2499/3479/2587 2519/3488/2607 2520/3500/2608
f 2501/3501/2589 2500/3489/2588 2520/3500/2608 2521/3511/2609
f 2502/3512/2590 2501/3501/2589 2521/3511/2609 2522/3526/2610
f 2503/3527/2591 2502/3512/2590 2522/3526/2610 2523/3539/2611
f 2504/3540/2592 2503/3527/2591 2523/3539/2611 2524/3551/2612
f 2505/3552/2593 2504/3540/2592 2524/3551/2612 2525/3565/2613
f 2506/3566/2594 2505/3552/2593 2525/3565/2613 2526/3574/2614
f 2507/3575/2595 2506/3566/2594 2526/3574/2614 2527/3580/2615
f 2508/3569/2596 2507/3575/2595 2527/3580/2615 2528/3576/2616
f 2509/3558/2597 2508/3569/2596 2528/3576/2616 2529/3570/2617
f 2510/3546/2598 2509/3558/2597 2529/3570/2617 2530/3559/2618
f 2511/3534/2599 2510/3546/2598 2530/3559/2618 2531/3547/2619
f 2512/3520/2600 2511/3534/2599 2531/3547/2619 2532/3535/2620
f 2513/3507/2601 2512/3520/2600 2532/3535/2620 2533/3521/2621
f 2514/3496/2602 2513/3507/2601 2533/3521/2621 2534/3508/2622
f 2515/3484/2603 2514/3496/2602 2534/3508/2622 2535/3497/2623
f 2516/3476/2604 2515/3484/2603 2535/3497/2623 2536/3485/2624
f 2497/3470/2585 2516/3476/2604 2536/3485/2624 2517/3477/2605
f 2518/3478/2606 2517/3477/2605 2537/3486/2625 2538/3487/2626
f 2519/3488/2607 2518/3478/2606 2538/3487/2626 2539/3499/2627
f 2520/3500/2608 2519/3488/2607 2539/3499/2627 2540/3510/2628
f 2521/3511/2609 2520/3500/2608 2540/3510/2628 2541/3525/2629
f 2522/3526/2610 2521/3511/2609 2541/3525/2629 2542/3538/2630
f 2523/3539/2611 2522/3526/2610 2542/3538/2630 2543/3550/2631
f 2524/3551/2612 2523/3539/2611 2543/3550/2631 2544/3564/2632
f 2525/3565/2613 2524/3551/2612 2544/3564/2632 2545/3573/2633
f 2526/3574/2614 2525/3565/2613 2545/3573/2633 2546/3579/2634
f 2527/3580/2615 2526/3574/2614 2546/3579/2634 2547/3583/2635
f 2528/3576/2616 2527/3580/2615 2547/3583/2635 2548/3581/2636
f 2529/3570/2617 2528/3576/2616 2548/3581/2636 2549/3577/2637
f 2530/3559/2618 2529/3570/2617 2549/3577/2637 2550/3571/2638
f 2531/3547/2619 2530/3559/2618 2550/3571/2638 2551/3560/2639
f 2532/3535/2620 2531/3547/2619 2551/3560/2639 2552/3548/2640
f 2533/3521/2621 2532/3535/2620 2552/3548/2640 2553/3536/2641
f 2534/3508/2622 2533/3521/2621 2553/3536/2641 2554/3522/2642
f 2535/3497/2623 2534/3508/2622 2554/3522/2642 2555/3509/2643
f 2536/3485/2624 2535/3497/2623 2555/3509/2643 2556/3498/2644
f 2517/3477/2605 2536/3485/2624 2556/3498/2644 2537/3486/2625
f 2538/3370/2626 2537/3371/2625 2557/3367/2645 2558/3366/2646
f 2539/3379/2627 2538/3370/2626 2558/3366/2646 2559/3376/2647
f 2540/3510/2628 2539/3499/2627 2559/3523/2647 2560/3524/2648
f 2541/3525/2629 2540/3510/2628 2560/3524/2648 2561/3537/2649
f 2542/3538/2630 2541/3525/2629 2561/3537/2649 2562/3549/2650
f 2543/3550/2631 2542/3538/2630 2562/3549/2650 2563/3563/2651
f 2544/3420/2632 2543/3427/2631 2563/3421/2651 2564/3416/2652
f 2545/3419/2633 2544/3420/2632 2564/3416/2652 2565/3415/2653
f 2546/3428/2634 2545/3419/2633 2565/3415/2653 2566/3425/2654
f 2547/3435/2635 2546/3428/2634 2566/3425/2654 2567/3433/2655
f 2548/3443/2636 2547/3435/2635 2567/3433/2655 2568/3441/2656
f 2549/3452/2637 2548/3443/2636 2568/3441/2656 2569/3450/2657
f 2550/3571/2638 2549/3577/2637 2569/3582/2657 2570/3578/2658
f 2551/3560/2639 2550/3571/2638 2570/3578/2658 2571/3572/2659
f 2552/3548/2640 2551/3560/2639 2571/3572/2659 2572/3561/2660
f 2553/3536/2641 2552/3548/2640 2572/3561/2660 2573/3562/2661
f 2554/3394/2642 2553/3403/2641 2573/3395/2661 2574/3387/2662
f 2555/3386/2643 2554/3394/2642 2574/3387/2662 2575/3380/2663
f 2556/3378/2644 2555/3386/2643 2575/3380/2663 2576/3372/2664
f 2537/3371/2625 2556/3378/2644 2576/3372/2664 2557/3367/2645
f 2558/3366/2646 2557/3367/2645 2577/3368/2665 2578/3369/2666
f 2559/3376/2647 2558/3366/2646 2578/3369/2666 2579/3377/2667
f 2560/3754/2648 2559/3755/2647 2579/3756/2667 2580/3757/2668
f 2561/3760/2649 2560/3754/2648 2580/3757/2668 2581/3761/2669
f 2562/3765/2650 2561/3760/2649 2581/3761/2669 2582/3766/2670
f 2563/3771/2651 2562/3765/2650 2582/3766/2670 2583/3772/2671
f 2564/3416/2652 2563/3421/2651 2583/3422/2671 2584/3417/2672
f 2565/3415/2653 2564/3416/2652 2584/3417/2672 2585/3418/2673
f 2566/3425/2654 2565/3415/2653 2585/3418/2673 2586/3426/2674
f 2567/3433/2655 2566/3425/2654 2586/3426/2674 2587/3434/2675
f 2568/3441/2656 2567/3433/2655 2587/3434/2675 2588/3442/2676
f 2569/3450/2657 2568/3441/2656 2588/3442/2676 2589/3451/2677
f 2570/3779/2658 2569/3780/2657 2589/3781/2677 2590/3782/2678
f 2571/3785/2659 2570/3779/2658 2590/3782/2678 2591/3786/2679
f 2572/3790/2660 2571/3785/2659 2591/3786/2679 2592/3791/2680
f 2573/3796/2661 2572/3790/2660 2592/3791/2680 2593/3797/2681
f 2574/3387/2662 2573/3395/2661 2593/3396/2681 2594/3388/2682
f 2575/3380/2663 2574/3387/2662 2594/3388/2682 2595/3381/2683
f 2576/3372/2664 2575/3380/2663 2595/3381/2683 2596/3373/2684
f 2557/3367/2645 2576/3372/2664 2596/3373/2684 2577/3368/2665
f 2578/3369/2666 2577/3368/2665 2597/3374/2685 2598/3375/2686
f 2579/3377/2667 2578/3369/2666 2598/3375/2686 2599/3385/2687
f 2580/3757/2668 2579/3756/2667 2599/3758/2687 2600/3759/2688
f 2581/3761/2669 2580/3757/2668 2600/3759/2688 2601/3764/2689
f 2582/3766/2670 2581/3761/2669 2601/3764/2689 2602/3770/2690
f 2583/3772/2671 2582/3766/2670 2602/3770/2690 2603/3775/2691
f 2584/3417/2672 2583/3422/2671 2603/3429/2691 2604/3423/2692
f 2585/3418/2673 2584/3417/2672 2604/3423/2692 2605/3424/2693
f 2586/3426/2674 2585/3418/2673 2605/3424/2693 2606/3432/2694
f 2587/3434/2675 2586/3426/2674 2606/3432/2694 2607/3440/2695
f 2588/3442/2676 2587/3434/2675 2607/3440/2695 2608/3449/2696
f 2589/3451/2677 2588/3442/2676 2608/3449/2696 2609/3457/2697
f 2590/3782/2678 2589/3781/2677 2609/3783/2697 2610/3784/2698
f 2591/3786/2679 2590/3782/2678 2610/3784/2698 2611/3789/2699
f 2592/3791/2680 2591/3786/2679 2611/3789/2699 2612/3795/2700
f 2593/3797/2681 2592/3791/2680 2612/3795/2700 2613/3800/2701
f 2594/3388/2682 2593/3396/2681 2613/3404/2701 2614/3397/2702
f 2595/3381/2683 2594/3388/2682 2614/3397/2702 2615/3389/2703
f 2596/3373/2684 2595/3381/2683 2615/3389/2703 2616/3382/2704
f 2577/3368/2665 2596/3373/2684 2616/3382/2704 2597/3374/2685
f 2598/3375/2686 2597/3374/2685 2617/3383/2705 2618/3384/2706
f 2599/3385/2687 2598/3375/2686 2618/3384/2706 2619/3393/2707
f 2600/3759/2688 2599/3758/2687 2619/3762/2707 2620/3763/2708
f 2601/3764/2689 2600/3759/2688 2620/3763/2708 2621/3769/2709
f 2602/3770/2690 2601/3764/2689 2621/3769/2709 2622/3774/2710
f 2603/3775/2691 2602/3770/2690 2622/3774/2710 2623/3777/2711
f 2604/3423/2692 2603/3429/2691 2623/3436/2711 2624/3430/2712
f 2605/3424/2693 2604/3423/2692 2624/3430/2712 2625/3431/2713
f 2606/3432/2694 2605/3424/2693 2625/3431/2713 2626/3439/2714
f 2607/3440/2695 2606/3432/2694 2626/3439/2714 2627/3448/2715
f 2608/3449/2696 2607/3440/2695 2627/3448/2715 2628/3456/2716
f 2609/3457/2697 2608/3449/2696 2628/3456/2716 2629/3460/2717
f 2610/3784/2698 2609/3783/2697 2629/3787/2717 2630/3788/2718
f 2611/3789/2699 2610/3784/2698 2630/3788/2718 2631/3794/2719
f 2612/3795/2700 2611/3789/2699 2631/3794/2719 2632/3799/2720
f 2613/3800/2701 2612/3795/2700 2632/3799/2720 2633/3802/2721
f 2614/3397/2702 2613/3404/2701 2633/3409/2721 2634/3405/2722
f 2615/3389/2703 2614/3397/2702 2634/3405/2722 2635/3398/2723
f 2616/3382/2704 2615/3389/2703 2635/3398/2723 2636/3390/2724
f 2597/3374/2685 2616/3382/2704 2636/3390/2724 2617/3383/2705
f 2618/3384/2706 2617/3383/2705 2637/3391/2725 2638/3392/2726
f 2619/3393/2707 2618/3384/2706 2638/3392/2726 2639/3402/2727
f 2620/3763/2708 2619/3762/2707 2639/3767/2727 2640/3768/2728
f 2621/3769/2709 2620/3763/2708 2640/3768/2728 2641/3773/2729
f 2622/3774/2710 2621/3769/2709 2641/3773/2729 2642/3776/2730
f 2623/3777/2711 2622/3774/2710 2642/3776/2730 2643/3778/2731
f 2624/3430/2712 2623/3436/2711 2643/3444/2731 2644/3437/2732
f 2625/3431/2713 2624/3430/2712 2644/3437/2732 2645/3438/2733
f 2626/3439/2714 2625/3431/2713 2645/3438/2733 2646/3447/2734
f 2627/3448/2715 2626/3439/2714 2646/3447/2734 2647/3455/2735
f 2628/3456/2716 2627/3448/2715 2647/3455/2735 2648/3459/2736
f 2629/3460/2717 2628/3456/2716 2648/3459/2736 2649/3462/2737
f 2630/3788/2718 2629/3787/2717 2649/3792/2737 2650/3793/2738
f 2631/3794/2719 2630/3788/2718 2650/3793/2738 2651/3798/2739
f 2632/3799/2720 2631/3794/2719 2651/3798/2739 2652/3801/2740
f 2633/3802/2721 2632/3799/2720 2652/3801/2740 2653/3803/2741
f 2634/3405/2722 2633/3409/2721 2653/3412/2741 2654/3410/2742
f 2635/3398/2723 2634/3405/2722 2654/3410/2742 2655/3406/2743
f 2636/3390/2724 2635/3398/2723 2655/3406/2743 2656/3399/2744
f 2617/3383/2705 2636/3390/2724 2656/3399/2744 2637/3391/2725
f 2638/3392/2726 2637/3391/2725 2657/3400/2745 2658/3401/2746
f 2639/3402/2727 2638/3392/2726 2658/3401/2746 2659/3408/2747
f 2640/3610/2728 2639/3611/2727 2659/3592/2747 2660/3600/2748
f 2641/3622/2729 2640/3610/2728 2660/3600/2748 2661/3612/2749
f 2642/3633/2730 2641/3622/2729 2661/3612/2749 2662/3623/2750
f 2643/3648/2731 2642/3633/2730 2662/3623/2750 2663/3634/2751
f 2644/3437/2732 2643/3444/2731 2663/3453/2751 2664/3445/2752
f 2645/3438/2733 2644/3437/2732 2664/3445/2752 2665/3446/2753
f 2646/3447/2734 2645/3438/2733 2665/3446/2753 2666/3454/2754
f 2647/3455/2735 2646/3447/2734 2666/3454/2754 2667/3458/2755
f 2648/3459/2736 2647/3455/2735 2667/3458/2755 2668/3461/2756
f 2649/3462/2737 2648/3459/2736 2668/3461/2756 2669/3463/2757
f 2650/3663/2738 2649/3675/2737 2669/3664/2757 2670/3652/2758
f 2651/3651/2739 2650/3663/2738 2670/3652/2758 2671/3638/2759
f 2652/3637/2740 2651/3651/2739 2671/3638/2759 2672/3625/2760
f 2653/3636/2741 2652/3637/2740 2672/3625/2760 2673/3614/2761
f 2654/3410/2742 2653/3412/2741 2673/3414/2761 2674/3413/2762
f 2655/3406/2743 2654/3410/2742 2674/3413/2762 2675/3411/2763
f 2656/3399/2744 2655/3406/2743 2675/3411/2763 2676/3407/2764
f 2637/3391/2725 2656/3399/2744 2676/3407/2764 2657/3400/2745
f 2658/3584/2746 2657/3585/2745 2677/3586/2765 2678/3587/2766
f 2659/3592/2747 2658/3584/2746 2678/3587/2766 2679/3593/2767
f 2660/3600/2748 2659/3592/2747 2679/3593/2767 2680/3601/2768
f 2661/3612/2749 2660/3600/2748 2680/3601/2768 2681/3613/2769
f 2662/3623/2750 2661/3612/2749 2681/3613/2769 2682/3624/2770
f 2663/3634/2751 2662/3623/2750 2682/3624/2770 2683/3635/2771
f 2664/3649/2752 2663/3634/2751 2683/3635/2771 2684/3650/2772
f 2665/3661/2753 2664/3649/2752 2684/3650/2772 2685/3662/2773
f 2666/3673/2754 2665/3661/2753 2685/3662/2773 2686/3674/2774
f 2667/3687/2755 2666/3673/2754 2686/3674/2774 2687/3688/2775
f 2668/3676/2756 2667/3687/2755 2687/3688/2775 2688/3677/2776
f 2669/3664/2757 2668/3676/2756 2688/3677/2776 2689/3665/2777
f 2670/3652/2758 2669/3664/2757 2689/3665/2777 2690/3653/2778
f 2671/3638/2759 2670/3652/2758 2690/3653/2778 2691/3639/2779
f 2672/3625/2760 2671/3638/2759 2691/3639/2779 2692/3626/2780
f 2673/3614/2761 2672/3625/2760 2692/3626/2780 2693/3615/2781
f 2674/3602/2762 2673/3614/2761 2693/3615/2781 2694/3603/2782
f 2675/3594/2763 2674/3602/2762 2694/3603/2782 2695/3595/2783
f 2676/3588/2764 2675/3594/2763 2695/3595/2783 2696/3589/2784
f 2657/3585/2745 2676/3588/2764 2696/3589/2784 2677/3586/2765
f 2678/3587/2766 2677/3586/2765 2697/3590/2785 2698/3591/2786
f 2679/3593/2767 2678/3587/2766 2698/3591/2786 2699/3599/2787
f 2680/3601/2768 2679/3593/2767 2699/3599/2787 2700/3609/2788
f 2681/3613/2769 2680/3601/2768 2700/3609/2788 2701/3621/2789
f 2682/3624/2770 2681/3613/2769 2701/3621/2789 2702/3632/2790
f 2683/3635/2771 2682/3624/2770 2702/3632/2790 2703/3647/2791
f 2684/3650/2772 2683/3635/2771 2703/3647/2791 2704/3660/2792
f 2685/3662/2773 2684/3650/2772 2704/3660/2792 2705/3672/2793
f 2686/3674/2774 2685/3662/2773 2705/3672/2793 2706/3686/2794
f 2687/3688/2775 2686/3674/2774 2706/3686/2794 2707/3695/2795
f 2688/3677/2776 2687/3688/2775 2707/3695/2795 2708/3689/2796
f 2689/3665/2777 2688/3677/2776 2708/3689/2796 2709/3678/2797
f 2690/3653/2778 2689/3665/2777 2709/3678/2797 2710/3666/2798
f 2691/3639/2779 2690/3653/2778 2710/3666/2798 2711/3654/2799
f 2692/3626/2780 2691/3639/2779 2711/3654/2799 2712/3640/2800
f 2693/3615/2781 2692/3626/2780 2712/3640/2800 2713/3627/2801
f 2694/3603/2782 2693/3615/2781 2713/3627/2801 2714/3616/2802
f 2695/3595/2783 2694/3603/2782 2714/3616/2802 2715/3604/2803
f 2696/3589/2784 2695/3595/2783 2715/3604/2803 2716/3596/2804
f 2677/3586/2765 2696/3589/2784 2716/3596/2804 2697/3590/2785
f 2698/3591/2786 2697/3590/2785 2717/3597/2805 2718/3598/2806
f 2699/3599/2787 2698/3591/2786 2718/3598/2806 2719/3608/2807
f 2700/3609/2788 2699/3599/2787 2719/3608/2807 2720/3620/2808
f 2701/3621/2789 2700/3609/2788 2720/3620/2808 2721/3631/2809
f 2702/3632/2790 2701/3621/2789 2721/3631/2809 2722/3646/2810
f 2703/3647/2791 2702/3632/2790 2722/3646/2810 2723/3659/2811
f 2704/3660/2792 2703/3647/2791 2723/3659/2811 2724/3671/2812
f 2705/3672/2793 2704/3660/2792 2724/3671/2812 2725/3685/2813
f 2706/3686/2794 2705/3672/2793 2725/3685/2813 2726/3694/2814
f 2707/3695/2795 2706/3686/2794 2726/3694/2814 2727/3700/2815
f 2708/3689/2796 2707/3695/2795 2727/3700/2815 2728/3696/2816
f 2709/3678/2797 2708/3689/2796 2728/3696/2816 2729/3690/2817
f 2710/3666/2798 2709/3678/2797 2729/3690/2817 2730/3679/2818
f 2711/3654/2799 2710/3666/2798 2730/3679/2818 2731/3667/2819
f 2712/3640/2800 2711/3654/2799 2731/3667/2819 2732/3655/2820
f 2713/3627/2801 2712/3640/2800 2732/3655/2820 2733/3641/2821
f 2714/3616/2802 2713/3627/2801 2733/3641/2821 2734/3628/2822
f 2715/3604/2803 2714/3616/2802 2734/3628/2822 2735/3617/2823
f 2716/3596/2804 2715/3604/2803 2735/3617/2823 2736/3605/2824
f 2697/3590/2785 2716/3596/2804 2736/3605/2824 2717/3597/2805
f 2718/3598/2806 2717/3597/2805 2737/3606/2825 2738/3607/2826
f 2719/3608/2807 2718/3598/2806 2738/3607/2826 2739/3619/2827
f 2720/3620/2808 2719/3608/2807 2739/3619/2827 2740/3630/2828
f 2721/3631/2809 2720/3620/2808 2740/3630/2828 2741/3645/2829
f 2722/3646/2810 2721/3631/2809 2741/3645/2829 2742/3658/2830
f 2723/3659/2811 2722/3646/2810 2742/3658/2830 2743/3670/2831
f 2724/3671/2812 2723/3659/2811 2743/3670/2831 2744/3684/2832
f 2725/3685/2813 2724/3671/2812 2744/3684/2832 2745/3693/2833
f 2726/3694/2814 2725/3685/2813 2745/3693/2833 2746/3699/2834
f 2727/3700/2815 2726/3694/2814 2746/3699/2834 2747/3703/2835
f 2728/3696/2816 2727/3700/2815 2747/3703/2835 2748/3701/2836
f 2729/3690/2817 2728/3696/2816 2748/3701/2836 2749/3697/2837
f 2730/3679/2818 2729/3690/2817 2749/3697/2837 2750/3691/2838
f 2731/3667/2819 2730/3679/2818 2750/3691/2838 2751/3680/2839
f 2732/3655/2820 2731/3667/2819 2751/3680/2839 2752/3668/2840
f 2733/3641/2821 2732/3655/2820 2752/3668/2840 2753/3656/2841
f 2734/3628/2822 2733/3641/2821 2753/3656/2841 2754/3642/2842
f 2735/3617/2823 2734/3628/2822 2754/3642/2842 2755/3629/2843
f 2736/3605/2824 2735/3617/2823 2755/3629/2843 2756/3618/2844
f 2717/3597/2805 2736/3605/2824 2756/3618/2844 2737/3606/2825
f 2738/3290/2826 2737/3291/2825 2757/3281/2845 2758/3280/2846
f 2739/3301/2827 2738/3290/2826 2758/3280/2846 2759/3293/2847
f 2740/3630/2828 2739/3619/2827 2759/3643/2847 2760/3644/2848
f 2741/3645/2829 2740/3630/2828 2760/3644/2848 2761/3657/2849
f 2742/3658/2830 2741/3645/2829 2761/3657/2849 2762/3669/2850
f 2743/3670/2831 2742/3658/2830 2762/3669/2850 2763/3683/2851
f 2744/3340/2832 2743/3349/2831 2763/3341/2851 2764/3330/2852
f 2745/3339/2833 2744/3340/2832 2764/3330/2852 2765/3329/2853
f 2746/3350/2834 2745/3339/2833 2765/3329/2853 2766/3342/2854
f 2747/3357/2835 2746/3350/2834 2766/3342/2854 2767/3351/2855
f 2748/3362/2836 2747/3357/2835 2767/3351/2855 2768/3358/2856
f 2749/3365/2837 2748/3362/2836 2768/3358/2856 2769/3363/2857
f 2750/3691/2838 2749/3697/2837 2769/3702/2857 2770/3698/2858
f 2751/3680/2839 2750/3691/2838 2770/3698/2858 2771/3692/2859
f 2752/3668/2840 2751/3680/2839 2771/3692/2859 2772/3681/2860
f 2753/3656/2841 2752/3668/2840 2772/3681/2860 2773/3682/2861
f 2754/3313/2842 2753/3316/2841 2773/3314/2861 2774/3309/2862
f 2755/3308/2843 2754/3313/2842 2774/3309/2862 2775/3302/2863
f 2756/3300/2844 2755/3308/2843 2775/3302/2863 2776/3292/2864
f 2737/3291/2825 2756/3300/2844 2776/3292/2864 2757/3281/2845
f 2758/3280/2846 2757/3281/2845 2777/3273/2865 2778/3272/2866
f 2759/3293/2847 2758/3280/2846 2778/3272/2866 2779/3283/2867
f 2760/3714/2848 2759/3715/2847 2779/3709/2867 2780/3708/2868
f 2761/3720/2849 2760/3714/2848 2780/3708/2868 2781/3716/2869
f 2762/3725/2850 2761/3720/2849 2781/3716/2869 2782/3721/2870
f 2763/3728/2851 2762/3725/2850 2782/3721/2870 2783/3726/2871
f 2764/3330/2852 2763/3341/2851 2783/3331/2871 2784/3322/2872
f 2765/3329/2853 2764/3330/2852 2784/3322/2872 2785/3321/2873
f 2766/3342/2854 2765/3329/2853 2785/3321/2873 2786/3332/2874
f 2767/3351/2855 2766/3342/2854 2786/3332/2874 2787/3343/2875
f 2768/3358/2856 2767/3351/2855 2787/3343/2875 2788/3352/2876
f 2769/3363/2857 2768/3358/2856 2788/3352/2876 2789/3359/2877
f 2770/3739/2858 2769/3740/2857 2789/3734/2877 2790/3733/2878
f 2771/3745/2859 2770/3739/2858 2790/3733/2878 2791/3741/2879
f 2772/3750/2860 2771/3745/2859 2791/3741/2879 2792/3746/2880
f 2773/3753/2861 2772/3750/2860 2792/3746/2880 2793/3751/2881
f 2774/3309/2862 2773/3314/2861 2793/3310/2881 2794/3303/2882
f 2775/3302/2863 2774/3309/2862 2794/3303/2882 2795/3294/2883
f 2776/3292/2864 2775/3302/2863 2795/3294/2883 2796/3282/2884
f 2757/3281/2845 2776/3292/2864 2796/3282/2884 2777/3273/2865
f 2778/3272/2866 2777/3273/2865 2397/3269/2486 2398/3268/2485
f 2779/3283/2867 2778/3272/2866 2398/3268/2485 2399/3278/2489
f 2780/3708/2868 2779/3709/2867 2399/3705/2489 2400/3704/2491
f 2781/3716/2869 2780/3708/2868 2400/3704/2491 2401/3712/2493
f 2782/3721/2870 2781/3716/2869 2401/3712/2493 2402/3718/2495
f 2783/3726/2871 2782/3721/2870 2402/3718/2495 2403/3723/2497
f 2784/3322/2872 2783/3331/2871 2403/3323/2497 2404/3318/2499
f 2785/3321/2873 2784/3322/2872 2404/3318/2499 2405/3317/2501
f 2786/3332/2874 2785/3321/2873 2405/3317/2501 2406/3327/2503
f 2787/3343/2875 2786/3332/2874 2406/3327/2503 2407/3337/2505
f 2788/3352/2876 2787/3343/2875 2407/3337/2505 2408/3347/2507
f 2789/3359/2877 2788/3352/2876 2408/3347/2507 2409/3355/2509
f 2790/3733/2878 2789/3734/2877 2409/3730/2509 2410/3729/2511
f 2791/3741/2879 2790/3733/2878 2410/3729/2511 2411/3737/2513
f 2792/3746/2880 2791/3741/2879 2411/3737/2513 2412/3743/2515
f 2793/3751/2881 2792/3746/2880 2412/3743/2515 2413/3748/2517
f 2794/3303/2882 2793/3310/2881 2413/3304/2517 2414/3295/2519
f 2795/3294/2883 2794/3303/2882 2414/3295/2519 2415/3284/2521
f 2796/3282/2884 2795/3294/2883 2415/3284/2521 2416/3274/2523
f 2777/3273/2865 2796/3282/2884 2416/3274/2523 2397/3269/2486
g default
v 3.609862 -0.000000 -0.017261
v 3.601928 -0.000000 -0.032833
v 3.589570 -0.000000 -0.045190
v 3.573999 -0.000000 -0.053125
v 3.425723 -0.000000 -0.053241
v 3.277447 -0.000000 -0.053125
v 3.261875 -0.000000 -0.045190
v 3.249518 -0.000000 -0.032833
v 3.241583 -0.000000 -0.017261
v 3.238850 -0.000000 -0.000000
v 3.241583 -0.000000 0.017261
v 3.249518 -0.000000 0.032832
v 3.261875 -0.000000 0.045190
v 3.277446 -0.000000 0.053124
v 3.425723 -0.000000 0.053241
v 3.573999 -0.000000 0.053124
v 3.589570 -0.000000 0.045190
v 3.601928 -0.000000 0.032832
v 3.609862 -0.000000 0.017261
v 3.612596 -0.000000 -0.000000
v 3.612462 0.017261 -0.018106
v 3.604139 0.017261 -0.034440
v 3.591177 0.017261 -0.047402
v 3.574843 0.017261 -0.055725
v 3.425723 0.017013 -0.055847
v 3.276602 0.017261 -0.055725
v 3.260268 0.017261 -0.047402
v 3.247306 0.017261 -0.034440
v 3.238983 0.017261 -0.018106
v 3.236116 0.017261 -0.000000
v 3.238983 0.017261 0.018106
v 3.247306 0.017261 0.034439
v 3.260268 0.017261 0.047402
v 3.276602 0.017261 0.055724
v 3.425723 0.017013 0.055847
v 3.574843 0.017261 0.055724
v 3.591177 0.017261 0.047402
v 3.604139 0.017261 0.034439
v 3.612462 0.017261 0.018106
v 3.615329 0.017261 -0.000000
v 3.620007 0.032833 -0.020558
v 3.610558 0.032833 -0.039103
v 3.595840 0.032833 -0.053821
v 3.577295 0.032833 -0.063270
v 3.425723 0.032361 -0.063410
v 3.274150 0.032833 -0.063270
v 3.255605 0.032833 -0.053821
v 3.240887 0.032833 -0.039103
v 3.231438 0.032833 -0.020558
v 3.228182 0.032833 -0.000000
v 3.231438 0.032833 0.020557
v 3.240887 0.032833 0.039103
v 3.255605 0.032833 0.053820
v 3.274150 0.032833 0.063270
v 3.425723 0.032361 0.063409
v 3.577295 0.032833 0.063270
v 3.595840 0.032833 0.053820
v 3.610558 0.032833 0.039103
v 3.620007 0.032833 0.020557
v 3.623263 0.032833 -0.000000
v 3.631760 0.045190 -0.024377
v 3.620556 0.045190 -0.046367
v 3.603104 0.045190 -0.063819
v 3.581114 0.045190 -0.075023
v 3.425723 0.044541 -0.075188
v 3.270331 0.045190 -0.075023
v 3.248341 0.045190 -0.063819
v 3.230889 0.045190 -0.046367
v 3.219685 0.045190 -0.024377
v 3.215824 0.045190 -0.000000
v 3.219685 0.045190 0.024376
v 3.230889 0.045190 0.046367
v 3.248341 0.045190 0.063818
v 3.270331 0.045190 0.075022
v 3.425723 0.044541 0.075188
v 3.581114 0.045190 0.075022
v 3.603104 0.045190 0.063818
v 3.620556 0.045190 0.046367
v 3.631760 0.045190 0.024376
v 3.635621 0.045190 -0.000000
v 3.646570 0.053124 -0.029189
v 3.633153 0.053124 -0.055520
v 3.612257 0.053124 -0.076416
v 3.585926 0.053124 -0.089833
v 3.425723 0.052361 -0.090030
v 3.265519 0.053124 -0.089833
v 3.239189 0.053124 -0.076416
v 3.218292 0.053124 -0.055520
v 3.204875 0.053124 -0.029189
v 3.200252 0.053124 -0.000000
v 3.204875 0.053124 0.029188
v 3.218292 0.053124 0.055519
v 3.239189 0.053124 0.076416
v 3.265520 0.053124 0.089832
v 3.425723 0.052361 0.090030
v 3.585926 0.053124 0.089832
v 3.612257 0.053124 0.076416
v 3.633153 0.053124 0.055519
v 3.646570 0.053124 0.029188
v 3.651193 0.053124 -0.000000
v 3.662986 0.055858 -0.034523
v 3.647118 0.055858 -0.065665
v 3.622403 0.055858 -0.090380
v 3.591260 0.055858 -0.106249
v 3.425723 0.055056 -0.106483
v 3.260185 0.055858 -0.106249
v 3.229042 0.055858 -0.090380
v 3.204328 0.055858 -0.065665
v 3.188459 0.055858 -0.034523
v 3.182991 0.055858 -0.000000
v 3.188459 0.055858 0.034522
v 3.204328 0.055858 0.065665
v 3.229042 0.055858 0.090380
v 3.260185 0.055858 0.106249
v 3.425723 0.055056 0.106482
v 3.591260 0.055858 0.106249
v 3.622403 0.055858 0.090380
v 3.647118 0.055858 0.065665
v 3.662986 0.055858 0.034522
v 3.668454 0.055858 -0.000000
v 3.679402 0.053124 -0.039856
v 3.661082 0.053124 -0.075811
v 3.632549 0.053124 -0.104345
v 3.596594 0.053124 -0.122665
v 3.425723 0.052361 -0.122935
v 3.254852 0.053124 -0.122665
v 3.218897 0.053124 -0.104345
v 3.190363 0.053124 -0.075811
v 3.172043 0.053124 -0.039856
v 3.165731 0.053124 -0.000000
v 3.172043 0.053124 0.039856
v 3.190363 0.053124 0.075811
v 3.218897 0.053124 0.104345
v 3.254852 0.053124 0.122665
v 3.425723 0.052361 0.122935
v 3.596594 0.053124 0.122665
v 3.632549 0.053124 0.104345
v 3.661082 0.053124 0.075811
v 3.679402 0.053124 0.039856
v 3.685714 0.053124 -0.000000
v 3.694211 0.045190 -0.044668
v 3.673680 0.045190 -0.084964
v 3.641701 0.045190 -0.116943
v 3.601406 0.045190 -0.137474
v 3.425723 0.044541 -0.137778
v 3.250039 0.045190 -0.137474
v 3.209744 0.045190 -0.116942
v 3.177766 0.045190 -0.084964
v 3.157234 0.045190 -0.044668
v 3.150159 0.045190 -0.000000
v 3.157234 0.045190 0.044668
v 3.177766 0.045190 0.084963
v 3.209744 0.045190 0.116942
v 3.250039 0.045190 0.137474
v 3.425723 0.044541 0.137777
v 3.601406 0.045190 0.137474
v 3.641701 0.045190 0.116942
v 3.673680 0.045190 0.084963
v 3.694211 0.045190 0.044668
v 3.701286 0.045190 -0.000000
v 3.705964 0.032833 -0.048487
v 3.683678 0.032833 -0.092228
v 3.648965 0.032833 -0.126940
v 3.605224 0.032833 -0.149228
v 3.425723 0.032361 -0.149556
v 3.246221 0.032833 -0.149228
v 3.202480 0.032833 -0.126940
v 3.167767 0.032833 -0.092228
v 3.145481 0.032833 -0.048487
v 3.137801 0.032833 -0.000000
v 3.145481 0.032833 0.048486
v 3.167767 0.032833 0.092227
v 3.202480 0.032833 0.126940
v 3.246221 0.032833 0.149227
v 3.425723 0.032361 0.149556
v 3.605224 0.032833 0.149227
v 3.648965 0.032833 0.126940
v 3.683678 0.032833 0.092227
v 3.705964 0.032833 0.048486
v 3.713644 0.032833 -0.000000
v 3.713510 0.017261 -0.050939
v 3.690096 0.017261 -0.096891
v 3.653628 0.017261 -0.133359
v 3.607676 0.017261 -0.156774
v 3.425723 0.017013 -0.157117
v 3.243769 0.017261 -0.156774
v 3.197817 0.017261 -0.133359
v 3.161349 0.017261 -0.096891
v 3.137935 0.017261 -0.050939
v 3.129868 0.017261 -0.000000
v 3.137935 0.017261 0.050938
v 3.161349 0.017261 0.096890
v 3.197817 0.017261 0.133359
v 3.243769 0.017261 0.156773
v 3.425723 0.017013 0.157117
v 3.607676 0.017261 0.156773
v 3.653628 0.017261 0.133359
v 3.690096 0.017261 0.096890
v 3.713510 0.017261 0.050938
v 3.721577 0.017261 -0.000000
v 3.716110 -0.000000 -0.051783
v 3.692308 -0.000000 -0.098498
v 3.655235 -0.000000 -0.135571
v 3.608521 -0.000000 -0.159374
v 3.425723 -0.000000 -0.159724
v 3.242924 -0.000000 -0.159374
v 3.196210 -0.000000 -0.135571
v 3.159137 -0.000000 -0.098498
v 3.135335 -0.000000 -0.051783
v 3.127133 -0.000000 -0.000000
v 3.135335 -0.000000 0.051783
v 3.159137 -0.000000 0.098497
v 3.196210 -0.000000 0.135571
v 3.242924 -0.000000 0.159373
v 3.425723 -0.000000 0.159724
v 3.608521 -0.000000 0.159373
v 3.655235 -0.000000 0.135571
v 3.692308 -0.000000 0.098497
v 3.716110 -0.000000 0.051783
v 3.724312 -0.000000 -0.000000
v 3.713510 -0.017261 -0.050939
v 3.690096 -0.017261 -0.096891
v 3.653628 -0.017261 -0.133359
v 3.607676 -0.017261 -0.156774
v 3.425723 -0.017013 -0.157117
v 3.243769 -0.017261 -0.156774
v 3.197817 -0.017261 -0.133359
v 3.161349 -0.017261 -0.096891
v 3.137935 -0.017261 -0.050939
v 3.129868 -0.017261 -0.000000
v 3.137935 -0.017261 0.050938
v 3.161349 -0.017261 0.096890
v 3.197817 -0.017261 0.133359
v 3.243769 -0.017261 0.156773
v 3.425723 -0.017013 0.157117
v 3.607676 -0.017261 0.156773
v 3.653628 -0.017261 0.133359
v 3.690096 -0.017261 0.096890
v 3.713510 -0.017261 0.050938
v 3.721577 -0.017261 -0.000000
v 3.705964 -0.032833 -0.048487
v 3.683678 -0.032833 -0.092228
v 3.648965 -0.032833 -0.126940
v 3.605224 -0.032833 -0.149228
v 3.425723 -0.032361 -0.149556
v 3.246221 -0.032833 -0.149228
v 3.202480 -0.032833 -0.126940
v 3.167767 -0.032833 -0.092228
v 3.145481 -0.032833 -0.048487
v 3.137801 -0.032833 -0.000000
v 3.145481 -0.032833 0.048486
v 3.167767 -0.032833 0.092227
v 3.202480 -0.032833 0.126940
v 3.246221 -0.032833 0.149227
v 3.425723 -0.032361 0.149556
v 3.605224 -0.032833 0.149227
v 3.648965 -0.032833 0.126940
v 3.683678 -0.032833 0.092227
v 3.705964 -0.032833 0.048486
v 3.713644 -0.032833 -0.000000
v 3.694211 -0.045190 -0.044668
v 3.673680 -0.045190 -0.084964
v 3.641701 -0.045190 -0.116943
v 3.601406 -0.045190 -0.137474
v 3.425723 -0.044541 -0.137778
v 3.250039 -0.045190 -0.137474
v 3.209744 -0.045190 -0.116943
v 3.177766 -0.045190 -0.084964
v 3.157234 -0.045190 -0.044668
v 3.150159 -0.045190 -0.000000
v 3.157234 -0.045190 0.044668
v 3.177766 -0.045190 0.084963
v 3.209744 -0.045190 0.116942
v 3.250039 -0.045190 0.137474
v 3.425723 -0.044541 0.137777
v 3.601406 -0.045190 0.137474
v 3.641701 -0.045190 0.116942
v 3.673680 -0.045190 0.084963
v 3.694211 -0.045190 0.044668
v 3.701286 -0.045190 -0.000000
v 3.679402 -0.053125 -0.039856
v 3.661082 -0.053125 -0.075811
v 3.632549 -0.053125 -0.104345
v 3.596594 -0.053125 -0.122665
v 3.425723 -0.052361 -0.122935
v 3.254852 -0.053125 -0.122665
v 3.218897 -0.053125 -0.104345
v 3.190363 -0.053125 -0.075811
v 3.172043 -0.053125 -0.039856
v 3.165731 -0.053125 -0.000000
v 3.172043 -0.053125 0.039856
v 3.190363 -0.053125 0.075811
v 3.218897 -0.053125 0.104345
v 3.254852 -0.053125 0.122665
v 3.425723 -0.052361 0.122935
v 3.596594 -0.053125 0.122665
v 3.632549 -0.053125 0.104345
v 3.661082 -0.053125 0.075811
v 3.679402 -0.053125 0.039856
v 3.685714 -0.053125 -0.000000
v 3.662986 -0.055858 -0.034523
v 3.647118 -0.055858 -0.065665
v 3.622403 -0.055858 -0.090380
v 3.591260 -0.055858 -0.106249
v 3.425723 -0.055056 -0.106483
v 3.260185 -0.055858 -0.106249
v 3.229042 -0.055858 -0.090380
v 3.204328 -0.055858 -0.065665
v 3.188459 -0.055858 -0.034523
v 3.182991 -0.055858 -0.000000
v 3.188459 -0.055858 0.034522
v 3.204328 -0.055858 0.065665
v 3.229042 -0.055858 0.090380
v 3.260185 -0.055858 0.106249
v 3.425723 -0.055056 0.106482
v 3.591260 -0.055858 0.106249
v 3.622403 -0.055858 0.090380
v 3.647118 -0.055858 0.065665
v 3.662986 -0.055858 0.034522
v 3.668454 -0.055858 -0.000000
v 3.646570 -0.053125 -0.029189
v 3.633153 -0.053125 -0.055520
v 3.612257 -0.053125 -0.076416
v 3.585926 -0.053125 -0.089833
v 3.425723 -0.052361 -0.090030
v 3.265520 -0.053125 -0.089833
v 3.239189 -0.053125 -0.076416
v 3.218292 -0.053125 -0.055520
v 3.204875 -0.053125 -0.029189
v 3.200252 -0.053125 -0.000000
v 3.204875 -0.053125 0.029188
v 3.218292 -0.053125 0.055519
v 3.239189 -0.053125 0.076415
v 3.265520 -0.053125 0.089832
v 3.425723 -0.052361 0.090030
v 3.585926 -0.053125 0.089832
v 3.612257 -0.053125 0.076415
v 3.633153 -0.053125 0.055519
v 3.646570 -0.053125 0.029188
v 3.651193 -0.053125 -0.000000
v 3.631760 -0.045190 -0.024377
v 3.620556 -0.045190 -0.046367
v 3.603104 -0.045190 -0.063819
v 3.581114 -0.045190 -0.075023
v 3.425723 -0.044541 -0.075188
v 3.270331 -0.045190 -0.075023
v 3.248341 -0.045190 -0.063819
v 3.230889 -0.045190 -0.046367
v 3.219685 -0.045190 -0.024377
v 3.215824 -0.045190 -0.000000
v 3.219685 -0.045190 0.024376
v 3.230889 -0.045190 0.046367
v 3.248341 -0.045190 0.063818
v 3.270331 -0.045190 0.075022
v 3.425723 -0.044541 0.075188
v 3.581114 -0.045190 0.075022
v 3.603104 -0.045190 0.063818
v 3.620556 -0.045190 0.046367
v 3.631760 -0.045190 0.024376
v 3.635621 -0.045190 -0.000000
v 3.620007 -0.032833 -0.020558
v 3.610558 -0.032833 -0.039103
v 3.595840 -0.032833 -0.053821
v 3.577295 -0.032833 -0.063270
v 3.425723 -0.032361 -0.063410
v 3.274150 -0.032833 -0.063270
v 3.255605 -0.032833 -0.053821
v 3.240887 -0.032833 -0.039103
v 3.231438 -0.032833 -0.020558
v 3.228182 -0.032833 -0.000000
v 3.231438 -0.032833 0.020557
v 3.240887 -0.032833 0.039103
v 3.255605 -0.032833 0.053820
v 3.274150 -0.032833 0.063270
v 3.425723 -0.032361 0.063409
v 3.577295 -0.032833 0.063270
v 3.595840 -0.032833 0.053820
v 3.610558 -0.032833 0.039103
v 3.620007 -0.032833 0.020557
v 3.623263 -0.032833 -0.000000
v 3.612462 -0.017261 -0.018106
v 3.604139 -0.017261 -0.034440
v 3.591177 -0.017261 -0.047402
v 3.574843 -0.017261 -0.055724
v 3.425723 -0.017013 -0.055847
v 3.276602 -0.017261 -0.055724
v 3.260268 -0.017261 -0.047402
v 3.247306 -0.017261 -0.034440
v 3.238983 -0.017261 -0.018106
v 3.236116 -0.017261 -0.000000
v 3.238983 -0.017261 0.018106
v 3.247306 -0.017261 0.034439
v 3.260268 -0.017261 0.047402
v 3.276602 -0.017261 0.055724
v 3.425723 -0.017013 0.055847
v 3.574843 -0.017261 0.055724
v 3.591177 -0.017261 0.047402
v 3.604139 -0.017261 0.034439
v 3.612462 -0.017261 0.018106
v 3.615329 -0.017261 -0.000000
vt 0.523405 0.787477
vt 0.523405 0.768690
vt 0.544231 0.769709
vt 0.544231 0.789416
vt 0.502579 0.789416
vt 0.502579 0.769709
vt 0.523405 0.747863
vt 0.544231 0.747863
vt 0.563019 0.772667
vt 0.563019 0.795043
vt 0.523405 0.802387
vt 0.544231 0.805056
vt 0.483791 0.795043
vt 0.483791 0.772667
vt 0.502579 0.747863
vt 0.502579 0.805056
vt 0.523405 0.727037
vt 0.544231 0.726018
vt 0.563019 0.747863
vt 0.577929 0.777275
vt 0.577929 0.803807
vt 0.563019 0.812800
vt 0.468881 0.803807
vt 0.468881 0.777275
vt 0.483791 0.747863
vt 0.483791 0.812800
vt 0.502579 0.726018
vt 0.523405 0.708250
vt 0.544231 0.706311
vt 0.563019 0.723060
vt 0.577929 0.747863
vt 0.577929 0.824863
vt 0.468881 0.747863
vt 0.468881 0.824863
vt 0.483791 0.723060
vt 0.502579 0.706311
vt 0.523405 0.693340
vt 0.544231 0.690671
vt 0.563019 0.700684
vt 0.577929 0.718452
vt 0.468881 0.718452
vt 0.483791 0.700684
vt 0.502579 0.690671
vt 0.563019 0.682927
vt 0.577929 0.691920
vt 0.468881 0.691920
vt 0.483791 0.682927
vt 0.577929 0.670864
vt 0.468881 0.670864
vt 0.408342 0.727037
vt 0.408342 0.708250
vt 0.429168 0.706311
vt 0.429168 0.726018
vt 0.387516 0.726018
vt 0.387516 0.706311
vt 0.408342 0.693340
vt 0.429168 0.690671
vt 0.447956 0.700684
vt 0.447956 0.723060
vt 0.408342 0.747864
vt 0.429168 0.747864
vt 0.368728 0.723060
vt 0.368728 0.700684
vt 0.387516 0.690671
vt 0.387516 0.747864
vt 0.447956 0.682927
vt 0.462866 0.691920
vt 0.462866 0.718452
vt 0.447956 0.747864
vt 0.408342 0.768690
vt 0.429168 0.769709
vt 0.353818 0.718452
vt 0.353818 0.691920
vt 0.368728 0.682927
vt 0.368728 0.747864
vt 0.387516 0.769709
vt 0.462866 0.670864
vt 0.462866 0.747864
vt 0.447956 0.772667
vt 0.408342 0.787477
vt 0.429168 0.789416
vt 0.353818 0.670864
vt 0.353818 0.747864
vt 0.368728 0.772667
vt 0.387516 0.789416
vt 0.462866 0.777275
vt 0.447956 0.795043
vt 0.408342 0.802387
vt 0.429168 0.805056
vt 0.353818 0.777275
vt 0.368728 0.795043
vt 0.387516 0.805056
vt 0.462866 0.803807
vt 0.447956 0.812800
vt 0.353818 0.803807
vt 0.368728 0.812800
vt 0.462866 0.824863
vt 0.353818 0.824863
vt 0.793145 0.723159
vt 0.793145 0.775935
vt 0.774357 0.772977
vt 0.774357 0.717533
vt 0.808054 0.731924
vt 0.808054 0.780542
vt 0.793145 0.834436
vt 0.774357 0.834436
vt 0.753531 0.771957
vt 0.753531 0.715595
vt 0.793145 0.681277
vt 0.774357 0.673533
vt 0.808054 0.834436
vt 0.808054 0.693340
vt 0.793145 0.892937
vt 0.774357 0.895895
vt 0.753531 0.834436
vt 0.732704 0.772977
vt 0.732704 0.717533
vt 0.753531 0.670864
vt 0.808054 0.888330
vt 0.793145 0.945712
vt 0.774357 0.951339
vt 0.753531 0.896915
vt 0.732704 0.834436
vt 0.713917 0.775935
vt 0.713917 0.723159
vt 0.732704 0.673533
vt 0.808054 0.936948
vt 0.793145 0.987595
vt 0.774357 0.995339
vt 0.753531 0.953277
vt 0.732704 0.895895
vt 0.713917 0.834436
vt 0.699007 0.780542
vt 0.699007 0.731924
vt 0.713917 0.681277
vt 0.808054 0.975532
vt 0.753531 0.998008
vt 0.732704 0.951339
vt 0.713917 0.892937
vt 0.699007 0.834436
vt 0.699007 0.693340
vt 0.732704 0.995339
vt 0.713917 0.945712
vt 0.699007 0.888330
vt 0.713917 0.987595
vt 0.699007 0.936948
vt 0.699007 0.975532
vt 0.678082 0.892937
vt 0.678082 0.945712
vt 0.659294 0.951339
vt 0.659294 0.895895
vt 0.692991 0.888330
vt 0.692991 0.936948
vt 0.678082 0.987595
vt 0.659294 0.995339
vt 0.638468 0.953277
vt 0.638468 0.896915
vt 0.678082 0.834436
vt 0.659294 0.834436
vt 0.692991 0.975532
vt 0.692991 0.834436
vt 0.638468 0.998008
vt 0.617641 0.951339
vt 0.617641 0.895895
vt 0.638468 0.834436
vt 0.678082 0.775935
vt 0.659294 0.772977
vt 0.692991 0.780542
vt 0.617641 0.995339
vt 0.598854 0.945712
vt 0.598854 0.892937
vt 0.617641 0.834436
vt 0.638468 0.771957
vt 0.678082 0.723159
vt 0.659294 0.717533
vt 0.692991 0.731924
vt 0.598854 0.987595
vt 0.583944 0.936948
vt 0.583944 0.888330
vt 0.598854 0.834436
vt 0.617641 0.772977
vt 0.638468 0.715595
vt 0.678082 0.681277
vt 0.659294 0.673533
vt 0.692991 0.693340
vt 0.583944 0.975532
vt 0.583944 0.834436
vt 0.598854 0.775935
vt 0.617641 0.717533
vt 0.638468 0.670864
vt 0.583944 0.780542
vt 0.598854 0.723159
vt 0.617641 0.673533
vt 0.583944 0.731924
vt 0.598854 0.681277
vt 0.583944 0.693340
vt 0.238342 0.099397
vt 0.211810 0.085878
vt 0.217616 0.068010
vt 0.249385 0.084198
vt 0.182399 0.081220
vt 0.182399 0.062432
vt 0.224051 0.048203
vt 0.261627 0.067349
vt 0.259398 0.120453
vt 0.274597 0.109410
vt 0.152988 0.085878
vt 0.147182 0.068010
vt 0.182399 0.041606
vt 0.230487 0.028396
vt 0.273868 0.050500
vt 0.291446 0.097168
vt 0.272917 0.146985
vt 0.290785 0.141179
vt 0.126455 0.099397
vt 0.115412 0.084198
vt 0.140746 0.048203
vt 0.182399 0.020780
vt 0.236292 0.010528
vt 0.284911 0.035301
vt 0.308295 0.084927
vt 0.310592 0.134744
vt 0.258736 0.151593
vt 0.247336 0.129217
vt 0.273116 0.334471
vt 0.291023 0.334471
vt 0.105399 0.120453
vt 0.090200 0.109410
vt 0.103171 0.067349
vt 0.134310 0.028397
vt 0.182399 0.001992
vt 0.323494 0.073884
vt 0.330399 0.128308
vt 0.310874 0.334471
vt 0.258905 0.334471
vt 0.272917 0.521957
vt 0.290785 0.527763
vt 0.091881 0.146985
vt 0.074012 0.141180
vt 0.073351 0.097168
vt 0.090930 0.050500
vt 0.128505 0.010528
vt 0.348267 0.122502
vt 0.330725 0.334471
vt 0.310592 0.534199
vt 0.258736 0.517350
vt 0.259398 0.548489
vt 0.274597 0.559532
vt 0.117462 0.129217
vt 0.106061 0.151593
vt 0.091681 0.334471
vt 0.073774 0.334471
vt 0.054205 0.134744
vt 0.056502 0.084927
vt 0.079887 0.035301
vt 0.335557 0.065120
vt 0.362448 0.117895
vt 0.348633 0.334471
vt 0.330399 0.540634
vt 0.291446 0.571774
vt 0.247336 0.539726
vt 0.238342 0.569546
vt 0.249385 0.584745
vt 0.105892 0.334471
vt 0.091881 0.521957
vt 0.074012 0.527763
vt 0.053923 0.334471
vt 0.034398 0.128308
vt 0.041303 0.073884
vt 0.362844 0.334471
vt 0.348267 0.546440
vt 0.308295 0.584015
vt 0.261627 0.601594
vt 0.211810 0.583064
vt 0.217616 0.600933
vt 0.106061 0.517350
vt 0.105399 0.548489
vt 0.090200 0.559532
vt 0.054205 0.534199
vt 0.034072 0.334471
vt 0.016531 0.122502
vt 0.362448 0.551048
vt 0.323494 0.595058
vt 0.273868 0.618443
vt 0.224051 0.620739
vt 0.182399 0.587722
vt 0.182399 0.606511
vt 0.117462 0.539726
vt 0.126455 0.569546
vt 0.115412 0.584745
vt 0.073351 0.571774
vt 0.034398 0.540634
vt 0.016164 0.334471
vt 0.002350 0.117895
vt 0.029240 0.065120
vt 0.335557 0.603823
vt 0.284911 0.633642
vt 0.230487 0.640546
vt 0.182399 0.627337
vt 0.152988 0.583064
vt 0.147182 0.600933
vt 0.103171 0.601593
vt 0.056502 0.584016
vt 0.016531 0.546440
vt 0.001953 0.334471
vt 0.236292 0.658414
vt 0.182399 0.648162
vt 0.140746 0.620739
vt 0.090930 0.618443
vt 0.041303 0.595058
vt 0.002350 0.551048
vt 0.182399 0.666950
vt 0.134310 0.640546
vt 0.079887 0.633642
vt 0.029240 0.603823
vt 0.128505 0.658414
vt 0.446978 0.035301
vt 0.495596 0.010528
vt 0.501401 0.028396
vt 0.458021 0.050500
vt 0.549490 0.001992
vt 0.549490 0.020780
vt 0.507837 0.048203
vt 0.470262 0.067349
vt 0.408394 0.073884
vt 0.423593 0.084927
vt 0.603383 0.010528
vt 0.597578 0.028397
vt 0.549490 0.041606
vt 0.514273 0.068010
vt 0.482503 0.084198
vt 0.440443 0.097168
vt 0.383622 0.122502
vt 0.401489 0.128308
vt 0.652002 0.035301
vt 0.640959 0.050500
vt 0.591142 0.048203
vt 0.549490 0.062432
vt 0.520079 0.085878
vt 0.493546 0.099397
vt 0.457291 0.109410
vt 0.421296 0.134744
vt 0.369441 0.117895
vt 0.396331 0.065120
vt 0.383256 0.334471
vt 0.401164 0.334471
vt 0.690585 0.073884
vt 0.675386 0.084927
vt 0.628718 0.067349
vt 0.584707 0.068010
vt 0.549490 0.081220
vt 0.472490 0.120453
vt 0.441103 0.141180
vt 0.421014 0.334471
vt 0.369044 0.334471
vt 0.383622 0.546440
vt 0.401489 0.540634
vt 0.715358 0.122502
vt 0.697490 0.128308
vt 0.658537 0.097168
vt 0.616476 0.084198
vt 0.578901 0.085878
vt 0.458972 0.146985
vt 0.440865 0.334471
vt 0.421296 0.534199
vt 0.369441 0.551048
vt 0.408394 0.595058
vt 0.423593 0.584015
vt 0.702648 0.065120
vt 0.729539 0.117895
vt 0.715724 0.334471
vt 0.697816 0.334471
vt 0.677683 0.134744
vt 0.641689 0.109410
vt 0.605433 0.099397
vt 0.484553 0.129217
vt 0.473152 0.151592
vt 0.458772 0.334471
vt 0.441103 0.527763
vt 0.440442 0.571774
vt 0.396331 0.603823
vt 0.446978 0.633642
vt 0.458021 0.618443
vt 0.729935 0.334471
vt 0.715358 0.546440
vt 0.697490 0.540634
vt 0.677965 0.334471
vt 0.657876 0.141180
vt 0.626489 0.120453
vt 0.472984 0.334471
vt 0.458972 0.521957
vt 0.457291 0.559532
vt 0.470262 0.601594
vt 0.495596 0.658414
vt 0.501402 0.640546
vt 0.729539 0.551048
vt 0.690585 0.595058
vt 0.675386 0.584016
vt 0.677683 0.534199
vt 0.658115 0.334471
vt 0.640008 0.146985
vt 0.473152 0.517350
vt 0.472490 0.548489
vt 0.482503 0.584745
vt 0.507837 0.620739
vt 0.549490 0.666950
vt 0.549490 0.648162
vt 0.702648 0.603823
vt 0.652002 0.633642
vt 0.640959 0.618443
vt 0.658537 0.571774
vt 0.657876 0.527763
vt 0.640207 0.334471
vt 0.625828 0.151592
vt 0.614427 0.129217
vt 0.484553 0.539726
vt 0.493546 0.569546
vt 0.514273 0.600933
vt 0.549490 0.627337
vt 0.603383 0.658414
vt 0.597578 0.640546
vt 0.628718 0.601593
vt 0.641689 0.559532
vt 0.640008 0.521957
vt 0.625996 0.334471
vt 0.520079 0.583064
vt 0.549490 0.606511
vt 0.591142 0.620739
vt 0.616476 0.584745
vt 0.626489 0.548489
vt 0.625828 0.517350
vt 0.549490 0.587722
vt 0.584707 0.600933
vt 0.605433 0.569546
vt 0.614427 0.539726
vt 0.578901 0.583064
vt 0.938928 0.586091
vt 0.938928 0.567304
vt 0.959754 0.565365
vt 0.959754 0.585072
vt 0.918101 0.585072
vt 0.918101 0.565365
vt 0.978541 0.559738
vt 0.978541 0.582114
vt 0.938928 0.764993
vt 0.959455 0.764992
vt 0.899314 0.582114
vt 0.899314 0.559738
vt 0.918400 0.764993
vt 0.977972 0.764992
vt 0.938928 0.943894
vt 0.959754 0.944913
vt 0.899883 0.764992
vt 0.918101 0.944913
vt 0.978541 0.947871
vt 0.938928 0.962681
vt 0.959754 0.964620
vt 0.899314 0.947871
vt 0.918101 0.964620
vt 0.978541 0.970247
vt 0.899314 0.970247
vt 0.853684 0.943894
vt 0.853684 0.962681
vt 0.832857 0.964620
vt 0.832857 0.944913
vt 0.874510 0.944913
vt 0.874510 0.964620
vt 0.814070 0.970247
vt 0.814070 0.947871
vt 0.853684 0.764993
vt 0.833157 0.764993
vt 0.893298 0.947871
vt 0.893298 0.970247
vt 0.874211 0.764993
vt 0.814639 0.764993
vt 0.853684 0.586091
vt 0.832857 0.585072
vt 0.892729 0.764993
vt 0.874510 0.585072
vt 0.814070 0.582114
vt 0.853684 0.567304
vt 0.832857 0.565365
vt 0.893298 0.582114
vt 0.874510 0.565365
vt 0.814070 0.559738
vt 0.893298 0.559738
vt 0.737855 0.062332
vt 0.737855 0.009557
vt 0.756643 0.003931
vt 0.756643 0.059374
vt 0.777469 0.001992
vt 0.777469 0.058355
vt 0.738424 0.278908
vt 0.756942 0.278908
vt 0.798295 0.003931
vt 0.798295 0.059374
vt 0.777469 0.278908
vt 0.737855 0.495485
vt 0.756643 0.498443
vt 0.817083 0.009557
vt 0.817083 0.062332
vt 0.797996 0.278908
vt 0.777469 0.499462
vt 0.737855 0.548260
vt 0.756643 0.553886
vt 0.816514 0.278908
vt 0.798295 0.498443
vt 0.777469 0.555825
vt 0.817083 0.495485
vt 0.798295 0.553886
vt 0.817083 0.548260
vt 0.903075 0.495485
vt 0.903075 0.548260
vt 0.884288 0.553886
vt 0.884288 0.498443
vt 0.863461 0.555825
vt 0.863461 0.499462
vt 0.902506 0.278908
vt 0.883988 0.278908
vt 0.842635 0.553886
vt 0.842635 0.498443
vt 0.863461 0.278908
vt 0.903075 0.062332
vt 0.884288 0.059374
vt 0.823847 0.548260
vt 0.823847 0.495485
vt 0.842934 0.278908
vt 0.863461 0.058355
vt 0.903075 0.009557
vt 0.884288 0.003931
vt 0.824416 0.278908
vt 0.842635 0.059374
vt 0.863461 0.001992
vt 0.823847 0.062332
vt 0.842635 0.003931
vt 0.823847 0.009557
vn -0.809015 0.000002 0.587788
vn -0.951057 0.000003 0.309015
vn -0.900984 0.320201 0.292746
vn -0.766419 0.320201 0.556842
vn -0.587784 0.000002 0.809018
vn -0.556837 0.320200 0.766423
vn -0.049813 0.000002 0.998759
vn -0.049576 0.311102 0.949083
vn 0.000000 0.000002 1.000000
vn 0.000000 0.298234 0.954493
vn 0.049813 0.000002 0.998759
vn 0.049576 0.311102 0.949083
vn 0.587786 0.000003 0.809017
vn 0.556837 0.320200 0.766423
vn 0.809015 0.000003 0.587789
vn 0.766420 0.320202 0.556841
vn 0.951056 0.000001 0.309017
vn 0.900983 0.320201 0.292747
vn 1.000000 0.000000 -0.000000
vn 0.947349 0.320202 0.000000
vn 0.951056 0.000000 -0.309019
vn 0.900982 0.320202 -0.292750
vn 0.809014 0.000000 -0.587789
vn 0.766419 0.320202 -0.556842
vn 0.587788 0.000002 -0.809015
vn 0.556840 0.320201 -0.766420
vn 0.049813 0.000004 -0.998759
vn 0.049576 0.311102 -0.949083
vn -0.000000 0.000004 -1.000000
vn -0.000000 0.298235 -0.954493
vn -0.049813 0.000004 -0.998759
vn -0.049576 0.311103 -0.949082
vn -0.587786 0.000003 -0.809017
vn -0.556839 0.320200 -0.766421
vn -0.809015 0.000003 -0.587787
vn -0.766420 0.320202 -0.556841
vn -0.951056 0.000003 -0.309018
vn -0.900983 0.320201 -0.292748
vn -1.000000 0.000002 -0.000003
vn -0.947350 0.320201 -0.000003
vn -0.757600 0.604524 0.246157
vn -0.644449 0.604528 0.468222
vn -0.468218 0.604526 0.644454
vn -0.047440 0.593599 0.803361
vn 0.000000 0.573030 0.819534
vn 0.047440 0.593600 0.803361
vn 0.468218 0.604526 0.644454
vn 0.644450 0.604526 0.468221
vn 0.757601 0.604523 0.246157
vn 0.796590 0.604520 -0.000000
vn 0.757600 0.604524 -0.246158
vn 0.644450 0.604528 -0.468221
vn 0.468219 0.604526 -0.644453
vn 0.047440 0.593597 -0.803363
vn -0.000000 0.573028 -0.819536
vn -0.047440 0.593598 -0.803363
vn -0.468219 0.604525 -0.644453
vn -0.644449 0.604529 -0.468221
vn -0.757598 0.604526 -0.246157
vn -0.796588 0.604522 -0.000001
vn -0.538662 0.824143 0.175020
vn -0.458214 0.824141 0.332913
vn -0.332910 0.824141 0.458217
vn -0.040140 0.818121 0.573643
vn 0.000000 0.798623 0.601832
vn 0.040140 0.818121 0.573644
vn 0.332911 0.824140 0.458217
vn 0.458215 0.824140 0.332914
vn 0.538663 0.824142 0.175020
vn 0.566383 0.824143 0.000000
vn 0.538663 0.824142 -0.175020
vn 0.458215 0.824141 -0.332913
vn 0.332911 0.824141 -0.458216
vn 0.040140 0.818121 -0.573644
vn 0.000000 0.798623 -0.601832
vn -0.040140 0.818121 -0.573644
vn -0.332911 0.824140 -0.458217
vn -0.458214 0.824141 -0.332914
vn -0.538664 0.824142 -0.175020
vn -0.566383 0.824142 -0.000000
vn -0.268220 0.959407 0.087150
vn -0.228164 0.959406 0.165773
vn -0.165771 0.959407 0.228164
vn -0.024915 0.958639 0.283534
vn -0.000000 0.948164 0.317782
vn 0.024915 0.958639 0.283534
vn 0.165771 0.959407 0.228164
vn 0.228164 0.959407 0.165772
vn 0.268221 0.959407 0.087151
vn 0.282024 0.959407 0.000000
vn 0.268222 0.959407 -0.087151
vn 0.228165 0.959406 -0.165772
vn 0.165771 0.959407 -0.228165
vn 0.024915 0.958638 -0.283534
vn 0.000000 0.948164 -0.317782
vn -0.024915 0.958639 -0.283534
vn -0.165770 0.959407 -0.228164
vn -0.228164 0.959406 -0.165773
vn -0.268222 0.959407 -0.087151
vn -0.282024 0.959407 -0.000000
vn 0.026304 0.999618 -0.008546
vn 0.022374 0.999618 -0.016256
vn 0.016255 0.999618 -0.022373
vn -0.001516 0.999427 -0.033816
vn 0.000000 0.999994 -0.003574
vn 0.001516 0.999427 -0.033816
vn -0.016256 0.999618 -0.022374
vn -0.022374 0.999618 -0.016256
vn -0.026303 0.999618 -0.008546
vn -0.027657 0.999618 0.000000
vn -0.026303 0.999618 0.008546
vn -0.022374 0.999618 0.016255
vn -0.016256 0.999618 0.022374
vn 0.001516 0.999427 0.033816
vn -0.000000 0.999994 0.003574
vn -0.001516 0.999427 0.033816
vn 0.016256 0.999618 0.022374
vn 0.022374 0.999618 0.016256
vn 0.026303 0.999618 0.008546
vn 0.027656 0.999618 0.000000
vn 0.316337 0.943062 -0.102784
vn 0.269092 0.943062 -0.195507
vn 0.195507 0.943063 -0.269091
vn 0.027362 0.939001 -0.342824
vn 0.000000 0.946050 -0.324021
vn -0.027362 0.939001 -0.342825
vn -0.195508 0.943062 -0.269092
vn -0.269094 0.943062 -0.195507
vn -0.316336 0.943063 -0.102784
vn -0.332613 0.943063 0.000000
vn -0.316335 0.943063 0.102784
vn -0.269093 0.943062 0.195506
vn -0.195508 0.943063 0.269091
vn -0.027362 0.939001 0.342825
vn -0.000000 0.946050 0.324021
vn 0.027362 0.939001 0.342825
vn 0.195508 0.943062 0.269091
vn 0.269094 0.943062 0.195507
vn 0.316336 0.943063 0.102784
vn 0.332614 0.943063 0.000001
vn 0.574569 0.796880 -0.186688
vn 0.488756 0.796882 -0.355101
vn 0.355102 0.796882 -0.488755
vn 0.057106 0.788369 -0.612547
vn 0.000000 0.795520 -0.605927
vn -0.057106 0.788369 -0.612547
vn -0.355103 0.796882 -0.488754
vn -0.488756 0.796882 -0.355100
vn -0.574566 0.796882 -0.186689
vn -0.604134 0.796883 0.000000
vn -0.574567 0.796882 0.186689
vn -0.488756 0.796882 0.355101
vn -0.355102 0.796882 0.488755
vn -0.057106 0.788369 0.612547
vn 0.000000 0.795520 0.605927
vn 0.057106 0.788369 0.612547
vn 0.355102 0.796882 0.488755
vn 0.488756 0.796882 0.355101
vn 0.574566 0.796882 0.186688
vn 0.604136 0.796881 0.000001
vn 0.777400 0.576061 -0.252591
vn 0.661296 0.576063 -0.480457
vn 0.480459 0.576069 -0.661290
vn 0.082690 0.566325 -0.820023
vn -0.000000 0.570288 -0.821445
vn -0.082690 0.566325 -0.820023
vn -0.480459 0.576070 -0.661288
vn -0.661294 0.576066 -0.480456
vn -0.777399 0.576063 -0.252592
vn -0.817408 0.576059 -0.000000
vn -0.777399 0.576063 0.252592
vn -0.661295 0.576065 0.480456
vn -0.480459 0.576069 0.661289
vn -0.082690 0.566326 0.820023
vn -0.000000 0.570288 0.821445
vn 0.082690 0.566325 0.820023
vn 0.480459 0.576069 0.661289
vn 0.661295 0.576065 0.480456
vn 0.777399 0.576062 0.252592
vn 0.817408 0.576059 0.000000
vn 0.906682 0.301895 -0.294596
vn 0.771271 0.301895 -0.560358
vn 0.560362 0.301901 -0.771265
vn 0.099879 0.295488 -0.950111
vn -0.000000 0.296714 -0.954966
vn -0.099878 0.295488 -0.950111
vn -0.560363 0.301899 -0.771266
vn -0.771271 0.301892 -0.560358
vn -0.906682 0.301894 -0.294598
vn -0.953341 0.301896 0.000000
vn -0.906682 0.301894 0.294597
vn -0.771271 0.301894 0.560358
vn -0.560363 0.301900 0.771265
vn -0.099878 0.295488 0.950111
vn 0.000000 0.296713 0.954967
vn 0.099879 0.295486 0.950112
vn 0.560362 0.301899 0.771266
vn 0.771270 0.301895 0.560358
vn 0.906682 0.301896 0.294597
vn 0.953341 0.301897 0.000000
vn 0.951057 -0.000000 -0.309016
vn 0.809020 0.000000 -0.587782
vn 0.587792 0.000000 -0.809012
vn 0.105925 -0.000000 -0.994374
vn 0.000000 0.000000 -1.000000
vn -0.105925 0.000000 -0.994374
vn -0.587792 0.000000 -0.809012
vn -0.809019 0.000000 -0.587783
vn -0.951057 -0.000000 -0.309017
vn -1.000000 -0.000000 -0.000000
vn -0.951057 0.000000 0.309017
vn -0.809019 0.000000 0.587783
vn -0.587791 0.000000 0.809013
vn -0.105925 0.000000 0.994374
vn 0.000000 0.000000 1.000000
vn 0.105925 0.000000 0.994374
vn 0.587791 -0.000000 0.809013
vn 0.809019 -0.000000 0.587782
vn 0.951057 -0.000000 0.309016
vn 1.000000 0.000000 0.000000
vn 0.906682 -0.301895 -0.294596
vn 0.771271 -0.301895 -0.560358
vn 0.560362 -0.301901 -0.771265
vn 0.099879 -0.295488 -0.950111
vn 0.000000 -0.296714 -0.954966
vn -0.099878 -0.295488 -0.950111
vn -0.560363 -0.301899 -0.771266
vn -0.771271 -0.301892 -0.560358
vn -0.906682 -0.301894 -0.294598
vn -0.953341 -0.301895 0.000000
vn -0.906682 -0.301894 0.294597
vn -0.771271 -0.301894 0.560358
vn -0.560363 -0.301900 0.771265
vn -0.099878 -0.295488 0.950111
vn 0.000000 -0.296713 0.954967
vn 0.099879 -0.295486 0.950112
vn 0.560362 -0.301899 0.771266
vn 0.771270 -0.301895 0.560358
vn 0.906682 -0.301896 0.294597
vn 0.953341 -0.301897 0.000000
vn 0.777401 -0.576061 -0.252591
vn 0.661297 -0.576063 -0.480457
vn 0.480459 -0.576068 -0.661290
vn 0.082690 -0.566325 -0.820023
vn 0.000000 -0.570287 -0.821445
vn -0.082690 -0.566325 -0.820023
vn -0.480460 -0.576069 -0.661289
vn -0.661294 -0.576066 -0.480456
vn -0.777399 -0.576063 -0.252592
vn -0.817408 -0.576059 0.000000
vn -0.777399 -0.576063 0.252592
vn -0.661295 -0.576065 0.480456
vn -0.480459 -0.576069 0.661289
vn -0.082690 -0.566325 0.820023
vn 0.000000 -0.570287 0.821445
vn 0.082690 -0.566325 0.820023
vn 0.480459 -0.576070 0.661289
vn 0.661295 -0.576065 0.480456
vn 0.777399 -0.576062 0.252592
vn 0.817408 -0.576059 0.000000
vn 0.574569 -0.796880 -0.186688
vn 0.488756 -0.796882 -0.355101
vn 0.355102 -0.796882 -0.488755
vn 0.057106 -0.788369 -0.612547
vn -0.000000 -0.795520 -0.605927
vn -0.057106 -0.788369 -0.612547
vn -0.355102 -0.796882 -0.488755
vn -0.488756 -0.796883 -0.355100
vn -0.574566 -0.796882 -0.186689
vn -0.604134 -0.796883 0.000000
vn -0.574566 -0.796882 0.186689
vn -0.488756 -0.796882 0.355101
vn -0.355102 -0.796882 0.488755
vn -0.057106 -0.788369 0.612546
vn 0.000000 -0.795520 0.605927
vn 0.057106 -0.788369 0.612547
vn 0.355102 -0.796882 0.488755
vn 0.488756 -0.796882 0.355101
vn 0.574566 -0.796882 0.186688
vn 0.604136 -0.796882 0.000001
vn 0.316338 -0.943062 -0.102784
vn 0.269093 -0.943062 -0.195507
vn 0.195507 -0.943062 -0.269091
vn 0.027362 -0.939001 -0.342825
vn -0.000000 -0.946050 -0.324022
vn -0.027362 -0.939000 -0.342826
vn -0.195509 -0.943062 -0.269092
vn -0.269094 -0.943062 -0.195507
vn -0.316336 -0.943062 -0.102784
vn -0.332614 -0.943063 0.000000
vn -0.316336 -0.943062 0.102784
vn -0.269094 -0.943062 0.195507
vn -0.195508 -0.943062 0.269092
vn -0.027362 -0.939001 0.342826
vn 0.000000 -0.946050 0.324022
vn 0.027362 -0.939000 0.342826
vn 0.195508 -0.943062 0.269092
vn 0.269094 -0.943062 0.195507
vn 0.316337 -0.943062 0.102784
vn 0.332615 -0.943063 0.000001
vn 0.026304 -0.999618 -0.008546
vn 0.022374 -0.999618 -0.016256
vn 0.016255 -0.999618 -0.022373
vn -0.001516 -0.999427 -0.033815
vn -0.000000 -0.999994 -0.003573
vn 0.001516 -0.999427 -0.033815
vn -0.016255 -0.999618 -0.022374
vn -0.022374 -0.999618 -0.016256
vn -0.026303 -0.999618 -0.008546
vn -0.027657 -0.999618 0.000000
vn -0.026303 -0.999618 0.008546
vn -0.022374 -0.999618 0.016256
vn -0.016256 -0.999618 0.022374
vn 0.001516 -0.999427 0.033815
vn 0.000000 -0.999994 0.003573
vn -0.001516 -0.999427 0.033815
vn 0.016256 -0.999618 0.022374
vn 0.022374 -0.999618 0.016256
vn 0.026303 -0.999618 0.008546
vn 0.027656 -0.999618 0.000000
vn -0.268220 -0.959408 0.087150
vn -0.228163 -0.959407 0.165772
vn -0.165771 -0.959407 0.228163
vn -0.024915 -0.958639 0.283533
vn 0.000000 -0.948164 0.317782
vn 0.024915 -0.958639 0.283533
vn 0.165770 -0.959407 0.228163
vn 0.228163 -0.959407 0.165771
vn 0.268221 -0.959407 0.087151
vn 0.282023 -0.959408 0.000000
vn 0.268221 -0.959407 -0.087151
vn 0.228164 -0.959407 -0.165772
vn 0.165770 -0.959407 -0.228164
vn 0.024915 -0.958639 -0.283533
vn -0.000000 -0.948164 -0.317782
vn -0.024915 -0.958639 -0.283533
vn -0.165770 -0.959407 -0.228164
vn -0.228164 -0.959407 -0.165772
vn -0.268221 -0.959407 -0.087151
vn -0.282023 -0.959408 -0.000001
vn -0.538662 -0.824143 0.175020
vn -0.458214 -0.824141 0.332913
vn -0.332911 -0.824141 0.458217
vn -0.040140 -0.818122 0.573642
vn 0.000000 -0.798624 0.601831
vn 0.040140 -0.818122 0.573642
vn 0.332912 -0.824140 0.458217
vn 0.458215 -0.824140 0.332914
vn 0.538662 -0.824142 0.175021
vn 0.566383 -0.824143 -0.000000
vn 0.538662 -0.824143 -0.175021
vn 0.458214 -0.824141 -0.332914
vn 0.332911 -0.824141 -0.458217
vn 0.040140 -0.818122 -0.573643
vn -0.000000 -0.798624 -0.601831
vn -0.040140 -0.818121 -0.573643
vn -0.332910 -0.824141 -0.458217
vn -0.458214 -0.824141 -0.332913
vn -0.538663 -0.824142 -0.175020
vn -0.566382 -0.824143 -0.000000
vn -0.757600 -0.604524 0.246157
vn -0.644450 -0.604528 0.468221
vn -0.468218 -0.604526 0.644454
vn -0.047440 -0.593600 0.803361
vn -0.000000 -0.573030 0.819534
vn 0.047440 -0.593600 0.803361
vn 0.468218 -0.604526 0.644453
vn 0.644451 -0.604526 0.468222
vn 0.757600 -0.604523 0.246159
vn 0.796590 -0.604520 -0.000000
vn 0.757600 -0.604523 -0.246159
vn 0.644451 -0.604526 -0.468222
vn 0.468219 -0.604525 -0.644454
vn 0.047440 -0.593599 -0.803362
vn 0.000000 -0.573029 -0.819535
vn -0.047440 -0.593599 -0.803361
vn -0.468218 -0.604526 -0.644453
vn -0.644449 -0.604529 -0.468220
vn -0.757598 -0.604526 -0.246157
vn -0.796588 -0.604522 -0.000000
vn -0.900984 -0.320200 0.292747
vn -0.766420 -0.320200 0.556841
vn -0.556836 -0.320200 0.766424
vn -0.049576 -0.311100 0.949083
vn 0.000000 -0.298233 0.954493
vn 0.049576 -0.311100 0.949083
vn 0.556837 -0.320200 0.766423
vn 0.766419 -0.320202 0.556841
vn 0.900982 -0.320202 0.292749
vn 0.947349 -0.320202 -0.000000
vn 0.900982 -0.320201 -0.292750
vn 0.766419 -0.320202 -0.556842
vn 0.556838 -0.320201 -0.766422
vn 0.049576 -0.311101 -0.949083
vn -0.000000 -0.298233 -0.954493
vn -0.049576 -0.311101 -0.949083
vn -0.556838 -0.320200 -0.766422
vn -0.766420 -0.320201 -0.556841
vn -0.900982 -0.320201 -0.292750
vn -0.947350 -0.320201 -0.000001
s 1
g pTorus7
usemtl lambert2SG
f 2798/3804/2885 2797/3805/2886 2817/3806/2887 2818/3807/2888
f 2799/3814/2889 2798/3804/2885 2818/3807/2888 2819/3815/2890
f 2800/4240/2891 2799/4241/2889 2819/4242/2890 2820/4243/2892
f 2801/4248/2893 2800/4240/2891 2820/4243/2892 2821/4249/2894
f 2802/4254/2895 2801/4248/2893 2821/4249/2894 2822/4255/2896
f 2803/4259/2897 2802/4254/2895 2822/4255/2896 2823/4260/2898
f 2804/3854/2899 2803/3859/2897 2823/3860/2898 2824/3855/2900
f 2805/3853/2901 2804/3854/2899 2824/3855/2900 2825/3856/2902
f 2806/3863/2903 2805/3853/2901 2825/3856/2902 2826/3864/2904
f 2807/3873/2905 2806/3863/2903 2826/3864/2904 2827/3874/2906
f 2808/3883/2907 2807/3873/2905 2827/3874/2906 2828/3884/2908
f 2809/3891/2909 2808/3883/2907 2828/3884/2908 2829/3892/2910
f 2810/4265/2911 2809/4266/2909 2829/4267/2910 2830/4268/2912
f 2811/4273/2913 2810/4265/2911 2830/4268/2912 2831/4274/2914
f 2812/4279/2915 2811/4273/2913 2831/4274/2914 2832/4280/2916
f 2813/4284/2917 2812/4279/2915 2832/4280/2916 2833/4285/2918
f 2814/3831/2919 2813/3840/2917 2833/3841/2918 2834/3832/2920
f 2815/3820/2921 2814/3831/2919 2834/3832/2920 2835/3821/2922
f 2816/3810/2923 2815/3820/2921 2835/3821/2922 2836/3811/2924
f 2797/3805/2886 2816/3810/2923 2836/3811/2924 2817/3806/2887
f 2818/3807/2888 2817/3806/2887 2837/3812/2925 2838/3813/2926
f 2819/3815/2890 2818/3807/2888 2838/3813/2926 2839/3825/2927
f 2820/4243/2892 2819/4242/2890 2839/4246/2927 2840/4247/2928
f 2821/4249/2894 2820/4243/2892 2840/4247/2928 2841/4253/2929
f 2822/4255/2896 2821/4249/2894 2841/4253/2929 2842/4258/2930
f 2823/4260/2898 2822/4255/2896 2842/4258/2930 2843/4263/2931
f 2824/3855/2900 2823/3860/2898 2843/3869/2931 2844/3861/2932
f 2825/3856/2902 2824/3855/2900 2844/3861/2932 2845/3862/2933
f 2826/3864/2904 2825/3856/2902 2845/3862/2933 2846/3872/2934
f 2827/3874/2906 2826/3864/2904 2846/3872/2934 2847/3882/2935
f 2828/3884/2908 2827/3874/2906 2847/3882/2935 2848/3890/2936
f 2829/3892/2910 2828/3884/2908 2848/3890/2936 2849/3897/2937
f 2830/4268/2912 2829/4267/2910 2849/4271/2937 2850/4272/2938
f 2831/4274/2914 2830/4268/2912 2850/4272/2938 2851/4278/2939
f 2832/4280/2916 2831/4274/2914 2851/4278/2939 2852/4283/2940
f 2833/4285/2918 2832/4280/2916 2852/4283/2940 2853/4288/2941
f 2834/3832/2920 2833/3841/2918 2853/3847/2941 2854/3842/2942
f 2835/3821/2922 2834/3832/2920 2854/3842/2942 2855/3833/2943
f 2836/3811/2924 2835/3821/2922 2855/3833/2943 2856/3822/2944
f 2817/3806/2887 2836/3811/2924 2856/3822/2944 2837/3812/2925
f 2838/3813/2926 2837/3812/2925 2857/3823/2945 2858/3824/2946
f 2839/3825/2927 2838/3813/2926 2858/3824/2946 2859/3835/2947
f 2840/4026/2928 2839/4027/2927 2859/4008/2947 2860/4016/2948
f 2841/4038/2929 2840/4026/2928 2860/4016/2948 2861/4028/2949
f 2842/4049/2930 2841/4038/2929 2861/4028/2949 2862/4039/2950
f 2843/4064/2931 2842/4049/2930 2862/4039/2950 2863/4050/2951
f 2844/3861/2932 2843/3869/2931 2863/3880/2951 2864/3870/2952
f 2845/3862/2933 2844/3861/2932 2864/3870/2952 2865/3871/2953
f 2846/3872/2934 2845/3862/2933 2865/3871/2953 2866/3881/2954
f 2847/3882/2935 2846/3872/2934 2866/3881/2954 2867/3889/2955
f 2848/3890/2936 2847/3882/2935 2867/3889/2955 2868/3896/2956
f 2849/3897/2937 2848/3890/2936 2868/3896/2956 2869/3900/2957
f 2850/4079/2938 2849/4091/2937 2869/4080/2957 2870/4068/2958
f 2851/4067/2939 2850/4079/2938 2870/4068/2958 2871/4054/2959
f 2852/4053/2940 2851/4067/2939 2871/4054/2959 2872/4041/2960
f 2853/4052/2941 2852/4053/2940 2872/4041/2960 2873/4030/2961
f 2854/3842/2942 2853/3847/2941 2873/3851/2961 2874/3848/2962
f 2855/3833/2943 2854/3842/2942 2874/3848/2962 2875/3843/2963
f 2856/3822/2944 2855/3833/2943 2875/3843/2963 2876/3834/2964
f 2837/3812/2925 2856/3822/2944 2876/3834/2964 2857/3823/2945
f 2858/4000/2946 2857/4001/2945 2877/4002/2965 2878/4003/2966
f 2859/4008/2947 2858/4000/2946 2878/4003/2966 2879/4009/2967
f 2860/4016/2948 2859/4008/2947 2879/4009/2967 2880/4017/2968
f 2861/4028/2949 2860/4016/2948 2880/4017/2968 2881/4029/2969
f 2862/4039/2950 2861/4028/2949 2881/4029/2969 2882/4040/2970
f 2863/4050/2951 2862/4039/2950 2882/4040/2970 2883/4051/2971
f 2864/4065/2952 2863/4050/2951 2883/4051/2971 2884/4066/2972
f 2865/4077/2953 2864/4065/2952 2884/4066/2972 2885/4078/2973
f 2866/4089/2954 2865/4077/2953 2885/4078/2973 2886/4090/2974
f 2867/4103/2955 2866/4089/2954 2886/4090/2974 2887/4104/2975
f 2868/4092/2956 2867/4103/2955 2887/4104/2975 2888/4093/2976
f 2869/4080/2957 2868/4092/2956 2888/4093/2976 2889/4081/2977
f 2870/4068/2958 2869/4080/2957 2889/4081/2977 2890/4069/2978
f 2871/4054/2959 2870/4068/2958 2890/4069/2978 2891/4055/2979
f 2872/4041/2960 2871/4054/2959 2891/4055/2979 2892/4042/2980
f 2873/4030/2961 2872/4041/2960 2892/4042/2980 2893/4031/2981
f 2874/4018/2962 2873/4030/2961 2893/4031/2981 2894/4019/2982
f 2875/4010/2963 2874/4018/2962 2894/4019/2982 2895/4011/2983
f 2876/4004/2964 2875/4010/2963 2895/4011/2983 2896/4005/2984
f 2857/4001/2945 2876/4004/2964 2896/4005/2984 2877/4002/2965
f 2878/4003/2966 2877/4002/2965 2897/4006/2985 2898/4007/2986
f 2879/4009/2967 2878/4003/2966 2898/4007/2986 2899/4015/2987
f 2880/4017/2968 2879/4009/2967 2899/4015/2987 2900/4025/2988
f 2881/4029/2969 2880/4017/2968 2900/4025/2988 2901/4037/2989
f 2882/4040/2970 2881/4029/2969 2901/4037/2989 2902/4048/2990
f 2883/4051/2971 2882/4040/2970 2902/4048/2990 2903/4063/2991
f 2884/4066/2972 2883/4051/2971 2903/4063/2991 2904/4076/2992
f 2885/4078/2973 2884/4066/2972 2904/4076/2992 2905/4088/2993
f 2886/4090/2974 2885/4078/2973 2905/4088/2993 2906/4102/2994
f 2887/4104/2975 2886/4090/2974 2906/4102/2994 2907/4111/2995
f 2888/4093/2976 2887/4104/2975 2907/4111/2995 2908/4105/2996
f 2889/4081/2977 2888/4093/2976 2908/4105/2996 2909/4094/2997
f 2890/4069/2978 2889/4081/2977 2909/4094/2997 2910/4082/2998
f 2891/4055/2979 2890/4069/2978 2910/4082/2998 2911/4070/2999
f 2892/4042/2980 2891/4055/2979 2911/4070/2999 2912/4056/3000
f 2893/4031/2981 2892/4042/2980 2912/4056/3000 2913/4043/3001
f 2894/4019/2982 2893/4031/2981 2913/4043/3001 2914/4032/3002
f 2895/4011/2983 2894/4019/2982 2914/4032/3002 2915/4020/3003
f 2896/4005/2984 2895/4011/2983 2915/4020/3003 2916/4012/3004
f 2877/4002/2965 2896/4005/2984 2916/4012/3004 2897/4006/2985
f 2898/4007/2986 2897/4006/2985 2917/4013/3005 2918/4014/3006
f 2899/4015/2987 2898/4007/2986 2918/4014/3006 2919/4024/3007
f 2900/4025/2988 2899/4015/2987 2919/4024/3007 2920/4036/3008
f 2901/4037/2989 2900/4025/2988 2920/4036/3008 2921/4047/3009
f 2902/4048/2990 2901/4037/2989 2921/4047/3009 2922/4062/3010
f 2903/4063/2991 2902/4048/2990 2922/4062/3010 2923/4075/3011
f 2904/4076/2992 2903/4063/2991 2923/4075/3011 2924/4087/3012
f 2905/4088/2993 2904/4076/2992 2924/4087/3012 2925/4101/3013
f 2906/4102/2994 2905/4088/2993 2925/4101/3013 2926/4110/3014
f 2907/4111/2995 2906/4102/2994 2926/4110/3014 2927/4116/3015
f 2908/4105/2996 2907/4111/2995 2927/4116/3015 2928/4112/3016
f 2909/4094/2997 2908/4105/2996 2928/4112/3016 2929/4106/3017
f 2910/4082/2998 2909/4094/2997 2929/4106/3017 2930/4095/3018
f 2911/4070/2999 2910/4082/2998 2930/4095/3018 2931/4083/3019
f 2912/4056/3000 2911/4070/2999 2931/4083/3019 2932/4071/3020
f 2913/4043/3001 2912/4056/3000 2932/4071/3020 2933/4057/3021
f 2914/4032/3002 2913/4043/3001 2933/4057/3021 2934/4044/3022
f 2915/4020/3003 2914/4032/3002 2934/4044/3022 2935/4033/3023
f 2916/4012/3004 2915/4020/3003 2935/4033/3023 2936/4021/3024
f 2897/4006/2985 2916/4012/3004 2936/4021/3024 2917/4013/3005
f 2918/4014/3006 2917/4013/3005 2937/4022/3025 2938/4023/3026
f 2919/4024/3007 2918/4014/3006 2938/4023/3026 2939/4035/3027
f 2920/4036/3008 2919/4024/3007 2939/4035/3027 2940/4046/3028
f 2921/4047/3009 2920/4036/3008 2940/4046/3028 2941/4061/3029
f 2922/4062/3010 2921/4047/3009 2941/4061/3029 2942/4074/3030
f 2923/4075/3011 2922/4062/3010 2942/4074/3030 2943/4086/3031
f 2924/4087/3012 2923/4075/3011 2943/4086/3031 2944/4100/3032
f 2925/4101/3013 2924/4087/3012 2944/4100/3032 2945/4109/3033
f 2926/4110/3014 2925/4101/3013 2945/4109/3033 2946/4115/3034
f 2927/4116/3015 2926/4110/3014 2946/4115/3034 2947/4119/3035
f 2928/4112/3016 2927/4116/3015 2947/4119/3035 2948/4117/3036
f 2929/4106/3017 2928/4112/3016 2948/4117/3036 2949/4113/3037
f 2930/4095/3018 2929/4106/3017 2949/4113/3037 2950/4107/3038
f 2931/4083/3019 2930/4095/3018 2950/4107/3038 2951/4096/3039
f 2932/4071/3020 2931/4083/3019 2951/4096/3039 2952/4084/3040
f 2933/4057/3021 2932/4071/3020 2952/4084/3040 2953/4072/3041
f 2934/4044/3022 2933/4057/3021 2953/4072/3041 2954/4058/3042
f 2935/4033/3023 2934/4044/3022 2954/4058/3042 2955/4045/3043
f 2936/4021/3024 2935/4033/3023 2955/4045/3043 2956/4034/3044
f 2917/4013/3005 2936/4021/3024 2956/4034/3044 2937/4022/3025
f 2938/3906/3026 2937/3907/3025 2957/3903/3045 2958/3902/3046
f 2939/3915/3027 2938/3906/3026 2958/3902/3046 2959/3912/3047
f 2940/4046/3028 2939/4035/3027 2959/4059/3047 2960/4060/3048
f 2941/4061/3029 2940/4046/3028 2960/4060/3048 2961/4073/3049
f 2942/4074/3030 2941/4061/3029 2961/4073/3049 2962/4085/3050
f 2943/4086/3031 2942/4074/3030 2962/4085/3050 2963/4099/3051
f 2944/3956/3032 2943/3963/3031 2963/3957/3051 2964/3952/3052
f 2945/3955/3033 2944/3956/3032 2964/3952/3052 2965/3951/3053
f 2946/3964/3034 2945/3955/3033 2965/3951/3053 2966/3961/3054
f 2947/3971/3035 2946/3964/3034 2966/3961/3054 2967/3969/3055
f 2948/3979/3036 2947/3971/3035 2967/3969/3055 2968/3977/3056
f 2949/3988/3037 2948/3979/3036 2968/3977/3056 2969/3986/3057
f 2950/4107/3038 2949/4113/3037 2969/4118/3057 2970/4114/3058
f 2951/4096/3039 2950/4107/3038 2970/4114/3058 2971/4108/3059
f 2952/4084/3040 2951/4096/3039 2971/4108/3059 2972/4097/3060
f 2953/4072/3041 2952/4084/3040 2972/4097/3060 2973/4098/3061
f 2954/3930/3042 2953/3939/3041 2973/3931/3061 2974/3923/3062
f 2955/3922/3043 2954/3930/3042 2974/3923/3062 2975/3916/3063
f 2956/3914/3044 2955/3922/3043 2975/3916/3063 2976/3908/3064
f 2937/3907/3025 2956/3914/3044 2976/3908/3064 2957/3903/3045
f 2958/3902/3046 2957/3903/3045 2977/3904/3065 2978/3905/3066
f 2959/3912/3047 2958/3902/3046 2978/3905/3066 2979/3913/3067
f 2960/4290/3048 2959/4291/3047 2979/4292/3067 2980/4293/3068
f 2961/4296/3049 2960/4290/3048 2980/4293/3068 2981/4297/3069
f 2962/4301/3050 2961/4296/3049 2981/4297/3069 2982/4302/3070
f 2963/4307/3051 2962/4301/3050 2982/4302/3070 2983/4308/3071
f 2964/3952/3052 2963/3957/3051 2983/3958/3071 2984/3953/3072
f 2965/3951/3053 2964/3952/3052 2984/3953/3072 2985/3954/3073
f 2966/3961/3054 2965/3951/3053 2985/3954/3073 2986/3962/3074
f 2967/3969/3055 2966/3961/3054 2986/3962/3074 2987/3970/3075
f 2968/3977/3056 2967/3969/3055 2987/3970/3075 2988/3978/3076
f 2969/3986/3057 2968/3977/3056 2988/3978/3076 2989/3987/3077
f 2970/4315/3058 2969/4316/3057 2989/4317/3077 2990/4318/3078
f 2971/4321/3059 2970/4315/3058 2990/4318/3078 2991/4322/3079
f 2972/4326/3060 2971/4321/3059 2991/4322/3079 2992/4327/3080
f 2973/4332/3061 2972/4326/3060 2992/4327/3080 2993/4333/3081
f 2974/3923/3062 2973/3931/3061 2993/3932/3081 2994/3924/3082
f 2975/3916/3063 2974/3923/3062 2994/3924/3082 2995/3917/3083
f 2976/3908/3064 2975/3916/3063 2995/3917/3083 2996/3909/3084
f 2957/3903/3045 2976/3908/3064 2996/3909/3084 2977/3904/3065
f 2978/3905/3066 2977/3904/3065 2997/3910/3085 2998/3911/3086
f 2979/3913/3067 2978/3905/3066 2998/3911/3086 2999/3921/3087
f 2980/4293/3068 2979/4292/3067 2999/4294/3087 3000/4295/3088
f 2981/4297/3069 2980/4293/3068 3000/4295/3088 3001/4300/3089
f 2982/4302/3070 2981/4297/3069 3001/4300/3089 3002/4306/3090
f 2983/4308/3071 2982/4302/3070 3002/4306/3090 3003/4311/3091
f 2984/3953/3072 2983/3958/3071 3003/3965/3091 3004/3959/3092
f 2985/3954/3073 2984/3953/3072 3004/3959/3092 3005/3960/3093
f 2986/3962/3074 2985/3954/3073 3005/3960/3093 3006/3968/3094
f 2987/3970/3075 2986/3962/3074 3006/3968/3094 3007/3976/3095
f 2988/3978/3076 2987/3970/3075 3007/3976/3095 3008/3985/3096
f 2989/3987/3077 2988/3978/3076 3008/3985/3096 3009/3993/3097
f 2990/4318/3078 2989/4317/3077 3009/4319/3097 3010/4320/3098
f 2991/4322/3079 2990/4318/3078 3010/4320/3098 3011/4325/3099
f 2992/4327/3080 2991/4322/3079 3011/4325/3099 3012/4331/3100
f 2993/4333/3081 2992/4327/3080 3012/4331/3100 3013/4336/3101
f 2994/3924/3082 2993/3932/3081 3013/3940/3101 3014/3933/3102
f 2995/3917/3083 2994/3924/3082 3014/3933/3102 3015/3925/3103
f 2996/3909/3084 2995/3917/3083 3015/3925/3103 3016/3918/3104
f 2977/3904/3065 2996/3909/3084 3016/3918/3104 2997/3910/3085
f 2998/3911/3086 2997/3910/3085 3017/3919/3105 3018/3920/3106
f 2999/3921/3087 2998/3911/3086 3018/3920/3106 3019/3929/3107
f 3000/4295/3088 2999/4294/3087 3019/4298/3107 3020/4299/3108
f 3001/4300/3089 3000/4295/3088 3020/4299/3108 3021/4305/3109
f 3002/4306/3090 3001/4300/3089 3021/4305/3109 3022/4310/3110
f 3003/4311/3091 3002/4306/3090 3022/4310/3110 3023/4313/3111
f 3004/3959/3092 3003/3965/3091 3023/3972/3111 3024/3966/3112
f 3005/3960/3093 3004/3959/3092 3024/3966/3112 3025/3967/3113
f 3006/3968/3094 3005/3960/3093 3025/3967/3113 3026/3975/3114
f 3007/3976/3095 3006/3968/3094 3026/3975/3114 3027/3984/3115
f 3008/3985/3096 3007/3976/3095 3027/3984/3115 3028/3992/3116
f 3009/3993/3097 3008/3985/3096 3028/3992/3116 3029/3996/3117
f 3010/4320/3098 3009/4319/3097 3029/4323/3117 3030/4324/3118
f 3011/4325/3099 3010/4320/3098 3030/4324/3118 3031/4330/3119
f 3012/4331/3100 3011/4325/3099 3031/4330/3119 3032/4335/3120
f 3013/4336/3101 3012/4331/3100 3032/4335/3120 3033/4338/3121
f 3014/3933/3102 3013/3940/3101 3033/3945/3121 3034/3941/3122
f 3015/3925/3103 3014/3933/3102 3034/3941/3122 3035/3934/3123
f 3016/3918/3104 3015/3925/3103 3035/3934/3123 3036/3926/3124
f 2997/3910/3085 3016/3918/3104 3036/3926/3124 3017/3919/3105
f 3018/3920/3106 3017/3919/3105 3037/3927/3125 3038/3928/3126
f 3019/3929/3107 3018/3920/3106 3038/3928/3126 3039/3938/3127
f 3020/4299/3108 3019/4298/3107 3039/4303/3127 3040/4304/3128
f 3021/4305/3109 3020/4299/3108 3040/4304/3128 3041/4309/3129
f 3022/4310/3110 3021/4305/3109 3041/4309/3129 3042/4312/3130
f 3023/4313/3111 3022/4310/3110 3042/4312/3130 3043/4314/3131
f 3024/3966/3112 3023/3972/3111 3043/3980/3131 3044/3973/3132
f 3025/3967/3113 3024/3966/3112 3044/3973/3132 3045/3974/3133
f 3026/3975/3114 3025/3967/3113 3045/3974/3133 3046/3983/3134
f 3027/3984/3115 3026/3975/3114 3046/3983/3134 3047/3991/3135
f 3028/3992/3116 3027/3984/3115 3047/3991/3135 3048/3995/3136
f 3029/3996/3117 3028/3992/3116 3048/3995/3136 3049/3998/3137
f 3030/4324/3118 3029/4323/3117 3049/4328/3137 3050/4329/3138
f 3031/4330/3119 3030/4324/3118 3050/4329/3138 3051/4334/3139
f 3032/4335/3120 3031/4330/3119 3051/4334/3139 3052/4337/3140
f 3033/4338/3121 3032/4335/3120 3052/4337/3140 3053/4339/3141
f 3034/3941/3122 3033/3945/3121 3053/3948/3141 3054/3946/3142
f 3035/3934/3123 3034/3941/3122 3054/3946/3142 3055/3942/3143
f 3036/3926/3124 3035/3934/3123 3055/3942/3143 3056/3935/3144
f 3017/3919/3105 3036/3926/3124 3056/3935/3144 3037/3927/3125
f 3038/3928/3126 3037/3927/3125 3057/3936/3145 3058/3937/3146
f 3039/3938/3127 3038/3928/3126 3058/3937/3146 3059/3944/3147
f 3040/4146/3128 3039/4147/3127 3059/4128/3147 3060/4136/3148
f 3041/4158/3129 3040/4146/3128 3060/4136/3148 3061/4148/3149
f 3042/4169/3130 3041/4158/3129 3061/4148/3149 3062/4159/3150
f 3043/4184/3131 3042/4169/3130 3062/4159/3150 3063/4170/3151
f 3044/3973/3132 3043/3980/3131 3063/3989/3151 3064/3981/3152
f 3045/3974/3133 3044/3973/3132 3064/3981/3152 3065/3982/3153
f 3046/3983/3134 3045/3974/3133 3065/3982/3153 3066/3990/3154
f 3047/3991/3135 3046/3983/3134 3066/3990/3154 3067/3994/3155
f 3048/3995/3136 3047/3991/3135 3067/3994/3155 3068/3997/3156
f 3049/3998/3137 3048/3995/3136 3068/3997/3156 3069/3999/3157
f 3050/4199/3138 3049/4211/3137 3069/4200/3157 3070/4188/3158
f 3051/4187/3139 3050/4199/3138 3070/4188/3158 3071/4174/3159
f 3052/4173/3140 3051/4187/3139 3071/4174/3159 3072/4161/3160
f 3053/4172/3141 3052/4173/3140 3072/4161/3160 3073/4150/3161
f 3054/3946/3142 3053/3948/3141 3073/3950/3161 3074/3949/3162
f 3055/3942/3143 3054/3946/3142 3074/3949/3162 3075/3947/3163
f 3056/3935/3144 3055/3942/3143 3075/3947/3163 3076/3943/3164
f 3037/3927/3125 3056/3935/3144 3076/3943/3164 3057/3936/3145
f 3058/4120/3146 3057/4121/3145 3077/4122/3165 3078/4123/3166
f 3059/4128/3147 3058/4120/3146 3078/4123/3166 3079/4129/3167
f 3060/4136/3148 3059/4128/3147 3079/4129/3167 3080/4137/3168
f 3061/4148/3149 3060/4136/3148 3080/4137/3168 3081/4149/3169
f 3062/4159/3150 3061/4148/3149 3081/4149/3169 3082/4160/3170
f 3063/4170/3151 3062/4159/3150 3082/4160/3170 3083/4171/3171
f 3064/4185/3152 3063/4170/3151 3083/4171/3171 3084/4186/3172
f 3065/4197/3153 3064/4185/3152 3084/4186/3172 3085/4198/3173
f 3066/4209/3154 3065/4197/3153 3085/4198/3173 3086/4210/3174
f 3067/4223/3155 3066/4209/3154 3086/4210/3174 3087/4224/3175
f 3068/4212/3156 3067/4223/3155 3087/4224/3175 3088/4213/3176
f 3069/4200/3157 3068/4212/3156 3088/4213/3176 3089/4201/3177
f 3070/4188/3158 3069/4200/3157 3089/4201/3177 3090/4189/3178
f 3071/4174/3159 3070/4188/3158 3090/4189/3178 3091/4175/3179
f 3072/4161/3160 3071/4174/3159 3091/4175/3179 3092/4162/3180
f 3073/4150/3161 3072/4161/3160 3092/4162/3180 3093/4151/3181
f 3074/4138/3162 3073/4150/3161 3093/4151/3181 3094/4139/3182
f 3075/4130/3163 3074/4138/3162 3094/4139/3182 3095/4131/3183
f 3076/4124/3164 3075/4130/3163 3095/4131/3183 3096/4125/3184
f 3057/4121/3145 3076/4124/3164 3096/4125/3184 3077/4122/3165
f 3078/4123/3166 3077/4122/3165 3097/4126/3185 3098/4127/3186
f 3079/4129/3167 3078/4123/3166 3098/4127/3186 3099/4135/3187
f 3080/4137/3168 3079/4129/3167 3099/4135/3187 3100/4145/3188
f 3081/4149/3169 3080/4137/3168 3100/4145/3188 3101/4157/3189
f 3082/4160/3170 3081/4149/3169 3101/4157/3189 3102/4168/3190
f 3083/4171/3171 3082/4160/3170 3102/4168/3190 3103/4183/3191
f 3084/4186/3172 3083/4171/3171 3103/4183/3191 3104/4196/3192
f 3085/4198/3173 3084/4186/3172 3104/4196/3192 3105/4208/3193
f 3086/4210/3174 3085/4198/3173 3105/4208/3193 3106/4222/3194
f 3087/4224/3175 3086/4210/3174 3106/4222/3194 3107/4231/3195
f 3088/4213/3176 3087/4224/3175 3107/4231/3195 3108/4225/3196
f 3089/4201/3177 3088/4213/3176 3108/4225/3196 3109/4214/3197
f 3090/4189/3178 3089/4201/3177 3109/4214/3197 3110/4202/3198
f 3091/4175/3179 3090/4189/3178 3110/4202/3198 3111/4190/3199
f 3092/4162/3180 3091/4175/3179 3111/4190/3199 3112/4176/3200
f 3093/4151/3181 3092/4162/3180 3112/4176/3200 3113/4163/3201
f 3094/4139/3182 3093/4151/3181 3113/4163/3201 3114/4152/3202
f 3095/4131/3183 3094/4139/3182 3114/4152/3202 3115/4140/3203
f 3096/4125/3184 3095/4131/3183 3115/4140/3203 3116/4132/3204
f 3077/4122/3165 3096/4125/3184 3116/4132/3204 3097/4126/3185
f 3098/4127/3186 3097/4126/3185 3117/4133/3205 3118/4134/3206
f 3099/4135/3187 3098/4127/3186 3118/4134/3206 3119/4144/3207
f 3100/4145/3188 3099/4135/3187 3119/4144/3207 3120/4156/3208
f 3101/4157/3189 3100/4145/3188 3120/4156/3208 3121/4167/3209
f 3102/4168/3190 3101/4157/3189 3121/4167/3209 3122/4182/3210
f 3103/4183/3191 3102/4168/3190 3122/4182/3210 3123/4195/3211
f 3104/4196/3192 3103/4183/3191 3123/4195/3211 3124/4207/3212
f 3105/4208/3193 3104/4196/3192 3124/4207/3212 3125/4221/3213
f 3106/4222/3194 3105/4208/3193 3125/4221/3213 3126/4230/3214
f 3107/4231/3195 3106/4222/3194 3126/4230/3214 3127/4236/3215
f 3108/4225/3196 3107/4231/3195 3127/4236/3215 3128/4232/3216
f 3109/4214/3197 3108/4225/3196 3128/4232/3216 3129/4226/3217
f 3110/4202/3198 3109/4214/3197 3129/4226/3217 3130/4215/3218
f 3111/4190/3199 3110/4202/3198 3130/4215/3218 3131/4203/3219
f 3112/4176/3200 3111/4190/3199 3131/4203/3219 3132/4191/3220
f 3113/4163/3201 3112/4176/3200 3132/4191/3220 3133/4177/3221
f 3114/4152/3202 3113/4163/3201 3133/4177/3221 3134/4164/3222
f 3115/4140/3203 3114/4152/3202 3134/4164/3222 3135/4153/3223
f 3116/4132/3204 3115/4140/3203 3135/4153/3223 3136/4141/3224
f 3097/4126/3185 3116/4132/3204 3136/4141/3224 3117/4133/3205
f 3118/4134/3206 3117/4133/3205 3137/4142/3225 3138/4143/3226
f 3119/4144/3207 3118/4134/3206 3138/4143/3226 3139/4155/3227
f 3120/4156/3208 3119/4144/3207 3139/4155/3227 3140/4166/3228
f 3121/4167/3209 3120/4156/3208 3140/4166/3228 3141/4181/3229
f 3122/4182/3210 3121/4167/3209 3141/4181/3229 3142/4194/3230
f 3123/4195/3211 3122/4182/3210 3142/4194/3230 3143/4206/3231
f 3124/4207/3212 3123/4195/3211 3143/4206/3231 3144/4220/3232
f 3125/4221/3213 3124/4207/3212 3144/4220/3232 3145/4229/3233
f 3126/4230/3214 3125/4221/3213 3145/4229/3233 3146/4235/3234
f 3127/4236/3215 3126/4230/3214 3146/4235/3234 3147/4239/3235
f 3128/4232/3216 3127/4236/3215 3147/4239/3235 3148/4237/3236
f 3129/4226/3217 3128/4232/3216 3148/4237/3236 3149/4233/3237
f 3130/4215/3218 3129/4226/3217 3149/4233/3237 3150/4227/3238
f 3131/4203/3219 3130/4215/3218 3150/4227/3238 3151/4216/3239
f 3132/4191/3220 3131/4203/3219 3151/4216/3239 3152/4204/3240
f 3133/4177/3221 3132/4191/3220 3152/4204/3240 3153/4192/3241
f 3134/4164/3222 3133/4177/3221 3153/4192/3241 3154/4178/3242
f 3135/4153/3223 3134/4164/3222 3154/4178/3242 3155/4165/3243
f 3136/4141/3224 3135/4153/3223 3155/4165/3243 3156/4154/3244
f 3117/4133/3205 3136/4141/3224 3156/4154/3244 3137/4142/3225
f 3138/3826/3226 3137/3827/3225 3157/3817/3245 3158/3816/3246
f 3139/3837/3227 3138/3826/3226 3158/3816/3246 3159/3829/3247
f 3140/4166/3228 3139/4155/3227 3159/4179/3247 3160/4180/3248
f 3141/4181/3229 3140/4166/3228 3160/4180/3248 3161/4193/3249
f 3142/4194/3230 3141/4181/3229 3161/4193/3249 3162/4205/3250
f 3143/4206/3231 3142/4194/3230 3162/4205/3250 3163/4219/3251
f 3144/3876/3232 3143/3885/3231 3163/3877/3251 3164/3866/3252
f 3145/3875/3233 3144/3876/3232 3164/3866/3252 3165/3865/3253
f 3146/3886/3234 3145/3875/3233 3165/3865/3253 3166/3878/3254
f 3147/3893/3235 3146/3886/3234 3166/3878/3254 3167/3887/3255
f 3148/3898/3236 3147/3893/3235 3167/3887/3255 3168/3894/3256
f 3149/3901/3237 3148/3898/3236 3168/3894/3256 3169/3899/3257
f 3150/4227/3238 3149/4233/3237 3169/4238/3257 3170/4234/3258
f 3151/4216/3239 3150/4227/3238 3170/4234/3258 3171/4228/3259
f 3152/4204/3240 3151/4216/3239 3171/4228/3259 3172/4217/3260
f 3153/4192/3241 3152/4204/3240 3172/4217/3260 3173/4218/3261
f 3154/3849/3242 3153/3852/3241 3173/3850/3261 3174/3845/3262
f 3155/3844/3243 3154/3849/3242 3174/3845/3262 3175/3838/3263
f 3156/3836/3244 3155/3844/3243 3175/3838/3263 3176/3828/3264
f 3137/3827/3225 3156/3836/3244 3176/3828/3264 3157/3817/3245
f 3158/3816/3246 3157/3817/3245 3177/3809/3265 3178/3808/3266
f 3159/3829/3247 3158/3816/3246 3178/3808/3266 3179/3819/3267
f 3160/4250/3248 3159/4251/3247 3179/4245/3267 3180/4244/3268
f 3161/4256/3249 3160/4250/3248 3180/4244/3268 3181/4252/3269
f 3162/4261/3250 3161/4256/3249 3181/4252/3269 3182/4257/3270
f 3163/4264/3251 3162/4261/3250 3182/4257/3270 3183/4262/3271
f 3164/3866/3252 3163/3877/3251 3183/3867/3271 3184/3858/3272
f 3165/3865/3253 3164/3866/3252 3184/3858/3272 3185/3857/3273
f 3166/3878/3254 3165/3865/3253 3185/3857/3273 3186/3868/3274
f 3167/3887/3255 3166/3878/3254 3186/3868/3274 3187/3879/3275
f 3168/3894/3256 3167/3887/3255 3187/3879/3275 3188/3888/3276
f 3169/3899/3257 3168/3894/3256 3188/3888/3276 3189/3895/3277
f 3170/4275/3258 3169/4276/3257 3189/4270/3277 3190/4269/3278
f 3171/4281/3259 3170/4275/3258 3190/4269/3278 3191/4277/3279
f 3172/4286/3260 3171/4281/3259 3191/4277/3279 3192/4282/3280
f 3173/4289/3261 3172/4286/3260 3192/4282/3280 3193/4287/3281
f 3174/3845/3262 3173/3850/3261 3193/3846/3281 3194/3839/3282
f 3175/3838/3263 3174/3845/3262 3194/3839/3282 3195/3830/3283
f 3176/3828/3264 3175/3838/3263 3195/3830/3283 3196/3818/3284
f 3157/3817/3245 3176/3828/3264 3196/3818/3284 3177/3809/3265
f 3178/3808/3266 3177/3809/3265 2797/3805/2886 2798/3804/2885
f 3179/3819/3267 3178/3808/3266 2798/3804/2885 2799/3814/2889
f 3180/4244/3268 3179/4245/3267 2799/4241/2889 2800/4240/2891
f 3181/4252/3269 3180/4244/3268 2800/4240/2891 2801/4248/2893
f 3182/4257/3270 3181/4252/3269 2801/4248/2893 2802/4254/2895
f 3183/4262/3271 3182/4257/3270 2802/4254/2895 2803/4259/2897
f 3184/3858/3272 3183/3867/3271 2803/3859/2897 2804/3854/2899
f 3185/3857/3273 3184/3858/3272 2804/3854/2899 2805/3853/2901
f 3186/3868/3274 3185/3857/3273 2805/3853/2901 2806/3863/2903
f 3187/3879/3275 3186/3868/3274 2806/3863/2903 2807/3873/2905
f 3188/3888/3276 3187/3879/3275 2807/3873/2905 2808/3883/2907
f 3189/3895/3277 3188/3888/3276 2808/3883/2907 2809/3891/2909
f 3190/4269/3278 3189/4270/3277 2809/4266/2909 2810/4265/2911
f 3191/4277/3279 3190/4269/3278 2810/4265/2911 2811/4273/2913
f 3192/4282/3280 3191/4277/3279 2811/4273/2913 2812/4279/2915
f 3193/4287/3281 3192/4282/3280 2812/4279/2915 2813/4284/2917
f 3194/3839/3282 3193/3846/3281 2813/3840/2917 2814/3831/2919
f 3195/3830/3283 3194/3839/3282 2814/3831/2919 2815/3820/2921
f 3196/3818/3284 3195/3830/3283 2815/3820/2921 2816/3810/2923
f 3177/3809/3265 3196/3818/3284 2816/3810/2923 2797/3805/2886
g default
v 3.263995 0.017692 -0.000254
v 3.256025 0.033242 -0.000543
v 3.243638 0.045568 -0.000773
v 3.228048 0.053465 -0.000924
v 3.079772 0.053232 -0.000977
v 2.931497 0.052767 -0.001025
v 2.915944 0.044797 -0.000885
v 2.903616 0.032412 -0.000662
v 2.895718 0.016825 -0.000379
v 2.893025 -0.000440 -0.000064
v 2.895799 -0.017691 0.000254
v 2.903770 -0.033242 0.000542
v 2.916157 -0.045568 0.000773
v 2.931746 -0.053464 0.000924
v 3.080022 -0.053232 0.000976
v 3.228298 -0.052766 0.001025
v 3.243850 -0.044796 0.000884
v 3.256179 -0.032412 0.000662
v 3.264076 -0.016825 0.000379
v 3.266770 0.000440 0.000063
v 3.266587 0.018859 0.016989
v 3.258226 0.035171 0.016687
v 3.245233 0.048100 0.016445
v 3.228880 0.056383 0.016287
v 3.079760 0.056150 0.015986
v 2.930640 0.055681 0.016185
v 2.914326 0.047321 0.016333
v 2.901394 0.034331 0.016566
v 2.893110 0.017980 0.016863
v 2.890284 -0.000129 0.017194
v 2.893195 -0.018226 0.017527
v 2.901555 -0.034537 0.017829
v 2.914548 -0.047466 0.018072
v 2.930901 -0.055749 0.018230
v 3.080022 -0.055525 0.018035
v 3.229142 -0.055047 0.018331
v 3.245456 -0.046687 0.018184
v 3.258388 -0.033697 0.017950
v 3.266672 -0.017347 0.017654
v 3.269497 0.000763 0.017323
v 3.274121 0.021614 0.032516
v 3.264628 0.040134 0.032172
v 3.249876 0.054814 0.031898
v 3.231308 0.064218 0.031718
v 3.079736 0.063993 0.031192
v 2.928164 0.063505 0.031615
v 2.909641 0.054013 0.031782
v 2.894958 0.039264 0.032047
v 2.885552 0.020699 0.032384
v 2.882344 0.000137 0.032760
v 2.885649 -0.020409 0.033138
v 2.895142 -0.038929 0.033482
v 2.909894 -0.053609 0.033756
v 2.928461 -0.063013 0.033936
v 3.080034 -0.062805 0.033518
v 3.231605 -0.062300 0.034039
v 3.250128 -0.052809 0.033872
v 3.264812 -0.038059 0.033607
v 3.274217 -0.019494 0.033270
v 3.277425 0.001067 0.032894
v 3.285860 0.025686 0.044805
v 3.274604 0.047647 0.044398
v 3.257111 0.065054 0.044072
v 3.235095 0.076205 0.043859
v 3.079704 0.075992 0.043154
v 2.924313 0.075473 0.043753
v 2.902349 0.064219 0.043951
v 2.884939 0.046729 0.044266
v 2.873786 0.024716 0.044665
v 2.869982 0.000335 0.045111
v 2.873900 -0.024028 0.045559
v 2.885156 -0.045988 0.045967
v 2.902649 -0.063396 0.046293
v 2.924665 -0.074546 0.046506
v 3.080057 -0.074358 0.045912
v 3.235447 -0.073815 0.046611
v 3.257411 -0.062561 0.046413
v 3.274822 -0.045071 0.046099
v 3.285974 -0.023058 0.045699
v 3.289778 0.001323 0.045254
v 3.300655 0.030678 0.052655
v 3.287177 0.056973 0.052167
v 3.266231 0.077816 0.051777
v 3.239869 0.091169 0.051522
v 3.079666 0.090975 0.050701
v 2.919464 0.090415 0.051413
v 2.893164 0.076938 0.051650
v 2.872317 0.055996 0.052027
v 2.858962 0.029638 0.052505
v 2.854407 0.000444 0.053039
v 2.859099 -0.028729 0.053576
v 2.872577 -0.055024 0.054063
v 2.893523 -0.075867 0.054454
v 2.919885 -0.089219 0.054709
v 3.080089 -0.089054 0.054004
v 3.240290 -0.088465 0.054818
v 3.266590 -0.074989 0.054580
v 3.287437 -0.054047 0.054204
v 3.300792 -0.027689 0.053726
v 3.305347 0.001505 0.053192
v 3.317058 0.036100 0.055296
v 3.301116 0.067200 0.054720
v 3.276343 0.091852 0.054258
v 3.245163 0.107645 0.053956
v 3.079626 0.107474 0.053093
v 2.914090 0.106866 0.053844
v 2.882984 0.090926 0.054124
v 2.858327 0.066158 0.054569
v 2.842532 0.034983 0.055135
v 2.837145 0.000453 0.055767
v 2.842694 -0.034050 0.056402
v 2.858636 -0.065150 0.056978
v 2.883409 -0.089803 0.057440
v 2.914589 -0.105596 0.057742
v 3.080126 -0.105454 0.057000
v 3.245662 -0.104816 0.057854
v 3.276768 -0.088877 0.057573
v 3.301425 -0.064108 0.057128
v 3.317220 -0.032933 0.056563
v 3.322606 0.001596 0.055931
v 3.333462 0.041421 0.052470
v 3.315058 0.077327 0.051805
v 3.286458 0.105788 0.051272
v 3.250460 0.124021 0.050923
v 3.079589 0.123875 0.050097
v 2.908719 0.123217 0.050807
v 2.872807 0.104815 0.051131
v 2.844340 0.076219 0.051645
v 2.826105 0.040227 0.052298
v 2.819886 0.000363 0.053027
v 2.826292 -0.039472 0.053760
v 2.844696 -0.075377 0.054426
v 2.873296 -0.103839 0.054959
v 2.909294 -0.122072 0.055307
v 3.080166 -0.121953 0.054607
v 3.251035 -0.121267 0.055423
v 3.286947 -0.102866 0.055100
v 3.315414 -0.074269 0.054586
v 3.333649 -0.038278 0.053933
v 3.339868 0.001587 0.053204
v 3.348263 0.046121 0.044454
v 3.327637 0.086362 0.043708
v 3.295583 0.118260 0.043111
v 3.255240 0.138693 0.042720
v 3.079557 0.138571 0.042006
v 2.903875 0.137866 0.042601
v 2.863628 0.117243 0.042964
v 2.831724 0.085194 0.043540
v 2.811287 0.044857 0.044272
v 2.804317 0.000180 0.045089
v 2.811497 -0.044463 0.045911
v 2.832123 -0.084704 0.046657
v 2.864177 -0.116602 0.047254
v 2.904520 -0.137035 0.047644
v 3.080204 -0.136937 0.047060
v 3.255885 -0.136208 0.047764
v 3.296132 -0.115585 0.047401
v 3.328036 -0.083536 0.046825
v 3.348473 -0.043199 0.046093
v 3.355443 0.001478 0.045276
v 3.360012 0.049740 0.032033
v 3.337623 0.093421 0.031223
v 3.302829 0.128046 0.030574
v 3.259036 0.150227 0.030151
v 3.079534 0.150124 0.029612
v 2.900033 0.149382 0.030029
v 2.856345 0.126996 0.030423
v 2.821714 0.092207 0.031048
v 2.799530 0.048421 0.031843
v 2.791964 -0.000075 0.032729
v 2.799758 -0.048536 0.033621
v 2.822147 -0.092217 0.034431
v 2.856941 -0.126842 0.035080
v 2.900734 -0.149022 0.035503
v 3.080236 -0.148937 0.035099
v 3.259736 -0.148177 0.035625
v 3.303424 -0.125791 0.035231
v 3.338056 -0.091002 0.034606
v 3.360239 -0.047216 0.033811
v 3.367806 0.001280 0.032925
v 3.367558 0.051924 0.016422
v 3.344036 0.097813 0.015571
v 3.307482 0.134190 0.014889
v 3.261476 0.157492 0.014444
v 3.079522 0.157403 0.014128
v 2.897570 0.156635 0.014321
v 2.851673 0.133117 0.014735
v 2.815290 0.096569 0.015391
v 2.791985 0.050569 0.016226
v 2.784037 -0.000380 0.017158
v 2.792224 -0.051290 0.018095
v 2.815745 -0.097179 0.018946
v 2.852299 -0.133556 0.019627
v 2.898306 -0.156858 0.020072
v 3.080260 -0.156778 0.019892
v 3.262212 -0.156002 0.020196
v 3.308108 -0.132483 0.019782
v 3.344491 -0.095935 0.019125
v 3.367797 -0.049935 0.018290
v 3.375745 0.001013 0.017359
v 3.370162 0.052458 -0.000851
v 3.346251 0.099108 -0.001716
v 3.309091 0.136088 -0.002409
v 3.262321 0.159777 -0.002861
v 3.079522 0.159697 -0.002930
v 2.896726 0.158916 -0.002985
v 2.850067 0.135008 -0.002565
v 2.813081 0.097853 -0.001897
v 2.789390 0.051091 -0.001048
v 2.781309 -0.000703 -0.000101
v 2.789633 -0.052458 0.000851
v 2.813544 -0.099108 0.001716
v 2.850704 -0.136088 0.002409
v 2.897474 -0.159776 0.002861
v 3.080272 -0.159696 0.002930
v 3.263069 -0.158916 0.002985
v 3.309727 -0.135007 0.002565
v 3.346713 -0.097853 0.001897
v 3.370405 -0.051091 0.001048
v 3.378486 0.000703 0.000101
v 3.367571 0.051291 -0.018095
v 3.344049 0.097180 -0.018946
v 3.307496 0.133556 -0.019627
v 3.261489 0.156859 -0.020072
v 3.079535 0.156778 -0.019892
v 2.897583 0.156002 -0.020196
v 2.851686 0.132483 -0.019782
v 2.815304 0.095935 -0.019125
v 2.791998 0.049936 -0.018290
v 2.784050 -0.001013 -0.017359
v 2.792237 -0.051923 -0.016422
v 2.815759 -0.097813 -0.015571
v 2.852312 -0.134189 -0.014890
v 2.898319 -0.157491 -0.014445
v 3.080273 -0.157402 -0.014129
v 3.262225 -0.156635 -0.014321
v 3.308122 -0.133116 -0.014735
v 3.344504 -0.096568 -0.015391
v 3.367810 -0.050569 -0.016226
v 3.375758 0.000380 -0.017158
v 3.360037 0.048536 -0.033621
v 3.337648 0.092217 -0.034431
v 3.302854 0.126842 -0.035080
v 3.259061 0.149022 -0.035503
v 3.079559 0.148937 -0.035099
v 2.900058 0.148177 -0.035625
v 2.856370 0.125791 -0.035231
v 2.821739 0.091003 -0.034606
v 2.799555 0.047217 -0.033812
v 2.791989 -0.001280 -0.032925
v 2.799783 -0.049740 -0.032033
v 2.822172 -0.093421 -0.031223
v 2.856966 -0.128046 -0.030575
v 2.900759 -0.150226 -0.030151
v 3.080261 -0.150124 -0.029612
v 3.259761 -0.149381 -0.030029
v 3.303450 -0.126995 -0.030423
v 3.338081 -0.092207 -0.031048
v 3.360265 -0.048421 -0.031843
v 3.367831 0.000076 -0.032729
v 3.348298 0.044464 -0.045911
v 3.327672 0.084704 -0.046657
v 3.295618 0.116602 -0.047254
v 3.255275 0.137035 -0.047644
v 3.079591 0.136937 -0.047061
v 2.903909 0.136208 -0.047764
v 2.863662 0.115585 -0.047401
v 2.831759 0.083537 -0.046825
v 2.811322 0.043200 -0.046093
v 2.804352 -0.001477 -0.045276
v 2.811532 -0.046121 -0.044454
v 2.832158 -0.086361 -0.043708
v 2.864211 -0.118259 -0.043111
v 2.904555 -0.138693 -0.042720
v 3.080238 -0.138570 -0.042006
v 3.255920 -0.137866 -0.042601
v 3.296167 -0.117243 -0.042964
v 3.328070 -0.085194 -0.043540
v 3.348507 -0.044857 -0.044272
v 3.355478 -0.000180 -0.045089
v 3.333503 0.039472 -0.053761
v 3.315099 0.075378 -0.054426
v 3.286498 0.103840 -0.054959
v 3.250500 0.122072 -0.055308
v 3.079629 0.121954 -0.054607
v 2.908759 0.121268 -0.055424
v 2.872847 0.102866 -0.055100
v 2.844381 0.074270 -0.054586
v 2.826146 0.038278 -0.053933
v 2.819926 -0.001586 -0.053204
v 2.826333 -0.041421 -0.052471
v 2.844736 -0.077326 -0.051805
v 2.873337 -0.105788 -0.051272
v 2.909335 -0.124020 -0.050924
v 3.080206 -0.123874 -0.050098
v 3.251076 -0.123216 -0.050808
v 3.286988 -0.104814 -0.051131
v 3.315455 -0.076218 -0.051645
v 3.333690 -0.040227 -0.052298
v 3.339909 -0.000362 -0.053027
v 3.317101 0.034051 -0.056402
v 3.301159 0.065151 -0.056978
v 3.276386 0.089803 -0.057440
v 3.245206 0.105596 -0.057742
v 3.079668 0.105454 -0.057000
v 2.914133 0.104817 -0.057854
v 2.883027 0.088877 -0.057574
v 2.858370 0.064109 -0.057129
v 2.842575 0.032934 -0.056563
v 2.837188 -0.001596 -0.055931
v 2.842737 -0.036099 -0.055296
v 2.858679 -0.067199 -0.054720
v 2.883451 -0.091852 -0.054258
v 2.914631 -0.107645 -0.053956
v 3.080168 -0.107474 -0.053094
v 3.245705 -0.106865 -0.053844
v 3.276810 -0.090926 -0.054125
v 3.301467 -0.066157 -0.054569
v 3.317262 -0.034982 -0.055135
v 3.322649 -0.000453 -0.055767
v 3.300696 0.028729 -0.053576
v 3.287217 0.055024 -0.054064
v 3.266272 0.075868 -0.054454
v 3.239909 0.089220 -0.054709
v 3.079706 0.089054 -0.054004
v 2.919504 0.088466 -0.054818
v 2.893205 0.074989 -0.054581
v 2.872357 0.054048 -0.054204
v 2.859003 0.027689 -0.053726
v 2.854448 -0.001505 -0.053192
v 2.859140 -0.030677 -0.052655
v 2.872618 -0.056972 -0.052168
v 2.893564 -0.077816 -0.051777
v 2.919926 -0.091168 -0.051522
v 3.080129 -0.090975 -0.050701
v 3.240331 -0.090414 -0.051414
v 3.266631 -0.076938 -0.051651
v 3.287478 -0.055996 -0.052027
v 3.300833 -0.029638 -0.052505
v 3.305387 -0.000443 -0.053039
v 3.285895 0.024029 -0.045560
v 3.274638 0.045989 -0.045967
v 3.257146 0.063396 -0.046293
v 3.235129 0.074547 -0.046506
v 3.079738 0.074359 -0.045913
v 2.924348 0.073815 -0.046611
v 2.902384 0.062561 -0.046413
v 2.884973 0.045072 -0.046099
v 2.873820 0.023059 -0.045700
v 2.870017 -0.001323 -0.045254
v 2.873935 -0.025686 -0.044805
v 2.885191 -0.047646 -0.044398
v 2.902683 -0.065054 -0.044072
v 2.924700 -0.076204 -0.043859
v 3.080091 -0.075992 -0.043154
v 3.235482 -0.075473 -0.043754
v 3.257445 -0.064218 -0.043952
v 3.274856 -0.046729 -0.044266
v 3.286009 -0.024716 -0.044665
v 3.289812 -0.000335 -0.045111
v 3.274146 0.020410 -0.033138
v 3.264653 0.038930 -0.033482
v 3.249901 0.053610 -0.033757
v 3.231334 0.063014 -0.033936
v 3.079761 0.062805 -0.033519
v 2.928189 0.062300 -0.034039
v 2.909666 0.052809 -0.033872
v 2.894983 0.038059 -0.033607
v 2.885577 0.019495 -0.033270
v 2.882369 -0.001067 -0.032894
v 2.885674 -0.021613 -0.032516
v 2.895167 -0.040133 -0.032173
v 2.909919 -0.054814 -0.031898
v 2.928486 -0.064218 -0.031718
v 3.080059 -0.063992 -0.031192
v 3.231631 -0.063504 -0.031615
v 3.250154 -0.054013 -0.031782
v 3.264837 -0.039263 -0.032047
v 3.274242 -0.020699 -0.032384
v 3.277450 -0.000137 -0.032760
v 3.266600 0.018226 -0.017527
v 3.258239 0.034537 -0.017830
v 3.245247 0.047467 -0.018072
v 3.228893 0.055749 -0.018230
v 3.079773 0.055526 -0.018035
v 2.930653 0.055047 -0.018331
v 2.914339 0.046688 -0.018184
v 2.901407 0.033697 -0.017951
v 2.893123 0.017347 -0.017654
v 2.890298 -0.000763 -0.017323
v 2.893208 -0.018859 -0.016990
v 2.901569 -0.035170 -0.016687
v 2.914561 -0.048099 -0.016445
v 2.930914 -0.056382 -0.016287
v 3.080035 -0.056149 -0.015986
v 3.229155 -0.055680 -0.016186
v 3.245469 -0.047321 -0.016333
v 3.258401 -0.034330 -0.016566
v 3.266685 -0.017980 -0.016863
v 3.269510 0.000130 -0.017194
vt 0.523405 0.787477
vt 0.523405 0.768690
vt 0.544231 0.769709
vt 0.544231 0.789416
vt 0.502579 0.789416
vt 0.502579 0.769709
vt 0.523405 0.747863
vt 0.544231 0.747863
vt 0.563019 0.772667
vt 0.563019 0.795043
vt 0.523405 0.802387
vt 0.544231 0.805056
vt 0.483791 0.795043
vt 0.483791 0.772667
vt 0.502579 0.747863
vt 0.502579 0.805056
vt 0.523405 0.727037
vt 0.544231 0.726018
vt 0.563019 0.747863
vt 0.577929 0.777274
vt 0.577929 0.803807
vt 0.563019 0.812800
vt 0.468881 0.803807
vt 0.468881 0.777274
vt 0.483791 0.747863
vt 0.483791 0.812800
vt 0.502579 0.726018
vt 0.523405 0.708249
vt 0.544231 0.706311
vt 0.563019 0.723060
vt 0.577929 0.747863
vt 0.577929 0.824863
vt 0.468881 0.747863
vt 0.468881 0.824863
vt 0.483791 0.723060
vt 0.502579 0.706311
vt 0.523405 0.693340
vt 0.544231 0.690671
vt 0.563019 0.700684
vt 0.577929 0.718452
vt 0.468881 0.718452
vt 0.483791 0.700684
vt 0.502579 0.690671
vt 0.563019 0.682927
vt 0.577929 0.691920
vt 0.468881 0.691920
vt 0.483791 0.682927
vt 0.577929 0.670864
vt 0.468881 0.670864
vt 0.408342 0.727037
vt 0.408342 0.708249
vt 0.429168 0.706311
vt 0.429168 0.726018
vt 0.387516 0.726018
vt 0.387516 0.706311
vt 0.408342 0.693340
vt 0.429168 0.690671
vt 0.447956 0.700684
vt 0.447956 0.723060
vt 0.408342 0.747863
vt 0.429168 0.747863
vt 0.368728 0.723060
vt 0.368728 0.700684
vt 0.387516 0.690671
vt 0.387516 0.747863
vt 0.447956 0.682927
vt 0.462866 0.691920
vt 0.462866 0.718452
vt 0.447956 0.747863
vt 0.408342 0.768690
vt 0.429168 0.769709
vt 0.353818 0.718452
vt 0.353818 0.691920
vt 0.368728 0.682927
vt 0.368728 0.747863
vt 0.387516 0.769709
vt 0.462866 0.670864
vt 0.462866 0.747863
vt 0.447956 0.772667
vt 0.408342 0.787477
vt 0.429168 0.789416
vt 0.353818 0.670864
vt 0.353818 0.747863
vt 0.368728 0.772667
vt 0.387516 0.789416
vt 0.462866 0.777275
vt 0.447956 0.795043
vt 0.408342 0.802387
vt 0.429168 0.805056
vt 0.353818 0.777275
vt 0.368728 0.795043
vt 0.387516 0.805056
vt 0.462866 0.803807
vt 0.447956 0.812800
vt 0.353818 0.803807
vt 0.368728 0.812800
vt 0.462866 0.824863
vt 0.353818 0.824863
vt 0.793145 0.723159
vt 0.793145 0.775935
vt 0.774357 0.772977
vt 0.774357 0.717533
vt 0.808054 0.731924
vt 0.808054 0.780542
vt 0.793145 0.834436
vt 0.774357 0.834436
vt 0.753531 0.771957
vt 0.753531 0.715595
vt 0.793145 0.681277
vt 0.774357 0.673533
vt 0.808054 0.834436
vt 0.808054 0.693340
vt 0.793145 0.892937
vt 0.774357 0.895895
vt 0.753531 0.834436
vt 0.732704 0.772977
vt 0.732704 0.717533
vt 0.753531 0.670864
vt 0.808054 0.888330
vt 0.793145 0.945712
vt 0.774357 0.951339
vt 0.753531 0.896915
vt 0.732704 0.834436
vt 0.713917 0.775935
vt 0.713917 0.723159
vt 0.732704 0.673533
vt 0.808054 0.936948
vt 0.793145 0.987595
vt 0.774357 0.995339
vt 0.753531 0.953277
vt 0.732704 0.895895
vt 0.713917 0.834436
vt 0.699007 0.780542
vt 0.699007 0.731924
vt 0.713917 0.681277
vt 0.808054 0.975532
vt 0.753531 0.998008
vt 0.732704 0.951339
vt 0.713917 0.892937
vt 0.699007 0.834436
vt 0.699007 0.693340
vt 0.732704 0.995339
vt 0.713917 0.945712
vt 0.699007 0.888330
vt 0.713917 0.987595
vt 0.699007 0.936948
vt 0.699007 0.975532
vt 0.678082 0.892937
vt 0.678082 0.945712
vt 0.659294 0.951338
vt 0.659294 0.895895
vt 0.692992 0.888330
vt 0.692992 0.936948
vt 0.678082 0.987595
vt 0.659294 0.995339
vt 0.638468 0.953277
vt 0.638468 0.896914
vt 0.678082 0.834436
vt 0.659294 0.834436
vt 0.692992 0.975532
vt 0.692992 0.834436
vt 0.638468 0.998008
vt 0.617642 0.951338
vt 0.617642 0.895895
vt 0.638468 0.834436
vt 0.678082 0.775935
vt 0.659294 0.772977
vt 0.692992 0.780542
vt 0.617642 0.995339
vt 0.598854 0.945712
vt 0.598854 0.892937
vt 0.617642 0.834436
vt 0.638468 0.771957
vt 0.678082 0.723159
vt 0.659294 0.717533
vt 0.692992 0.731924
vt 0.598854 0.987595
vt 0.583944 0.936948
vt 0.583944 0.888330
vt 0.598854 0.834436
vt 0.617642 0.772977
vt 0.638468 0.715594
vt 0.678082 0.681277
vt 0.659294 0.673533
vt 0.692992 0.693340
vt 0.583944 0.975532
vt 0.583944 0.834436
vt 0.598854 0.775935
vt 0.617642 0.717533
vt 0.638468 0.670864
vt 0.583944 0.780542
vt 0.598854 0.723159
vt 0.617642 0.673533
vt 0.583944 0.731924
vt 0.598854 0.681277
vt 0.583944 0.693340
vt 0.238342 0.099397
vt 0.211810 0.085878
vt 0.217616 0.068010
vt 0.249385 0.084198
vt 0.182399 0.081220
vt 0.182399 0.062432
vt 0.224051 0.048203
vt 0.261627 0.067349
vt 0.259398 0.120453
vt 0.274597 0.109410
vt 0.152988 0.085878
vt 0.147182 0.068010
vt 0.182399 0.041606
vt 0.230487 0.028396
vt 0.273868 0.050500
vt 0.291446 0.097168
vt 0.272916 0.146985
vt 0.290785 0.141180
vt 0.126455 0.099397
vt 0.115412 0.084198
vt 0.140746 0.048203
vt 0.182399 0.020780
vt 0.236292 0.010528
vt 0.284911 0.035300
vt 0.308295 0.084927
vt 0.310592 0.134744
vt 0.258736 0.151593
vt 0.247336 0.129217
vt 0.273116 0.334471
vt 0.291024 0.334471
vt 0.105399 0.120453
vt 0.090200 0.109410
vt 0.103171 0.067349
vt 0.134310 0.028397
vt 0.182399 0.001992
vt 0.323494 0.073884
vt 0.330399 0.128308
vt 0.310874 0.334471
vt 0.258905 0.334471
vt 0.272916 0.521957
vt 0.290785 0.527763
vt 0.091881 0.146985
vt 0.074012 0.141180
vt 0.073351 0.097168
vt 0.090930 0.050500
vt 0.128505 0.010528
vt 0.348267 0.122502
vt 0.330725 0.334471
vt 0.310592 0.534199
vt 0.258736 0.517350
vt 0.259398 0.548489
vt 0.274597 0.559532
vt 0.117462 0.129217
vt 0.106061 0.151593
vt 0.091681 0.334471
vt 0.073774 0.334471
vt 0.054205 0.134744
vt 0.056502 0.084927
vt 0.079887 0.035301
vt 0.335557 0.065120
vt 0.362448 0.117895
vt 0.348633 0.334471
vt 0.330399 0.540634
vt 0.291446 0.571774
vt 0.247336 0.539725
vt 0.238342 0.569546
vt 0.249385 0.584745
vt 0.105892 0.334471
vt 0.091881 0.521957
vt 0.074012 0.527763
vt 0.053923 0.334471
vt 0.034398 0.128308
vt 0.041303 0.073884
vt 0.362844 0.334471
vt 0.348267 0.546440
vt 0.308295 0.584015
vt 0.261627 0.601594
vt 0.211810 0.583064
vt 0.217616 0.600933
vt 0.106061 0.517350
vt 0.105399 0.548489
vt 0.090200 0.559532
vt 0.054205 0.534199
vt 0.034073 0.334471
vt 0.016531 0.122502
vt 0.362448 0.551048
vt 0.323494 0.595058
vt 0.273868 0.618443
vt 0.224051 0.620739
vt 0.182399 0.587722
vt 0.182399 0.606510
vt 0.117462 0.539725
vt 0.126455 0.569546
vt 0.115412 0.584745
vt 0.073351 0.571774
vt 0.034398 0.540634
vt 0.016165 0.334471
vt 0.002350 0.117895
vt 0.029240 0.065120
vt 0.335557 0.603822
vt 0.284911 0.633642
vt 0.230487 0.640546
vt 0.182399 0.627337
vt 0.152988 0.583064
vt 0.147182 0.600933
vt 0.103171 0.601593
vt 0.056502 0.584015
vt 0.016531 0.546440
vt 0.001953 0.334471
vt 0.236292 0.658414
vt 0.182399 0.648162
vt 0.140746 0.620739
vt 0.090930 0.618443
vt 0.041303 0.595058
vt 0.002350 0.551048
vt 0.182399 0.666950
vt 0.134310 0.640546
vt 0.079887 0.633642
vt 0.029240 0.603822
vt 0.128505 0.658414
vt 0.446978 0.035300
vt 0.495596 0.010528
vt 0.501401 0.028396
vt 0.458021 0.050500
vt 0.549490 0.001992
vt 0.549490 0.020780
vt 0.507837 0.048203
vt 0.470262 0.067349
vt 0.408394 0.073884
vt 0.423593 0.084927
vt 0.603383 0.010528
vt 0.597578 0.028397
vt 0.549490 0.041606
vt 0.514273 0.068010
vt 0.482503 0.084198
vt 0.440442 0.097168
vt 0.383622 0.122502
vt 0.401489 0.128308
vt 0.652002 0.035301
vt 0.640959 0.050500
vt 0.591142 0.048203
vt 0.549490 0.062432
vt 0.520079 0.085878
vt 0.493546 0.099397
vt 0.457291 0.109410
vt 0.421296 0.134744
vt 0.369441 0.117895
vt 0.396331 0.065120
vt 0.383256 0.334471
vt 0.401164 0.334471
vt 0.690585 0.073884
vt 0.675386 0.084927
vt 0.628718 0.067349
vt 0.584707 0.068010
vt 0.549490 0.081220
vt 0.472490 0.120453
vt 0.441103 0.141180
vt 0.421014 0.334471
vt 0.369044 0.334471
vt 0.383622 0.546440
vt 0.401489 0.540634
vt 0.715358 0.122502
vt 0.697490 0.128308
vt 0.658537 0.097168
vt 0.616476 0.084198
vt 0.578901 0.085878
vt 0.458972 0.146985
vt 0.440865 0.334471
vt 0.421296 0.534199
vt 0.369441 0.551048
vt 0.408394 0.595058
vt 0.423593 0.584015
vt 0.702648 0.065120
vt 0.729539 0.117895
vt 0.715724 0.334471
vt 0.697816 0.334471
vt 0.677683 0.134744
vt 0.641688 0.109410
vt 0.605433 0.099397
vt 0.484553 0.129217
vt 0.473152 0.151593
vt 0.458772 0.334471
vt 0.441103 0.527763
vt 0.440442 0.571774
vt 0.396331 0.603823
vt 0.446978 0.633642
vt 0.458021 0.618443
vt 0.729935 0.334471
vt 0.715358 0.546440
vt 0.697490 0.540634
vt 0.677965 0.334471
vt 0.657876 0.141180
vt 0.626489 0.120453
vt 0.472984 0.334471
vt 0.458972 0.521957
vt 0.457291 0.559532
vt 0.470262 0.601594
vt 0.495596 0.658414
vt 0.501401 0.640546
vt 0.729539 0.551048
vt 0.690585 0.595058
vt 0.675386 0.584015
vt 0.677683 0.534199
vt 0.658114 0.334471
vt 0.640008 0.146985
vt 0.473152 0.517350
vt 0.472490 0.548489
vt 0.482503 0.584745
vt 0.507837 0.620739
vt 0.549490 0.666950
vt 0.549490 0.648162
vt 0.702648 0.603823
vt 0.652002 0.633642
vt 0.640959 0.618443
vt 0.658537 0.571774
vt 0.657876 0.527763
vt 0.640207 0.334471
vt 0.625827 0.151593
vt 0.614427 0.129217
vt 0.484553 0.539726
vt 0.493546 0.569545
vt 0.514273 0.600933
vt 0.549490 0.627337
vt 0.603383 0.658414
vt 0.597578 0.640546
vt 0.628718 0.601593
vt 0.641688 0.559532
vt 0.640008 0.521957
vt 0.625996 0.334471
vt 0.520079 0.583064
vt 0.549490 0.606510
vt 0.591142 0.620739
vt 0.616476 0.584745
vt 0.626489 0.548489
vt 0.625827 0.517350
vt 0.549490 0.587722
vt 0.584707 0.600933
vt 0.605433 0.569545
vt 0.614427 0.539726
vt 0.578901 0.583064
vt 0.938927 0.586091
vt 0.938927 0.567304
vt 0.959754 0.565365
vt 0.959754 0.585072
vt 0.918101 0.585072
vt 0.918101 0.565365
vt 0.978541 0.559738
vt 0.978541 0.582114
vt 0.938927 0.764992
vt 0.959455 0.764992
vt 0.899313 0.582114
vt 0.899313 0.559738
vt 0.918400 0.764992
vt 0.977972 0.764992
vt 0.938927 0.943894
vt 0.959754 0.944913
vt 0.899883 0.764992
vt 0.918101 0.944913
vt 0.978541 0.947871
vt 0.938927 0.962681
vt 0.959754 0.964620
vt 0.899313 0.947871
vt 0.918101 0.964620
vt 0.978541 0.970247
vt 0.899313 0.970247
vt 0.853684 0.943894
vt 0.853684 0.962681
vt 0.832858 0.964620
vt 0.832858 0.944913
vt 0.874510 0.944913
vt 0.874510 0.964620
vt 0.814070 0.970247
vt 0.814070 0.947871
vt 0.853684 0.764993
vt 0.833157 0.764993
vt 0.893298 0.947871
vt 0.893298 0.970247
vt 0.874211 0.764993
vt 0.814639 0.764992
vt 0.853684 0.586091
vt 0.832858 0.585072
vt 0.892729 0.764993
vt 0.874510 0.585072
vt 0.814070 0.582114
vt 0.853684 0.567304
vt 0.832858 0.565365
vt 0.893298 0.582114
vt 0.874510 0.565365
vt 0.814070 0.559738
vt 0.893298 0.559738
vt 0.737855 0.062332
vt 0.737855 0.009557
vt 0.756643 0.003931
vt 0.756643 0.059374
vt 0.777469 0.001992
vt 0.777469 0.058355
vt 0.738424 0.278908
vt 0.756942 0.278908
vt 0.798295 0.003931
vt 0.798295 0.059374
vt 0.777469 0.278908
vt 0.737855 0.495485
vt 0.756643 0.498443
vt 0.817083 0.009557
vt 0.817083 0.062332
vt 0.797996 0.278908
vt 0.777469 0.499462
vt 0.737855 0.548260
vt 0.756643 0.553886
vt 0.816514 0.278908
vt 0.798295 0.498443
vt 0.777469 0.555825
vt 0.817083 0.495485
vt 0.798295 0.553886
vt 0.817083 0.548260
vt 0.903075 0.495485
vt 0.903075 0.548260
vt 0.884287 0.553886
vt 0.884287 0.498442
vt 0.863461 0.555824
vt 0.863461 0.499462
vt 0.902506 0.278908
vt 0.883988 0.278908
vt 0.842635 0.553886
vt 0.842635 0.498442
vt 0.863461 0.278908
vt 0.903075 0.062332
vt 0.884287 0.059374
vt 0.823847 0.548260
vt 0.823847 0.495485
vt 0.842934 0.278908
vt 0.863461 0.058355
vt 0.903075 0.009557
vt 0.884287 0.003931
vt 0.824416 0.278908
vt 0.842635 0.059374
vt 0.863461 0.001992
vt 0.823847 0.062332
vt 0.842635 0.003931
vt 0.823847 0.009557
vn -0.807633 -0.589592 0.010509
vn -0.950329 -0.311201 0.005349
vn -0.900416 -0.288944 0.325211
vn -0.765232 -0.552678 0.330100
vn -0.585884 -0.810263 0.014641
vn -0.555159 -0.761730 0.334015
vn -0.047468 -0.998705 0.018305
vn -0.047468 -0.943331 0.328441
vn 0.002347 -0.999829 0.018344
vn 0.002126 -0.948859 0.315692
vn 0.052157 -0.998471 0.018338
vn 0.051685 -0.943098 0.328475
vn 0.589683 -0.807495 0.015041
vn 0.558512 -0.759108 0.334393
vn 0.810392 -0.585784 0.011059
vn 0.767602 -0.549068 0.330622
vn 0.951779 -0.306726 0.005992
vn 0.901545 -0.284703 0.325823
vn 0.999997 0.002354 0.000339
vn 0.947224 0.008103 0.320470
vn 0.950328 0.311204 -0.005345
vn 0.900170 0.300693 0.315084
vn 0.807632 0.589593 -0.010507
vn 0.764987 0.564423 0.310195
vn 0.585887 0.810261 -0.014638
vn 0.554918 0.773473 0.306278
vn 0.047468 0.998705 -0.018299
vn 0.047229 0.954743 0.293658
vn -0.002347 0.999829 -0.018339
vn -0.002354 0.959799 0.280677
vn -0.052157 0.998471 -0.018333
vn -0.051923 0.954509 0.293625
vn -0.589683 0.807495 -0.015036
vn -0.558759 0.770853 0.305900
vn -0.810393 0.585783 -0.011053
vn -0.767847 0.560815 0.309674
vn -0.951779 0.306726 -0.005988
vn -0.901790 0.296450 0.314472
vn -0.999997 -0.002351 -0.000337
vn -0.947470 0.003646 0.319825
vn -0.757251 -0.236810 0.608680
vn -0.643579 -0.458571 0.612796
vn -0.466935 -0.634358 0.616086
vn -0.045782 -0.792448 0.608219
vn 0.001704 -0.808884 0.587966
vn 0.049099 -0.792225 0.608251
vn 0.469498 -0.632153 0.616404
vn 0.645316 -0.455537 0.613232
vn 0.757945 -0.233244 0.609193
vn 0.796356 0.012963 0.604689
vn 0.756789 0.258987 0.600164
vn 0.643118 0.480745 0.596057
vn 0.466474 0.656533 0.592762
vn 0.045327 0.814224 0.578778
vn -0.002143 0.829906 0.557899
vn -0.049553 0.814001 0.578746
vn -0.469962 0.654329 0.592444
vn -0.645777 0.477712 0.595620
vn -0.758405 0.255419 0.599652
vn -0.796817 0.009214 0.604150
vn -0.538565 -0.161141 0.827031
vn -0.457746 -0.318819 0.829953
vn -0.332149 -0.443806 0.832294
vn -0.039107 -0.558634 0.828492
vn 0.001107 -0.587081 0.809528
vn 0.041174 -0.558445 0.828519
vn 0.333671 -0.442239 0.832519
vn 0.458680 -0.316662 0.830264
vn 0.538757 -0.158606 0.827396
vn 0.566066 0.016449 0.824196
vn 0.537935 0.191374 0.820976
vn 0.457117 0.349051 0.818051
vn 0.331519 0.474038 0.815710
vn 0.038481 0.588646 0.807475
vn -0.001718 0.616377 0.787449
vn -0.041800 0.588457 0.807447
vn -0.334301 0.472471 0.815484
vn -0.459310 0.346895 0.817740
vn -0.539388 0.188838 0.820610
vn -0.566696 0.013783 0.823811
vn -0.268382 -0.070170 0.960754
vn -0.228141 -0.148684 0.962208
vn -0.165602 -0.210918 0.963374
vn -0.024616 -0.265961 0.963670
vn 0.000383 -0.300337 0.953833
vn 0.025213 -0.265844 0.963686
vn 0.165939 -0.210138 0.963487
vn 0.228185 -0.147610 0.962363
vn 0.268058 -0.068907 0.960935
vn 0.281656 0.018261 0.959342
vn 0.267649 0.105364 0.957738
vn 0.227408 0.183878 0.956282
vn 0.164868 0.246113 0.955116
vn 0.023882 0.301127 0.953285
vn -0.001109 0.335119 0.942175
vn -0.025947 0.301010 0.953268
vn -0.166672 0.245332 0.955004
vn -0.228919 0.182804 0.956127
vn -0.268792 0.104102 0.957556
vn -0.282390 0.016934 0.959150
vn 0.025901 0.026941 0.999301
vn 0.021953 0.034640 0.999159
vn 0.015821 0.040742 0.999045
vn -0.001977 0.052137 0.998638
vn -0.000391 0.021915 0.999760
vn 0.001054 0.052144 0.998639
vn -0.016690 0.040666 0.999033
vn -0.022795 0.034535 0.999144
vn -0.026705 0.026817 0.999284
vn -0.028039 0.018269 0.999440
vn -0.026665 0.009728 0.999597
vn -0.022718 0.002029 0.999740
vn -0.016585 -0.004073 0.999854
vn 0.001213 -0.015475 0.999880
vn -0.000374 0.014768 0.999891
vn -0.001819 -0.015482 0.999879
vn 0.015926 -0.003997 0.999865
vn 0.022030 0.002134 0.999755
vn 0.025941 0.009852 0.999615
vn 0.027274 0.018399 0.999459
vn 0.315735 0.120808 0.941125
vn 0.268272 0.213404 0.939409
vn 0.194514 0.286802 0.938035
vn 0.026198 0.360053 0.932564
vn -0.001122 0.341317 0.939948
vn -0.028526 0.359924 0.932545
vn -0.196500 0.285883 0.937901
vn -0.269913 0.212137 0.939226
vn -0.316937 0.119319 0.940911
vn -0.332973 0.016514 0.942792
vn -0.316454 -0.086214 0.944682
vn -0.268994 -0.178809 0.946398
vn -0.195236 -0.252208 0.947773
vn -0.026916 -0.325608 0.945122
vn 0.000399 -0.306613 0.951834
vn 0.027807 -0.325479 0.945140
vn 0.195778 -0.251288 0.947906
vn 0.269191 -0.177543 0.946581
vn 0.316215 -0.084725 0.944897
vn 0.332253 0.018079 0.943017
vn 0.573824 0.202625 0.793517
vn 0.487617 0.370806 0.790400
vn 0.353649 0.504123 0.787904
vn 0.055367 0.627036 0.777020
vn -0.001727 0.620414 0.784272
vn -0.058845 0.626767 0.776981
vn -0.356554 0.502451 0.787663
vn -0.489893 0.368505 0.790069
vn -0.575308 0.199920 0.793128
vn -0.604437 0.013194 0.796543
vn -0.574432 -0.173393 0.799977
vn -0.488226 -0.341575 0.803095
vn -0.354259 -0.474891 0.805592
vn -0.055970 -0.598116 0.799453
vn 0.001118 -0.591232 0.806501
vn 0.058242 -0.597847 0.799491
vn 0.355944 -0.473220 0.805833
vn 0.489283 -0.339273 0.803427
vn 0.574698 -0.170688 0.800367
vn 0.603829 0.016037 0.796952
vn 0.776585 0.264944 0.571595
vn 0.659946 0.492497 0.567378
vn 0.478685 0.672873 0.564005
vn 0.080548 0.830465 0.551217
vn -0.002146 0.831765 0.555124
vn -0.084831 0.830076 0.551161
vn -0.482230 0.670610 0.563680
vn -0.662640 0.489383 0.566932
vn -0.778210 0.261285 0.571069
vn -0.817626 0.008642 0.575685
vn -0.777024 -0.243813 0.580335
vn -0.660385 -0.471365 0.584557
vn -0.479126 -0.651741 0.587939
vn -0.080982 -0.809690 0.581243
vn 0.001710 -0.810845 0.585259
vn 0.084398 -0.809301 0.581299
vn 0.481790 -0.649479 0.588265
vn 0.662200 -0.468252 0.585005
vn 0.777770 -0.240153 0.580862
vn 0.817186 0.012490 0.576239
vn 0.905873 0.302217 0.296749
vn 0.769838 0.567615 0.291828
vn 0.558435 0.777990 0.287893
vn 0.097535 0.955603 0.278045
vn -0.002355 0.960245 0.279148
vn -0.102221 0.955133 0.277977
vn -0.562287 0.775352 0.287511
vn -0.772700 0.563984 0.291301
vn -0.907486 0.297950 0.296132
vn -0.953454 0.003293 0.301521
vn -0.906103 -0.291144 0.306939
vn -0.770069 -0.556540 0.311859
vn -0.558666 -0.766915 0.315806
vn -0.097761 -0.944764 0.312832
vn 0.002128 -0.949361 0.314180
vn 0.101996 -0.944294 0.312898
vn 0.562056 -0.764278 0.316186
vn 0.772468 -0.552910 0.312384
vn 0.907255 -0.286875 0.307556
vn 0.953222 0.007781 0.302169
vn 0.950329 0.311201 -0.005345
vn 0.807638 0.589585 -0.010507
vn 0.585891 0.810257 -0.014640
vn 0.103591 0.994453 -0.018203
vn -0.002347 0.999829 -0.018342
vn -0.108259 0.993955 -0.018275
vn -0.589689 0.807490 -0.015039
vn -0.810396 0.585778 -0.011056
vn -0.951779 0.306725 -0.005991
vn -0.999997 -0.002354 -0.000339
vn -0.950329 -0.311203 0.005345
vn -0.807637 -0.589587 0.010507
vn -0.585891 -0.810258 0.014640
vn -0.103591 -0.994453 0.018203
vn 0.002347 -0.999829 0.018342
vn 0.108259 -0.993955 0.018275
vn 0.589688 -0.807491 0.015039
vn 0.810397 -0.585777 0.011056
vn 0.951780 -0.306724 0.005991
vn 0.999997 0.002354 0.000339
vn 0.906103 0.291143 -0.306940
vn 0.770069 0.556540 -0.311861
vn 0.558666 0.766915 -0.315807
vn 0.097761 0.944764 -0.312832
vn -0.002128 0.949361 -0.314180
vn -0.101995 0.944294 -0.312899
vn -0.562056 0.764277 -0.316185
vn -0.772469 0.552910 -0.312382
vn -0.907256 0.286876 -0.307554
vn -0.953223 -0.007781 -0.302168
vn -0.905873 -0.302218 -0.296747
vn -0.769838 -0.567615 -0.291826
vn -0.558435 -0.777990 -0.287892
vn -0.097535 -0.955603 -0.278045
vn 0.002355 -0.960246 -0.279147
vn 0.102222 -0.955134 -0.277975
vn 0.562287 -0.775352 -0.287512
vn 0.772699 -0.563984 -0.291304
vn 0.907486 -0.297950 -0.296133
vn 0.953454 -0.003293 -0.301522
vn 0.777026 0.243812 -0.580333
vn 0.660387 0.471365 -0.584554
vn 0.479126 0.651742 -0.587938
vn 0.080982 0.809691 -0.581243
vn -0.001710 0.810845 -0.585259
vn -0.084398 0.809301 -0.581299
vn -0.481790 0.649479 -0.588265
vn -0.662200 0.468251 -0.585006
vn -0.777769 0.240153 -0.580863
vn -0.817185 -0.012490 -0.576240
vn -0.776583 -0.264944 -0.571597
vn -0.659945 -0.492497 -0.567380
vn -0.478685 -0.672873 -0.564006
vn -0.080548 -0.830465 -0.551217
vn 0.002146 -0.831765 -0.555124
vn 0.084831 -0.830076 -0.551161
vn 0.482230 -0.670611 -0.563680
vn 0.662641 -0.489383 -0.566931
vn 0.778210 -0.261285 -0.571069
vn 0.817626 -0.008642 -0.575684
vn 0.574434 0.173393 -0.799976
vn 0.488226 0.341574 -0.803095
vn 0.354259 0.474891 -0.805593
vn 0.055970 0.598116 -0.799452
vn -0.001118 0.591232 -0.806501
vn -0.058242 0.597847 -0.799491
vn -0.355944 0.473219 -0.805834
vn -0.489283 0.339273 -0.803428
vn -0.574698 0.170688 -0.800367
vn -0.603827 -0.016038 -0.796954
vn -0.573822 -0.202625 -0.793519
vn -0.487617 -0.370807 -0.790400
vn -0.353649 -0.504124 -0.787903
vn -0.055367 -0.627036 -0.777020
vn 0.001727 -0.620414 -0.784272
vn 0.058845 -0.626767 -0.776981
vn 0.356553 -0.502452 -0.787663
vn 0.489893 -0.368505 -0.790069
vn 0.575308 -0.199920 -0.793129
vn 0.604439 -0.013195 -0.796542
vn 0.316457 0.086214 -0.944681
vn 0.268994 0.178810 -0.946398
vn 0.195236 0.252208 -0.947773
vn 0.026916 0.325609 -0.945122
vn -0.000399 0.306614 -0.951834
vn -0.027807 0.325480 -0.945140
vn -0.195779 0.251289 -0.947905
vn -0.269192 0.177543 -0.946580
vn -0.316216 0.084725 -0.944896
vn -0.332253 -0.018080 -0.943017
vn -0.315733 -0.120808 -0.941126
vn -0.268274 -0.213404 -0.939408
vn -0.194515 -0.286803 -0.938034
vn -0.026198 -0.360054 -0.932564
vn 0.001122 -0.341318 -0.939947
vn 0.028526 -0.359925 -0.932545
vn 0.196500 -0.285883 -0.937901
vn 0.269913 -0.212138 -0.939225
vn 0.316938 -0.119319 -0.940911
vn 0.332975 -0.016516 -0.942791
vn 0.026666 -0.009728 -0.999597
vn 0.022718 -0.002029 -0.999740
vn 0.016585 0.004073 -0.999854
vn -0.001213 0.015475 -0.999880
vn 0.000374 -0.014769 -0.999891
vn 0.001819 0.015482 -0.999879
vn -0.015926 0.003997 -0.999865
vn -0.022030 -0.002134 -0.999755
vn -0.025941 -0.009852 -0.999615
vn -0.027274 -0.018400 -0.999459
vn -0.025901 -0.026941 -0.999301
vn -0.021953 -0.034640 -0.999159
vn -0.015821 -0.040742 -0.999044
vn 0.001977 -0.052137 -0.998638
vn 0.000391 -0.021914 -0.999760
vn -0.001054 -0.052144 -0.998639
vn 0.016690 -0.040666 -0.999033
vn 0.022795 -0.034535 -0.999144
vn 0.026706 -0.026817 -0.999284
vn 0.028038 -0.018270 -0.999440
vn -0.267647 -0.105363 -0.957739
vn -0.227407 -0.183878 -0.956282
vn -0.164868 -0.246112 -0.955117
vn -0.023882 -0.301126 -0.953285
vn 0.001109 -0.335118 -0.942176
vn 0.025947 -0.301009 -0.953268
vn 0.166672 -0.245331 -0.955004
vn 0.228918 -0.182803 -0.956127
vn 0.268791 -0.104101 -0.957556
vn 0.282389 -0.016933 -0.959150
vn 0.268383 0.070170 -0.960753
vn 0.228141 0.148684 -0.962208
vn 0.165601 0.210918 -0.963374
vn 0.024616 0.265960 -0.963670
vn -0.000383 0.300337 -0.953833
vn -0.025213 0.265843 -0.963687
vn -0.165938 0.210137 -0.963487
vn -0.228185 0.147610 -0.962363
vn -0.268058 0.068907 -0.960935
vn -0.281656 -0.018260 -0.959342
vn -0.537934 -0.191374 -0.820977
vn -0.457116 -0.349051 -0.818052
vn -0.331519 -0.474038 -0.815710
vn -0.038481 -0.588644 -0.807476
vn 0.001718 -0.616376 -0.787450
vn 0.041799 -0.588455 -0.807449
vn 0.334301 -0.472471 -0.815484
vn 0.459310 -0.346895 -0.817740
vn 0.539387 -0.188839 -0.820611
vn 0.566696 -0.013783 -0.823812
vn 0.538565 0.161142 -0.827031
vn 0.457747 0.318820 -0.829953
vn 0.332149 0.443806 -0.832294
vn 0.039107 0.558634 -0.828492
vn -0.001107 0.587080 -0.809528
vn -0.041174 0.558445 -0.828519
vn -0.333670 0.442239 -0.832520
vn -0.458679 0.316662 -0.830264
vn -0.538757 0.158606 -0.827396
vn -0.566066 -0.016449 -0.824196
vn -0.756788 -0.258986 -0.600165
vn -0.643118 -0.480746 -0.596056
vn -0.466473 -0.656534 -0.592762
vn -0.045327 -0.814223 -0.578781
vn 0.002143 -0.829904 -0.557902
vn 0.049552 -0.813999 -0.578748
vn 0.469961 -0.654329 -0.592445
vn 0.645779 -0.477713 -0.595618
vn 0.758407 -0.255421 -0.599649
vn 0.796819 -0.009213 -0.604148
vn 0.757252 0.236812 -0.608679
vn 0.643581 0.458571 -0.612794
vn 0.466936 0.634358 -0.616085
vn 0.045781 0.792448 -0.608218
vn -0.001704 0.808884 -0.587965
vn -0.049099 0.792225 -0.608251
vn -0.469499 0.632153 -0.616404
vn -0.645315 0.455535 -0.613235
vn -0.757943 0.233244 -0.609196
vn -0.796355 -0.012963 -0.604691
vn -0.900171 -0.300690 -0.315082
vn -0.764989 -0.564422 -0.310193
vn -0.554913 -0.773477 -0.306277
vn -0.047229 -0.954744 -0.293657
vn 0.002354 -0.959800 -0.280675
vn 0.051923 -0.954510 -0.293622
vn 0.558757 -0.770854 -0.305900
vn 0.767846 -0.560815 -0.309675
vn 0.901789 -0.296452 -0.314472
vn 0.947469 -0.003643 -0.319827
vn 0.900415 0.288948 -0.325211
vn 0.765232 0.552678 -0.330102
vn 0.555160 0.761729 -0.334016
vn 0.047467 0.943331 -0.328440
vn -0.002126 0.948860 -0.315691
vn -0.051685 0.943098 -0.328474
vn -0.558513 0.759108 -0.334394
vn -0.767602 0.549068 -0.330621
vn -0.901544 0.284706 -0.325823
vn -0.947224 -0.008102 -0.320469
s 1
g pTorus8
usemtl lambert2SG
f 3198/4340/3285 3197/4341/3286 3217/4342/3287 3218/4343/3288
f 3199/4350/3289 3198/4340/3285 3218/4343/3288 3219/4351/3290
f 3200/4776/3291 3199/4777/3289 3219/4778/3290 3220/4779/3292
f 3201/4784/3293 3200/4776/3291 3220/4779/3292 3221/4785/3294
f 3202/4790/3295 3201/4784/3293 3221/4785/3294 3222/4791/3296
f 3203/4795/3297 3202/4790/3295 3222/4791/3296 3223/4796/3298
f 3204/4390/3299 3203/4395/3297 3223/4396/3298 3224/4391/3300
f 3205/4389/3301 3204/4390/3299 3224/4391/3300 3225/4392/3302
f 3206/4399/3303 3205/4389/3301 3225/4392/3302 3226/4400/3304
f 3207/4409/3305 3206/4399/3303 3226/4400/3304 3227/4410/3306
f 3208/4419/3307 3207/4409/3305 3227/4410/3306 3228/4420/3308
f 3209/4427/3309 3208/4419/3307 3228/4420/3308 3229/4428/3310
f 3210/4801/3311 3209/4802/3309 3229/4803/3310 3230/4804/3312
f 3211/4809/3313 3210/4801/3311 3230/4804/3312 3231/4810/3314
f 3212/4815/3315 3211/4809/3313 3231/4810/3314 3232/4816/3316
f 3213/4820/3317 3212/4815/3315 3232/4816/3316 3233/4821/3318
f 3214/4367/3319 3213/4376/3317 3233/4377/3318 3234/4368/3320
f 3215/4356/3321 3214/4367/3319 3234/4368/3320 3235/4357/3322
f 3216/4346/3323 3215/4356/3321 3235/4357/3322 3236/4347/3324
f 3197/4341/3286 3216/4346/3323 3236/4347/3324 3217/4342/3287
f 3218/4343/3288 3217/4342/3287 3237/4348/3325 3238/4349/3326
f 3219/4351/3290 3218/4343/3288 3238/4349/3326 3239/4361/3327
f 3220/4779/3292 3219/4778/3290 3239/4782/3327 3240/4783/3328
f 3221/4785/3294 3220/4779/3292 3240/4783/3328 3241/4789/3329
f 3222/4791/3296 3221/4785/3294 3241/4789/3329 3242/4794/3330
f 3223/4796/3298 3222/4791/3296 3242/4794/3330 3243/4799/3331
f 3224/4391/3300 3223/4396/3298 3243/4405/3331 3244/4397/3332
f 3225/4392/3302 3224/4391/3300 3244/4397/3332 3245/4398/3333
f 3226/4400/3304 3225/4392/3302 3245/4398/3333 3246/4408/3334
f 3227/4410/3306 3226/4400/3304 3246/4408/3334 3247/4418/3335
f 3228/4420/3308 3227/4410/3306 3247/4418/3335 3248/4426/3336
f 3229/4428/3310 3228/4420/3308 3248/4426/3336 3249/4433/3337
f 3230/4804/3312 3229/4803/3310 3249/4807/3337 3250/4808/3338
f 3231/4810/3314 3230/4804/3312 3250/4808/3338 3251/4814/3339
f 3232/4816/3316 3231/4810/3314 3251/4814/3339 3252/4819/3340
f 3233/4821/3318 3232/4816/3316 3252/4819/3340 3253/4824/3341
f 3234/4368/3320 3233/4377/3318 3253/4383/3341 3254/4378/3342
f 3235/4357/3322 3234/4368/3320 3254/4378/3342 3255/4369/3343
f 3236/4347/3324 3235/4357/3322 3255/4369/3343 3256/4358/3344
f 3217/4342/3287 3236/4347/3324 3256/4358/3344 3237/4348/3325
f 3238/4349/3326 3237/4348/3325 3257/4359/3345 3258/4360/3346
f 3239/4361/3327 3238/4349/3326 3258/4360/3346 3259/4371/3347
f 3240/4562/3328 3239/4563/3327 3259/4544/3347 3260/4552/3348
f 3241/4574/3329 3240/4562/3328 3260/4552/3348 3261/4564/3349
f 3242/4585/3330 3241/4574/3329 3261/4564/3349 3262/4575/3350
f 3243/4600/3331 3242/4585/3330 3262/4575/3350 3263/4586/3351
f 3244/4397/3332 3243/4405/3331 3263/4416/3351 3264/4406/3352
f 3245/4398/3333 3244/4397/3332 3264/4406/3352 3265/4407/3353
f 3246/4408/3334 3245/4398/3333 3265/4407/3353 3266/4417/3354
f 3247/4418/3335 3246/4408/3334 3266/4417/3354 3267/4425/3355
f 3248/4426/3336 3247/4418/3335 3267/4425/3355 3268/4432/3356
f 3249/4433/3337 3248/4426/3336 3268/4432/3356 3269/4436/3357
f 3250/4615/3338 3249/4627/3337 3269/4616/3357 3270/4604/3358
f 3251/4603/3339 3250/4615/3338 3270/4604/3358 3271/4590/3359
f 3252/4589/3340 3251/4603/3339 3271/4590/3359 3272/4577/3360
f 3253/4588/3341 3252/4589/3340 3272/4577/3360 3273/4566/3361
f 3254/4378/3342 3253/4383/3341 3273/4387/3361 3274/4384/3362
f 3255/4369/3343 3254/4378/3342 3274/4384/3362 3275/4379/3363
f 3256/4358/3344 3255/4369/3343 3275/4379/3363 3276/4370/3364
f 3237/4348/3325 3256/4358/3344 3276/4370/3364 3257/4359/3345
f 3258/4536/3346 3257/4537/3345 3277/4538/3365 3278/4539/3366
f 3259/4544/3347 3258/4536/3346 3278/4539/3366 3279/4545/3367
f 3260/4552/3348 3259/4544/3347 3279/4545/3367 3280/4553/3368
f 3261/4564/3349 3260/4552/3348 3280/4553/3368 3281/4565/3369
f 3262/4575/3350 3261/4564/3349 3281/4565/3369 3282/4576/3370
f 3263/4586/3351 3262/4575/3350 3282/4576/3370 3283/4587/3371
f 3264/4601/3352 3263/4586/3351 3283/4587/3371 3284/4602/3372
f 3265/4613/3353 3264/4601/3352 3284/4602/3372 3285/4614/3373
f 3266/4625/3354 3265/4613/3353 3285/4614/3373 3286/4626/3374
f 3267/4639/3355 3266/4625/3354 3286/4626/3374 3287/4640/3375
f 3268/4628/3356 3267/4639/3355 3287/4640/3375 3288/4629/3376
f 3269/4616/3357 3268/4628/3356 3288/4629/3376 3289/4617/3377
f 3270/4604/3358 3269/4616/3357 3289/4617/3377 3290/4605/3378
f 3271/4590/3359 3270/4604/3358 3290/4605/3378 3291/4591/3379
f 3272/4577/3360 3271/4590/3359 3291/4591/3379 3292/4578/3380
f 3273/4566/3361 3272/4577/3360 3292/4578/3380 3293/4567/3381
f 3274/4554/3362 3273/4566/3361 3293/4567/3381 3294/4555/3382
f 3275/4546/3363 3274/4554/3362 3294/4555/3382 3295/4547/3383
f 3276/4540/3364 3275/4546/3363 3295/4547/3383 3296/4541/3384
f 3257/4537/3345 3276/4540/3364 3296/4541/3384 3277/4538/3365
f 3278/4539/3366 3277/4538/3365 3297/4542/3385 3298/4543/3386
f 3279/4545/3367 3278/4539/3366 3298/4543/3386 3299/4551/3387
f 3280/4553/3368 3279/4545/3367 3299/4551/3387 3300/4561/3388
f 3281/4565/3369 3280/4553/3368 3300/4561/3388 3301/4573/3389
f 3282/4576/3370 3281/4565/3369 3301/4573/3389 3302/4584/3390
f 3283/4587/3371 3282/4576/3370 3302/4584/3390 3303/4599/3391
f 3284/4602/3372 3283/4587/3371 3303/4599/3391 3304/4612/3392
f 3285/4614/3373 3284/4602/3372 3304/4612/3392 3305/4624/3393
f 3286/4626/3374 3285/4614/3373 3305/4624/3393 3306/4638/3394
f 3287/4640/3375 3286/4626/3374 3306/4638/3394 3307/4647/3395
f 3288/4629/3376 3287/4640/3375 3307/4647/3395 3308/4641/3396
f 3289/4617/3377 3288/4629/3376 3308/4641/3396 3309/4630/3397
f 3290/4605/3378 3289/4617/3377 3309/4630/3397 3310/4618/3398
f 3291/4591/3379 3290/4605/3378 3310/4618/3398 3311/4606/3399
f 3292/4578/3380 3291/4591/3379 3311/4606/3399 3312/4592/3400
f 3293/4567/3381 3292/4578/3380 3312/4592/3400 3313/4579/3401
f 3294/4555/3382 3293/4567/3381 3313/4579/3401 3314/4568/3402
f 3295/4547/3383 3294/4555/3382 3314/4568/3402 3315/4556/3403
f 3296/4541/3384 3295/4547/3383 3315/4556/3403 3316/4548/3404
f 3277/4538/3365 3296/4541/3384 3316/4548/3404 3297/4542/3385
f 3298/4543/3386 3297/4542/3385 3317/4549/3405 3318/4550/3406
f 3299/4551/3387 3298/4543/3386 3318/4550/3406 3319/4560/3407
f 3300/4561/3388 3299/4551/3387 3319/4560/3407 3320/4572/3408
f 3301/4573/3389 3300/4561/3388 3320/4572/3408 3321/4583/3409
f 3302/4584/3390 3301/4573/3389 3321/4583/3409 3322/4598/3410
f 3303/4599/3391 3302/4584/3390 3322/4598/3410 3323/4611/3411
f 3304/4612/3392 3303/4599/3391 3323/4611/3411 3324/4623/3412
f 3305/4624/3393 3304/4612/3392 3324/4623/3412 3325/4637/3413
f 3306/4638/3394 3305/4624/3393 3325/4637/3413 3326/4646/3414
f 3307/4647/3395 3306/4638/3394 3326/4646/3414 3327/4652/3415
f 3308/4641/3396 3307/4647/3395 3327/4652/3415 3328/4648/3416
f 3309/4630/3397 3308/4641/3396 3328/4648/3416 3329/4642/3417
f 3310/4618/3398 3309/4630/3397 3329/4642/3417 3330/4631/3418
f 3311/4606/3399 3310/4618/3398 3330/4631/3418 3331/4619/3419
f 3312/4592/3400 3311/4606/3399 3331/4619/3419 3332/4607/3420
f 3313/4579/3401 3312/4592/3400 3332/4607/3420 3333/4593/3421
f 3314/4568/3402 3313/4579/3401 3333/4593/3421 3334/4580/3422
f 3315/4556/3403 3314/4568/3402 3334/4580/3422 3335/4569/3423
f 3316/4548/3404 3315/4556/3403 3335/4569/3423 3336/4557/3424
f 3297/4542/3385 3316/4548/3404 3336/4557/3424 3317/4549/3405
f 3318/4550/3406 3317/4549/3405 3337/4558/3425 3338/4559/3426
f 3319/4560/3407 3318/4550/3406 3338/4559/3426 3339/4571/3427
f 3320/4572/3408 3319/4560/3407 3339/4571/3427 3340/4582/3428
f 3321/4583/3409 3320/4572/3408 3340/4582/3428 3341/4597/3429
f 3322/4598/3410 3321/4583/3409 3341/4597/3429 3342/4610/3430
f 3323/4611/3411 3322/4598/3410 3342/4610/3430 3343/4622/3431
f 3324/4623/3412 3323/4611/3411 3343/4622/3431 3344/4636/3432
f 3325/4637/3413 3324/4623/3412 3344/4636/3432 3345/4645/3433
f 3326/4646/3414 3325/4637/3413 3345/4645/3433 3346/4651/3434
f 3327/4652/3415 3326/4646/3414 3346/4651/3434 3347/4655/3435
f 3328/4648/3416 3327/4652/3415 3347/4655/3435 3348/4653/3436
f 3329/4642/3417 3328/4648/3416 3348/4653/3436 3349/4649/3437
f 3330/4631/3418 3329/4642/3417 3349/4649/3437 3350/4643/3438
f 3331/4619/3419 3330/4631/3418 3350/4643/3438 3351/4632/3439
f 3332/4607/3420 3331/4619/3419 3351/4632/3439 3352/4620/3440
f 3333/4593/3421 3332/4607/3420 3352/4620/3440 3353/4608/3441
f 3334/4580/3422 3333/4593/3421 3353/4608/3441 3354/4594/3442
f 3335/4569/3423 3334/4580/3422 3354/4594/3442 3355/4581/3443
f 3336/4557/3424 3335/4569/3423 3355/4581/3443 3356/4570/3444
f 3317/4549/3405 3336/4557/3424 3356/4570/3444 3337/4558/3425
f 3338/4442/3426 3337/4443/3425 3357/4439/3445 3358/4438/3446
f 3339/4451/3427 3338/4442/3426 3358/4438/3446 3359/4448/3447
f 3340/4582/3428 3339/4571/3427 3359/4595/3447 3360/4596/3448
f 3341/4597/3429 3340/4582/3428 3360/4596/3448 3361/4609/3449
f 3342/4610/3430 3341/4597/3429 3361/4609/3449 3362/4621/3450
f 3343/4622/3431 3342/4610/3430 3362/4621/3450 3363/4635/3451
f 3344/4492/3432 3343/4499/3431 3363/4493/3451 3364/4488/3452
f 3345/4491/3433 3344/4492/3432 3364/4488/3452 3365/4487/3453
f 3346/4500/3434 3345/4491/3433 3365/4487/3453 3366/4497/3454
f 3347/4507/3435 3346/4500/3434 3366/4497/3454 3367/4505/3455
f 3348/4515/3436 3347/4507/3435 3367/4505/3455 3368/4513/3456
f 3349/4524/3437 3348/4515/3436 3368/4513/3456 3369/4522/3457
f 3350/4643/3438 3349/4649/3437 3369/4654/3457 3370/4650/3458
f 3351/4632/3439 3350/4643/3438 3370/4650/3458 3371/4644/3459
f 3352/4620/3440 3351/4632/3439 3371/4644/3459 3372/4633/3460
f 3353/4608/3441 3352/4620/3440 3372/4633/3460 3373/4634/3461
f 3354/4466/3442 3353/4475/3441 3373/4467/3461 3374/4459/3462
f 3355/4458/3443 3354/4466/3442 3374/4459/3462 3375/4452/3463
f 3356/4450/3444 3355/4458/3443 3375/4452/3463 3376/4444/3464
f 3337/4443/3425 3356/4450/3444 3376/4444/3464 3357/4439/3445
f 3358/4438/3446 3357/4439/3445 3377/4440/3465 3378/4441/3466
f 3359/4448/3447 3358/4438/3446 3378/4441/3466 3379/4449/3467
f 3360/4826/3448 3359/4827/3447 3379/4828/3467 3380/4829/3468
f 3361/4832/3449 3360/4826/3448 3380/4829/3468 3381/4833/3469
f 3362/4837/3450 3361/4832/3449 3381/4833/3469 3382/4838/3470
f 3363/4843/3451 3362/4837/3450 3382/4838/3470 3383/4844/3471
f 3364/4488/3452 3363/4493/3451 3383/4494/3471 3384/4489/3472
f 3365/4487/3453 3364/4488/3452 3384/4489/3472 3385/4490/3473
f 3366/4497/3454 3365/4487/3453 3385/4490/3473 3386/4498/3474
f 3367/4505/3455 3366/4497/3454 3386/4498/3474 3387/4506/3475
f 3368/4513/3456 3367/4505/3455 3387/4506/3475 3388/4514/3476
f 3369/4522/3457 3368/4513/3456 3388/4514/3476 3389/4523/3477
f 3370/4851/3458 3369/4852/3457 3389/4853/3477 3390/4854/3478
f 3371/4857/3459 3370/4851/3458 3390/4854/3478 3391/4858/3479
f 3372/4862/3460 3371/4857/3459 3391/4858/3479 3392/4863/3480
f 3373/4868/3461 3372/4862/3460 3392/4863/3480 3393/4869/3481
f 3374/4459/3462 3373/4467/3461 3393/4468/3481 3394/4460/3482
f 3375/4452/3463 3374/4459/3462 3394/4460/3482 3395/4453/3483
f 3376/4444/3464 3375/4452/3463 3395/4453/3483 3396/4445/3484
f 3357/4439/3445 3376/4444/3464 3396/4445/3484 3377/4440/3465
f 3378/4441/3466 3377/4440/3465 3397/4446/3485 3398/4447/3486
f 3379/4449/3467 3378/4441/3466 3398/4447/3486 3399/4457/3487
f 3380/4829/3468 3379/4828/3467 3399/4830/3487 3400/4831/3488
f 3381/4833/3469 3380/4829/3468 3400/4831/3488 3401/4836/3489
f 3382/4838/3470 3381/4833/3469 3401/4836/3489 3402/4842/3490
f 3383/4844/3471 3382/4838/3470 3402/4842/3490 3403/4847/3491
f 3384/4489/3472 3383/4494/3471 3403/4501/3491 3404/4495/3492
f 3385/4490/3473 3384/4489/3472 3404/4495/3492 3405/4496/3493
f 3386/4498/3474 3385/4490/3473 3405/4496/3493 3406/4504/3494
f 3387/4506/3475 3386/4498/3474 3406/4504/3494 3407/4512/3495
f 3388/4514/3476 3387/4506/3475 3407/4512/3495 3408/4521/3496
f 3389/4523/3477 3388/4514/3476 3408/4521/3496 3409/4529/3497
f 3390/4854/3478 3389/4853/3477 3409/4855/3497 3410/4856/3498
f 3391/4858/3479 3390/4854/3478 3410/4856/3498 3411/4861/3499
f 3392/4863/3480 3391/4858/3479 3411/4861/3499 3412/4867/3500
f 3393/4869/3481 3392/4863/3480 3412/4867/3500 3413/4872/3501
f 3394/4460/3482 3393/4468/3481 3413/4476/3501 3414/4469/3502
f 3395/4453/3483 3394/4460/3482 3414/4469/3502 3415/4461/3503
f 3396/4445/3484 3395/4453/3483 3415/4461/3503 3416/4454/3504
f 3377/4440/3465 3396/4445/3484 3416/4454/3504 3397/4446/3485
f 3398/4447/3486 3397/4446/3485 3417/4455/3505 3418/4456/3506
f 3399/4457/3487 3398/4447/3486 3418/4456/3506 3419/4465/3507
f 3400/4831/3488 3399/4830/3487 3419/4834/3507 3420/4835/3508
f 3401/4836/3489 3400/4831/3488 3420/4835/3508 3421/4841/3509
f 3402/4842/3490 3401/4836/3489 3421/4841/3509 3422/4846/3510
f 3403/4847/3491 3402/4842/3490 3422/4846/3510 3423/4849/3511
f 3404/4495/3492 3403/4501/3491 3423/4508/3511 3424/4502/3512
f 3405/4496/3493 3404/4495/3492 3424/4502/3512 3425/4503/3513
f 3406/4504/3494 3405/4496/3493 3425/4503/3513 3426/4511/3514
f 3407/4512/3495 3406/4504/3494 3426/4511/3514 3427/4520/3515
f 3408/4521/3496 3407/4512/3495 3427/4520/3515 3428/4528/3516
f 3409/4529/3497 3408/4521/3496 3428/4528/3516 3429/4532/3517
f 3410/4856/3498 3409/4855/3497 3429/4859/3517 3430/4860/3518
f 3411/4861/3499 3410/4856/3498 3430/4860/3518 3431/4866/3519
f 3412/4867/3500 3411/4861/3499 3431/4866/3519 3432/4871/3520
f 3413/4872/3501 3412/4867/3500 3432/4871/3520 3433/4874/3521
f 3414/4469/3502 3413/4476/3501 3433/4481/3521 3434/4477/3522
f 3415/4461/3503 3414/4469/3502 3434/4477/3522 3435/4470/3523
f 3416/4454/3504 3415/4461/3503 3435/4470/3523 3436/4462/3524
f 3397/4446/3485 3416/4454/3504 3436/4462/3524 3417/4455/3505
f 3418/4456/3506 3417/4455/3505 3437/4463/3525 3438/4464/3526
f 3419/4465/3507 3418/4456/3506 3438/4464/3526 3439/4474/3527
f 3420/4835/3508 3419/4834/3507 3439/4839/3527 3440/4840/3528
f 3421/4841/3509 3420/4835/3508 3440/4840/3528 3441/4845/3529
f 3422/4846/3510 3421/4841/3509 3441/4845/3529 3442/4848/3530
f 3423/4849/3511 3422/4846/3510 3442/4848/3530 3443/4850/3531
f 3424/4502/3512 3423/4508/3511 3443/4516/3531 3444/4509/3532
f 3425/4503/3513 3424/4502/3512 3444/4509/3532 3445/4510/3533
f 3426/4511/3514 3425/4503/3513 3445/4510/3533 3446/4519/3534
f 3427/4520/3515 3426/4511/3514 3446/4519/3534 3447/4527/3535
f 3428/4528/3516 3427/4520/3515 3447/4527/3535 3448/4531/3536
f 3429/4532/3517 3428/4528/3516 3448/4531/3536 3449/4534/3537
f 3430/4860/3518 3429/4859/3517 3449/4864/3537 3450/4865/3538
f 3431/4866/3519 3430/4860/3518 3450/4865/3538 3451/4870/3539
f 3432/4871/3520 3431/4866/3519 3451/4870/3539 3452/4873/3540
f 3433/4874/3521 3432/4871/3520 3452/4873/3540 3453/4875/3541
f 3434/4477/3522 3433/4481/3521 3453/4484/3541 3454/4482/3542
f 3435/4470/3523 3434/4477/3522 3454/4482/3542 3455/4478/3543
f 3436/4462/3524 3435/4470/3523 3455/4478/3543 3456/4471/3544
f 3417/4455/3505 3436/4462/3524 3456/4471/3544 3437/4463/3525
f 3438/4464/3526 3437/4463/3525 3457/4472/3545 3458/4473/3546
f 3439/4474/3527 3438/4464/3526 3458/4473/3546 3459/4480/3547
f 3440/4682/3528 3439/4683/3527 3459/4664/3547 3460/4672/3548
f 3441/4694/3529 3440/4682/3528 3460/4672/3548 3461/4684/3549
f 3442/4705/3530 3441/4694/3529 3461/4684/3549 3462/4695/3550
f 3443/4720/3531 3442/4705/3530 3462/4695/3550 3463/4706/3551
f 3444/4509/3532 3443/4516/3531 3463/4525/3551 3464/4517/3552
f 3445/4510/3533 3444/4509/3532 3464/4517/3552 3465/4518/3553
f 3446/4519/3534 3445/4510/3533 3465/4518/3553 3466/4526/3554
f 3447/4527/3535 3446/4519/3534 3466/4526/3554 3467/4530/3555
f 3448/4531/3536 3447/4527/3535 3467/4530/3555 3468/4533/3556
f 3449/4534/3537 3448/4531/3536 3468/4533/3556 3469/4535/3557
f 3450/4735/3538 3449/4747/3537 3469/4736/3557 3470/4724/3558
f 3451/4723/3539 3450/4735/3538 3470/4724/3558 3471/4710/3559
f 3452/4709/3540 3451/4723/3539 3471/4710/3559 3472/4697/3560
f 3453/4708/3541 3452/4709/3540 3472/4697/3560 3473/4686/3561
f 3454/4482/3542 3453/4484/3541 3473/4486/3561 3474/4485/3562
f 3455/4478/3543 3454/4482/3542 3474/4485/3562 3475/4483/3563
f 3456/4471/3544 3455/4478/3543 3475/4483/3563 3476/4479/3564
f 3437/4463/3525 3456/4471/3544 3476/4479/3564 3457/4472/3545
f 3458/4656/3546 3457/4657/3545 3477/4658/3565 3478/4659/3566
f 3459/4664/3547 3458/4656/3546 3478/4659/3566 3479/4665/3567
f 3460/4672/3548 3459/4664/3547 3479/4665/3567 3480/4673/3568
f 3461/4684/3549 3460/4672/3548 3480/4673/3568 3481/4685/3569
f 3462/4695/3550 3461/4684/3549 3481/4685/3569 3482/4696/3570
f 3463/4706/3551 3462/4695/3550 3482/4696/3570 3483/4707/3571
f 3464/4721/3552 3463/4706/3551 3483/4707/3571 3484/4722/3572
f 3465/4733/3553 3464/4721/3552 3484/4722/3572 3485/4734/3573
f 3466/4745/3554 3465/4733/3553 3485/4734/3573 3486/4746/3574
f 3467/4759/3555 3466/4745/3554 3486/4746/3574 3487/4760/3575
f 3468/4748/3556 3467/4759/3555 3487/4760/3575 3488/4749/3576
f 3469/4736/3557 3468/4748/3556 3488/4749/3576 3489/4737/3577
f 3470/4724/3558 3469/4736/3557 3489/4737/3577 3490/4725/3578
f 3471/4710/3559 3470/4724/3558 3490/4725/3578 3491/4711/3579
f 3472/4697/3560 3471/4710/3559 3491/4711/3579 3492/4698/3580
f 3473/4686/3561 3472/4697/3560 3492/4698/3580 3493/4687/3581
f 3474/4674/3562 3473/4686/3561 3493/4687/3581 3494/4675/3582
f 3475/4666/3563 3474/4674/3562 3494/4675/3582 3495/4667/3583
f 3476/4660/3564 3475/4666/3563 3495/4667/3583 3496/4661/3584
f 3457/4657/3545 3476/4660/3564 3496/4661/3584 3477/4658/3565
f 3478/4659/3566 3477/4658/3565 3497/4662/3585 3498/4663/3586
f 3479/4665/3567 3478/4659/3566 3498/4663/3586 3499/4671/3587
f 3480/4673/3568 3479/4665/3567 3499/4671/3587 3500/4681/3588
f 3481/4685/3569 3480/4673/3568 3500/4681/3588 3501/4693/3589
f 3482/4696/3570 3481/4685/3569 3501/4693/3589 3502/4704/3590
f 3483/4707/3571 3482/4696/3570 3502/4704/3590 3503/4719/3591
f 3484/4722/3572 3483/4707/3571 3503/4719/3591 3504/4732/3592
f 3485/4734/3573 3484/4722/3572 3504/4732/3592 3505/4744/3593
f 3486/4746/3574 3485/4734/3573 3505/4744/3593 3506/4758/3594
f 3487/4760/3575 3486/4746/3574 3506/4758/3594 3507/4767/3595
f 3488/4749/3576 3487/4760/3575 3507/4767/3595 3508/4761/3596
f 3489/4737/3577 3488/4749/3576 3508/4761/3596 3509/4750/3597
f 3490/4725/3578 3489/4737/3577 3509/4750/3597 3510/4738/3598
f 3491/4711/3579 3490/4725/3578 3510/4738/3598 3511/4726/3599
f 3492/4698/3580 3491/4711/3579 3511/4726/3599 3512/4712/3600
f 3493/4687/3581 3492/4698/3580 3512/4712/3600 3513/4699/3601
f 3494/4675/3582 3493/4687/3581 3513/4699/3601 3514/4688/3602
f 3495/4667/3583 3494/4675/3582 3514/4688/3602 3515/4676/3603
f 3496/4661/3584 3495/4667/3583 3515/4676/3603 3516/4668/3604
f 3477/4658/3565 3496/4661/3584 3516/4668/3604 3497/4662/3585
f 3498/4663/3586 3497/4662/3585 3517/4669/3605 3518/4670/3606
f 3499/4671/3587 3498/4663/3586 3518/4670/3606 3519/4680/3607
f 3500/4681/3588 3499/4671/3587 3519/4680/3607 3520/4692/3608
f 3501/4693/3589 3500/4681/3588 3520/4692/3608 3521/4703/3609
f 3502/4704/3590 3501/4693/3589 3521/4703/3609 3522/4718/3610
f 3503/4719/3591 3502/4704/3590 3522/4718/3610 3523/4731/3611
f 3504/4732/3592 3503/4719/3591 3523/4731/3611 3524/4743/3612
f 3505/4744/3593 3504/4732/3592 3524/4743/3612 3525/4757/3613
f 3506/4758/3594 3505/4744/3593 3525/4757/3613 3526/4766/3614
f 3507/4767/3595 3506/4758/3594 3526/4766/3614 3527/4772/3615
f 3508/4761/3596 3507/4767/3595 3527/4772/3615 3528/4768/3616
f 3509/4750/3597 3508/4761/3596 3528/4768/3616 3529/4762/3617
f 3510/4738/3598 3509/4750/3597 3529/4762/3617 3530/4751/3618
f 3511/4726/3599 3510/4738/3598 3530/4751/3618 3531/4739/3619
f 3512/4712/3600 3511/4726/3599 3531/4739/3619 3532/4727/3620
f 3513/4699/3601 3512/4712/3600 3532/4727/3620 3533/4713/3621
f 3514/4688/3602 3513/4699/3601 3533/4713/3621 3534/4700/3622
f 3515/4676/3603 3514/4688/3602 3534/4700/3622 3535/4689/3623
f 3516/4668/3604 3515/4676/3603 3535/4689/3623 3536/4677/3624
f 3497/4662/3585 3516/4668/3604 3536/4677/3624 3517/4669/3605
f 3518/4670/3606 3517/4669/3605 3537/4678/3625 3538/4679/3626
f 3519/4680/3607 3518/4670/3606 3538/4679/3626 3539/4691/3627
f 3520/4692/3608 3519/4680/3607 3539/4691/3627 3540/4702/3628
f 3521/4703/3609 3520/4692/3608 3540/4702/3628 3541/4717/3629
f 3522/4718/3610 3521/4703/3609 3541/4717/3629 3542/4730/3630
f 3523/4731/3611 3522/4718/3610 3542/4730/3630 3543/4742/3631
f 3524/4743/3612 3523/4731/3611 3543/4742/3631 3544/4756/3632
f 3525/4757/3613 3524/4743/3612 3544/4756/3632 3545/4765/3633
f 3526/4766/3614 3525/4757/3613 3545/4765/3633 3546/4771/3634
f 3527/4772/3615 3526/4766/3614 3546/4771/3634 3547/4775/3635
f 3528/4768/3616 3527/4772/3615 3547/4775/3635 3548/4773/3636
f 3529/4762/3617 3528/4768/3616 3548/4773/3636 3549/4769/3637
f 3530/4751/3618 3529/4762/3617 3549/4769/3637 3550/4763/3638
f 3531/4739/3619 3530/4751/3618 3550/4763/3638 3551/4752/3639
f 3532/4727/3620 3531/4739/3619 3551/4752/3639 3552/4740/3640
f 3533/4713/3621 3532/4727/3620 3552/4740/3640 3553/4728/3641
f 3534/4700/3622 3533/4713/3621 3553/4728/3641 3554/4714/3642
f 3535/4689/3623 3534/4700/3622 3554/4714/3642 3555/4701/3643
f 3536/4677/3624 3535/4689/3623 3555/4701/3643 3556/4690/3644
f 3517/4669/3605 3536/4677/3624 3556/4690/3644 3537/4678/3625
f 3538/4362/3626 3537/4363/3625 3557/4353/3645 3558/4352/3646
f 3539/4373/3627 3538/4362/3626 3558/4352/3646 3559/4365/3647
f 3540/4702/3628 3539/4691/3627 3559/4715/3647 3560/4716/3648
f 3541/4717/3629 3540/4702/3628 3560/4716/3648 3561/4729/3649
f 3542/4730/3630 3541/4717/3629 3561/4729/3649 3562/4741/3650
f 3543/4742/3631 3542/4730/3630 3562/4741/3650 3563/4755/3651
f 3544/4412/3632 3543/4421/3631 3563/4413/3651 3564/4402/3652
f 3545/4411/3633 3544/4412/3632 3564/4402/3652 3565/4401/3653
f 3546/4422/3634 3545/4411/3633 3565/4401/3653 3566/4414/3654
f 3547/4429/3635 3546/4422/3634 3566/4414/3654 3567/4423/3655
f 3548/4434/3636 3547/4429/3635 3567/4423/3655 3568/4430/3656
f 3549/4437/3637 3548/4434/3636 3568/4430/3656 3569/4435/3657
f 3550/4763/3638 3549/4769/3637 3569/4774/3657 3570/4770/3658
f 3551/4752/3639 3550/4763/3638 3570/4770/3658 3571/4764/3659
f 3552/4740/3640 3551/4752/3639 3571/4764/3659 3572/4753/3660
f 3553/4728/3641 3552/4740/3640 3572/4753/3660 3573/4754/3661
f 3554/4385/3642 3553/4388/3641 3573/4386/3661 3574/4381/3662
f 3555/4380/3643 3554/4385/3642 3574/4381/3662 3575/4374/3663
f 3556/4372/3644 3555/4380/3643 3575/4374/3663 3576/4364/3664
f 3537/4363/3625 3556/4372/3644 3576/4364/3664 3557/4353/3645
f 3558/4352/3646 3557/4353/3645 3577/4345/3665 3578/4344/3666
f 3559/4365/3647 3558/4352/3646 3578/4344/3666 3579/4355/3667
f 3560/4786/3648 3559/4787/3647 3579/4781/3667 3580/4780/3668
f 3561/4792/3649 3560/4786/3648 3580/4780/3668 3581/4788/3669
f 3562/4797/3650 3561/4792/3649 3581/4788/3669 3582/4793/3670
f 3563/4800/3651 3562/4797/3650 3582/4793/3670 3583/4798/3671
f 3564/4402/3652 3563/4413/3651 3583/4403/3671 3584/4394/3672
f 3565/4401/3653 3564/4402/3652 3584/4394/3672 3585/4393/3673
f 3566/4414/3654 3565/4401/3653 3585/4393/3673 3586/4404/3674
f 3567/4423/3655 3566/4414/3654 3586/4404/3674 3587/4415/3675
f 3568/4430/3656 3567/4423/3655 3587/4415/3675 3588/4424/3676
f 3569/4435/3657 3568/4430/3656 3588/4424/3676 3589/4431/3677
f 3570/4811/3658 3569/4812/3657 3589/4806/3677 3590/4805/3678
f 3571/4817/3659 3570/4811/3658 3590/4805/3678 3591/4813/3679
f 3572/4822/3660 3571/4817/3659 3591/4813/3679 3592/4818/3680
f 3573/4825/3661 3572/4822/3660 3592/4818/3680 3593/4823/3681
f 3574/4381/3662 3573/4386/3661 3593/4382/3681 3594/4375/3682
f 3575/4374/3663 3574/4381/3662 3594/4375/3682 3595/4366/3683
f 3576/4364/3664 3575/4374/3663 3595/4366/3683 3596/4354/3684
f 3557/4353/3645 3576/4364/3664 3596/4354/3684 3577/4345/3665
f 3578/4344/3666 3577/4345/3665 3197/4341/3286 3198/4340/3285
f 3579/4355/3667 3578/4344/3666 3198/4340/3285 3199/4350/3289
f 3580/4780/3668 3579/4781/3667 3199/4777/3289 3200/4776/3291
f 3581/4788/3669 3580/4780/3668 3200/4776/3291 3201/4784/3293
f 3582/4793/3670 3581/4788/3669 3201/4784/3293 3202/4790/3295
f 3583/4798/3671 3582/4793/3670 3202/4790/3295 3203/4795/3297
f 3584/4394/3672 3583/4403/3671 3203/4395/3297 3204/4390/3299
f 3585/4393/3673 3584/4394/3672 3204/4390/3299 3205/4389/3301
f 3586/4404/3674 3585/4393/3673 3205/4389/3301 3206/4399/3303
f 3587/4415/3675 3586/4404/3674 3206/4399/3303 3207/4409/3305
f 3588/4424/3676 3587/4415/3675 3207/4409/3305 3208/4419/3307
f 3589/4431/3677 3588/4424/3676 3208/4419/3307 3209/4427/3309
f 3590/4805/3678 3589/4806/3677 3209/4802/3309 3210/4801/3311
f 3591/4813/3679 3590/4805/3678 3210/4801/3311 3211/4809/3313
f 3592/4818/3680 3591/4813/3679 3211/4809/3313 3212/4815/3315
f 3593/4823/3681 3592/4818/3680 3212/4815/3315 3213/4820/3317
f 3594/4375/3682 3593/4382/3681 3213/4376/3317 3214/4367/3319
f 3595/4366/3683 3594/4375/3682 3214/4367/3319 3215/4356/3321
f 3596/4354/3684 3595/4366/3683 3215/4356/3321 3216/4346/3323
f 3577/4345/3665 3596/4354/3684 3216/4346/3323 3197/4341/3286
g default
v 3.586973 -0.017669 0.000254
v 3.594942 -0.033220 0.000542
v 3.607327 -0.045548 0.000773
v 3.622916 -0.053446 0.000924
v 3.771191 -0.053232 0.000976
v 3.770955 0.053232 -0.000977
v 3.622680 0.052784 -0.001025
v 3.607126 0.044817 -0.000885
v 3.594796 0.032434 -0.000663
v 3.586896 0.016847 -0.000380
v 3.584201 -0.000417 -0.000064
v 3.584368 -0.018203 0.017527
v 3.592727 -0.034515 0.017829
v 3.605718 -0.047446 0.018071
v 3.622070 -0.055731 0.018229
v 3.771191 -0.055526 0.018035
v 3.770942 0.056149 0.015986
v 3.621822 0.055699 0.016185
v 3.605507 0.047341 0.016332
v 3.592574 0.034352 0.016566
v 3.584288 0.018003 0.016862
v 3.581460 -0.000106 0.017193
v 3.576822 -0.020386 0.033138
v 3.586313 -0.038907 0.033481
v 3.601063 -0.053589 0.033756
v 3.619629 -0.062995 0.033936
v 3.771202 -0.062805 0.033518
v 3.770920 0.063992 0.031192
v 3.619348 0.063523 0.031615
v 3.600824 0.054034 0.031782
v 3.586139 0.039286 0.032047
v 3.576731 0.020723 0.032384
v 3.573520 0.000161 0.032760
v 3.565073 -0.024003 0.045559
v 3.576326 -0.045965 0.045966
v 3.593817 -0.063374 0.046292
v 3.615832 -0.074528 0.046505
v 3.771224 -0.074359 0.045912
v 3.770889 0.075992 0.043154
v 3.615499 0.075492 0.043753
v 3.593533 0.064240 0.043951
v 3.576120 0.046753 0.044265
v 3.564965 0.024741 0.044665
v 3.561159 0.000361 0.045111
v 3.550271 -0.028702 0.053575
v 3.563747 -0.054998 0.054063
v 3.584689 -0.075845 0.054453
v 3.611050 -0.089200 0.054708
v 3.771254 -0.089054 0.054004
v 3.770853 0.090975 0.050701
v 3.610651 0.090434 0.051413
v 3.584349 0.076961 0.051650
v 3.563500 0.056022 0.052026
v 3.550142 0.029665 0.052505
v 3.545583 0.000471 0.053038
v 3.533866 -0.034021 0.056401
v 3.549804 -0.065123 0.056978
v 3.574573 -0.089779 0.057439
v 3.605751 -0.105576 0.057741
v 3.771289 -0.105455 0.057000
v 3.770816 0.107474 0.053093
v 3.605279 0.106886 0.053843
v 3.574171 0.090950 0.054124
v 3.549512 0.066185 0.054569
v 3.533712 0.035012 0.055135
v 3.528321 0.000483 0.055766
v 3.517463 -0.039441 0.053760
v 3.535863 -0.075349 0.054426
v 3.564460 -0.103814 0.054959
v 3.600456 -0.122051 0.055307
v 3.771327 -0.121954 0.054607
v 3.770780 0.123874 0.050097
v 3.599910 0.123237 0.050807
v 3.563996 0.104840 0.051131
v 3.535525 0.076247 0.051644
v 3.517286 0.040258 0.052298
v 3.511061 0.000394 0.053027
v 3.502667 -0.044430 0.045910
v 3.523288 -0.084673 0.046656
v 3.555338 -0.116575 0.047254
v 3.595679 -0.137014 0.047644
v 3.771363 -0.136937 0.047060
v 3.770750 0.138571 0.042006
v 3.595068 0.137887 0.042601
v 3.554819 0.117269 0.042964
v 3.522911 0.085225 0.043539
v 3.502468 0.044890 0.044271
v 3.495493 0.000214 0.045088
v 3.490927 -0.048501 0.033621
v 3.513311 -0.092185 0.034431
v 3.548101 -0.126814 0.035079
v 3.591891 -0.149000 0.035503
v 3.771394 -0.148937 0.035099
v 3.770728 0.150124 0.029612
v 3.591228 0.149404 0.030029
v 3.547537 0.127023 0.030422
v 3.512901 0.092239 0.031047
v 3.490712 0.048455 0.031842
v 3.483140 -0.000040 0.032729
v 3.483394 -0.051255 0.018094
v 3.506909 -0.097147 0.018945
v 3.543459 -0.133528 0.019626
v 3.589462 -0.156836 0.020072
v 3.771416 -0.156778 0.019892
v 3.770718 0.157402 0.014128
v 3.588765 0.156657 0.014320
v 3.542866 0.133144 0.014734
v 3.506478 0.096601 0.015391
v 3.483167 0.050604 0.016226
v 3.475213 -0.000343 0.017157
v 3.480802 -0.052422 0.000851
v 3.504707 -0.099075 0.001716
v 3.541862 -0.136060 0.002408
v 3.588630 -0.159754 0.002861
v 3.771428 -0.159697 0.002930
v 3.770718 0.159696 -0.002930
v 3.587921 0.158938 -0.002986
v 3.541260 0.135036 -0.002565
v 3.504269 0.097886 -0.001898
v 3.480572 0.051127 -0.001049
v 3.472485 -0.000666 -0.000102
v 3.483407 -0.051888 -0.016422
v 3.506923 -0.097780 -0.015571
v 3.543472 -0.134161 -0.014890
v 3.589476 -0.157469 -0.014445
v 3.771429 -0.157403 -0.014129
v 3.770731 0.156778 -0.019892
v 3.588778 0.156024 -0.020196
v 3.542879 0.132511 -0.019782
v 3.506491 0.095968 -0.019126
v 3.483180 0.049971 -0.018291
v 3.475226 -0.000977 -0.017359
v 3.490953 -0.049706 -0.032034
v 3.513336 -0.093390 -0.031224
v 3.548127 -0.128019 -0.030575
v 3.591917 -0.150205 -0.030151
v 3.771418 -0.150124 -0.029612
v 3.770753 0.148937 -0.035099
v 3.591253 0.148199 -0.035626
v 3.547562 0.125818 -0.035232
v 3.512926 0.091034 -0.034607
v 3.490737 0.047251 -0.033812
v 3.483165 -0.001245 -0.032926
v 3.502702 -0.046088 -0.044455
v 3.523323 -0.086331 -0.043709
v 3.555373 -0.118233 -0.043111
v 3.595714 -0.138671 -0.042721
v 3.771397 -0.138571 -0.042006
v 3.770784 0.136937 -0.047061
v 3.595102 0.136230 -0.047764
v 3.554853 0.115612 -0.047401
v 3.522945 0.083567 -0.046826
v 3.502503 0.043232 -0.046094
v 3.495528 -0.001444 -0.045277
v 3.517503 -0.041390 -0.052471
v 3.535903 -0.077298 -0.051805
v 3.564500 -0.105763 -0.051272
v 3.600496 -0.124000 -0.050924
v 3.771367 -0.123875 -0.050098
v 3.770820 0.121953 -0.054607
v 3.599950 0.121288 -0.055424
v 3.564037 0.102891 -0.055100
v 3.535566 0.074299 -0.054587
v 3.517326 0.038309 -0.053933
v 3.511102 -0.001554 -0.053204
v 3.533908 -0.036070 -0.055297
v 3.549846 -0.067173 -0.054720
v 3.574616 -0.091828 -0.054258
v 3.605794 -0.107625 -0.053957
v 3.771331 -0.107474 -0.053094
v 3.770858 0.105454 -0.057000
v 3.605322 0.104837 -0.057854
v 3.574215 0.088901 -0.057574
v 3.549555 0.064136 -0.057129
v 3.533755 0.032963 -0.056563
v 3.528364 -0.001566 -0.055932
v 3.550312 -0.030650 -0.052656
v 3.563788 -0.056947 -0.052168
v 3.584730 -0.077793 -0.051778
v 3.611091 -0.091149 -0.051523
v 3.771294 -0.090975 -0.050701
v 3.770893 0.089054 -0.054004
v 3.610691 0.088485 -0.054818
v 3.584391 0.075012 -0.054581
v 3.563541 0.054073 -0.054205
v 3.550183 0.027716 -0.053726
v 3.545624 -0.001477 -0.053193
v 3.565108 -0.025661 -0.044806
v 3.576361 -0.047623 -0.044399
v 3.593852 -0.065032 -0.044073
v 3.615866 -0.076185 -0.043859
v 3.771258 -0.075992 -0.043154
v 3.770923 0.074358 -0.045913
v 3.615533 0.073834 -0.046612
v 3.593568 0.062583 -0.046414
v 3.576154 0.045095 -0.046100
v 3.565000 0.023084 -0.045700
v 3.561193 -0.001297 -0.045254
v 3.576847 -0.021590 -0.032516
v 3.586338 -0.040111 -0.032173
v 3.601088 -0.054793 -0.031898
v 3.619654 -0.064200 -0.031718
v 3.771227 -0.063992 -0.031192
v 3.770945 0.062805 -0.033519
v 3.619373 0.062319 -0.034039
v 3.600848 0.052830 -0.033872
v 3.586164 0.038082 -0.033608
v 3.576755 0.019518 -0.033271
v 3.573546 -0.001043 -0.032895
v 3.584382 -0.018836 -0.016990
v 3.592740 -0.035149 -0.016688
v 3.605731 -0.048079 -0.016445
v 3.622084 -0.056364 -0.016287
v 3.771204 -0.056150 -0.015986
v 3.770956 0.055525 -0.018035
v 3.621836 0.055065 -0.018331
v 3.605520 0.046708 -0.018184
v 3.592587 0.033719 -0.017951
v 3.584301 0.017370 -0.017654
v 3.581474 -0.000740 -0.017323
v 3.770731 0.106450 -0.001953
v 3.771204 -0.106451 0.001953
vt 0.319281 0.649889
vt 0.319281 0.624549
vt 0.347371 0.625924
vt 0.347371 0.652504
vt 0.291191 0.652504
vt 0.291191 0.625924
vt 0.319281 0.596460
vt 0.347371 0.596460
vt 0.372710 0.629914
vt 0.372710 0.660093
vt 0.319281 0.669998
vt 0.347371 0.673598
vt 0.265852 0.660093
vt 0.265852 0.629914
vt 0.291191 0.596460
vt 0.291191 0.673598
vt 0.319281 0.568370
vt 0.347371 0.566995
vt 0.372710 0.596460
vt 0.392820 0.636128
vt 0.392820 0.671914
vt 0.372710 0.684043
vt 0.245742 0.671914
vt 0.245742 0.636128
vt 0.265852 0.596460
vt 0.265852 0.684043
vt 0.291191 0.566995
vt 0.319281 0.543031
vt 0.347371 0.540415
vt 0.372710 0.563006
vt 0.392820 0.596460
vt 0.392820 0.700313
vt 0.245742 0.596460
vt 0.245742 0.700313
vt 0.265852 0.563006
vt 0.291191 0.540415
vt 0.319281 0.522921
vt 0.347371 0.519322
vt 0.372710 0.532826
vt 0.392820 0.556792
vt 0.245742 0.556792
vt 0.265852 0.532826
vt 0.291191 0.519322
vt 0.372710 0.508876
vt 0.392820 0.521006
vt 0.245742 0.521006
vt 0.265852 0.508876
vt 0.392820 0.492607
vt 0.245742 0.492607
vt 0.977899 0.563140
vt 0.977899 0.634321
vt 0.952559 0.630331
vt 0.952559 0.555552
vt 0.998008 0.574961
vt 0.998008 0.640535
vt 0.977899 0.713224
vt 0.952559 0.713224
vt 0.924469 0.628956
vt 0.924469 0.552937
vt 0.977899 0.506652
vt 0.952559 0.496206
vt 0.998008 0.713224
vt 0.998008 0.522922
vt 0.977899 0.792128
vt 0.952559 0.796118
vt 0.924469 0.713224
vt 0.896380 0.630331
vt 0.896380 0.555552
vt 0.924469 0.492607
vt 0.998008 0.785913
vt 0.977899 0.863308
vt 0.952559 0.870897
vt 0.924469 0.797492
vt 0.896380 0.713224
vt 0.871040 0.634321
vt 0.871040 0.563140
vt 0.896380 0.496206
vt 0.998008 0.851487
vt 0.977899 0.919797
vt 0.952559 0.930243
vt 0.924469 0.873512
vt 0.896380 0.796118
vt 0.871040 0.713224
vt 0.850931 0.640535
vt 0.850931 0.574961
vt 0.871040 0.506652
vt 0.998008 0.903527
vt 0.924469 0.933842
vt 0.896380 0.870897
vt 0.871040 0.792128
vt 0.850931 0.713224
vt 0.850931 0.522922
vt 0.896380 0.930243
vt 0.871040 0.863308
vt 0.850931 0.785913
vt 0.871040 0.919797
vt 0.850931 0.851487
vt 0.850931 0.903527
vt 0.070566 0.609887
vt 0.066325 0.582201
vt 0.152944 0.582201
vt 0.070566 0.554515
vt 0.082873 0.634862
vt 0.082872 0.529539
vt 0.102040 0.654683
vt 0.102040 0.509718
vt 0.126192 0.667409
vt 0.126192 0.496992
vt 0.152966 0.671794
vt 0.152966 0.492607
vt 0.179739 0.667409
vt 0.179740 0.496992
vt 0.203893 0.654683
vt 0.203893 0.509718
vt 0.223061 0.634862
vt 0.223060 0.529539
vt 0.235365 0.609887
vt 0.235365 0.554515
vt 0.239607 0.582201
vt 0.175274 0.765380
vt 0.171033 0.793066
vt 0.088655 0.765379
vt 0.158726 0.818041
vt 0.171033 0.737694
vt 0.139559 0.837862
vt 0.158727 0.712718
vt 0.115407 0.850588
vt 0.139559 0.692897
vt 0.088633 0.854973
vt 0.115407 0.680171
vt 0.061859 0.850588
vt 0.088633 0.675786
vt 0.037706 0.837862
vt 0.061859 0.680171
vt 0.018539 0.818041
vt 0.037706 0.692897
vt 0.006234 0.793066
vt 0.018539 0.712718
vt 0.001992 0.765380
vt 0.006234 0.737694
vt 0.319049 0.320694
vt 0.337283 0.284908
vt 0.361382 0.292739
vt 0.339548 0.335588
vt 0.343564 0.245240
vt 0.368906 0.245240
vt 0.388097 0.301419
vt 0.362274 0.352098
vt 0.290650 0.349093
vt 0.305544 0.369593
vt 0.337282 0.205572
vt 0.361382 0.197741
vt 0.396995 0.245240
vt 0.414812 0.310099
vt 0.384999 0.368609
vt 0.322055 0.392317
vt 0.254864 0.367326
vt 0.262694 0.391426
vt 0.319050 0.169786
vt 0.339548 0.154892
vt 0.388097 0.189061
vt 0.425084 0.245240
vt 0.438910 0.317929
vt 0.405499 0.383503
vt 0.338565 0.415042
vt 0.271376 0.418141
vt 0.248650 0.348200
vt 0.278829 0.332823
vt 0.001992 0.367595
vt 0.001993 0.391747
vt 0.290649 0.141387
vt 0.305544 0.120887
vt 0.362273 0.138381
vt 0.414811 0.180381
vt 0.450424 0.245240
vt 0.353459 0.435543
vt 0.280054 0.444855
vt 0.001993 0.418521
vt 0.001993 0.348428
vt 0.254864 0.123154
vt 0.262695 0.099054
vt 0.322055 0.098162
vt 0.384999 0.121871
vt 0.438911 0.172551
vt 0.287886 0.468954
vt 0.001993 0.445295
vt 0.278829 0.157656
vt 0.248650 0.142279
vt 0.001993 0.122884
vt 0.001993 0.098732
vt 0.271375 0.072338
vt 0.338565 0.075437
vt 0.405499 0.106977
vt 0.365280 0.451812
vt 0.294100 0.488081
vt 0.001993 0.469448
vt 0.001993 0.142052
vt 0.001993 0.071959
vt 0.280055 0.045624
vt 0.353459 0.054937
vt 0.001993 0.488615
vt 0.001993 0.045185
vt 0.287886 0.021525
vt 0.001993 0.021032
vt 0.294100 0.002399
vt 0.365280 0.038667
vt 0.001993 0.001864
vt 0.861748 0.106977
vt 0.895160 0.172551
vt 0.871061 0.180381
vt 0.841248 0.121871
vt 0.906673 0.245240
vt 0.881332 0.245240
vt 0.844346 0.189061
vt 0.818523 0.138381
vt 0.809708 0.054937
vt 0.794814 0.075437
vt 0.895159 0.317929
vt 0.871060 0.310099
vt 0.853244 0.245240
vt 0.817632 0.197741
vt 0.795798 0.154892
vt 0.778304 0.098162
vt 0.744135 0.021525
vt 0.736304 0.045624
vt 0.861748 0.383503
vt 0.841248 0.368609
vt 0.844347 0.301419
vt 0.825155 0.245240
vt 0.793531 0.205572
vt 0.775299 0.169786
vt 0.761793 0.120887
vt 0.727625 0.072338
vt 0.750348 0.002399
vt 0.821529 0.038667
vt 0.458242 0.021032
vt 0.458242 0.045185
vt 0.809708 0.435543
vt 0.794814 0.415042
vt 0.818522 0.352098
vt 0.817630 0.292739
vt 0.799814 0.245240
vt 0.746899 0.141387
vt 0.718944 0.099053
vt 0.458242 0.071959
vt 0.458242 0.001864
vt 0.744135 0.468954
vt 0.736305 0.444855
vt 0.778303 0.392317
vt 0.795798 0.335588
vt 0.793531 0.284908
vt 0.711114 0.123154
vt 0.458242 0.098732
vt 0.821529 0.451812
vt 0.750349 0.488081
vt 0.458242 0.469448
vt 0.458242 0.445294
vt 0.727624 0.418141
vt 0.761792 0.369593
vt 0.775299 0.320694
vt 0.735078 0.157656
vt 0.704899 0.142279
vt 0.458242 0.122884
vt 0.458242 0.488615
vt 0.458242 0.418521
vt 0.718944 0.391426
vt 0.746898 0.349093
vt 0.458242 0.142052
vt 0.458242 0.391747
vt 0.711114 0.367326
vt 0.458243 0.367595
vt 0.704899 0.348200
vt 0.735079 0.332823
vt 0.458242 0.348427
vt 0.452384 0.528150
vt 0.452384 0.502811
vt 0.480474 0.500196
vt 0.480474 0.526776
vt 0.424295 0.526777
vt 0.424295 0.500196
vt 0.505814 0.492607
vt 0.505814 0.522786
vt 0.452384 0.769443
vt 0.480070 0.769443
vt 0.398955 0.522786
vt 0.398955 0.492607
vt 0.424698 0.769444
vt 0.505046 0.769443
vt 0.399723 0.769443
vt 0.565378 0.528152
vt 0.565378 0.769445
vt 0.537692 0.769444
vt 0.537289 0.526777
vt 0.593468 0.526777
vt 0.593064 0.769444
vt 0.512717 0.769444
vt 0.511949 0.522787
vt 0.565378 0.502812
vt 0.537289 0.500197
vt 0.618807 0.522787
vt 0.618040 0.769444
vt 0.593468 0.500196
vt 0.511949 0.492608
vt 0.618807 0.492607
vt 0.737937 0.573991
vt 0.737937 0.502811
vt 0.763276 0.495223
vt 0.763276 0.570001
vt 0.791366 0.492607
vt 0.791366 0.568627
vt 0.738704 0.866098
vt 0.763680 0.866098
vt 0.819455 0.495223
vt 0.819455 0.570001
vt 0.791366 0.866098
vt 0.844795 0.502812
vt 0.844795 0.573992
vt 0.819052 0.866098
vt 0.844028 0.866098
vt 0.731801 0.573990
vt 0.731034 0.866097
vt 0.706058 0.866098
vt 0.706462 0.570000
vt 0.678372 0.866098
vt 0.678372 0.568626
vt 0.731801 0.502811
vt 0.706462 0.495223
vt 0.650686 0.866098
vt 0.650283 0.570000
vt 0.678372 0.492607
vt 0.625710 0.866098
vt 0.624943 0.573991
vt 0.650283 0.495222
vt 0.624943 0.502810
vn 0.807703 0.589496 -0.010511
vn 0.950368 0.311083 -0.005343
vn 0.900207 0.300585 0.315081
vn 0.765055 0.564332 0.310193
vn 0.585982 0.810192 -0.014639
vn 0.555010 0.773407 0.306276
vn 0.047593 0.998699 -0.018299
vn 0.047347 0.954738 0.293657
vn -0.001291 0.999831 -0.018341
vn -0.000842 0.959802 0.280678
vn 0.052032 -0.998477 0.018341
vn 0.003155 -0.999827 0.018345
vn 0.003402 -0.948856 0.315692
vn 0.051569 -0.943103 0.328476
vn 0.589580 -0.807570 0.015042
vn 0.558417 -0.759178 0.334394
vn 0.810319 -0.585885 0.011062
vn 0.767532 -0.549167 0.330621
vn 0.951740 -0.306846 0.006002
vn 0.901509 -0.284821 0.325820
vn 0.999998 0.002229 0.000350
vn 0.947226 0.007986 0.320468
vn 0.756823 0.258893 0.600161
vn 0.643173 0.480668 0.596059
vn 0.466550 0.656478 0.592763
vn 0.045427 0.814218 0.578779
vn 0.000532 0.829907 0.557901
vn 0.004176 -0.808877 0.587964
vn 0.048999 -0.792233 0.608248
vn 0.469416 -0.632213 0.616405
vn 0.645256 -0.455615 0.613237
vn 0.757921 -0.233337 0.609188
vn 0.796364 0.012862 0.604680
vn 0.537958 0.191306 0.820977
vn 0.457161 0.348996 0.818050
vn 0.331574 0.473998 0.815711
vn 0.038551 0.588641 0.807475
vn 0.002279 0.616381 0.787445
vn 0.004955 -0.587068 0.809522
vn 0.041102 -0.558450 0.828519
vn 0.333611 -0.442283 0.832520
vn 0.458643 -0.316717 0.830263
vn 0.538743 -0.158671 0.827393
vn 0.566067 0.016375 0.824197
vn 0.267658 0.105331 0.957739
vn 0.227430 0.183851 0.956281
vn 0.164895 0.246090 0.955117
vn 0.023917 0.301123 0.953285
vn 0.003721 0.335128 0.942165
vn 0.005135 -0.300323 0.953824
vn 0.025179 -0.265847 0.963687
vn 0.165910 -0.210158 0.963487
vn 0.228168 -0.147639 0.962363
vn 0.268046 -0.068941 0.960936
vn 0.281652 0.018224 0.959344
vn -0.026666 0.009731 0.999597
vn -0.022720 0.002031 0.999740
vn -0.016589 -0.004072 0.999854
vn 0.001209 -0.015475 0.999880
vn 0.004335 0.014778 0.999881
vn 0.004319 0.021925 0.999750
vn 0.001058 0.052144 0.998639
vn -0.016689 0.040669 0.999033
vn -0.022791 0.034537 0.999143
vn -0.026705 0.026821 0.999283
vn -0.028039 0.018273 0.999440
vn -0.316468 -0.086176 0.944681
vn -0.269016 -0.178776 0.946398
vn -0.195268 -0.252184 0.947773
vn -0.026958 -0.325604 0.945122
vn 0.003974 -0.306604 0.951829
vn 0.002533 0.341323 0.939943
vn -0.028483 0.359928 0.932545
vn -0.196466 0.285907 0.937901
vn -0.269887 0.212171 0.939225
vn -0.316921 0.119359 0.940911
vn -0.332975 0.016556 0.942790
vn -0.574455 -0.173323 0.799976
vn -0.488269 -0.341514 0.803095
vn -0.354319 -0.474846 0.805593
vn -0.056046 -0.598110 0.799452
vn 0.002907 -0.591228 0.806499
vn 0.000213 0.620416 0.784273
vn -0.058769 0.626774 0.776982
vn -0.356492 0.502495 0.787662
vn -0.489845 0.368568 0.790070
vn -0.575283 0.199991 0.793128
vn -0.604438 0.013268 0.796542
vn -0.777060 -0.243717 0.580327
vn -0.660446 -0.471286 0.584552
vn -0.479208 -0.651681 0.587938
vn -0.081083 -0.809680 0.581243
vn 0.001646 -0.810845 0.585259
vn -0.002007 0.831765 0.555124
vn -0.084730 0.830086 0.551160
vn -0.482149 0.670669 0.563681
vn -0.662581 0.489469 0.566927
vn -0.778185 0.261381 0.571058
vn -0.817631 0.008742 0.575676
vn -0.906141 -0.291032 0.306934
vn -0.770138 -0.556443 0.311864
vn -0.558760 -0.766845 0.315811
vn -0.097881 -0.944752 0.312833
vn 0.000702 -0.949363 0.314182
vn -0.003545 0.960243 0.279143
vn -0.102106 0.955146 0.277975
vn -0.562190 0.775421 0.287516
vn -0.772629 0.564080 0.291304
vn -0.907454 0.298061 0.296121
vn -0.953458 0.003412 0.301507
vn -0.950368 -0.311081 0.005342
vn -0.807713 -0.589483 0.010503
vn -0.585994 -0.810183 0.014637
vn -0.103712 -0.994441 0.018203
vn 0.000424 -0.999832 0.018342
vn -0.004023 0.999824 -0.018343
vn -0.108133 0.993969 -0.018275
vn -0.589589 0.807563 -0.015037
vn -0.810326 0.585875 -0.011052
vn -0.951743 0.306839 -0.005986
vn -0.999998 -0.002229 -0.000338
vn -0.905908 -0.302105 -0.296754
vn -0.769907 -0.567517 -0.291836
vn -0.558528 -0.777920 -0.287902
vn -0.097655 -0.955591 -0.278046
vn 0.000929 -0.960247 -0.279149
vn -0.003318 0.949358 -0.314178
vn -0.101882 0.944307 -0.312898
vn -0.561959 0.764347 -0.316190
vn -0.772400 0.553006 -0.312383
vn -0.907223 0.286985 -0.307548
vn -0.953224 -0.007665 -0.302167
vn -0.776622 -0.264848 -0.571588
vn -0.660008 -0.492418 -0.567375
vn -0.478765 -0.672815 -0.564007
vn -0.080648 -0.830455 -0.551217
vn 0.002082 -0.831764 -0.555125
vn -0.001571 0.810845 -0.585259
vn -0.084294 0.809312 -0.581299
vn -0.481706 0.649538 -0.588268
vn -0.662140 0.468334 -0.585008
vn -0.777740 0.240245 -0.580864
vn -0.817188 -0.012391 -0.576238
vn -0.573851 -0.202553 -0.793516
vn -0.487662 -0.370749 -0.790399
vn -0.353711 -0.504082 -0.787902
vn -0.055443 -0.627029 -0.777020
vn 0.003516 -0.620410 -0.784270
vn 0.000821 0.591236 -0.806499
vn -0.058166 0.597854 -0.799492
vn -0.355883 0.473263 -0.805835
vn -0.489235 0.339333 -0.803431
vn -0.574674 0.170757 -0.800370
vn -0.603832 -0.015962 -0.796952
vn -0.315747 -0.120769 -0.941126
vn -0.268296 -0.213371 -0.939409
vn -0.194548 -0.286780 -0.938034
vn -0.026240 -0.360050 -0.932564
vn 0.004698 -0.341308 -0.939940
vn 0.003257 0.306620 -0.951826
vn -0.027766 0.325483 -0.945140
vn -0.195744 0.251311 -0.947907
vn -0.269166 0.177577 -0.946581
vn -0.316207 0.084765 -0.944896
vn -0.332256 -0.018038 -0.943017
vn -0.025902 -0.026937 -0.999302
vn -0.021955 -0.034637 -0.999159
vn -0.015823 -0.040741 -0.999045
vn 0.001973 -0.052137 -0.998638
vn 0.005100 -0.021903 -0.999747
vn 0.005084 -0.014758 -0.999878
vn 0.001823 0.015482 -0.999879
vn -0.015923 0.003998 -0.999865
vn -0.022027 -0.002131 -0.999755
vn -0.025941 -0.009849 -0.999615
vn -0.027274 -0.018397 -0.999459
vn 0.268390 0.070136 -0.960754
vn 0.228162 0.148656 -0.962208
vn 0.165630 0.210897 -0.963374
vn 0.024650 0.265957 -0.963670
vn 0.004447 0.300344 -0.953821
vn 0.005860 -0.335102 -0.942164
vn 0.025912 -0.301013 -0.953268
vn 0.166645 -0.245354 -0.955003
vn 0.228898 -0.182832 -0.956127
vn 0.268778 -0.104135 -0.957556
vn 0.282383 -0.016970 -0.959152
vn 0.538587 0.161073 -0.827031
vn 0.457790 0.318759 -0.829952
vn 0.332207 0.443767 -0.832292
vn 0.039178 0.558628 -0.828492
vn 0.002890 0.587084 -0.809521
vn 0.005566 -0.616363 -0.787443
vn 0.041729 -0.588461 -0.807448
vn 0.334246 -0.472517 -0.815480
vn 0.459273 -0.346950 -0.817737
vn 0.539372 -0.188906 -0.820605
vn 0.566691 -0.013853 -0.823814
vn 0.757287 0.236711 -0.608675
vn 0.643638 0.458492 -0.612793
vn 0.467012 0.634300 -0.616087
vn 0.045881 0.792441 -0.608221
vn 0.000970 0.808887 -0.587963
vn 0.004615 -0.829897 -0.557897
vn 0.049454 -0.814006 -0.578748
vn 0.469883 -0.654384 -0.592445
vn 0.645720 -0.477791 -0.595618
vn 0.758376 -0.255511 -0.599650
vn 0.796823 -0.009308 -0.604141
vn 0.900458 0.288827 -0.325200
vn 0.765302 0.552584 -0.330095
vn 0.555249 0.761666 -0.334012
vn 0.047584 0.943326 -0.328439
vn -0.000613 0.948862 -0.315691
vn 0.003631 -0.959796 -0.280674
vn 0.051805 -0.954516 -0.293625
vn 0.558662 -0.770922 -0.305901
vn 0.767780 -0.560909 -0.309669
vn 0.901754 -0.296565 -0.314467
vn 0.947472 -0.003760 -0.319816
vn 0.999992 0.004109 -0.000277
vn 0.999991 0.004232 0.000319
vn 0.999998 0.002230 0.000342
vn 0.999992 0.003809 -0.000837
vn 0.999994 0.003367 -0.001243
vn 0.999995 0.002808 -0.001503
vn 0.999996 0.002195 -0.001585
vn 0.999998 0.001585 -0.001481
vn 0.999999 0.001042 -0.001204
vn 1.000000 0.000606 -0.000764
vn 1.000000 0.000322 -0.000209
vn 1.000000 0.000234 0.000378
vn 1.000000 0.000346 0.000969
vn 0.999999 0.000643 0.001509
vn 0.999998 0.001093 0.001925
vn 0.999996 0.001652 0.002186
vn 0.999995 0.002265 0.002268
vn 0.999994 0.002862 0.002169
vn 0.999992 0.003419 0.001877
vn 0.999991 0.003868 0.001439
vn 0.999991 0.004139 0.000893
vn 1.000000 0.000246 0.000385
vn 1.000000 0.000329 -0.000237
vn 0.999998 0.002229 0.000341
vn 1.000000 0.000609 -0.000779
vn 0.999999 0.001030 -0.001207
vn 0.999998 0.001564 -0.001475
vn 0.999996 0.002195 -0.001581
vn 0.999995 0.002815 -0.001502
vn 0.999994 0.003367 -0.001243
vn 0.999992 0.003817 -0.000826
vn 0.999992 0.004108 -0.000306
vn 0.999991 0.004214 0.000298
vn 0.999991 0.004126 0.000918
vn 0.999992 0.003855 0.001456
vn 0.999992 0.003425 0.001883
vn 0.999994 0.002876 0.002165
vn 0.999995 0.002266 0.002269
vn 0.999996 0.001652 0.002187
vn 0.999998 0.001093 0.001927
vn 0.999999 0.000638 0.001504
vn 1.000000 0.000347 0.000990
s 1
g pTorus9
usemtl lambert4SG
f 3598/4876/3685 3597/4877/3686 3608/4878/3687 3609/4879/3688
f 3599/4886/3689 3598/4876/3685 3609/4879/3688 3610/4887/3690
f 3600/5150/3691 3599/5151/3689 3610/5152/3690 3611/5153/3692
f 3601/5158/3693 3600/5150/3691 3611/5153/3692 3612/5159/3694
f 3603/5165/3695 3602/5166/3696 3613/5167/3697 3614/5168/3698
f 3604/5173/3699 3603/5165/3695 3614/5168/3698 3615/5174/3700
f 3605/4903/3701 3604/4912/3699 3615/4913/3700 3616/4904/3702
f 3606/4892/3703 3605/4903/3701 3616/4904/3702 3617/4893/3704
f 3607/4882/3705 3606/4892/3703 3617/4893/3704 3618/4883/3706
f 3597/4877/3686 3607/4882/3705 3618/4883/3706 3608/4878/3687
f 3609/4879/3688 3608/4878/3687 3619/4884/3707 3620/4885/3708
f 3610/4887/3690 3609/4879/3688 3620/4885/3708 3621/4897/3709
f 3611/5153/3692 3610/5152/3690 3621/5156/3709 3622/5157/3710
f 3612/5159/3694 3611/5153/3692 3622/5157/3710 3623/5163/3711
f 3614/5168/3698 3613/5167/3697 3624/5171/3712 3625/5172/3713
f 3615/5174/3700 3614/5168/3698 3625/5172/3713 3626/5178/3714
f 3616/4904/3702 3615/4913/3700 3626/4919/3714 3627/4914/3715
f 3617/4893/3704 3616/4904/3702 3627/4914/3715 3628/4905/3716
f 3618/4883/3706 3617/4893/3704 3628/4905/3716 3629/4894/3717
f 3608/4878/3687 3618/4883/3706 3629/4894/3717 3619/4884/3707
f 3620/4885/3708 3619/4884/3707 3630/4895/3718 3631/4896/3719
f 3621/4897/3709 3620/4885/3708 3631/4896/3719 3632/4907/3720
f 3622/5042/3710 3621/5043/3709 3632/5024/3720 3633/5032/3721
f 3623/5054/3711 3622/5042/3710 3633/5032/3721 3634/5044/3722
f 3625/5063/3713 3624/5072/3712 3635/5064/3723 3636/5055/3724
f 3626/5062/3714 3625/5063/3713 3636/5055/3724 3637/5046/3725
f 3627/4914/3715 3626/4919/3714 3637/4923/3725 3638/4920/3726
f 3628/4905/3716 3627/4914/3715 3638/4920/3726 3639/4915/3727
f 3629/4894/3717 3628/4905/3716 3639/4915/3727 3640/4906/3728
f 3619/4884/3707 3629/4894/3717 3640/4906/3728 3630/4895/3718
f 3631/5016/3719 3630/5017/3718 3641/5018/3729 3642/5019/3730
f 3632/5024/3720 3631/5016/3719 3642/5019/3730 3643/5025/3731
f 3633/5032/3721 3632/5024/3720 3643/5025/3731 3644/5033/3732
f 3634/5044/3722 3633/5032/3721 3644/5033/3732 3645/5045/3733
f 3636/5055/3724 3635/5064/3723 3646/5065/3734 3647/5056/3735
f 3637/5046/3725 3636/5055/3724 3647/5056/3735 3648/5047/3736
f 3638/5034/3726 3637/5046/3725 3648/5047/3736 3649/5035/3737
f 3639/5026/3727 3638/5034/3726 3649/5035/3737 3650/5027/3738
f 3640/5020/3728 3639/5026/3727 3650/5027/3738 3651/5021/3739
f 3630/5017/3718 3640/5020/3728 3651/5021/3739 3641/5018/3729
f 3642/5019/3730 3641/5018/3729 3652/5022/3740 3653/5023/3741
f 3643/5025/3731 3642/5019/3730 3653/5023/3741 3654/5031/3742
f 3644/5033/3732 3643/5025/3731 3654/5031/3742 3655/5041/3743
f 3645/5045/3733 3644/5033/3732 3655/5041/3743 3656/5053/3744
f 3647/5056/3735 3646/5065/3734 3657/5073/3745 3658/5066/3746
f 3648/5047/3736 3647/5056/3735 3658/5066/3746 3659/5057/3747
f 3649/5035/3737 3648/5047/3736 3659/5057/3747 3660/5048/3748
f 3650/5027/3738 3649/5035/3737 3660/5048/3748 3661/5036/3749
f 3651/5021/3739 3650/5027/3738 3661/5036/3749 3662/5028/3750
f 3641/5018/3729 3651/5021/3739 3662/5028/3750 3652/5022/3740
f 3653/5023/3741 3652/5022/3740 3663/5029/3751 3664/5030/3752
f 3654/5031/3742 3653/5023/3741 3664/5030/3752 3665/5040/3753
f 3655/5041/3743 3654/5031/3742 3665/5040/3753 3666/5052/3754
f 3656/5053/3744 3655/5041/3743 3666/5052/3754 3667/5061/3755
f 3658/5066/3746 3657/5073/3745 3668/5077/3756 3669/5074/3757
f 3659/5057/3747 3658/5066/3746 3669/5074/3757 3670/5067/3758
f 3660/5048/3748 3659/5057/3747 3670/5067/3758 3671/5058/3759
f 3661/5036/3749 3660/5048/3748 3671/5058/3759 3672/5049/3760
f 3662/5028/3750 3661/5036/3749 3672/5049/3760 3673/5037/3761
f 3652/5022/3740 3662/5028/3750 3673/5037/3761 3663/5029/3751
f 3664/5030/3752 3663/5029/3751 3674/5038/3762 3675/5039/3763
f 3665/5040/3753 3664/5030/3752 3675/5039/3763 3676/5051/3764
f 3666/5052/3754 3665/5040/3753 3676/5051/3764 3677/5060/3765
f 3667/5061/3755 3666/5052/3754 3677/5060/3765 3678/5071/3766
f 3669/5074/3757 3668/5077/3756 3679/5079/3767 3680/5078/3768
f 3670/5067/3758 3669/5074/3757 3680/5078/3768 3681/5075/3769
f 3671/5058/3759 3670/5067/3758 3681/5075/3769 3682/5068/3770
f 3672/5049/3760 3671/5058/3759 3682/5068/3770 3683/5059/3771
f 3673/5037/3761 3672/5049/3760 3683/5059/3771 3684/5050/3772
f 3663/5029/3751 3673/5037/3761 3684/5050/3772 3674/5038/3762
f 3675/4929/3763 3674/4930/3762 3685/4926/3773 3686/4925/3774
f 3676/4938/3764 3675/4929/3763 3686/4925/3774 3687/4935/3775
f 3677/5060/3765 3676/5051/3764 3687/5069/3775 3688/5070/3776
f 3678/5071/3766 3677/5060/3765 3688/5070/3776 3689/5076/3777
f 3680/5078/3768 3679/5079/3767 3690/5082/3778 3691/5080/3779
f 3681/5075/3769 3680/5078/3768 3691/5080/3779 3692/5081/3780
f 3682/4953/3770 3681/4962/3769 3692/4954/3780 3693/4946/3781
f 3683/4945/3771 3682/4953/3770 3693/4946/3781 3694/4939/3782
f 3684/4937/3772 3683/4945/3771 3694/4939/3782 3695/4931/3783
f 3674/4930/3762 3684/4937/3772 3695/4931/3783 3685/4926/3773
f 3686/4925/3774 3685/4926/3773 3696/4927/3784 3697/4928/3785
f 3687/4935/3775 3686/4925/3774 3697/4928/3785 3698/4936/3786
f 3688/5180/3776 3687/5181/3775 3698/5182/3786 3699/5183/3787
f 3689/5186/3777 3688/5180/3776 3699/5183/3787 3700/5187/3788
f 3691/5195/3779 3690/5196/3778 3701/5197/3789 3702/5198/3790
f 3692/5201/3780 3691/5195/3779 3702/5198/3790 3703/5202/3791
f 3693/4946/3781 3692/4954/3780 3703/4955/3791 3704/4947/3792
f 3694/4939/3782 3693/4946/3781 3704/4947/3792 3705/4940/3793
f 3695/4931/3783 3694/4939/3782 3705/4940/3793 3706/4932/3794
f 3685/4926/3773 3695/4931/3783 3706/4932/3794 3696/4927/3784
f 3697/4928/3785 3696/4927/3784 3707/4933/3795 3708/4934/3796
f 3698/4936/3786 3697/4928/3785 3708/4934/3796 3709/4944/3797
f 3699/5183/3787 3698/5182/3786 3709/5184/3797 3710/5185/3798
f 3700/5187/3788 3699/5183/3787 3710/5185/3798 3711/5190/3799
f 3702/5198/3790 3701/5197/3789 3712/5199/3800 3713/5200/3801
f 3703/5202/3791 3702/5198/3790 3713/5200/3801 3714/5205/3802
f 3704/4947/3792 3703/4955/3791 3714/4963/3802 3715/4956/3803
f 3705/4940/3793 3704/4947/3792 3715/4956/3803 3716/4948/3804
f 3706/4932/3794 3705/4940/3793 3716/4948/3804 3717/4941/3805
f 3696/4927/3784 3706/4932/3794 3717/4941/3805 3707/4933/3795
f 3708/4934/3796 3707/4933/3795 3718/4942/3806 3719/4943/3807
f 3709/4944/3797 3708/4934/3796 3719/4943/3807 3720/4952/3808
f 3710/5185/3798 3709/5184/3797 3720/5188/3808 3721/5189/3809
f 3711/5190/3799 3710/5185/3798 3721/5189/3809 3722/5193/3810
f 3713/5200/3801 3712/5199/3800 3723/5203/3811 3724/5204/3812
f 3714/5205/3802 3713/5200/3801 3724/5204/3812 3725/5208/3813
f 3715/4956/3803 3714/4963/3802 3725/4968/3813 3726/4964/3814
f 3716/4948/3804 3715/4956/3803 3726/4964/3814 3727/4957/3815
f 3717/4941/3805 3716/4948/3804 3727/4957/3815 3728/4949/3816
f 3707/4933/3795 3717/4941/3805 3728/4949/3816 3718/4942/3806
f 3719/4943/3807 3718/4942/3806 3729/4950/3817 3730/4951/3818
f 3720/4952/3808 3719/4943/3807 3730/4951/3818 3731/4961/3819
f 3721/5189/3809 3720/5188/3808 3731/5191/3819 3732/5192/3820
f 3722/5193/3810 3721/5189/3809 3732/5192/3820 3733/5194/3821
f 3724/5204/3812 3723/5203/3811 3734/5206/3822 3735/5207/3823
f 3725/5208/3813 3724/5204/3812 3735/5207/3823 3736/5209/3824
f 3726/4964/3814 3725/4968/3813 3736/4971/3824 3737/4969/3825
f 3727/4957/3815 3726/4964/3814 3737/4969/3825 3738/4965/3826
f 3728/4949/3816 3727/4957/3815 3738/4965/3826 3739/4958/3827
f 3718/4942/3806 3728/4949/3816 3739/4958/3827 3729/4950/3817
f 3730/4951/3818 3729/4950/3817 3740/4959/3828 3741/4960/3829
f 3731/4961/3819 3730/4951/3818 3741/4960/3829 3742/4967/3830
f 3732/5109/3820 3731/5110/3819 3742/5091/3830 3743/5099/3831
f 3733/5121/3821 3732/5109/3820 3743/5099/3831 3744/5111/3832
f 3735/5130/3823 3734/5139/3822 3745/5131/3833 3746/5122/3834
f 3736/5129/3824 3735/5130/3823 3746/5122/3834 3747/5113/3835
f 3737/4969/3825 3736/4971/3824 3747/4973/3835 3748/4972/3836
f 3738/4965/3826 3737/4969/3825 3748/4972/3836 3749/4970/3837
f 3739/4958/3827 3738/4965/3826 3749/4970/3837 3750/4966/3838
f 3729/4950/3817 3739/4958/3827 3750/4966/3838 3740/4959/3828
f 3741/5083/3829 3740/5084/3828 3751/5085/3839 3752/5086/3840
f 3742/5091/3830 3741/5083/3829 3752/5086/3840 3753/5092/3841
f 3743/5099/3831 3742/5091/3830 3753/5092/3841 3754/5100/3842
f 3744/5111/3832 3743/5099/3831 3754/5100/3842 3755/5112/3843
f 3746/5122/3834 3745/5131/3833 3756/5132/3844 3757/5123/3845
f 3747/5113/3835 3746/5122/3834 3757/5123/3845 3758/5114/3846
f 3748/5101/3836 3747/5113/3835 3758/5114/3846 3759/5102/3847
f 3749/5093/3837 3748/5101/3836 3759/5102/3847 3760/5094/3848
f 3750/5087/3838 3749/5093/3837 3760/5094/3848 3761/5088/3849
f 3740/5084/3828 3750/5087/3838 3761/5088/3849 3751/5085/3839
f 3752/5086/3840 3751/5085/3839 3762/5089/3850 3763/5090/3851
f 3753/5092/3841 3752/5086/3840 3763/5090/3851 3764/5098/3852
f 3754/5100/3842 3753/5092/3841 3764/5098/3852 3765/5108/3853
f 3755/5112/3843 3754/5100/3842 3765/5108/3853 3766/5120/3854
f 3757/5123/3845 3756/5132/3844 3767/5140/3855 3768/5133/3856
f 3758/5114/3846 3757/5123/3845 3768/5133/3856 3769/5124/3857
f 3759/5102/3847 3758/5114/3846 3769/5124/3857 3770/5115/3858
f 3760/5094/3848 3759/5102/3847 3770/5115/3858 3771/5103/3859
f 3761/5088/3849 3760/5094/3848 3771/5103/3859 3772/5095/3860
f 3751/5085/3839 3761/5088/3849 3772/5095/3860 3762/5089/3850
f 3763/5090/3851 3762/5089/3850 3773/5096/3861 3774/5097/3862
f 3764/5098/3852 3763/5090/3851 3774/5097/3862 3775/5107/3863
f 3765/5108/3853 3764/5098/3852 3775/5107/3863 3776/5119/3864
f 3766/5120/3854 3765/5108/3853 3776/5119/3864 3777/5128/3865
f 3768/5133/3856 3767/5140/3855 3778/5144/3866 3779/5141/3867
f 3769/5124/3857 3768/5133/3856 3779/5141/3867 3780/5134/3868
f 3770/5115/3858 3769/5124/3857 3780/5134/3868 3781/5125/3869
f 3771/5103/3859 3770/5115/3858 3781/5125/3869 3782/5116/3870
f 3772/5095/3860 3771/5103/3859 3782/5116/3870 3783/5104/3871
f 3762/5089/3850 3772/5095/3860 3783/5104/3871 3773/5096/3861
f 3774/5097/3862 3773/5096/3861 3784/5105/3872 3785/5106/3873
f 3775/5107/3863 3774/5097/3862 3785/5106/3873 3786/5118/3874
f 3776/5119/3864 3775/5107/3863 3786/5118/3874 3787/5127/3875
f 3777/5128/3865 3776/5119/3864 3787/5127/3875 3788/5138/3876
f 3779/5141/3867 3778/5144/3866 3789/5146/3877 3790/5145/3878
f 3780/5134/3868 3779/5141/3867 3790/5145/3878 3791/5142/3879
f 3781/5125/3869 3780/5134/3868 3791/5142/3879 3792/5135/3880
f 3782/5116/3870 3781/5125/3869 3792/5135/3880 3793/5126/3881
f 3783/5104/3871 3782/5116/3870 3793/5126/3881 3794/5117/3882
f 3773/5096/3861 3783/5104/3871 3794/5117/3882 3784/5105/3872
f 3785/4898/3873 3784/4899/3872 3795/4889/3883 3796/4888/3884
f 3786/4909/3874 3785/4898/3873 3796/4888/3884 3797/4901/3885
f 3787/5127/3875 3786/5118/3874 3797/5136/3885 3798/5137/3886
f 3788/5138/3876 3787/5127/3875 3798/5137/3886 3799/5143/3887
f 3790/5145/3878 3789/5146/3877 3800/5149/3888 3801/5147/3889
f 3791/5142/3879 3790/5145/3878 3801/5147/3889 3802/5148/3890
f 3792/4921/3880 3791/4924/3879 3802/4922/3890 3803/4917/3891
f 3793/4916/3881 3792/4921/3880 3803/4917/3891 3804/4910/3892
f 3794/4908/3882 3793/4916/3881 3804/4910/3892 3805/4900/3893
f 3784/4899/3872 3794/4908/3882 3805/4900/3893 3795/4889/3883
f 3796/4888/3884 3795/4889/3883 3806/4881/3894 3807/4880/3895
f 3797/4901/3885 3796/4888/3884 3807/4880/3895 3808/4891/3896
f 3798/5160/3886 3797/5161/3885 3808/5155/3896 3809/5154/3897
f 3799/5164/3887 3798/5160/3886 3809/5154/3897 3810/5162/3898
f 3801/5175/3889 3800/5176/3888 3811/5170/3899 3812/5169/3900
f 3802/5179/3890 3801/5175/3889 3812/5169/3900 3813/5177/3901
f 3803/4917/3891 3802/4922/3890 3813/4918/3901 3814/4911/3902
f 3804/4910/3892 3803/4917/3891 3814/4911/3902 3815/4902/3903
f 3805/4900/3893 3804/4910/3892 3815/4902/3903 3816/4890/3904
f 3795/4889/3883 3805/4900/3893 3816/4890/3904 3806/4881/3894
f 3807/4880/3895 3806/4881/3894 3597/4877/3686 3598/4876/3685
f 3808/4891/3896 3807/4880/3895 3598/4876/3685 3599/4886/3689
f 3809/5154/3897 3808/5155/3896 3599/5151/3689 3600/5150/3691
f 3810/5162/3898 3809/5154/3897 3600/5150/3691 3601/5158/3693
f 3812/5169/3900 3811/5170/3899 3602/5166/3696 3603/5165/3695
f 3813/5177/3901 3812/5169/3900 3603/5165/3695 3604/5173/3699
f 3814/4911/3902 3813/4918/3901 3604/4912/3699 3605/4903/3701
f 3815/4902/3903 3814/4911/3902 3605/4903/3701 3606/4892/3703
f 3816/4890/3904 3815/4902/3903 3606/4892/3703 3607/4882/3705
f 3806/4881/3894 3816/4890/3904 3607/4882/3705 3597/4877/3686
s 3
f 3613/4974/3905 3602/4975/3906 3817/4976/3907
f 3624/4978/3908 3613/4974/3905 3817/4976/3907
f 3635/4980/3909 3624/4978/3908 3817/4976/3907
f 3646/4982/3910 3635/4980/3909 3817/4976/3907
f 3657/4984/3911 3646/4982/3910 3817/4976/3907
f 3668/4986/3912 3657/4984/3911 3817/4976/3907
f 3679/4988/3913 3668/4986/3912 3817/4976/3907
f 3690/4990/3914 3679/4988/3913 3817/4976/3907
f 3701/4992/3915 3690/4990/3914 3817/4976/3907
f 3712/4994/3916 3701/4992/3915 3817/4976/3907
f 3723/4993/3917 3712/4994/3916 3817/4976/3907
f 3734/4991/3918 3723/4993/3917 3817/4976/3907
f 3745/4989/3919 3734/4991/3918 3817/4976/3907
f 3756/4987/3920 3745/4989/3919 3817/4976/3907
f 3767/4985/3921 3756/4987/3920 3817/4976/3907
f 3778/4983/3922 3767/4985/3921 3817/4976/3907
f 3789/4981/3923 3778/4983/3922 3817/4976/3907
f 3800/4979/3924 3789/4981/3923 3817/4976/3907
f 3811/4977/3925 3800/4979/3924 3817/4976/3907
f 3602/4975/3906 3811/4977/3925 3817/4976/3907
s 4
f 3601/4995/3926 3612/4996/3927 3818/4997/3928
f 3612/4996/3927 3623/4998/3929 3818/4997/3928
f 3623/4998/3929 3634/5000/3930 3818/4997/3928
f 3634/5000/3930 3645/5002/3931 3818/4997/3928
f 3645/5002/3931 3656/5004/3932 3818/4997/3928
f 3656/5004/3932 3667/5006/3933 3818/4997/3928
f 3667/5006/3933 3678/5008/3934 3818/4997/3928
f 3678/5008/3934 3689/5010/3935 3818/4997/3928
f 3689/5010/3935 3700/5012/3936 3818/4997/3928
f 3700/5012/3936 3711/5014/3937 3818/4997/3928
f 3711/5014/3937 3722/5015/3938 3818/4997/3928
f 3722/5015/3938 3733/5013/3939 3818/4997/3928
f 3733/5013/3939 3744/5011/3940 3818/4997/3928
f 3744/5011/3940 3755/5009/3941 3818/4997/3928
f 3755/5009/3941 3766/5007/3942 3818/4997/3928
f 3766/5007/3942 3777/5005/3943 3818/4997/3928
f 3777/5005/3943 3788/5003/3944 3818/4997/3928
f 3788/5003/3944 3799/5001/3945 3818/4997/3928
f 3799/5001/3945 3810/4999/3946 3818/4997/3928
f 3810/4999/3946 3601/4995/3926 3818/4997/3928
g default
v 3.813350 -0.187499 -0.114268
v 3.790330 -0.187499 -0.130994
v 3.839633 -0.187499 -0.180297
v 3.856359 -0.187499 -0.157276
v 3.790330 0.187499 -0.130994
v 3.839633 0.187499 -0.180297
v 3.901759 -0.187499 -0.211952
v 3.901759 0.187499 -0.211952
v 3.758675 -0.187499 -0.068868
v 3.758675 0.187499 -0.068868
v 3.910553 -0.187499 -0.184890
v 3.970627 -0.187499 -0.222859
v 3.970627 -0.187499 -0.194404
v 3.776222 -0.187499 -0.000000
v 3.747768 -0.187499 -0.000000
v 3.785737 -0.187499 -0.060074
v 3.910553 -0.187499 -0.184890
v 3.910553 0.187499 -0.184890
v 3.856359 0.187499 -0.157276
v 3.785737 -0.187499 -0.060074
v 3.813350 -0.187499 -0.114268
v 3.813350 0.187499 -0.114268
v 3.785737 0.187499 -0.060074
v 3.970627 0.187499 -0.222859
v 3.747768 0.187499 -0.000000
v 3.813350 0.187499 -0.114268
v 4.039494 -0.187499 -0.211952
v 4.030701 -0.187499 -0.184890
v 3.785737 -0.187499 0.060074
v 3.758675 -0.187499 0.068867
v 3.758675 0.187499 0.068867
v 4.039494 0.187499 -0.211952
v 3.970627 0.187499 -0.194404
v 3.910553 0.187499 -0.184890
v 3.785737 0.187499 -0.060074
v 3.776222 0.187499 -0.000000
v 4.030701 0.187499 -0.184890
v 3.785737 0.187499 0.060074
v 3.790330 -0.187499 0.130993
v 3.790330 0.187499 0.130993
v 4.101620 -0.187499 -0.180298
v 4.101620 0.187499 -0.180298
v 3.813350 -0.187499 0.114268
v 3.785737 -0.187499 0.060074
v 3.785737 0.187499 0.060074
v 3.813350 0.187499 0.114268
v 3.839633 -0.187499 0.180297
v 3.839633 0.187499 0.180297
v 4.084895 -0.187499 -0.157276
v 4.127903 -0.187499 -0.114268
v 4.127903 0.187499 -0.114268
v 4.084895 0.187499 -0.157276
v 4.150924 -0.187499 -0.130994
v 4.150924 0.187499 -0.130994
v 3.910553 -0.187499 0.184889
v 3.901759 -0.187499 0.211952
v 3.856359 -0.187499 0.157276
v 4.127903 -0.187499 -0.114268
v 4.182579 -0.187499 -0.068868
v 4.155516 -0.187499 -0.060074
v 3.901759 0.187499 0.211952
v 4.182579 0.187499 -0.068868
v 4.193486 -0.187499 -0.000000
v 4.165031 -0.187499 -0.000000
v 3.856359 0.187499 0.157276
v 3.910553 0.187499 0.184889
v 4.155516 0.187499 -0.060074
v 4.127903 0.187499 -0.114268
v 4.165031 0.187499 -0.000000
v 3.970627 -0.187499 0.194404
v 3.910553 -0.187499 0.184889
v 3.910553 0.187499 0.184889
v 3.970627 0.187499 0.194404
v 4.182579 -0.187499 0.068867
v 4.155516 -0.187499 0.060074
v 3.970627 -0.187499 0.222859
v 3.970627 0.187499 0.222859
v 4.193486 0.187499 -0.000000
v 4.030701 -0.187499 0.184889
v 4.030701 0.187499 0.184889
v 4.084895 -0.187499 0.157276
v 4.101620 -0.187499 0.180296
v 4.039494 -0.187499 0.211952
v 4.030701 -0.187499 0.184889
v 4.182579 0.187499 0.068867
v 4.039494 0.187499 0.211952
v 4.127903 -0.187499 0.114268
v 4.084895 -0.187499 0.157276
v 4.084895 0.187499 0.157276
v 4.127903 0.187499 0.114268
v 4.155516 0.187499 0.060074
v 4.150924 -0.187499 0.130993
v 4.150924 0.187499 0.130993
v 4.101620 0.187499 0.180296
v 4.030701 0.187499 0.184889
v 4.084895 0.187499 0.157276
v 4.084895 -0.187499 -0.157276
v 4.030701 -0.187499 -0.184890
v 3.813350 -0.187499 0.114268
v 3.856359 -0.187499 0.157276
v 4.030701 0.187499 -0.184890
v 4.084895 0.187499 -0.157276
v 3.856359 0.187499 0.157276
v 3.813350 0.187499 0.114268
v 4.127903 -0.187499 0.114268
v 4.155516 -0.187499 0.060074
v 4.155516 0.187499 0.060074
v 4.127903 0.187499 0.114268
vt 0.717179 0.001799
vt 0.763495 0.001799
vt 0.763495 0.281366
vt 0.717179 0.281366
vt 0.814836 0.001799
vt 0.814836 0.281366
vt 0.680422 0.001799
vt 0.680422 0.281366
vt 0.866178 0.001799
vt 0.866178 0.281366
vt 0.912494 0.001799
vt 0.912494 0.281366
vt 0.949251 0.001799
vt 0.949251 0.281366
vt 0.547579 0.338080
vt 0.587982 0.338080
vt 0.587982 0.617648
vt 0.547579 0.617648
vt 0.587982 0.338080
vt 0.620045 0.338080
vt 0.620045 0.617648
vt 0.587982 0.617648
vt 0.502793 0.338080
vt 0.547579 0.338080
vt 0.547579 0.617648
vt 0.502793 0.617648
vt 0.458007 0.338080
vt 0.458007 0.338080
vt 0.458007 0.617648
vt 0.458007 0.617648
vt 0.417604 0.338080
vt 0.417604 0.617648
vt 0.385541 0.338080
vt 0.417604 0.338080
vt 0.417604 0.617648
vt 0.385541 0.617648
vt 0.187748 0.621639
vt 0.234064 0.621639
vt 0.234064 0.901206
vt 0.187748 0.901206
vt 0.270820 0.621639
vt 0.270820 0.901206
vt 0.136406 0.621639
vt 0.136406 0.901206
vt 0.085064 0.621639
vt 0.085064 0.901206
vt 0.038748 0.621639
vt 0.038748 0.901206
vt 0.001992 0.621639
vt 0.001992 0.901206
vt 0.217368 0.338080
vt 0.262154 0.338080
vt 0.262154 0.617648
vt 0.217368 0.617648
vt 0.306940 0.338080
vt 0.306940 0.338080
vt 0.306940 0.617648
vt 0.306940 0.617648
vt 0.176965 0.338080
vt 0.176965 0.338080
vt 0.176965 0.617648
vt 0.176965 0.617648
vt 0.347343 0.338080
vt 0.347343 0.338080
vt 0.347343 0.617648
vt 0.347343 0.617648
vt 0.144902 0.338080
vt 0.144902 0.617648
vt 0.379406 0.338080
vt 0.379406 0.617648
vt 0.082948 0.285196
vt 0.070479 0.302358
vt 0.033723 0.265602
vt 0.050885 0.253133
vt 0.116795 0.325957
vt 0.082948 0.285196
vt 0.123351 0.305782
vt 0.123351 0.305782
vt 0.010124 0.219286
vt 0.030299 0.212730
vt 0.030299 0.212730
vt 0.168137 0.312876
vt 0.168137 0.334089
vt 0.001992 0.167944
vt 0.023205 0.167944
vt 0.212923 0.305782
vt 0.219479 0.325957
vt 0.010124 0.116602
vt 0.030299 0.123158
vt 0.265795 0.302358
vt 0.212923 0.305782
vt 0.253326 0.285196
vt 0.253326 0.285196
vt 0.033723 0.070286
vt 0.050885 0.082755
vt 0.030299 0.123158
vt 0.302551 0.265602
vt 0.285389 0.253133
vt 0.285389 0.253133
vt 0.070479 0.033530
vt 0.082948 0.050692
vt 0.082948 0.050692
vt 0.050885 0.082755
vt 0.305975 0.212730
vt 0.326150 0.219286
vt 0.116795 0.009930
vt 0.123351 0.030106
vt 0.334282 0.167944
vt 0.305975 0.212730
vt 0.313068 0.167944
vt 0.168137 0.001799
vt 0.168137 0.023012
vt 0.326150 0.116602
vt 0.305975 0.123158
vt 0.305975 0.123158
vt 0.219479 0.009930
vt 0.212923 0.030106
vt 0.285389 0.082755
vt 0.302551 0.070286
vt 0.265795 0.033530
vt 0.253326 0.050692
vt 0.212923 0.030106
vt 0.285389 0.082755
vt 0.253326 0.050692
vt 0.422261 0.285196
vt 0.409792 0.302358
vt 0.373035 0.265601
vt 0.390198 0.253132
vt 0.456107 0.325957
vt 0.462663 0.305782
vt 0.462663 0.305782
vt 0.349437 0.219286
vt 0.369612 0.212730
vt 0.369612 0.212730
vt 0.390198 0.253132
vt 0.507450 0.312875
vt 0.507450 0.334089
vt 0.341305 0.167944
vt 0.362518 0.167944
vt 0.552236 0.305782
vt 0.558791 0.325957
vt 0.349437 0.116602
vt 0.369612 0.123158
vt 0.605107 0.302358
vt 0.552236 0.305782
vt 0.592638 0.285196
vt 0.373035 0.070286
vt 0.390198 0.082755
vt 0.390198 0.082755
vt 0.369612 0.123158
vt 0.641864 0.265601
vt 0.592638 0.285196
vt 0.624702 0.253132
vt 0.624702 0.253132
vt 0.409792 0.033529
vt 0.422261 0.050692
vt 0.422261 0.050692
vt 0.645287 0.212730
vt 0.665463 0.219286
vt 0.456107 0.009930
vt 0.462663 0.030106
vt 0.652381 0.167944
vt 0.673595 0.167944
vt 0.507450 0.001799
vt 0.507450 0.023013
vt 0.462663 0.030106
vt 0.645287 0.123158
vt 0.665463 0.116602
vt 0.558791 0.009930
vt 0.552236 0.030106
vt 0.552236 0.030106
vt 0.641864 0.070286
vt 0.645287 0.123158
vt 0.624701 0.082755
vt 0.605107 0.033530
vt 0.592638 0.050692
vt 0.624701 0.082755
vt 0.592638 0.050692
vt 0.849008 0.564925
vt 0.802693 0.564925
vt 0.802693 0.285358
vt 0.849008 0.285358
vt 0.900351 0.564925
vt 0.900351 0.285358
vt 0.951692 0.564925
vt 0.951692 0.285358
vt 0.998008 0.564925
vt 0.998008 0.285358
vt 0.626180 0.338080
vt 0.666583 0.338080
vt 0.666583 0.617648
vt 0.626180 0.617648
vt 0.666583 0.338080
vt 0.711369 0.338080
vt 0.711369 0.617648
vt 0.666583 0.617648
vt 0.756155 0.338080
vt 0.756155 0.338080
vt 0.756155 0.617648
vt 0.756155 0.617648
vt 0.796557 0.338080
vt 0.796557 0.338080
vt 0.796557 0.617648
vt 0.796557 0.617648
vt 0.276989 0.621639
vt 0.323305 0.621639
vt 0.323305 0.901206
vt 0.276989 0.901206
vt 0.374647 0.621639
vt 0.374647 0.901206
vt 0.425989 0.621639
vt 0.425989 0.901206
vt 0.472304 0.621639
vt 0.472304 0.901206
vt 0.564869 0.901206
vt 0.520083 0.901206
vt 0.520083 0.621639
vt 0.564869 0.621639
vt 0.520083 0.901206
vt 0.479680 0.901206
vt 0.479680 0.901206
vt 0.479680 0.621639
vt 0.479680 0.621639
vt 0.520083 0.621639
vt 0.609655 0.901206
vt 0.609655 0.621639
vt 0.650058 0.901206
vt 0.650058 0.901206
vt 0.609655 0.901206
vt 0.609655 0.621639
vt 0.650058 0.621639
vt 0.650058 0.621639
vn 0.000000 -1.000000 0.000001
vn 0.000000 -1.000000 0.000000
vn 0.000000 -1.000000 0.000000
vn 0.000000 -1.000000 0.000000
vn -0.587789 0.000000 -0.809014
vn -0.809016 0.000000 -0.587786
vn -0.809016 0.000000 -0.587786
vn -0.587789 0.000000 -0.809014
vn -0.309019 0.000000 -0.951056
vn -0.309019 0.000000 -0.951056
vn -0.951057 0.000000 -0.309016
vn -0.951057 0.000000 -0.309016
vn 0.000000 -1.000000 0.000000
vn 0.000000 -1.000000 0.000000
vn 0.000000 -1.000000 0.000000
vn 0.000000 -1.000000 0.000000
vn 0.000000 -1.000000 0.000000
vn 0.000000 -1.000000 0.000000
vn 0.000000 -1.000000 0.000000
vn 0.000000 -1.000000 0.000000
vn 0.587785 0.000000 0.809018
vn 0.453992 0.000000 0.891006
vn 0.453992 0.000000 0.891006
vn 0.587785 0.000000 0.809018
vn 0.891008 0.000000 0.453987
vn 0.891008 0.000000 0.453987
vn 0.891008 0.000000 0.453987
vn 0.891008 0.000000 0.453987
vn 0.000000 0.000000 -1.000000
vn 0.000000 0.000000 -1.000000
vn -1.000000 0.000000 0.000000
vn -1.000000 0.000000 0.000000
vn 0.000000 1.000000 0.000000
vn 0.000000 1.000000 0.000000
vn 0.000000 1.000000 0.000000
vn 0.000000 1.000000 0.000001
vn 0.000000 -1.000000 -0.000000
vn 0.000000 -1.000000 -0.000000
vn 0.000000 -1.000000 0.000000
vn 0.000000 -1.000000 0.000000
vn -0.951057 0.000000 0.309017
vn -0.951057 0.000000 0.309017
vn 0.309015 0.000000 -0.951057
vn 0.309015 0.000000 -0.951057
vn 0.000000 1.000000 0.000000
vn 0.000000 1.000000 0.000000
vn 0.000000 1.000000 -0.000000
vn 0.000000 1.000000 -0.000000
vn 0.000000 1.000000 0.000000
vn 0.000000 1.000000 0.000000
vn 0.000000 1.000000 0.000000
vn 0.000000 1.000000 0.000000
vn 0.000000 1.000000 0.000000
vn 0.000000 1.000000 0.000000
vn 0.000000 1.000000 -0.000000
vn 0.000000 1.000000 -0.000000
vn -0.809018 0.000000 0.587784
vn -0.809018 0.000000 0.587784
vn 0.587786 0.000000 -0.809017
vn 0.587786 0.000000 -0.809017
vn 0.809018 0.000000 -0.587784
vn 0.891008 0.000000 -0.453987
vn 0.891008 0.000000 -0.453987
vn 0.809018 0.000000 -0.587784
vn -0.587789 0.000000 0.809014
vn -0.587789 0.000000 0.809014
vn -0.707101 0.000000 0.707112
vn -0.707101 0.000000 0.707112
vn -0.707101 0.000000 0.707112
vn -0.707101 0.000000 0.707112
vn 0.809015 0.000000 -0.587788
vn 0.809015 0.000000 -0.587788
vn 0.000000 -1.000000 0.000000
vn 0.000000 -1.000000 0.000000
vn 0.000000 -1.000000 -0.000000
vn 0.000000 -1.000000 -0.000000
vn 0.000000 -1.000000 0.000000
vn 0.000000 -1.000000 0.000000
vn 0.000000 -1.000000 0.000000
vn 0.000000 -1.000000 0.000000
vn -0.309014 0.000000 0.951057
vn -0.309014 0.000000 0.951057
vn 0.951056 0.000000 -0.309018
vn 0.951056 0.000000 -0.309018
vn 0.000000 -1.000000 0.000000
vn 0.000000 -1.000000 0.000000
vn 0.000000 1.000000 -0.000000
vn 0.000000 1.000000 -0.000000
vn 0.000000 1.000000 0.000000
vn 0.000000 1.000000 0.000000
vn 0.000000 1.000000 0.000000
vn 0.000000 1.000000 0.000000
vn 0.000000 1.000000 0.000000
vn 0.000000 1.000000 0.000000
vn -0.951057 0.000000 0.309017
vn -1.000000 0.000000 0.000000
vn -1.000000 0.000000 0.000000
vn -0.951057 0.000000 0.309017
vn 0.000000 0.000000 -1.000000
vn 0.156430 0.000000 -0.987689
vn 0.156430 0.000000 -0.987689
vn 0.000000 0.000000 -1.000000
vn 0.000000 -1.000000 -0.000000
vn 0.000000 -1.000000 -0.000000
vn 0.000000 0.000000 1.000000
vn 0.000000 0.000000 1.000000
vn 1.000000 0.000000 0.000003
vn 1.000000 0.000000 0.000003
vn -0.309017 0.000000 -0.951056
vn -0.309017 0.000000 -0.951056
vn 0.000000 -1.000000 -0.000000
vn 0.000000 -1.000000 -0.000000
vn 0.000000 -1.000000 0.000000
vn 0.000000 -1.000000 0.000000
vn 0.000000 1.000000 0.000000
vn 0.000000 1.000000 0.000000
vn 0.000000 -0.000000 0.000000
vn 0.951056 0.000000 0.309018
vn 0.951056 0.000000 0.309018
vn 0.309020 0.000000 0.951056
vn 0.309020 0.000000 0.951056
vn -0.707105 0.000000 -0.707108
vn -0.707105 0.000000 -0.707108
vn -0.707105 0.000000 -0.707108
vn -0.707105 0.000000 -0.707108
vn 0.000000 1.000000 0.000000
vn 0.000000 1.000000 0.000000
vn 0.809015 0.000000 0.587789
vn 0.809015 0.000000 0.587789
vn 0.587786 0.000000 0.809017
vn 0.587786 0.000000 0.809017
vn 0.000000 1.000000 0.000000
vn 0.000000 1.000000 0.000000
vn 0.000000 1.000000 -0.000000
vn 0.000000 1.000000 -0.000000
vn 0.000000 0.000000 -0.000000
vn 0.000000 -1.000000 0.000000
vn 0.000000 -1.000000 -0.000000
vn 0.000000 -0.000000 -0.000000
vn 0.000000 -1.000000 -0.000000
vn 0.000000 -1.000000 -0.000000
vn 0.000000 -0.000000 -0.000000
vn 0.000000 1.000000 0.000000
vn 0.000000 0.000000 0.000000
vn 0.000000 1.000000 0.000000
vn 0.000000 1.000000 -0.000000
vn 0.000000 0.000000 -0.000000
vn 0.000000 1.000000 -0.000000
vn 0.000000 -0.000000 0.000000
vn 0.000000 -0.000000 0.000000
vn 0.000000 -1.000000 0.000000
vn 0.000000 -0.000000 0.000000
vn 0.000000 -1.000000 0.000000
vn 0.000000 0.000000 0.000000
vn 0.000000 0.000000 0.000000
vn 0.000000 -1.000000 0.000000
vn 0.000000 1.000000 0.000000
vn 0.000000 1.000000 0.000000
vn 0.000000 0.000000 0.000000
vn 0.000000 -1.000000 -0.000000
vn 0.000000 -1.000000 -0.000000
vn 0.000000 -0.000000 -0.000000
vn 0.000000 0.000000 0.000000
vn 0.000000 0.000000 1.000000
vn 0.000000 0.000000 1.000000
vn 0.000000 0.000000 0.000000
vn 1.000000 0.000000 0.000000
vn 0.000000 0.000000 0.000000
vn 0.000000 0.000000 0.000000
vn 1.000000 0.000000 0.000000
vn 0.000000 0.000000 0.000000
vn 0.000000 0.000000 0.000000
vn 0.000000 1.000000 0.000000
vn 0.000000 1.000000 -0.000000
vn 0.000000 0.000000 0.000000
vn 0.000000 1.000000 -0.000000
vn -0.000000 0.000000 0.000000
vn -0.453995 0.000000 0.891004
vn -0.453995 0.000000 0.891004
vn -0.000000 0.000000 0.000000
vn 0.000000 0.000000 -0.000000
vn 0.000000 0.000000 -0.000000
vn 0.000000 -0.000000 0.000000
vn 0.000000 -1.000000 0.000000
vn -0.000000 0.000000 0.000000
vn -0.000000 0.000000 0.000000
vn 0.000000 -0.000000 0.000000
vn 0.000000 -0.000000 0.000000
vn 0.000000 1.000000 -0.000000
vn 0.000000 0.000000 -0.000000
vn 0.707105 0.000000 -0.707109
vn 0.707105 0.000000 -0.707108
vn 0.707105 0.000000 -0.707108
vn 0.707105 0.000000 -0.707109
vn 0.000000 0.000000 0.000000
vn 0.000000 0.000000 0.000000
vn -0.000000 0.000000 0.000000
vn -0.000000 0.000000 0.000000
vn -0.000000 0.000000 -0.000000
vn -0.891010 0.000000 -0.453984
vn -0.891010 0.000000 -0.453984
vn -0.000000 0.000000 -0.000000
vn 0.000000 -0.000000 -0.000000
vn 0.000000 -0.000000 -0.000000
vn -0.000000 0.000000 -0.000000
vn -0.000000 0.000000 -0.000000
vn 0.000000 0.000000 -0.000000
vn 0.000000 0.000000 -0.000000
vn 0.000000 0.000000 -0.000000
vn 0.000000 0.000000 -0.000000
vn 0.000000 0.000000 -0.000000
vn 0.000000 0.000000 -0.000000
vn -0.000000 0.000000 -0.000000
vn -0.453995 0.000000 -0.891004
vn -0.453995 0.000000 -0.891004
vn -0.000000 0.000000 -0.000000
s 1
g pCylinder3
usemtl lambert3SG
f 3819/5280/3947 3820/5281/3948 3821/5282/3949 3822/5283/3950
s 2
f 3821/5216/3951 3820/5210/3952 3823/5213/3953 3824/5217/3954
f 3825/5388/3955 3821/5389/3951 3824/5390/3954 3826/5391/3956
f 3820/5210/3952 3827/5211/3957 3828/5212/3958 3823/5213/3953
s 1
f 3829/5289/3959 3825/5288/3960 3830/5293/3961 3831/5294/3962
f 3832/5291/3963 3833/5292/3964 3827/5284/3965 3834/5287/3966
s 4
f 3822/5398/3967 3835/5399/3968 3836/5400/3969 3837/5401/3970
f 3838/5224/3971 3839/5225/3972 3840/5226/3973 3841/5227/3974
s 2
f 3830/5392/3975 3825/5388/3955 3826/5391/3956 3842/5393/3976
f 3827/5211/3957 3833/5214/3977 3843/5215/3978 3828/5212/3958
s 5
f 3837/5334/3979 3824/5335/3980 3823/5336/3981 3844/5337/3982
s 1
f 3831/5294/3962 3830/5293/3961 3845/5297/3983 3846/5298/3984
f 3847/5295/3985 3848/5296/3986 3833/5292/3964 3832/5291/3963
s 2
f 3833/5214/3977 3848/5218/3987 3849/5219/3988 3843/5215/3978
f 3845/5394/3989 3830/5392/3975 3842/5393/3976 3850/5395/3990
s 5
f 3851/5345/3991 3842/5346/3992 3826/5338/3993 3852/5340/3994
f 3853/5342/3995 3828/5341/3996 3843/5347/3997 3854/5348/3998
f 3855/5349/3999 3850/5350/4000 3842/5346/3992 3851/5345/3991
f 3854/5348/3998 3843/5347/3997 3849/5351/4001 3856/5352/4002
s 2
f 3848/5218/3987 3857/5220/4003 3858/5221/4004 3849/5219/3988
f 3859/5396/4005 3845/5394/3989 3850/5395/3990 3860/5397/4006
s 4
f 3861/5240/4007 3862/5236/4008 3863/5239/4009 3864/5241/4010
s 2
f 3857/5220/4003 3865/5222/4011 3866/5223/4012 3858/5221/4004
s 4
f 3867/5276/4013 3868/5268/4014 3869/5271/4015 3870/5277/4016
s 2
f 3871/5247/4017 3859/5250/4005 3860/5251/4006 3872/5248/4018
s 1
f 3873/5313/4019 3874/5314/4020 3865/5306/4021 3875/5308/4022
f 3876/5310/4023 3871/5309/4024 3877/5315/4025 3878/5316/4026
s 2
f 3865/5414/4011 3874/5415/4027 3879/5416/4028 3866/5417/4012
f 3877/5246/4029 3871/5247/4017 3872/5248/4018 3880/5249/4030
s 1
f 3878/5316/4026 3877/5315/4025 3881/5320/4031 3882/5321/4032
s 5
f 3883/5365/4033 3866/5364/4034 3879/5369/4035 3884/5370/4036
f 3885/5367/4037 3880/5368/4038 3872/5360/4039 3886/5363/4040
s 4
f 3878/5260/4041 3882/5261/4042 3887/5262/4043 3885/5263/4044
f 3888/5424/4045 3889/5425/4046 3890/5426/4047 3891/5427/4048
s 1
f 3882/5321/4032 3881/5320/4031 3892/5325/4049 3893/5326/4050
s 2
f 3874/5415/4027 3894/5418/4051 3895/5419/4052 3879/5416/4028
f 3881/5252/4053 3877/5246/4029 3880/5249/4030 3896/5253/4054
s 4
f 3897/5434/4055 3888/5424/4045 3891/5427/4048 3898/5435/4056
s 1
f 3899/5327/4057 3900/5328/4058 3901/5322/4059 3902/5324/4060
s 5
f 3887/5371/4061 3896/5372/4062 3880/5368/4038 3885/5367/4037
s 1
f 3821/5282/3949 3825/5288/3960 3829/5289/3959 3835/5290/4063 3822/5283/3950
s 2
f 3892/5254/4064 3881/5252/4053 3896/5253/4054 3903/5255/4065
f 3894/5418/4051 3901/5420/4066 3904/5421/4067 3895/5419/4052
s 4
f 3905/5273/4068 3906/5278/4069 3907/5279/4070 3908/5274/4071
s 5
f 3909/5376/4072 3903/5377/4073 3896/5372/4062 3887/5371/4061
s 2
f 3910/5256/4074 3892/5254/4064 3903/5255/4065 3911/5257/4075
f 3901/5420/4066 3900/5422/4076 3912/5423/4077 3904/5421/4067
f 3900/5258/4076 3910/5256/4074 3911/5257/4075 3912/5259/4077
s 5
f 3913/5379/4078 3904/5378/4079 3912/5384/4080 3914/5385/4081
f 3826/5338/3993 3824/5335/3980 3837/5334/3979 3836/5339/4082 3852/5340/3994
s 1
f 3845/5297/3983 3859/5303/4083 3915/5304/4084 3916/5305/4085 3846/5298/3984
f 3865/5306/4021 3857/5299/4086 3917/5302/4087 3918/5307/4088 3875/5308/4022
s 5
f 3860/5353/4089 3850/5350/4000 3855/5349/3999 3919/5354/4090 3920/5355/4091
f 3858/5356/4092 3866/5364/4034 3883/5365/4033 3921/5366/4093 3922/5357/4094
s 1
f 3827/5284/3965 3820/5281/3948 3819/5280/3947 3839/5285/4095 3838/5286/4096 3834/5287/3966
f 3894/5317/4097 3874/5314/4020 3873/5313/4019 3889/5318/4098 3888/5319/4099
s 4
f 3839/5225/3972 3819/5228/4100 3822/5229/3967 3837/5230/3970 3844/5231/4101 3840/5226/3973
s 1
f 3901/5322/4059 3894/5317/4097 3888/5319/4099 3897/5323/4102 3902/5324/4060
s 5
f 3879/5369/4035 3895/5373/4103 3891/5374/4104 3890/5375/4105 3884/5370/4036
s 1
f 3892/5325/4049 3910/5329/4106 3923/5330/4107 3924/5331/4108 3893/5326/4050
s 4
f 3835/5399/3968 3829/5402/4109 3831/5403/4110 3851/5404/4111 3852/5405/4112 3836/5400/3969
f 3832/5232/4113 3834/5233/4114 3838/5224/3971 3841/5227/3974 3853/5234/4115 3854/5235/4116
s 5
f 3823/5336/3981 3828/5341/3996 3853/5342/3995 3841/5343/4117 3840/5344/4118 3844/5337/3982
f 3895/5373/4103 3904/5378/4079 3913/5379/4078 3898/5380/4119 3891/5374/4104
f 3911/5381/4120 3903/5377/4073 3909/5376/4072 3925/5382/4121 3926/5383/4122
s 4
f 3831/5403/4110 3846/5406/4123 3916/5407/4124 3919/5408/4125 3855/5409/4126 3851/5404/4111
f 3862/5236/4008 3847/5237/4127 3832/5232/4113 3854/5235/4116 3856/5238/4128 3863/5239/4009
s 1
f 3857/5299/4086 3848/5296/3986 3847/5295/3985 3862/5300/4129 3861/5301/4130 3917/5302/4087
s 4
f 3916/5407/4124 3915/5410/4131 3867/5411/4013 3870/5412/4016 3920/5413/4132 3919/5408/4125
s 1
f 3859/5303/4083 3871/5309/4024 3876/5310/4023 3868/5311/4133 3867/5312/4134 3915/5304/4084
s 5
f 3849/5351/4001 3858/5356/4092 3922/5357/4094 3864/5358/4135 3863/5359/4136 3856/5352/4002
s 4
f 3918/5242/4137 3917/5243/4138 3861/5240/4007 3864/5241/4010 3922/5244/4139 3921/5245/4140
s 5
f 3872/5360/4039 3860/5353/4089 3920/5355/4091 3870/5361/4141 3869/5362/4142 3886/5363/4040
s 4
f 3868/5268/4014 3876/5269/4143 3878/5260/4041 3885/5263/4044 3886/5270/4144 3869/5271/4015
f 3882/5261/4042 3893/5264/4145 3924/5265/4146 3925/5266/4147 3909/5267/4148 3887/5262/4043
s 1
f 3910/5329/4106 3900/5328/4058 3899/5327/4057 3906/5332/4149 3905/5333/4150 3923/5330/4107
s 4
f 3924/5265/4146 3923/5272/4151 3905/5273/4068 3908/5274/4071 3926/5275/4152 3925/5266/4147
s 5
f 3912/5384/4080 3911/5381/4120 3926/5383/4122 3908/5386/4153 3907/5387/4154 3914/5385/4081
s 4
f 3889/5425/4046 3873/5428/4155 3875/5429/4156 3918/5430/4137 3921/5431/4140 3883/5432/4157 3884/5433/4158 3890/5426/4047
f 3906/5436/4069 3899/5437/4159 3902/5438/4160 3897/5434/4055 3898/5435/4056 3913/5439/4161 3914/5440/4162 3907/5441/4070
